,R513A_UNIT,R513A_UNIT,R513A_UNIT,R513A_UNIT,R513A_UNIT,R513A_UNIT,R513A_UNIT,R513A_UNIT,R513A_UNIT,R513A_UNIT,R513A_UNIT,R513A_UNIT,R513A_UNIT,R513A_UNIT,R513A_UNIT,R513A_UNIT,R513A_UNIT,R513A_UNIT,R513A_UNIT,R513A_UNIT,R513A_UNIT,R513A_UNIT,R513A_UNIT,R513A_UNIT,R513A_UNIT,R513A_UNIT,R513A_UNIT,R513A_UNIT,R513A_UNIT,R513A_UNIT,R513A_UNIT,R513A_UNIT,R513A_UNIT,R513A_UNIT,R513A_UNIT,R513A_UNIT,R513A_UNIT,R513A_UNIT,R513A_UNIT,R513A_UNIT,R513A_UNIT,R513A_UNIT,R513A_UNIT,R513A_UNIT,R513A_UNIT,R513A_UNIT,R513A_UNIT,R513A_UNIT,R513A_UNIT,R513A_UNIT,R513A_UNIT,R513A_UNIT,R513A_UNIT,R513A_UNIT,R513A_UNIT,R513A_UNIT,R513A_UNIT,R513A_UNIT,R513A_UNIT,R513A_UNIT,R513A_UNIT,R513A_UNIT,R513A_UNIT,R513A_UNIT,R513A_UNIT,R513A_UNIT,R513A_UNIT,R513A_UNIT,R513A_UNIT,R513A_UNIT,R513A_UNIT,R513A_UNIT,R513A_UNIT,R513A_UNIT,R513A_UNIT,R513A_UNIT,R513A_UNIT,R513A_UNIT,R513A_UNIT,R513A_UNIT,R513A_UNIT,R513A_UNIT,R513A_UNIT,R513A_UNIT,R513A_UNIT,R513A_UNIT,R513A_UNIT,R513A_UNIT,R513A_UNIT,R513A_UNIT,R513A_UNIT,R513A_UNIT,R513A_UNIT,R513A_UNIT,R513A_UNIT,R513A_UNIT,R513A_UNIT,R513A_UNIT,R513A_UNIT,R513A_UNIT,R513A_UNIT,R513A_UNIT,R513A_UNIT,R513A_UNIT,R513A_UNIT,R513A_UNIT,R513A_UNIT,R513A_UNIT,R513A_UNIT,R513A_UNIT,R513A_UNIT,R513A_UNIT,R513A_UNIT,R513A_UNIT,R513A_UNIT,R513A_UNIT,R513A_UNIT,R513A_UNIT,R513A_UNIT,R513A_UNIT,R513A_UNIT,R513A_UNIT,R513A_UNIT,R513A_UNIT,R513A_UNIT,LOGGER,LOGGER,LOGGER,LOGGER,LOGGER,LOGGER,LOGGER,LOGGER,LOGGER,LOGGER,LOGGER,LOGGER,LOGGER,LOGGER,LOGGER,LOGGER,LOGGER,LOGGER,LOGGER,LOGGER,LOGGER,LOGGER,LOGGER,LOGGER,LOGGER,LOGGER,LOGGER,LOGGER,LOGGER,LOGGER,LOGGER,LOGGER,LOGGER,LOGGER,LOGGER,LOGGER,LOGGER,LOGGER,LOGGER,LOGGER,LOGGER,LOGGER,LOGGER,LOGGER,LOGGER,LOGGER,LOGGER,LOGGER,LOGGER,LOGGER,LOGGER,LOGGER,LOGGER,LOGGER,LOGGER,LOGGER,LOGGER,LOGGER,LOGGER,LOGGER,LOGGER,LOGGER,LOGGER,LOGGER,LOGGER,LOGGER,LOGGER,LOGGER,LOGGER,LOGGER,LOGGER,LOGGER,LOGGER,LOGGER,LOGGER,LOGGER,LOGGER,LOGGER,LOGGER,LOGGER,LOGGER,LOGGER,LOGGER,LOGGER,LOGGER,LOGGER,LOGGER,LOGGER,LOGGER,LOGGER,LOGGER,LOGGER,LOGGER,LOGGER,LOGGER,LOGGER,LOGGER,LOGGER,LOGGER,LOGGER,LOGGER,LOGGER,LOGGER,LOGGER,LOGGER,LOGGER,LOGGER,LOGGER,LOGGER,LOGGER,LOGGER,LOGGER,LOGGER,LOGGER,LOGGER,LOGGER,LOGGER,LOGGER,LOGGER,LOGGER,LOGGER,LOGGER,LOGGER,LOGGER,LOGGER,LOGGER,LOGGER,LOGGER,LOGGER,LOGGER,LOGGER,LOGGER,LOGGER,LOGGER,LOGGER,LOGGER,LOGGER,LOGGER,LOGGER,LOGGER,LOGGER,LOGGER,LOGGER,LOGGER,LOGGER,LOGGER,TEST_STATION,TEST_STATION,TEST_STATION,TEST_STATION,TEST_STATION,TEST_STATION,TEST_STATION,TEST_STATION,TEST_STATION,TEST_STATION,TEST_STATION,TEST_STATION,TEST_STATION,TEST_STATION,TEST_STATION,TEST_STATION,TEST_STATION,TEST_STATION,TEST_STATION,TEST_STATION,TEST_STATION,TEST_STATION,TEST_STATION,TEST_STATION,TEST_STATION,TEST_STATION,TEST_STATION,TEST_STATION,TEST_STATION,TEST_STATION,TEST_STATION,TEST_STATION,TEST_STATION,TEST_STATION,TEST_STATION,TEST_STATION,TEST_STATION,TEST_STATION,TEST_STATION,TEST_STATION,TEST_STATION,TEST_STATION,TEST_STATION,TEST_STATION,TEST_STATION,TEST_STATION,TEST_STATION,TEST_STATION,TEST_STATION,TEST_STATION,TEST_STATION,TEST_STATION,TEST_STATION,TEST_STATION,TEST_STATION,TEST_STATION,TEST_STATION,TEST_STATION,TEST_STATION,TEST_STATION,TEST_STATION,TEST_STATION,TEST_STATION,TEST_STATION,TEST_STATION,TEST_STATION,TEST_STATION,CHAMBER,CHAMBER,CHAMBER,CHAMBER,CHAMBER,CHAMBER,CHAMBER,CHAMBER,CHAMBER,CHAMBER,CHAMBER,CHAMBER,CHAMBER,CHAMBER,CHAMBER,CHAMBER,CHAMBER,CHAMBER,CHAMBER,CHAMBER,CHAMBER,CHAMBER,CHAMBER,CHAMBER,CHAMBER,CHAMBER,CHAMBER,CHAMBER,CHAMBER,CHAMBER,CHAMBER,CHAMBER,CHAMBER,CHAMBER,CHAMBER,CHAMBER,CHAMBER,CHAMBER,CHAMBER,CHAMBER,CHAMBER
TIME,Cycle_Status,Unit_SN,Heat_Call,Defrost,Alarm_Register_1,Alarm_Register_2,Alarm_Register_3,AMB_Fahr_W,Cond_LWT_Fahr_W,Cond_EWT_Fahr_W,Cond_Flow_F,Evap1_Fahr_W,Evap2_Fahr_W,Cold_Sensor_Fahr_W,Warm_Sensor_Fahr_W,SLT_Fahr_W,SH_F,DLP_W,SLP_W,Flow_Percent_Set_W,VFP_Head_ft_F,Circ_Pump_Output,Evap_Flow_Output,LLSV_Output,Comp_Output,HGBV_Output,AOTS,Remote_Enable,Comp_Feedback,MMP_Aux,Voltage_Monitor,O.P.S.S.,F.C._Aux,Evap_Flow,Pan_Sensor,Damper_Switch,TT_High,TT_ODR,Cond_Heat_Output,Defrost_Heat_Output,Pan_Heat_Output,PD_ctl,SP_HC_Cut_In,EWT_Block,MP_HC_Cut_In,MP_HC_Cut_Out,BMS_Heat_Call,MCP6_HC_Rgstr,Master_Comm_Status,Member_Unit_Status,MCPLA_HeatCall,mqtt_member_status,Cond_Flow_Verif,Flow_Valve_Verif,PID_Start,Pump_OFF_Delay,HGBV_Max,Post_HGBV_Fan,Defrost_Enable,VFP_Setpoint_W,Hardware_IO_Map_W,K2_EEV_POS,Tank_Storage_Temp,Demand_Diff,Cold_Sensor_Cut_In_F,Hot_Sensor_Cut_In_F,Cond_LWT_Input_F,Startup_GPM_F,CFlow_Low_Limit_F,Start_Valve_Pos_F,Min_Valve_Pos_F,Defrost_Cut_In_F,Defrost_Cut_Out_F,HGBV_PSIG_Cut_In_F,HGBV_PSIG_Cut_Out_F,Freeze_Po_1_Cut_In,Freeze_Po_1_Cut_Out,Freeze_Pro_2_Cut_In,Freeze_Pro_2_Cut_Out,WS_FrzPro2_Cut_In,WS_FrzPro2_Cut_Out,Purge_Cut_Out_Fahr_F,Kp_Input,Ki_Input,Kd_Input,PID_Start_Diff_F,Pump_Delay_Time,Max_Pump_Duration,CFlow_VerifFail_Time,Manual_EvapFlow_TIME,EFlow_VerifFail_Time,Defr_Cut_In_Delay_W,Def_Enable_Time_W,Def_Max_Dur_Time_W,Post_Def_Fan_Time_W,HGBV_Duration_W,PostHGBVFan_Time_W,Max_Purge_Time,SinglePass_Config,Glycol_Source_Config,CWP_Config,K2_Config,Standby_Valve_Pos,HGBV_Defrost_Enable,HGBV_Disable,Unit_Model,Pump_Down_PSIG_F,Amb_Range_LOW,InitSV_Max_F,SrcTemp_SwitchTemp_F,EWT_Cut_Out_F,Demand_Mode,Unit_number,StaticIP_Status,ODR_LWT_Min_F,ODR_LWT_Max_F,ODR_Amb_Min_F,ODR_Amb_Max_F,HPB_WWSD_F,Password_Lock,Dev_psswrd_Lock,Service_Lock,Manual_Ctl_Status_W,Ducted_Config,Fans_Adj_Input_F,EWT_float,LWT_float,dT_float,GPM_float,Capacity,KW_float,KWX3412_float,COP,VFD_Hz_W,CompVFD_ErrorCode,CompVFD_Status,GPMXdT,VFD_Hz_Setpoint_W,FlowValve_FB%,FlowValve_SetPont,GPM_ps_1X10_float,GPM_ps_2X100_float,GPM_ps_1_float,GPM_ps_2_float,Amb_unit,VFP_ctl_Word_1_W,VFP_Ctl_Mode_W,VFP_Operation_Mode_W,VFP_Ctl_Setpoint_W,Fans_Spd_Disp_F,VFP_Status_Word_1_W,VFP_ProcFB_Status_W,VFP_CtlMode_Status_W,VFP_OpMode_Status_W,VFP_Alarm_Code_W,VFP_Warning_Code_W,VFP_Head_W,VFP_Flow_W,VFP_Performance_W,VFP_Speed_W,VFP_Freq_W,VFP_Dig_Inputs_W,VFP_Dig_Outputs_W,VFP_Pwr_Lo_W,VFP_RemoteFlow_W,VFP_InletPress_W,VFP_RemotePress1_W,VFP_FeedTankLvl_W,VFP_PwrEleTemp_W,VFP_MotorTemp_W,VFP_RemoteTemp1_W,VFP_EleTemp_W,VFP_LiquidTemp_W,CMRC_Alarm_1,CMRC_Alarm_2,CMRC_Alarm_3,CMRC_Alarm_4,CMRC_Alarm_5,CMRC_Alarm_6,CMRC_Alarm_7,CMRC_Alarm_8,CMRC_Alarm_9,CMRC_Alarm_10,K2_SuperHeat,K2_SLP,K2_SatT,K2_SLT,K2_NA1,K2_EEV_POS,K2_DLT,K2_Relay,K2_Alarm,K2_System,K2_Firm,VFP_head_F_feet,GPM_vfp,VFP_SetPoint_F,EWT_Raw,LWT_Raw,LLT_Raw,DLT_Raw,GPM_prosense_1X10,GPM_prosense_2X100,Temp_prosense_1,Temp_prosense_2,LLP,Water_Pressure_Out,LLT_Raw_C270,DLT_Raw_C270,SourceWater_EWT_C270,SourceWater_LWT_C270,Tekmar_Loop_LWT_C270,Compressor_head_Temp,LWT_SM_3_Raw,Compressor_head_X10,Compressor_head_F,EWT_Float,LWT_Float,LLT_Float,DLT_Float,LLP_SM_I_Float,LWT_SM_I_Float,LWT_SM_2_Float,LWT_SM_3_Float,AIR_TEMP_F_FL_ub,RH_FL,RH_FL_UB,EWT_Thermowell_ANSI,LWT_Thermowell_ANSI,LLT,DLT,EWT_SM_Internal,LWT_SM_Internal,LWT_SM_2,LWT_SM_3,DLP_Word,Ambient_air_temp,RH,DefrostCutOut,DefrostDelayTimer,DefrostMaxDurTimer,DefrostEnableTimer,DefrostEnableTC,LWTSet,Voltage_monitor,AlarmReg_1,AlarmReg_2,AlarmReg_3,PhAVolt_C90,PhAAmps_C90,PhBVolt_C90,PhBAmp_C90,PhCVolt_C90,PhCAmp_C90,TruPwr3Ph_C90,ReacPwr3Ph_C90,AprntPwr3Ph_C90,NetEnergy_C90,UnsignedEnergy_C90,PositiveEng_C90,NegativeEng_C90,NetReactiveEng_C90,NetApparentEng_C90,PowFac3ph_C90,PSIG_Table_START,SSLT_Table_START,Fist_Match_LLP_W,x2_LLP_First_Match_D,SLLT_Lookup_I,SLLT_F,SubCooling_F,CondFlowLoss_Fault,HotTankT_lo,HotTankT_hi,Cooler_EWT_lo,Cooler_EWT_hi,Cooler_LWT_lo,Cooler_LWT_hi,CoolFlowRt_lo,CoolFlowRt_hi,HW_Pump_set,HTank_cutIn,HTank_cutOut,ChillerFanPercent,ColdTankT_lo,ColdTankT_hi,EvapHeadrRetT_lo,EvapHeadrRetT_hi,EvapHeadrSupT_lo,EvapHeadrSupT_hi,Evap_Pump_set,CTank_cutIn,CTank_cutOut,HeatingEnable,Cond_hd_Sply,condReturnT_hi,EvapHeadrFlowIn_l,EvapHeadrFlowIn_h,CoolerFanFreq,condPumpFreq,evapPumpFreq_l,evapPumpFreq_h,AMTemp_low,AMTemp_high,Cooling_Cap,AMB_RH,HTank_cutIn_F,SupplyHeaderInletR,SupplyHeaderInletS,ReturnHeaderOutletR,ReturnHeaderOutletS,BoilerControlVR,BoilerControlVS,HotTankR,HotTankS,FluidCoolerInletR,FluidCoolerInletS,FluidCoolerOutletR,FluidCoolerOutletS,EvapInletR,EvapInletS,EvapOutletR,EvapOutletS,ColdTankR,ColdTankS,AuxTempRaw,HeatedTank_Float,SourceTank_Float,AuxTmpFlot,AuxTmpScld,TempC1,TempC1_ub,TempF,RH1,ABS_H1,DPC1,DPF1,MR1,Amb_temp_set_epic_F,RH_set_epic_F,Hum_manual_override,TempF1,RH1,ABS_H1,DPF1,TempF2,RH2,ABS_H2,DPF2,TempF3,RH3,DPC3,DPF3,TempF4,RH4,ABS_H4,DPF4,FloorTC,K2_SUP1_In,K2_SLP1_In,K2_ET1_In,K2_SAT1_In,K2_RT1_In,K2_ValvePos1_In,K2_AUX1a_In,K2_RLY1,K2_Alarm1,K2_System1,K2_Firmware1,K2_AUX1b_In,K2_SLP2_In,K2_ET2_In,TempC1,TempF,RH1,ABS_H1,DPC1,DPF1,MR1
2026-02-05T00:00:00,ERR,ERR,ERR,ERR,ERR,ERR,ERR,ERR,ERR,ERR,ERR,ERR,ERR,ERR,ERR,ERR,ERR,ERR,ERR,ERR,ERR,ERR,ERR,ERR,ERR,ERR,ERR,ERR,ERR,ERR,ERR,ERR,ERR,ERR,ERR,ERR,ERR,ERR,ERR,ERR,ERR,ERR,ERR,ERR,ERR,ERR,ERR,ERR,ERR,ERR,ERR,ERR,ERR,ERR,ERR,ERR,ERR,ERR,ERR,ERR,ERR,ERR,ERR,ERR,ERR,ERR,ERR,ERR,ERR,ERR,ERR,ERR,ERR,ERR,ERR,ERR,ERR,ERR,ERR,ERR,ERR,ERR,ERR,ERR,ERR,ERR,ERR,ERR,ERR,ERR,ERR,ERR,ERR,ERR,ERR,ERR,ERR,ERR,ERR,ERR,ERR,ERR,ERR,ERR,ERR,ERR,ERR,ERR,ERR,ERR,ERR,ERR,ERR,ERR,ERR,ERR,ERR,ERR,ERR,ERR,ERR,ERR,ERR,ERR,ERR,2.7184260577004195e+23,0.0,-109184352.0,0.0,0.0,-3.751367372838011e+18,-0.0,0.0,0,0,4,0,7670,-0.0,41,0.0,0.0,0.0,0.0,0.0,0,0,0,0,0.0,0,0,0,0,0,0,0,0,0,0,0,0,0,0,0,0,0,0,0,0,0,0,0,0,0,0,0,0,0,0,0,0,0,23,41,40,64,65476,0,300,0,0,8,21553,0.0,-107605600.0,0.0,0.0,0.0,0.0,0.0,0.0,0.0,0.0,0.0,0.0,0.0,0.0,0.0,0.0,0.0,0.0,0.0,0.0,0.0,2.004,2.004,-2.004,-0.0,-2.004,0.0,0.0,0.0,0.0,1696.5,2.004,0.0,2.7184260577004195e+23,0.0,-0.0,2.7184312818759872e+23,0.0,0.0,2.004,2.004,68,4.066877080952309e+29,-152014042431488.0,0.0,0.0,0.0,0.0,0.0,0.0,0.0,0,0,0,0.0,-0.0,-6.52930793112264e+23,0.0,0.0,0.0,8392785002496.0,-6.9170552515013215e+31,-0.0,0.0,-0.0,0.63,-0.0,2655379712.0,0.0,3165305176064.0,0,1.3516416376850534e+27,68,0.0,136,0.0,98688.258,0,52429,17071,26215,17092,26215,17065,0,0,0,105,99,100,-0.0,50.8,0.0,61.45,-107615200.0,63.0,1,47,48,180,26215,26215,0,0,0.0,0.0,0.0,0.0,3.170673826584477e+35,66.0,0.0,-1.833601133516374e+35,0.0,727,0,697,0,0,0,878,0,982,0,847,0,632,0,613,0,510,0,589,0.032,96207267430400.0,2.004,-0.0,5904,16792,-0.0,-2.6793164498471875e+37,-18313788784640.0,-1352434869862400.0,-2.4295304293307136e+29,0.0,70.0,60.0,66,0.0,0.0,10.0,2.0,0.0,0.0,0.0,0.0,0.0,0.0,0.0,0.0,0.0,0.0,0.0,0.0,62.0,62,18,65518,45,65476,0,300,0,0,8,20529,65476,0,0,44564,60.0,0.0,10.0,10.0,2.0,0.0
2026-02-05T00:00:01,ERR,ERR,ERR,ERR,ERR,ERR,ERR,ERR,ERR,ERR,ERR,ERR,ERR,ERR,ERR,ERR,ERR,ERR,ERR,ERR,ERR,ERR,ERR,ERR,ERR,ERR,ERR,ERR,ERR,ERR,ERR,ERR,ERR,ERR,ERR,ERR,ERR,ERR,ERR,ERR,ERR,ERR,ERR,ERR,ERR,ERR,ERR,ERR,ERR,ERR,ERR,ERR,ERR,ERR,ERR,ERR,ERR,ERR,ERR,ERR,ERR,ERR,ERR,ERR,ERR,ERR,ERR,ERR,ERR,ERR,ERR,ERR,ERR,ERR,ERR,ERR,ERR,ERR,ERR,ERR,ERR,ERR,ERR,ERR,ERR,ERR,ERR,ERR,ERR,ERR,ERR,ERR,ERR,ERR,ERR,ERR,ERR,ERR,ERR,ERR,ERR,ERR,ERR,ERR,ERR,ERR,ERR,ERR,ERR,ERR,ERR,ERR,ERR,ERR,ERR,ERR,ERR,ERR,ERR,ERR,ERR,ERR,ERR,ERR,ERR,2.7184260577004195e+23,0.0,-109184352.0,0.0,0.0,-3.751367372838011e+18,-0.0,0.0,0,0,4,0,7670,-0.0,41,0.0,0.0,0.0,0.0,0.0,0,0,0,0,0.0,0,0,0,0,0,0,0,0,0,0,0,0,0,0,0,0,0,0,0,0,0,0,0,0,0,0,0,0,0,0,0,0,0,23,41,40,64,65476,0,300,0,0,8,21553,0.0,-107605600.0,0.0,0.0,0.0,0.0,0.0,0.0,0.0,0.0,0.0,0.0,0.0,0.0,0.0,0.0,0.0,0.0,0.0,0.0,0.0,2.004,2.004,-2.004,-0.0,-2.004,0.0,0.0,0.0,0.0,1696.5,2.004,0.0,2.7184260577004195e+23,0.0,-0.0,2.7184312818759872e+23,0.0,0.0,2.004,2.004,68,4.066877080952309e+29,-152014042431488.0,0.0,0.0,0.0,0.0,0.0,0.0,0.0,0,0,0,0.0,-0.0,-6.52930793112264e+23,0.0,0.0,0.0,8392785002496.0,-6.9170552515013215e+31,-0.0,0.0,-0.0,0.63,-0.0,2655379712.0,0.0,3165305176064.0,0,1.3516416376850534e+27,68,0.0,136,0.0,98688.258,0,52429,17071,26215,17092,26215,17065,0,0,0,105,99,100,-0.0,50.8,0.0,61.45,-107615200.0,63.0,1,47,48,180,26215,26215,0,0,0.0,0.0,0.0,0.0,3.170673826584477e+35,66.0,0.0,-1.833601133516374e+35,0.0,727,0,697,0,0,0,878,0,982,0,847,0,632,0,613,0,510,0,589,0.032,96207267430400.0,2.004,-0.0,5904,16792,-0.0,-2.6793164498471875e+37,-18313788784640.0,-1352434869862400.0,-2.4295304293307136e+29,0.0,70.0,60.0,66,0.0,0.0,10.0,2.0,0.0,0.0,0.0,0.0,0.0,0.0,0.0,0.0,0.0,0.0,0.0,0.0,62.4,62,18,65518,45,65476,0,300,0,0,8,20529,65476,0,0,44564,60.0,0.0,10.0,10.0,2.0,0.0
2026-02-05T00:00:02,ERR,ERR,ERR,ERR,ERR,ERR,ERR,ERR,ERR,ERR,ERR,ERR,ERR,ERR,ERR,ERR,ERR,ERR,ERR,ERR,ERR,ERR,ERR,ERR,ERR,ERR,ERR,ERR,ERR,ERR,ERR,ERR,ERR,ERR,ERR,ERR,ERR,ERR,ERR,ERR,ERR,ERR,ERR,ERR,ERR,ERR,ERR,ERR,ERR,ERR,ERR,ERR,ERR,ERR,ERR,ERR,ERR,ERR,ERR,ERR,ERR,ERR,ERR,ERR,ERR,ERR,ERR,ERR,ERR,ERR,ERR,ERR,ERR,ERR,ERR,ERR,ERR,ERR,ERR,ERR,ERR,ERR,ERR,ERR,ERR,ERR,ERR,ERR,ERR,ERR,ERR,ERR,ERR,ERR,ERR,ERR,ERR,ERR,ERR,ERR,ERR,ERR,ERR,ERR,ERR,ERR,ERR,ERR,ERR,ERR,ERR,ERR,ERR,ERR,ERR,ERR,ERR,ERR,ERR,ERR,ERR,ERR,ERR,ERR,ERR,2.7184260577004195e+23,0.0,-109184352.0,0.0,0.0,-3.751367372838011e+18,-0.0,0.0,0,0,4,0,7670,-0.0,41,0.0,0.0,0.0,0.0,0.0,0,0,0,0,0.0,0,0,0,0,0,0,0,0,0,0,0,0,0,0,0,0,0,0,0,0,0,0,0,0,0,0,0,0,0,0,0,0,0,23,41,40,64,65476,0,300,0,0,8,21553,0.0,-107605600.0,0.0,0.0,0.0,0.0,0.0,0.0,0.0,0.0,0.0,0.0,0.0,0.0,0.0,0.0,0.0,0.0,0.0,0.0,0.0,2.004,2.004,-2.004,-0.0,-2.004,0.0,0.0,0.0,0.0,1696.5,2.004,0.0,2.7184260577004195e+23,0.0,-0.0,2.7184312818759872e+23,0.0,0.0,2.004,2.004,68,4.066877080952309e+29,-152014042431488.0,0.0,0.0,0.0,0.0,0.0,0.0,0.0,0,0,0,0.0,-0.0,-6.52930793112264e+23,0.0,0.0,0.0,8392785002496.0,-6.9170552515013215e+31,-0.0,0.0,-0.0,0.63,-0.0,2655379712.0,0.0,3165305176064.0,0,1.3516416376850534e+27,68,0.0,136,0.0,98688.258,0,52429,17071,26215,17092,26215,17065,0,0,0,105,99,100,-0.0,50.8,0.0,61.45,-107615200.0,63.0,1,47,48,180,26215,26215,0,0,0.0,0.0,0.0,0.0,3.0739703589704655e+38,66.0,0.0,-3.05462001799277e+34,0.0,727,0,697,0,0,0,879,0,982,0,847,0,632,0,613,0,509,0,588,0.032,95657511616512.0,2.004,-0.0,14352,16792,4.722247621283061e+32,-3.05462001799277e+34,-0.0,0.0,-0.0,-3382096424861696.0,70.0,60.0,66,0.0,0.0,10.0,2.0,0.0,0.0,0.0,0.0,0.0,0.0,0.0,0.0,0.0,0.0,0.0,0.0,62.4,62,18,65518,45,65476,0,300,0,0,8,20529,65476,0,0,44564,60.0,0.0,10.0,10.0,2.0,0.0
2026-02-05T00:00:03,ERR,ERR,ERR,ERR,ERR,ERR,ERR,ERR,ERR,ERR,ERR,ERR,ERR,ERR,ERR,ERR,ERR,ERR,ERR,ERR,ERR,ERR,ERR,ERR,ERR,ERR,ERR,ERR,ERR,ERR,ERR,ERR,ERR,ERR,ERR,ERR,ERR,ERR,ERR,ERR,ERR,ERR,ERR,ERR,ERR,ERR,ERR,ERR,ERR,ERR,ERR,ERR,ERR,ERR,ERR,ERR,ERR,ERR,ERR,ERR,ERR,ERR,ERR,ERR,ERR,ERR,ERR,ERR,ERR,ERR,ERR,ERR,ERR,ERR,ERR,ERR,ERR,ERR,ERR,ERR,ERR,ERR,ERR,ERR,ERR,ERR,ERR,ERR,ERR,ERR,ERR,ERR,ERR,ERR,ERR,ERR,ERR,ERR,ERR,ERR,ERR,ERR,ERR,ERR,ERR,ERR,ERR,ERR,ERR,ERR,ERR,ERR,ERR,ERR,ERR,ERR,ERR,ERR,ERR,ERR,ERR,ERR,ERR,ERR,ERR,2.7184260577004195e+23,0.0,-109184352.0,0.0,0.0,-3.751367372838011e+18,-0.0,0.0,0,0,4,0,7670,-0.0,41,0.0,0.0,0.0,0.0,0.0,0,0,0,0,0.0,0,0,0,0,0,0,0,0,0,0,0,0,0,0,0,0,0,0,0,0,0,0,0,0,0,0,0,0,0,0,0,0,0,23,41,40,64,65476,0,300,0,0,8,21553,0.0,-107605600.0,0.0,0.0,0.0,0.0,0.0,0.0,0.0,0.0,0.0,0.0,0.0,0.0,0.0,0.0,0.0,0.0,0.0,0.0,0.0,2.004,2.004,-2.004,-0.0,-2.004,0.0,0.0,0.0,0.0,1696.5,2.004,0.0,2.7184260577004195e+23,0.0,-0.0,2.7184312818759872e+23,0.0,0.0,2.004,2.004,68,4.066877080952309e+29,-152014042431488.0,0.0,0.0,0.0,0.0,0.0,0.0,0.0,0,0,0,0.0,-0.0,-6.52930793112264e+23,0.0,0.0,0.0,8392785002496.0,-6.9170552515013215e+31,-0.0,0.0,-0.0,0.63,-0.0,2655379712.0,0.0,3165305176064.0,0,1.3516416376850534e+27,68,0.0,136,0.0,98688.258,0,52429,17071,26215,17092,26215,17065,0,0,0,105,99,100,-0.0,50.8,0.0,61.45,-107615200.0,63.0,1,47,48,180,26215,26215,0,0,0.0,0.0,0.0,0.0,3.0739703589704655e+38,66.0,0.0,-3.05462001799277e+34,0.0,727,0,697,0,0,0,879,0,982,0,847,0,632,0,613,0,509,0,588,0.032,95657511616512.0,2.004,-0.0,14352,16792,4.722247621283061e+32,-3.05462001799277e+34,-0.0,0.0,-0.0,-3382096424861696.0,70.0,60.0,66,0.0,0.0,10.0,2.0,0.0,0.0,0.0,0.0,0.0,0.0,0.0,0.0,0.0,0.0,0.0,0.0,62.0,62,18,65518,45,65476,0,300,0,0,8,20529,65476,0,0,44564,60.0,0.0,10.0,10.0,2.0,0.0
2026-02-05T00:00:04,ERR,ERR,ERR,ERR,ERR,ERR,ERR,ERR,ERR,ERR,ERR,ERR,ERR,ERR,ERR,ERR,ERR,ERR,ERR,ERR,ERR,ERR,ERR,ERR,ERR,ERR,ERR,ERR,ERR,ERR,ERR,ERR,ERR,ERR,ERR,ERR,ERR,ERR,ERR,ERR,ERR,ERR,ERR,ERR,ERR,ERR,ERR,ERR,ERR,ERR,ERR,ERR,ERR,ERR,ERR,ERR,ERR,ERR,ERR,ERR,ERR,ERR,ERR,ERR,ERR,ERR,ERR,ERR,ERR,ERR,ERR,ERR,ERR,ERR,ERR,ERR,ERR,ERR,ERR,ERR,ERR,ERR,ERR,ERR,ERR,ERR,ERR,ERR,ERR,ERR,ERR,ERR,ERR,ERR,ERR,ERR,ERR,ERR,ERR,ERR,ERR,ERR,ERR,ERR,ERR,ERR,ERR,ERR,ERR,ERR,ERR,ERR,ERR,ERR,ERR,ERR,ERR,ERR,ERR,ERR,ERR,ERR,ERR,ERR,ERR,2.7184260577004195e+23,0.0,-109184352.0,0.0,0.0,-1017016177655808.0,-0.0,0.0,0,0,4,0,7670,-0.0,41,0.0,0.0,0.0,0.0,0.0,0,0,0,0,0.0,0,0,0,0,0,0,0,0,0,0,0,0,0,0,0,0,0,0,0,0,0,0,0,0,0,0,0,0,0,0,0,0,0,23,41,40,64,65476,0,300,0,0,8,21553,0.0,-107605600.0,0.0,0.0,0.0,0.0,0.0,0.0,0.0,0.0,0.0,0.0,0.0,0.0,0.0,0.0,0.0,0.0,0.0,0.0,0.0,2.004,2.004,-2.004,-0.0,-2.004,0.0,0.0,0.0,0.0,1688.0,-3.6970977328898245e+19,0.0,2.7184260577004195e+23,0.0,-0.0,2.7184312818759872e+23,0.0,0.0,2.004,2.004,68,2.308838958497058e+20,-0.0,0.0,0.0,0.0,0.0,0.0,0.0,0.0,0,0,0,0.0,-0.0,-7.32333842848809e+18,0.0,0.0,-977452079775744.0,0.0,24637828235264.0,-310643777339392.0,0.0,-0.0,0.634,-0.0,2672156928.0,0.0,-5.872589886998337e+30,0,1.3516416376850534e+27,68,0.0,136,0.0,98688.258,0,52429,17071,26215,17092,26215,17065,0,0,0,105,99,100,-0.0,50.8,0.0,61.45,-107615200.0,63.0,1,47,48,180,26215,26215,0,0,0.0,0.0,0.0,0.0,3.0739703589704655e+38,66.0,0.0,-3.05462001799277e+34,0.0,727,0,697,0,0,0,879,0,982,0,847,0,632,0,613,0,509,0,588,0.032,95657511616512.0,2.004,-0.0,14352,16792,4.722247621283061e+32,-3.05462001799277e+34,-0.0,0.0,-0.0,-3382096424861696.0,70.0,60.0,66,0.0,0.0,10.0,2.0,0.0,0.0,0.0,0.0,0.0,0.0,0.0,0.0,0.0,0.0,0.0,0.0,62.0,62,18,65518,45,65476,0,300,0,0,8,20529,65476,0,0,44564,60.0,0.0,10.0,10.0,2.0,0.0
2026-02-05T00:00:05,ERR,ERR,ERR,ERR,ERR,ERR,ERR,ERR,ERR,ERR,ERR,ERR,ERR,ERR,ERR,ERR,ERR,ERR,ERR,ERR,ERR,ERR,ERR,ERR,ERR,ERR,ERR,ERR,ERR,ERR,ERR,ERR,ERR,ERR,ERR,ERR,ERR,ERR,ERR,ERR,ERR,ERR,ERR,ERR,ERR,ERR,ERR,ERR,ERR,ERR,ERR,ERR,ERR,ERR,ERR,ERR,ERR,ERR,ERR,ERR,ERR,ERR,ERR,ERR,ERR,ERR,ERR,ERR,ERR,ERR,ERR,ERR,ERR,ERR,ERR,ERR,ERR,ERR,ERR,ERR,ERR,ERR,ERR,ERR,ERR,ERR,ERR,ERR,ERR,ERR,ERR,ERR,ERR,ERR,ERR,ERR,ERR,ERR,ERR,ERR,ERR,ERR,ERR,ERR,ERR,ERR,ERR,ERR,ERR,ERR,ERR,ERR,ERR,ERR,ERR,ERR,ERR,ERR,ERR,ERR,ERR,ERR,ERR,ERR,ERR,2.7184260577004195e+23,0.0,-109184352.0,0.0,0.0,-1017016177655808.0,-0.0,0.0,0,0,4,0,7670,-0.0,41,0.0,0.0,0.0,0.0,0.0,0,0,0,0,0.0,0,0,0,0,0,0,0,0,0,0,0,0,0,0,0,0,0,0,0,0,0,0,0,0,0,0,0,0,0,0,0,0,0,23,41,40,64,65476,0,300,0,0,8,21553,0.0,-107605600.0,0.0,0.0,0.0,0.0,0.0,0.0,0.0,0.0,0.0,0.0,0.0,0.0,0.0,0.0,0.0,0.0,0.0,0.0,0.0,2.004,2.004,-2.004,-0.0,-2.004,0.0,0.0,0.0,0.0,1688.0,-3.6970977328898245e+19,0.0,2.7184260577004195e+23,0.0,-0.0,2.7184312818759872e+23,0.0,0.0,2.004,2.004,68,2.308838958497058e+20,-0.0,0.0,0.0,0.0,0.0,0.0,0.0,0.0,0,0,0,0.0,-0.0,-7.32333842848809e+18,0.0,0.0,-977452079775744.0,0.0,24637828235264.0,-310643777339392.0,0.0,-0.0,0.634,-0.0,2672156928.0,0.0,-5.872589886998337e+30,0,1.3516416376850534e+27,68,0.0,136,0.0,98688.258,0,52429,17071,26215,17092,26215,17065,0,0,0,105,99,100,-0.0,50.8,0.0,61.45,-107615200.0,63.0,1,47,48,180,26215,26215,0,0,0.0,0.0,0.0,0.0,3.0739703589704655e+38,66.0,0.0,-3.05462001799277e+34,0.0,727,0,697,0,0,0,879,0,982,0,847,0,632,0,613,0,509,0,588,0.032,95657511616512.0,2.004,-0.0,14352,16792,4.722247621283061e+32,-3.05462001799277e+34,-0.0,0.0,-0.0,-3382096424861696.0,70.0,60.0,66,0.0,0.0,10.0,2.0,0.0,0.0,0.0,0.0,0.0,0.0,0.0,0.0,0.0,0.0,0.0,0.0,62.0,62,18,65518,45,65476,0,300,0,0,8,20529,65476,0,0,44564,60.0,0.0,10.0,10.0,2.0,0.0
2026-02-05T00:00:06,ERR,ERR,ERR,ERR,ERR,ERR,ERR,ERR,ERR,ERR,ERR,ERR,ERR,ERR,ERR,ERR,ERR,ERR,ERR,ERR,ERR,ERR,ERR,ERR,ERR,ERR,ERR,ERR,ERR,ERR,ERR,ERR,ERR,ERR,ERR,ERR,ERR,ERR,ERR,ERR,ERR,ERR,ERR,ERR,ERR,ERR,ERR,ERR,ERR,ERR,ERR,ERR,ERR,ERR,ERR,ERR,ERR,ERR,ERR,ERR,ERR,ERR,ERR,ERR,ERR,ERR,ERR,ERR,ERR,ERR,ERR,ERR,ERR,ERR,ERR,ERR,ERR,ERR,ERR,ERR,ERR,ERR,ERR,ERR,ERR,ERR,ERR,ERR,ERR,ERR,ERR,ERR,ERR,ERR,ERR,ERR,ERR,ERR,ERR,ERR,ERR,ERR,ERR,ERR,ERR,ERR,ERR,ERR,ERR,ERR,ERR,ERR,ERR,ERR,ERR,ERR,ERR,ERR,ERR,ERR,ERR,ERR,ERR,ERR,ERR,2.7184260577004195e+23,0.0,-109184352.0,0.0,0.0,-1017016177655808.0,-0.0,0.0,0,0,4,0,7670,-0.0,41,0.0,0.0,0.0,0.0,0.0,0,0,0,0,0.0,0,0,0,0,0,0,0,0,0,0,0,0,0,0,0,0,0,0,0,0,0,0,0,0,0,0,0,0,0,0,0,0,0,23,41,40,64,65476,0,300,0,0,8,21553,0.0,-107605600.0,0.0,0.0,0.0,0.0,0.0,0.0,0.0,0.0,0.0,0.0,0.0,0.0,0.0,0.0,0.0,0.0,0.0,0.0,0.0,2.004,2.004,-2.004,-0.0,-2.004,0.0,0.0,0.0,0.0,1688.0,-3.6970977328898245e+19,0.0,2.7184260577004195e+23,0.0,-0.0,2.7184312818759872e+23,0.0,0.0,2.004,2.004,68,2.308838958497058e+20,-0.0,0.0,0.0,0.0,0.0,0.0,0.0,0.0,0,0,0,0.0,-0.0,-7.32333842848809e+18,0.0,0.0,-977452079775744.0,0.0,24637828235264.0,-310643777339392.0,0.0,-0.0,0.634,-0.0,2672156928.0,0.0,-5.872589886998337e+30,0,1.3516416376850534e+27,68,0.0,136,0.0,98688.258,0,52429,17071,26215,17092,39322,17065,0,0,0,105,99,100,-0.0,50.8,0.0,61.45,-107615200.0,63.0,1,47,48,180,26215,26215,0,0,0.0,0.0,0.0,0.0,6.0038483573641904e+35,66.0,0.0,0.0,0.0,727,0,697,0,0,0,879,0,982,0,847,0,632,0,613,0,509,0,589,0.032,95657511616512.0,0.0,0.0,23184,16792,6.0038483573641904e+35,0.0,-1990200192.0,-8.845362965081387e+21,-1.7030731286070975e+23,0.0,70.0,60.0,66,0.0,0.0,10.0,2.0,0.0,0.0,0.0,0.0,0.0,0.0,0.0,0.0,0.0,0.0,0.0,0.0,62.0,62,18,65518,45,65476,0,300,0,0,8,20529,65476,0,0,44564,60.0,0.0,10.0,10.0,2.0,0.0
2026-02-05T00:00:07,ERR,ERR,ERR,ERR,ERR,ERR,ERR,ERR,ERR,ERR,ERR,ERR,ERR,ERR,ERR,ERR,ERR,ERR,ERR,ERR,ERR,ERR,ERR,ERR,ERR,ERR,ERR,ERR,ERR,ERR,ERR,ERR,ERR,ERR,ERR,ERR,ERR,ERR,ERR,ERR,ERR,ERR,ERR,ERR,ERR,ERR,ERR,ERR,ERR,ERR,ERR,ERR,ERR,ERR,ERR,ERR,ERR,ERR,ERR,ERR,ERR,ERR,ERR,ERR,ERR,ERR,ERR,ERR,ERR,ERR,ERR,ERR,ERR,ERR,ERR,ERR,ERR,ERR,ERR,ERR,ERR,ERR,ERR,ERR,ERR,ERR,ERR,ERR,ERR,ERR,ERR,ERR,ERR,ERR,ERR,ERR,ERR,ERR,ERR,ERR,ERR,ERR,ERR,ERR,ERR,ERR,ERR,ERR,ERR,ERR,ERR,ERR,ERR,ERR,ERR,ERR,ERR,ERR,ERR,ERR,ERR,ERR,ERR,ERR,ERR,2.7184260577004195e+23,0.0,-109184352.0,0.0,0.0,-1017016177655808.0,-0.0,0.0,0,0,4,0,7670,-0.0,41,0.0,0.0,0.0,0.0,0.0,0,0,0,0,0.0,0,0,0,0,0,0,0,0,0,0,0,0,0,0,0,0,0,0,0,0,0,0,0,0,0,0,0,0,0,0,0,0,0,23,41,40,64,65476,0,300,0,0,8,21553,0.0,-107605600.0,0.0,0.0,0.0,0.0,0.0,0.0,0.0,0.0,0.0,0.0,0.0,0.0,0.0,0.0,0.0,0.0,0.0,0.0,0.0,2.004,2.004,-2.004,-0.0,-2.004,0.0,0.0,0.0,0.0,1688.0,-3.6970977328898245e+19,0.0,2.7184260577004195e+23,0.0,-0.0,2.7184312818759872e+23,0.0,0.0,2.004,2.004,68,2.308838958497058e+20,-0.0,0.0,0.0,0.0,0.0,0.0,0.0,0.0,0,0,0,0.0,-0.0,-7.32333842848809e+18,0.0,0.0,-977452079775744.0,0.0,24637828235264.0,-310643777339392.0,0.0,-0.0,0.634,-0.0,2672156928.0,0.0,-5.872589886998337e+30,0,1.3516416376850534e+27,68,0.0,136,0.0,98688.258,0,52429,17071,26215,17092,39322,17065,0,0,0,105,99,100,-0.0,50.8,0.0,61.45,-107615200.0,63.0,1,47,48,180,26215,26215,0,0,0.0,0.0,0.0,0.0,6.0038483573641904e+35,66.0,0.0,0.0,0.0,727,0,697,0,0,0,879,0,982,0,847,0,632,0,613,0,509,0,589,0.032,95657511616512.0,0.0,0.0,23184,16792,6.0038483573641904e+35,0.0,-1990200192.0,-8.845362965081387e+21,-1.7030731286070975e+23,0.0,70.0,60.0,66,0.0,0.0,10.0,2.0,0.0,0.0,0.0,0.0,0.0,0.0,0.0,0.0,0.0,0.0,0.0,0.0,62.0,62,18,65518,45,65476,0,300,0,0,8,20529,65476,0,0,44564,60.0,0.0,10.0,10.0,2.0,0.0
2026-02-05T00:00:08,ERR,ERR,ERR,ERR,ERR,ERR,ERR,ERR,ERR,ERR,ERR,ERR,ERR,ERR,ERR,ERR,ERR,ERR,ERR,ERR,ERR,ERR,ERR,ERR,ERR,ERR,ERR,ERR,ERR,ERR,ERR,ERR,ERR,ERR,ERR,ERR,ERR,ERR,ERR,ERR,ERR,ERR,ERR,ERR,ERR,ERR,ERR,ERR,ERR,ERR,ERR,ERR,ERR,ERR,ERR,ERR,ERR,ERR,ERR,ERR,ERR,ERR,ERR,ERR,ERR,ERR,ERR,ERR,ERR,ERR,ERR,ERR,ERR,ERR,ERR,ERR,ERR,ERR,ERR,ERR,ERR,ERR,ERR,ERR,ERR,ERR,ERR,ERR,ERR,ERR,ERR,ERR,ERR,ERR,ERR,ERR,ERR,ERR,ERR,ERR,ERR,ERR,ERR,ERR,ERR,ERR,ERR,ERR,ERR,ERR,ERR,ERR,ERR,ERR,ERR,ERR,ERR,ERR,ERR,ERR,ERR,ERR,ERR,ERR,ERR,2.7184260577004195e+23,0.0,-109184352.0,0.0,0.0,-1017016177655808.0,-0.0,0.0,0,0,4,0,7670,-0.0,41,0.0,0.0,0.0,0.0,0.0,0,0,0,0,0.0,0,0,0,0,0,0,0,0,0,0,0,0,0,0,0,0,0,0,0,0,0,0,0,0,0,0,0,0,0,0,0,0,0,23,41,40,64,65476,0,300,0,0,8,21553,0.0,-107605600.0,0.0,0.0,0.0,0.0,0.0,0.0,0.0,0.0,0.0,0.0,0.0,0.0,0.0,0.0,0.0,0.0,0.0,0.0,0.0,2.004,2.004,-2.004,-0.0,-2.004,0.0,0.0,0.0,0.0,1688.0,-3.6970977328898245e+19,0.0,2.7184260577004195e+23,0.0,-0.0,2.7184312818759872e+23,0.0,0.0,2.004,2.004,68,2.308838958497058e+20,-0.0,0.0,0.0,0.0,0.0,0.0,0.0,0.0,0,0,0,0.0,-0.0,-7.32333842848809e+18,0.0,0.0,-977452079775744.0,0.0,24637828235264.0,-310643777339392.0,0.0,-0.0,0.634,-0.0,2672156928.0,0.0,-5.872589886998337e+30,0,1.3516416376850534e+27,68,0.0,136,0.0,98688.258,0,52429,17071,26215,17092,39322,17065,0,0,0,105,99,100,-0.0,50.8,0.0,61.45,-107615200.0,63.0,1,47,48,180,26215,26215,0,0,0.0,0.0,0.0,0.0,6.0038483573641904e+35,66.0,0.0,0.0,0.0,727,0,697,0,0,0,879,0,982,0,847,0,632,0,613,0,509,0,589,0.032,95657511616512.0,0.0,0.0,23184,16792,6.0038483573641904e+35,0.0,-1990200192.0,-8.845362965081387e+21,-1.7030731286070975e+23,0.0,70.0,60.0,66,0.0,0.0,10.0,2.0,0.0,0.0,0.0,0.0,0.0,0.0,0.0,0.0,0.0,0.0,0.0,0.0,62.0,62,18,65518,45,65476,0,300,0,0,8,20529,65476,0,0,44564,60.0,0.0,10.0,10.0,2.0,0.0
2026-02-05T00:00:09,ERR,ERR,ERR,ERR,ERR,ERR,ERR,ERR,ERR,ERR,ERR,ERR,ERR,ERR,ERR,ERR,ERR,ERR,ERR,ERR,ERR,ERR,ERR,ERR,ERR,ERR,ERR,ERR,ERR,ERR,ERR,ERR,ERR,ERR,ERR,ERR,ERR,ERR,ERR,ERR,ERR,ERR,ERR,ERR,ERR,ERR,ERR,ERR,ERR,ERR,ERR,ERR,ERR,ERR,ERR,ERR,ERR,ERR,ERR,ERR,ERR,ERR,ERR,ERR,ERR,ERR,ERR,ERR,ERR,ERR,ERR,ERR,ERR,ERR,ERR,ERR,ERR,ERR,ERR,ERR,ERR,ERR,ERR,ERR,ERR,ERR,ERR,ERR,ERR,ERR,ERR,ERR,ERR,ERR,ERR,ERR,ERR,ERR,ERR,ERR,ERR,ERR,ERR,ERR,ERR,ERR,ERR,ERR,ERR,ERR,ERR,ERR,ERR,ERR,ERR,ERR,ERR,ERR,ERR,ERR,ERR,ERR,ERR,ERR,ERR,2.7184260577004195e+23,0.0,-109184352.0,0.0,0.0,-1017016177655808.0,-0.0,0.0,0,0,4,0,7670,-0.0,41,0.0,0.0,0.0,0.0,0.0,0,0,0,0,0.0,0,0,0,0,0,0,0,0,0,0,0,0,0,0,0,0,0,0,0,0,0,0,0,0,0,0,0,0,0,0,0,0,0,23,41,40,64,65476,0,300,0,0,8,21553,0.0,-107605600.0,0.0,0.0,0.0,0.0,0.0,0.0,0.0,0.0,0.0,0.0,0.0,0.0,0.0,0.0,0.0,0.0,0.0,0.0,0.0,2.004,2.004,-2.004,-0.0,-2.004,0.0,0.0,0.0,0.0,1688.0,-3.6970977328898245e+19,0.0,2.7184260577004195e+23,0.0,-0.0,2.7184312818759872e+23,0.0,0.0,2.004,2.004,68,2.308838958497058e+20,-0.0,0.0,0.0,0.0,0.0,0.0,0.0,0.0,0,0,0,0.0,-0.0,-7.32333842848809e+18,0.0,0.0,-977452079775744.0,0.0,24637828235264.0,-310643777339392.0,0.0,-0.0,0.634,-0.0,2672156928.0,0.0,-5.872589886998337e+30,0,1.3516416376850534e+27,68,0.0,136,0.0,98688.258,0,52429,17071,26215,17092,39322,17065,0,0,0,105,99,100,-0.0,50.8,0.0,61.45,-107615200.0,63.0,1,47,48,180,26215,26215,0,0,0.0,0.0,0.0,0.0,6.0038483573641904e+35,66.0,0.0,0.0,0.0,727,0,697,0,0,0,879,0,982,0,847,0,632,0,613,0,509,0,589,0.032,95657511616512.0,0.0,0.0,23184,16792,6.0038483573641904e+35,0.0,-1990200192.0,-8.845362965081387e+21,-1.7030731286070975e+23,0.0,70.0,60.0,66,0.0,0.0,10.0,2.0,0.0,0.0,0.0,0.0,0.0,0.0,0.0,0.0,0.0,0.0,0.0,0.0,62.0,62,18,65518,45,65476,0,300,0,0,8,20529,65476,0,0,44564,60.0,0.0,10.0,10.0,2.0,0.0
2026-02-05T00:00:10,ERR,ERR,ERR,ERR,ERR,ERR,ERR,ERR,ERR,ERR,ERR,ERR,ERR,ERR,ERR,ERR,ERR,ERR,ERR,ERR,ERR,ERR,ERR,ERR,ERR,ERR,ERR,ERR,ERR,ERR,ERR,ERR,ERR,ERR,ERR,ERR,ERR,ERR,ERR,ERR,ERR,ERR,ERR,ERR,ERR,ERR,ERR,ERR,ERR,ERR,ERR,ERR,ERR,ERR,ERR,ERR,ERR,ERR,ERR,ERR,ERR,ERR,ERR,ERR,ERR,ERR,ERR,ERR,ERR,ERR,ERR,ERR,ERR,ERR,ERR,ERR,ERR,ERR,ERR,ERR,ERR,ERR,ERR,ERR,ERR,ERR,ERR,ERR,ERR,ERR,ERR,ERR,ERR,ERR,ERR,ERR,ERR,ERR,ERR,ERR,ERR,ERR,ERR,ERR,ERR,ERR,ERR,ERR,ERR,ERR,ERR,ERR,ERR,ERR,ERR,ERR,ERR,ERR,ERR,ERR,ERR,ERR,ERR,ERR,ERR,2.7184260577004195e+23,0.0,-109184352.0,0.0,0.0,2.8426140123651203e+32,3406179336192.0,0.0,0,0,4,0,7670,-0.0,41,0.0,0.0,0.0,0.0,0.0,0,0,0,0,0.0,0,0,0,0,0,0,0,0,0,0,0,0,0,0,0,0,0,0,0,0,0,0,0,0,0,0,0,0,0,0,0,0,0,23,41,40,64,65476,0,300,0,0,8,21553,0.0,-107605600.0,0.0,0.0,0.0,0.0,0.0,0.0,0.0,0.0,0.0,0.0,0.0,0.0,0.0,0.0,0.0,0.0,0.0,0.0,0.0,2.004,2.004,-2.004,-0.0,-2.004,0.0,0.0,0.0,0.0,1695.5,-0.0,0.0,2.7184260577004195e+23,0.0,-0.0,2.7184312818759872e+23,0.0,0.0,2.004,2.004,68,4.066877080952309e+29,1.9056527656196506e+17,0.0,0.0,0.0,0.0,0.0,0.0,0.0,0,0,0,-6.605142041635731e+32,0.0,-0.015,-0.0,-2.6144649696668064e+26,-0.0,164.262,0.0,-0.0,0.0,-0.0,0.634,-0.0,2688934144.0,0.0,0.0,0,1.3516416376850534e+27,68,0.0,136,0.0,98688.258,0,39322,17071,26215,17092,39322,17065,0,0,0,105,99,100,-0.0,50.8,0.0,61.45,-107615200.0,63.0,1,47,48,180,26215,26215,0,0,0.0,0.0,0.0,0.0,-0.0,66.0,0.0,0.0,0.0,727,0,697,0,0,0,878,0,982,0,847,0,632,0,613,0,509,0,589,0.032,95657511616512.0,0.0,0.0,26640,16792,-0.0,0.0,0.0,4.4305071867324006e+17,2.6265846247847887e+19,-585.0,70.0,60.0,66,0.0,0.0,10.0,2.0,0.0,0.0,0.0,0.0,0.0,0.0,0.0,0.0,0.0,0.0,0.0,0.0,62.0,62,18,65518,45,65476,0,300,0,0,8,20529,65476,0,0,44564,60.0,0.0,10.0,10.0,2.0,0.0
2026-02-05T00:00:11,ERR,ERR,ERR,ERR,ERR,ERR,ERR,ERR,ERR,ERR,ERR,ERR,ERR,ERR,ERR,ERR,ERR,ERR,ERR,ERR,ERR,ERR,ERR,ERR,ERR,ERR,ERR,ERR,ERR,ERR,ERR,ERR,ERR,ERR,ERR,ERR,ERR,ERR,ERR,ERR,ERR,ERR,ERR,ERR,ERR,ERR,ERR,ERR,ERR,ERR,ERR,ERR,ERR,ERR,ERR,ERR,ERR,ERR,ERR,ERR,ERR,ERR,ERR,ERR,ERR,ERR,ERR,ERR,ERR,ERR,ERR,ERR,ERR,ERR,ERR,ERR,ERR,ERR,ERR,ERR,ERR,ERR,ERR,ERR,ERR,ERR,ERR,ERR,ERR,ERR,ERR,ERR,ERR,ERR,ERR,ERR,ERR,ERR,ERR,ERR,ERR,ERR,ERR,ERR,ERR,ERR,ERR,ERR,ERR,ERR,ERR,ERR,ERR,ERR,ERR,ERR,ERR,ERR,ERR,ERR,ERR,ERR,ERR,ERR,ERR,2.7184260577004195e+23,0.0,-109184352.0,0.0,0.0,2.8426140123651203e+32,3406179336192.0,0.0,0,0,4,0,7670,-0.0,41,0.0,0.0,0.0,0.0,0.0,0,0,0,0,0.0,0,0,0,0,0,0,0,0,0,0,0,0,0,0,0,0,0,0,0,0,0,0,0,0,0,0,0,0,0,0,0,0,0,23,41,40,64,65476,0,300,0,0,8,21553,0.0,-107605600.0,0.0,0.0,0.0,0.0,0.0,0.0,0.0,0.0,0.0,0.0,0.0,0.0,0.0,0.0,0.0,0.0,0.0,0.0,0.0,2.004,2.004,-2.004,-0.0,-2.004,0.0,0.0,0.0,0.0,1695.5,-0.0,0.0,2.7184260577004195e+23,0.0,-0.0,2.7184312818759872e+23,0.0,0.0,2.004,2.004,68,4.066877080952309e+29,1.9056527656196506e+17,0.0,0.0,0.0,0.0,0.0,0.0,0.0,0,0,0,-6.605142041635731e+32,0.0,-0.015,-0.0,-2.6144649696668064e+26,-0.0,164.262,0.0,-0.0,0.0,-0.0,0.634,-0.0,2688934144.0,0.0,0.0,0,1.3516416376850534e+27,68,0.0,136,0.0,98688.258,0,39322,17071,26215,17092,39322,17065,0,0,0,105,99,100,-0.0,50.8,0.0,61.45,-107615200.0,63.0,1,47,48,180,26215,26215,0,0,0.0,0.0,0.0,0.0,-0.0,66.0,0.0,0.0,0.0,727,0,697,0,0,0,878,0,982,0,847,0,632,0,613,0,509,0,589,0.032,95657511616512.0,0.0,0.0,26640,16792,-0.0,0.0,0.0,4.4305071867324006e+17,2.6265846247847887e+19,-585.0,70.0,60.0,66,0.0,0.0,10.0,2.0,0.0,0.0,0.0,0.0,0.0,0.0,0.0,0.0,0.0,0.0,0.0,0.0,62.0,62,18,65518,45,65476,0,300,0,0,8,20529,65476,0,0,44564,60.0,0.0,10.0,10.0,2.0,0.0
2026-02-05T00:00:12,ERR,ERR,ERR,ERR,ERR,ERR,ERR,ERR,ERR,ERR,ERR,ERR,ERR,ERR,ERR,ERR,ERR,ERR,ERR,ERR,ERR,ERR,ERR,ERR,ERR,ERR,ERR,ERR,ERR,ERR,ERR,ERR,ERR,ERR,ERR,ERR,ERR,ERR,ERR,ERR,ERR,ERR,ERR,ERR,ERR,ERR,ERR,ERR,ERR,ERR,ERR,ERR,ERR,ERR,ERR,ERR,ERR,ERR,ERR,ERR,ERR,ERR,ERR,ERR,ERR,ERR,ERR,ERR,ERR,ERR,ERR,ERR,ERR,ERR,ERR,ERR,ERR,ERR,ERR,ERR,ERR,ERR,ERR,ERR,ERR,ERR,ERR,ERR,ERR,ERR,ERR,ERR,ERR,ERR,ERR,ERR,ERR,ERR,ERR,ERR,ERR,ERR,ERR,ERR,ERR,ERR,ERR,ERR,ERR,ERR,ERR,ERR,ERR,ERR,ERR,ERR,ERR,ERR,ERR,ERR,ERR,ERR,ERR,ERR,ERR,2.7184260577004195e+23,0.0,-109184352.0,0.0,0.0,2.8426140123651203e+32,3406179336192.0,0.0,0,0,4,0,7670,-0.0,41,0.0,0.0,0.0,0.0,0.0,0,0,0,0,0.0,0,0,0,0,0,0,0,0,0,0,0,0,0,0,0,0,0,0,0,0,0,0,0,0,0,0,0,0,0,0,0,0,0,23,41,40,64,65476,0,300,0,0,8,21553,0.0,-107605600.0,0.0,0.0,0.0,0.0,0.0,0.0,0.0,0.0,0.0,0.0,0.0,0.0,0.0,0.0,0.0,0.0,0.0,0.0,0.0,2.004,2.004,-2.004,-0.0,-2.004,0.0,0.0,0.0,0.0,1695.5,-0.0,0.0,2.7184260577004195e+23,0.0,-0.0,2.7184312818759872e+23,0.0,0.0,2.004,2.004,68,4.066877080952309e+29,1.9056527656196506e+17,0.0,0.0,0.0,0.0,0.0,0.0,0.0,0,0,0,-6.605142041635731e+32,0.0,-0.015,-0.0,-2.6144649696668064e+26,-0.0,164.262,0.0,-0.0,0.0,-0.0,0.634,-0.0,2688934144.0,0.0,0.0,0,1.3516416376850534e+27,68,0.0,136,0.0,98688.258,0,39322,17071,26215,17092,39322,17065,0,0,0,105,99,100,-0.0,50.8,0.0,61.45,-107615200.0,63.0,1,47,48,180,26215,26215,0,0,0.0,0.0,0.0,0.0,-0.0,66.0,0.0,0.0,0.0,727,0,697,0,0,0,878,0,982,0,847,0,632,0,613,0,509,0,589,0.032,95657511616512.0,0.0,0.0,26640,16792,-0.0,0.0,0.0,4.4305071867324006e+17,2.6265846247847887e+19,-585.0,70.0,60.0,66,0.0,0.0,10.0,2.0,0.0,0.0,0.0,0.0,0.0,0.0,0.0,0.0,0.0,0.0,0.0,0.0,62.0,62,18,65518,45,65476,0,300,0,0,8,20529,65476,0,0,44564,60.0,0.0,10.0,10.0,2.0,0.0
2026-02-05T00:00:13,ERR,ERR,ERR,ERR,ERR,ERR,ERR,ERR,ERR,ERR,ERR,ERR,ERR,ERR,ERR,ERR,ERR,ERR,ERR,ERR,ERR,ERR,ERR,ERR,ERR,ERR,ERR,ERR,ERR,ERR,ERR,ERR,ERR,ERR,ERR,ERR,ERR,ERR,ERR,ERR,ERR,ERR,ERR,ERR,ERR,ERR,ERR,ERR,ERR,ERR,ERR,ERR,ERR,ERR,ERR,ERR,ERR,ERR,ERR,ERR,ERR,ERR,ERR,ERR,ERR,ERR,ERR,ERR,ERR,ERR,ERR,ERR,ERR,ERR,ERR,ERR,ERR,ERR,ERR,ERR,ERR,ERR,ERR,ERR,ERR,ERR,ERR,ERR,ERR,ERR,ERR,ERR,ERR,ERR,ERR,ERR,ERR,ERR,ERR,ERR,ERR,ERR,ERR,ERR,ERR,ERR,ERR,ERR,ERR,ERR,ERR,ERR,ERR,ERR,ERR,ERR,ERR,ERR,ERR,ERR,ERR,ERR,ERR,ERR,ERR,2.7184260577004195e+23,0.0,-109184352.0,0.0,0.0,2.8426140123651203e+32,3406179336192.0,0.0,0,0,4,0,7670,-0.0,41,0.0,0.0,0.0,0.0,0.0,0,0,0,0,0.0,0,0,0,0,0,0,0,0,0,0,0,0,0,0,0,0,0,0,0,0,0,0,0,0,0,0,0,0,0,0,0,0,0,23,41,40,64,65476,0,300,0,0,8,21553,0.0,-107605600.0,0.0,0.0,0.0,0.0,0.0,0.0,0.0,0.0,0.0,0.0,0.0,0.0,0.0,0.0,0.0,0.0,0.0,0.0,0.0,2.004,2.004,-2.004,-0.0,-2.004,0.0,0.0,0.0,0.0,1695.5,-0.0,0.0,2.7184260577004195e+23,0.0,-0.0,2.7184312818759872e+23,0.0,0.0,2.004,2.004,68,4.066877080952309e+29,1.9056527656196506e+17,0.0,0.0,0.0,0.0,0.0,0.0,0.0,0,0,0,-6.605142041635731e+32,0.0,-0.015,-0.0,-2.6144649696668064e+26,-0.0,164.262,0.0,-0.0,0.0,-0.0,0.634,-0.0,2688934144.0,0.0,0.0,0,1.3516416376850534e+27,68,0.0,136,0.0,98688.258,0,39322,17071,26215,17092,39322,17065,0,0,0,105,99,100,-0.0,50.8,0.0,61.45,-107615200.0,63.0,1,47,48,180,26215,26215,0,0,0.0,0.0,0.0,0.0,-0.0,66.0,0.0,0.0,0.0,727,0,697,0,0,0,878,0,982,0,847,0,632,0,613,0,509,0,589,0.032,95657511616512.0,0.0,0.0,26640,16792,-0.0,0.0,0.0,4.4305071867324006e+17,2.6265846247847887e+19,-585.0,70.0,60.0,66,0.0,0.0,10.0,2.0,0.0,0.0,0.0,0.0,0.0,0.0,0.0,0.0,0.0,0.0,0.0,0.0,62.0,62,18,65518,45,65476,0,300,0,0,8,20529,65476,0,0,44564,60.0,0.0,10.0,10.0,2.0,0.0
2026-02-05T00:00:14,ERR,ERR,ERR,ERR,ERR,ERR,ERR,ERR,ERR,ERR,ERR,ERR,ERR,ERR,ERR,ERR,ERR,ERR,ERR,ERR,ERR,ERR,ERR,ERR,ERR,ERR,ERR,ERR,ERR,ERR,ERR,ERR,ERR,ERR,ERR,ERR,ERR,ERR,ERR,ERR,ERR,ERR,ERR,ERR,ERR,ERR,ERR,ERR,ERR,ERR,ERR,ERR,ERR,ERR,ERR,ERR,ERR,ERR,ERR,ERR,ERR,ERR,ERR,ERR,ERR,ERR,ERR,ERR,ERR,ERR,ERR,ERR,ERR,ERR,ERR,ERR,ERR,ERR,ERR,ERR,ERR,ERR,ERR,ERR,ERR,ERR,ERR,ERR,ERR,ERR,ERR,ERR,ERR,ERR,ERR,ERR,ERR,ERR,ERR,ERR,ERR,ERR,ERR,ERR,ERR,ERR,ERR,ERR,ERR,ERR,ERR,ERR,ERR,ERR,ERR,ERR,ERR,ERR,ERR,ERR,ERR,ERR,ERR,ERR,ERR,2.7184260577004195e+23,0.0,-109184352.0,0.0,0.0,2.8426140123651203e+32,3406179336192.0,0.0,0,0,4,0,7670,-0.0,41,0.0,0.0,0.0,0.0,0.0,0,0,0,0,0.0,0,0,0,0,0,0,0,0,0,0,0,0,0,0,0,0,0,0,0,0,0,0,0,0,0,0,0,0,0,0,0,0,0,23,41,40,64,65476,0,300,0,0,8,21553,0.0,-107605600.0,0.0,0.0,0.0,0.0,0.0,0.0,0.0,0.0,0.0,0.0,0.0,0.0,0.0,0.0,0.0,0.0,0.0,0.0,0.0,2.004,2.004,-2.004,-0.0,-2.004,0.0,0.0,0.0,0.0,1695.5,-0.0,0.0,2.7184260577004195e+23,0.0,-0.0,2.7184312818759872e+23,0.0,0.0,2.004,2.004,68,4.066877080952309e+29,1.9056527656196506e+17,0.0,0.0,0.0,0.0,0.0,0.0,0.0,0,0,0,-6.605142041635731e+32,0.0,-0.015,-0.0,-2.6144649696668064e+26,-0.0,164.262,0.0,-0.0,0.0,-0.0,0.634,-0.0,2688934144.0,0.0,0.0,0,1.3516416376850534e+27,68,0.0,136,0.0,98688.258,0,39322,17071,26215,17092,39322,17065,0,0,0,105,99,100,-0.0,50.8,0.0,61.45,-107615200.0,63.0,1,47,48,180,26215,26215,0,0,0.0,0.0,0.0,0.0,-0.0,66.0,0.0,0.0,0.0,727,0,697,0,0,0,878,0,982,0,847,0,632,0,613,0,509,0,589,0.032,95657511616512.0,0.0,0.0,26640,16792,-0.0,0.0,0.0,4.4305071867324006e+17,2.6265846247847887e+19,-585.0,70.0,60.0,66,0.0,0.0,10.0,2.0,0.0,0.0,0.0,0.0,0.0,0.0,0.0,0.0,0.0,0.0,0.0,0.0,62.0,62,18,65518,45,65476,0,300,0,0,8,20529,65476,0,0,44564,60.0,0.0,10.0,10.0,2.0,0.0
2026-02-05T00:00:15,ERR,ERR,ERR,ERR,ERR,ERR,ERR,ERR,ERR,ERR,ERR,ERR,ERR,ERR,ERR,ERR,ERR,ERR,ERR,ERR,ERR,ERR,ERR,ERR,ERR,ERR,ERR,ERR,ERR,ERR,ERR,ERR,ERR,ERR,ERR,ERR,ERR,ERR,ERR,ERR,ERR,ERR,ERR,ERR,ERR,ERR,ERR,ERR,ERR,ERR,ERR,ERR,ERR,ERR,ERR,ERR,ERR,ERR,ERR,ERR,ERR,ERR,ERR,ERR,ERR,ERR,ERR,ERR,ERR,ERR,ERR,ERR,ERR,ERR,ERR,ERR,ERR,ERR,ERR,ERR,ERR,ERR,ERR,ERR,ERR,ERR,ERR,ERR,ERR,ERR,ERR,ERR,ERR,ERR,ERR,ERR,ERR,ERR,ERR,ERR,ERR,ERR,ERR,ERR,ERR,ERR,ERR,ERR,ERR,ERR,ERR,ERR,ERR,ERR,ERR,ERR,ERR,ERR,ERR,ERR,ERR,ERR,ERR,ERR,ERR,2.7184260577004195e+23,0.0,-109184352.0,0.0,0.0,2.8426140123651203e+32,3406179336192.0,0.0,0,0,4,0,7670,-0.0,41,0.0,0.0,0.0,0.0,0.0,0,0,0,0,0.0,0,0,0,0,0,0,0,0,0,0,0,0,0,0,0,0,0,0,0,0,0,0,0,0,0,0,0,0,0,0,0,0,0,23,41,40,64,65476,0,300,0,0,8,21553,0.0,-107605600.0,0.0,0.0,0.0,0.0,0.0,0.0,0.0,0.0,0.0,0.0,0.0,0.0,0.0,0.0,0.0,0.0,0.0,0.0,0.0,2.004,2.004,-2.004,-0.0,-2.004,0.0,0.0,0.0,0.0,1695.5,-0.0,0.0,2.7184260577004195e+23,0.0,-0.0,2.7184312818759872e+23,0.0,0.0,2.004,2.004,68,4.066877080952309e+29,1.9056527656196506e+17,0.0,0.0,0.0,0.0,0.0,0.0,0.0,0,0,0,-6.605142041635731e+32,0.0,-0.015,-0.0,-2.6144649696668064e+26,-0.0,164.262,0.0,-0.0,0.0,-0.0,0.634,-0.0,2688934144.0,0.0,0.0,0,1.3516416376850534e+27,68,0.0,136,0.0,98688.258,0,52429,17071,26215,17092,26215,17065,0,0,0,105,99,100,-0.0,50.8,0.0,61.45,-107615200.0,63.0,1,47,48,180,26215,26215,0,0,0.0,0.0,0.0,0.0,-0.0,66.0,0.0,976054976512.0,0.0,727,0,697,0,0,0,878,0,982,0,847,0,632,0,613,0,509,0,589,0.032,95657511616512.0,2.004,-0.0,35600,16792,-0.0,4.133350609598787e+20,378494779392.0,0.0,-0.0,0.0,70.0,60.0,66,0.0,0.0,10.0,2.0,0.0,0.0,0.0,0.0,0.0,0.0,0.0,0.0,0.0,0.0,0.0,0.0,62.4,62,18,65518,45,65476,0,300,0,0,8,20529,65476,0,0,44564,60.0,0.0,10.0,10.0,2.0,0.0
2026-02-05T00:00:16,ERR,ERR,ERR,ERR,ERR,ERR,ERR,ERR,ERR,ERR,ERR,ERR,ERR,ERR,ERR,ERR,ERR,ERR,ERR,ERR,ERR,ERR,ERR,ERR,ERR,ERR,ERR,ERR,ERR,ERR,ERR,ERR,ERR,ERR,ERR,ERR,ERR,ERR,ERR,ERR,ERR,ERR,ERR,ERR,ERR,ERR,ERR,ERR,ERR,ERR,ERR,ERR,ERR,ERR,ERR,ERR,ERR,ERR,ERR,ERR,ERR,ERR,ERR,ERR,ERR,ERR,ERR,ERR,ERR,ERR,ERR,ERR,ERR,ERR,ERR,ERR,ERR,ERR,ERR,ERR,ERR,ERR,ERR,ERR,ERR,ERR,ERR,ERR,ERR,ERR,ERR,ERR,ERR,ERR,ERR,ERR,ERR,ERR,ERR,ERR,ERR,ERR,ERR,ERR,ERR,ERR,ERR,ERR,ERR,ERR,ERR,ERR,ERR,ERR,ERR,ERR,ERR,ERR,ERR,ERR,ERR,ERR,ERR,ERR,ERR,2.7184260577004195e+23,0.0,-109184352.0,0.0,0.0,0.0,-0.0,0.0,0,0,4,0,7670,-0.0,41,0.0,0.0,0.0,0.0,0.0,0,0,0,0,0.0,0,0,0,0,0,0,0,0,0,0,0,0,0,0,0,0,0,0,0,0,0,0,0,0,0,0,0,0,0,0,0,0,0,23,41,40,64,65476,0,300,0,0,8,21553,0.0,-107605600.0,0.0,0.0,0.0,0.0,0.0,0.0,0.0,0.0,0.0,0.0,0.0,0.0,0.0,0.0,0.0,0.0,0.0,0.0,0.0,2.004,2.004,-2.004,-0.0,-2.004,0.0,0.0,0.0,0.0,1695.75,3.6970977328898245e+19,0.0,2.7184260577004195e+23,0.0,-0.0,2.7184312818759872e+23,0.0,0.0,2.004,2.004,68,2.7184285797162108e+23,0.0,0.0,0.0,0.0,0.0,0.0,0.0,0.0,0,0,0,-7.036834497859303e+24,-0.0,-138509.797,0.0,-3.0131508679026934e+18,-0.0,-1.389559797861818e+37,0.0,-0.0,0.0,-0.0,0.638,-0.0,2705711360.0,0.0,0.0,0,1.3516416376850534e+27,68,0.0,136,0.0,98688.258,0,52429,17071,26215,17092,26215,17065,0,0,0,105,99,100,-0.0,50.8,0.0,61.45,-107615200.0,63.0,1,47,48,180,26215,26215,0,0,0.0,0.0,0.0,0.0,-0.0,66.0,0.0,976054976512.0,0.0,727,0,697,0,0,0,878,0,982,0,847,0,632,0,613,0,509,0,589,0.032,95657511616512.0,2.004,-0.0,35600,16792,-0.0,4.133350609598787e+20,378494779392.0,0.0,-0.0,0.0,70.0,60.0,66,0.0,0.0,10.0,2.0,0.0,0.0,0.0,0.0,0.0,0.0,0.0,0.0,0.0,0.0,0.0,0.0,62.4,62,18,65518,45,65476,0,300,0,0,8,20529,65476,0,0,44564,60.0,0.0,10.0,10.0,2.0,0.0
2026-02-05T00:00:17,ERR,ERR,ERR,ERR,ERR,ERR,ERR,ERR,ERR,ERR,ERR,ERR,ERR,ERR,ERR,ERR,ERR,ERR,ERR,ERR,ERR,ERR,ERR,ERR,ERR,ERR,ERR,ERR,ERR,ERR,ERR,ERR,ERR,ERR,ERR,ERR,ERR,ERR,ERR,ERR,ERR,ERR,ERR,ERR,ERR,ERR,ERR,ERR,ERR,ERR,ERR,ERR,ERR,ERR,ERR,ERR,ERR,ERR,ERR,ERR,ERR,ERR,ERR,ERR,ERR,ERR,ERR,ERR,ERR,ERR,ERR,ERR,ERR,ERR,ERR,ERR,ERR,ERR,ERR,ERR,ERR,ERR,ERR,ERR,ERR,ERR,ERR,ERR,ERR,ERR,ERR,ERR,ERR,ERR,ERR,ERR,ERR,ERR,ERR,ERR,ERR,ERR,ERR,ERR,ERR,ERR,ERR,ERR,ERR,ERR,ERR,ERR,ERR,ERR,ERR,ERR,ERR,ERR,ERR,ERR,ERR,ERR,ERR,ERR,ERR,2.7184260577004195e+23,0.0,-109184352.0,0.0,0.0,0.0,-0.0,0.0,0,0,4,0,7670,-0.0,41,0.0,0.0,0.0,0.0,0.0,0,0,0,0,0.0,0,0,0,0,0,0,0,0,0,0,0,0,0,0,0,0,0,0,0,0,0,0,0,0,0,0,0,0,0,0,0,0,0,23,41,40,64,65476,0,300,0,0,8,21553,0.0,-107605600.0,0.0,0.0,0.0,0.0,0.0,0.0,0.0,0.0,0.0,0.0,0.0,0.0,0.0,0.0,0.0,0.0,0.0,0.0,0.0,2.004,2.004,-2.004,-0.0,-2.004,0.0,0.0,0.0,0.0,1695.75,3.6970977328898245e+19,0.0,2.7184260577004195e+23,0.0,-0.0,2.7184312818759872e+23,0.0,0.0,2.004,2.004,68,2.7184285797162108e+23,0.0,0.0,0.0,0.0,0.0,0.0,0.0,0.0,0,0,0,-7.036834497859303e+24,-0.0,-138509.797,0.0,-3.0131508679026934e+18,-0.0,-1.389559797861818e+37,0.0,-0.0,0.0,-0.0,0.638,-0.0,2705711360.0,0.0,0.0,0,1.3516416376850534e+27,68,0.0,136,0.0,98688.258,0,52429,17071,26215,17092,26215,17065,0,0,0,105,99,100,-0.0,50.8,0.0,61.45,-107615200.0,63.0,1,47,48,180,26215,26215,0,0,0.0,0.0,0.0,0.0,-0.0,66.0,0.0,976054976512.0,0.0,727,0,697,0,0,0,878,0,982,0,847,0,632,0,613,0,509,0,589,0.032,95657511616512.0,2.004,-0.0,35600,16792,-0.0,4.133350609598787e+20,378494779392.0,0.0,-0.0,0.0,70.0,60.0,66,0.0,0.0,10.0,2.0,0.0,0.0,0.0,0.0,0.0,0.0,0.0,0.0,0.0,0.0,0.0,0.0,62.0,62,18,65518,45,65476,0,300,0,0,8,20529,65476,0,0,44564,60.0,0.0,10.0,10.0,2.0,0.0
2026-02-05T00:00:18,ERR,ERR,ERR,ERR,ERR,ERR,ERR,ERR,ERR,ERR,ERR,ERR,ERR,ERR,ERR,ERR,ERR,ERR,ERR,ERR,ERR,ERR,ERR,ERR,ERR,ERR,ERR,ERR,ERR,ERR,ERR,ERR,ERR,ERR,ERR,ERR,ERR,ERR,ERR,ERR,ERR,ERR,ERR,ERR,ERR,ERR,ERR,ERR,ERR,ERR,ERR,ERR,ERR,ERR,ERR,ERR,ERR,ERR,ERR,ERR,ERR,ERR,ERR,ERR,ERR,ERR,ERR,ERR,ERR,ERR,ERR,ERR,ERR,ERR,ERR,ERR,ERR,ERR,ERR,ERR,ERR,ERR,ERR,ERR,ERR,ERR,ERR,ERR,ERR,ERR,ERR,ERR,ERR,ERR,ERR,ERR,ERR,ERR,ERR,ERR,ERR,ERR,ERR,ERR,ERR,ERR,ERR,ERR,ERR,ERR,ERR,ERR,ERR,ERR,ERR,ERR,ERR,ERR,ERR,ERR,ERR,ERR,ERR,ERR,ERR,2.7184260577004195e+23,0.0,-109184352.0,0.0,0.0,0.0,-0.0,0.0,0,0,4,0,7670,-0.0,41,0.0,0.0,0.0,0.0,0.0,0,0,0,0,0.0,0,0,0,0,0,0,0,0,0,0,0,0,0,0,0,0,0,0,0,0,0,0,0,0,0,0,0,0,0,0,0,0,0,23,41,40,64,65476,0,300,0,0,8,21553,0.0,-107605600.0,0.0,0.0,0.0,0.0,0.0,0.0,0.0,0.0,0.0,0.0,0.0,0.0,0.0,0.0,0.0,0.0,0.0,0.0,0.0,2.004,2.004,-2.004,-0.0,-2.004,0.0,0.0,0.0,0.0,1695.75,3.6970977328898245e+19,0.0,2.7184260577004195e+23,0.0,-0.0,2.7184312818759872e+23,0.0,0.0,2.004,2.004,68,2.7184285797162108e+23,0.0,0.0,0.0,0.0,0.0,0.0,0.0,0.0,0,0,0,-7.036834497859303e+24,-0.0,-138509.797,0.0,-3.0131508679026934e+18,-0.0,-1.389559797861818e+37,0.0,-0.0,0.0,-0.0,0.638,-0.0,2705711360.0,0.0,0.0,0,1.3516416376850534e+27,68,0.0,136,0.0,98688.258,0,52429,17071,26215,17092,26215,17065,0,0,0,105,99,100,-0.0,50.8,0.0,61.45,-107615200.0,63.0,1,47,48,180,26215,26215,0,0,0.0,0.0,0.0,0.0,-0.0,66.0,0.0,976054976512.0,0.0,727,0,697,0,0,0,878,0,982,0,847,0,632,0,613,0,509,0,589,0.032,95657511616512.0,2.004,-0.0,35600,16792,-0.0,4.133350609598787e+20,378494779392.0,0.0,-0.0,0.0,70.0,60.0,66,0.0,0.0,10.0,2.0,0.0,0.0,0.0,0.0,0.0,0.0,0.0,0.0,0.0,0.0,0.0,0.0,62.0,62,18,65518,45,65476,0,300,0,0,8,20529,65476,0,0,44564,60.0,0.0,10.0,10.0,2.0,0.0
2026-02-05T00:00:19,ERR,ERR,ERR,ERR,ERR,ERR,ERR,ERR,ERR,ERR,ERR,ERR,ERR,ERR,ERR,ERR,ERR,ERR,ERR,ERR,ERR,ERR,ERR,ERR,ERR,ERR,ERR,ERR,ERR,ERR,ERR,ERR,ERR,ERR,ERR,ERR,ERR,ERR,ERR,ERR,ERR,ERR,ERR,ERR,ERR,ERR,ERR,ERR,ERR,ERR,ERR,ERR,ERR,ERR,ERR,ERR,ERR,ERR,ERR,ERR,ERR,ERR,ERR,ERR,ERR,ERR,ERR,ERR,ERR,ERR,ERR,ERR,ERR,ERR,ERR,ERR,ERR,ERR,ERR,ERR,ERR,ERR,ERR,ERR,ERR,ERR,ERR,ERR,ERR,ERR,ERR,ERR,ERR,ERR,ERR,ERR,ERR,ERR,ERR,ERR,ERR,ERR,ERR,ERR,ERR,ERR,ERR,ERR,ERR,ERR,ERR,ERR,ERR,ERR,ERR,ERR,ERR,ERR,ERR,ERR,ERR,ERR,ERR,ERR,ERR,2.7184260577004195e+23,0.0,-109184352.0,0.0,0.0,0.0,-0.0,0.0,0,0,4,0,7670,-0.0,41,0.0,0.0,0.0,0.0,0.0,0,0,0,0,0.0,0,0,0,0,0,0,0,0,0,0,0,0,0,0,0,0,0,0,0,0,0,0,0,0,0,0,0,0,0,0,0,0,0,23,41,40,64,65476,0,300,0,0,8,21553,0.0,-107605600.0,0.0,0.0,0.0,0.0,0.0,0.0,0.0,0.0,0.0,0.0,0.0,0.0,0.0,0.0,0.0,0.0,0.0,0.0,0.0,2.004,2.004,-2.004,-0.0,-2.004,0.0,0.0,0.0,0.0,1695.75,3.6970977328898245e+19,0.0,2.7184260577004195e+23,0.0,-0.0,2.7184312818759872e+23,0.0,0.0,2.004,2.004,68,2.7184285797162108e+23,0.0,0.0,0.0,0.0,0.0,0.0,0.0,0.0,0,0,0,-7.036834497859303e+24,-0.0,-138509.797,0.0,-3.0131508679026934e+18,-0.0,-1.389559797861818e+37,0.0,-0.0,0.0,-0.0,0.638,-0.0,2705711360.0,0.0,0.0,0,1.3516416376850534e+27,68,0.0,136,0.0,98688.258,0,39322,17071,26215,17092,26215,17065,0,0,0,105,99,100,-0.0,50.8,0.0,61.45,-107615200.0,63.0,1,47,48,180,26215,26215,0,0,0.0,0.0,0.0,0.0,-0.0,66.0,0.0,0.038,0.0,727,0,697,0,0,0,878,0,982,0,847,0,632,0,613,0,509,0,589,0.032,95107755802624.0,2.004,-0.0,12944,16792,3.0739703589704655e+38,0.038,1154.003,-0.0,0.15,0.0,70.0,60.0,66,0.0,0.0,10.0,2.0,0.0,0.0,0.0,0.0,0.0,0.0,0.0,0.0,0.0,0.0,0.0,0.0,62.4,62,18,65518,45,65476,0,300,0,0,8,20529,65476,0,0,44564,60.0,0.0,10.0,10.0,2.0,0.0
2026-02-05T00:00:20,ERR,ERR,ERR,ERR,ERR,ERR,ERR,ERR,ERR,ERR,ERR,ERR,ERR,ERR,ERR,ERR,ERR,ERR,ERR,ERR,ERR,ERR,ERR,ERR,ERR,ERR,ERR,ERR,ERR,ERR,ERR,ERR,ERR,ERR,ERR,ERR,ERR,ERR,ERR,ERR,ERR,ERR,ERR,ERR,ERR,ERR,ERR,ERR,ERR,ERR,ERR,ERR,ERR,ERR,ERR,ERR,ERR,ERR,ERR,ERR,ERR,ERR,ERR,ERR,ERR,ERR,ERR,ERR,ERR,ERR,ERR,ERR,ERR,ERR,ERR,ERR,ERR,ERR,ERR,ERR,ERR,ERR,ERR,ERR,ERR,ERR,ERR,ERR,ERR,ERR,ERR,ERR,ERR,ERR,ERR,ERR,ERR,ERR,ERR,ERR,ERR,ERR,ERR,ERR,ERR,ERR,ERR,ERR,ERR,ERR,ERR,ERR,ERR,ERR,ERR,ERR,ERR,ERR,ERR,ERR,ERR,ERR,ERR,ERR,ERR,2.7184260577004195e+23,0.0,-109184352.0,0.0,0.0,0.0,-0.0,0.0,0,0,4,0,7670,-0.0,41,0.0,0.0,0.0,0.0,0.0,0,0,0,0,0.0,0,0,0,0,0,0,0,0,0,0,0,0,0,0,0,0,0,0,0,0,0,0,0,0,0,0,0,0,0,0,0,0,0,23,41,40,64,65476,0,300,0,0,8,21553,0.0,-107605600.0,0.0,0.0,0.0,0.0,0.0,0.0,0.0,0.0,0.0,0.0,0.0,0.0,0.0,0.0,0.0,0.0,0.0,0.0,0.0,2.004,2.004,-2.004,-0.0,-2.004,0.0,0.0,0.0,0.0,1695.75,3.6970977328898245e+19,0.0,2.7184260577004195e+23,0.0,-0.0,2.7184312818759872e+23,0.0,0.0,2.004,2.004,68,2.7184285797162108e+23,0.0,0.0,0.0,0.0,0.0,0.0,0.0,0.0,0,0,0,-7.036834497859303e+24,-0.0,-138509.797,0.0,-3.0131508679026934e+18,-0.0,-1.389559797861818e+37,0.0,-0.0,0.0,-0.0,0.638,-0.0,2705711360.0,0.0,0.0,0,1.3516416376850534e+27,68,0.0,136,0.0,98688.258,0,39322,17071,26215,17092,26215,17065,0,0,0,105,99,100,-0.0,50.8,0.0,61.45,-107615200.0,63.0,1,47,48,180,26215,26215,0,0,0.0,0.0,0.0,0.0,-0.0,66.0,0.0,0.038,0.0,727,0,697,0,0,0,878,0,982,0,847,0,632,0,613,0,509,0,589,0.032,95107755802624.0,2.004,-0.0,12944,16792,3.0739703589704655e+38,0.038,1154.003,-0.0,0.15,0.0,70.0,60.0,66,0.0,0.0,10.0,2.0,0.0,0.0,0.0,0.0,0.0,0.0,0.0,0.0,0.0,0.0,0.0,0.0,62.4,62,18,65518,45,65476,0,300,0,0,8,20529,65476,0,0,44564,60.0,0.0,10.0,10.0,2.0,0.0
2026-02-05T00:00:21,ERR,ERR,ERR,ERR,ERR,ERR,ERR,ERR,ERR,ERR,ERR,ERR,ERR,ERR,ERR,ERR,ERR,ERR,ERR,ERR,ERR,ERR,ERR,ERR,ERR,ERR,ERR,ERR,ERR,ERR,ERR,ERR,ERR,ERR,ERR,ERR,ERR,ERR,ERR,ERR,ERR,ERR,ERR,ERR,ERR,ERR,ERR,ERR,ERR,ERR,ERR,ERR,ERR,ERR,ERR,ERR,ERR,ERR,ERR,ERR,ERR,ERR,ERR,ERR,ERR,ERR,ERR,ERR,ERR,ERR,ERR,ERR,ERR,ERR,ERR,ERR,ERR,ERR,ERR,ERR,ERR,ERR,ERR,ERR,ERR,ERR,ERR,ERR,ERR,ERR,ERR,ERR,ERR,ERR,ERR,ERR,ERR,ERR,ERR,ERR,ERR,ERR,ERR,ERR,ERR,ERR,ERR,ERR,ERR,ERR,ERR,ERR,ERR,ERR,ERR,ERR,ERR,ERR,ERR,ERR,ERR,ERR,ERR,ERR,ERR,2.7184260577004195e+23,0.0,-109184352.0,0.0,0.0,0.0,-0.0,0.0,0,0,4,0,7670,-0.0,41,0.0,0.0,0.0,0.0,0.0,0,0,0,0,0.0,0,0,0,0,0,0,0,0,0,0,0,0,0,0,0,0,0,0,0,0,0,0,0,0,0,0,0,0,0,0,0,0,0,23,41,40,64,65476,0,300,0,0,8,21553,0.0,-107605600.0,0.0,0.0,0.0,0.0,0.0,0.0,0.0,0.0,0.0,0.0,0.0,0.0,0.0,0.0,0.0,0.0,0.0,0.0,0.0,2.004,2.004,-2.004,-0.0,-2.004,0.0,0.0,0.0,0.0,1695.75,3.6970977328898245e+19,0.0,2.7184260577004195e+23,0.0,-0.0,2.7184312818759872e+23,0.0,0.0,2.004,2.004,68,2.7184285797162108e+23,0.0,0.0,0.0,0.0,0.0,0.0,0.0,0.0,0,0,0,-7.036834497859303e+24,-0.0,-138509.797,0.0,-3.0131508679026934e+18,-0.0,-1.389559797861818e+37,0.0,-0.0,0.0,-0.0,0.638,-0.0,2705711360.0,0.0,0.0,0,1.3516416376850534e+27,68,0.0,136,0.0,98688.258,0,39322,17071,26215,17092,26215,17065,0,0,0,105,99,100,-0.0,50.8,0.0,61.45,-107615200.0,63.0,1,47,48,180,26215,26215,0,0,0.0,0.0,0.0,0.0,-0.0,66.0,0.0,0.038,0.0,727,0,697,0,0,0,878,0,982,0,847,0,632,0,613,0,509,0,589,0.032,95107755802624.0,2.004,-0.0,12944,16792,3.0739703589704655e+38,0.038,1154.003,-0.0,0.15,0.0,70.0,60.0,66,0.0,0.0,10.0,2.0,0.0,0.0,0.0,0.0,0.0,0.0,0.0,0.0,0.0,0.0,0.0,0.0,62.0,62,18,65518,45,65476,0,300,0,0,8,20529,65476,0,0,44564,60.0,0.0,10.0,10.0,2.0,0.0
2026-02-05T00:00:22,ERR,ERR,ERR,ERR,ERR,ERR,ERR,ERR,ERR,ERR,ERR,ERR,ERR,ERR,ERR,ERR,ERR,ERR,ERR,ERR,ERR,ERR,ERR,ERR,ERR,ERR,ERR,ERR,ERR,ERR,ERR,ERR,ERR,ERR,ERR,ERR,ERR,ERR,ERR,ERR,ERR,ERR,ERR,ERR,ERR,ERR,ERR,ERR,ERR,ERR,ERR,ERR,ERR,ERR,ERR,ERR,ERR,ERR,ERR,ERR,ERR,ERR,ERR,ERR,ERR,ERR,ERR,ERR,ERR,ERR,ERR,ERR,ERR,ERR,ERR,ERR,ERR,ERR,ERR,ERR,ERR,ERR,ERR,ERR,ERR,ERR,ERR,ERR,ERR,ERR,ERR,ERR,ERR,ERR,ERR,ERR,ERR,ERR,ERR,ERR,ERR,ERR,ERR,ERR,ERR,ERR,ERR,ERR,ERR,ERR,ERR,ERR,ERR,ERR,ERR,ERR,ERR,ERR,ERR,ERR,ERR,ERR,ERR,ERR,ERR,2.7184260577004195e+23,0.0,-109184352.0,0.0,0.0,-20.905,1.0900411657455895e+25,0.0,0,0,4,0,7670,-0.0,41,0.0,0.0,0.0,0.0,0.0,0,0,0,0,0.0,0,0,0,0,0,0,0,0,0,0,0,0,0,0,0,0,0,0,0,0,0,0,0,0,0,0,0,0,0,0,0,0,0,23,41,40,64,65476,0,300,0,0,8,21553,0.0,-107605600.0,0.0,0.0,0.0,0.0,0.0,0.0,0.0,0.0,0.0,0.0,0.0,0.0,0.0,0.0,0.0,0.0,0.0,0.0,0.0,2.004,2.004,-2.004,-0.0,-2.004,0.0,0.0,0.0,0.0,1688.75,0.0,0.0,2.7184260577004195e+23,0.0,-0.0,2.7184312818759872e+23,0.0,0.0,2.004,2.004,68,3.222025641206419e+26,89219.055,0.0,0.0,0.0,0.0,0.0,0.0,0.0,0,0,0,-3.3792678125912982e+34,-0.0,-31922048729088.0,0.0,0.0,-1.8561747712319108e+21,0.004,-0.0,-1.3263709319948134e+32,0.0,-0.0,0.638,-0.0,2722488576.0,0.0,2.6398191239764055e+32,0,1.3516416376850534e+27,68,0.0,136,0.0,98688.258,0,39322,17071,26215,17092,26215,17065,0,0,0,105,99,100,-0.0,50.8,0.0,61.45,-107615200.0,63.0,1,47,48,180,26215,26215,0,0,0.0,0.0,0.0,0.0,-0.0,66.0,0.0,0.038,0.0,727,0,697,0,0,0,878,0,982,0,847,0,632,0,613,0,509,0,589,0.032,95107755802624.0,2.004,-0.0,12944,16792,3.0739703589704655e+38,0.038,1154.003,-0.0,0.15,0.0,70.0,60.0,66,0.0,0.0,10.0,2.0,0.0,0.0,0.0,0.0,0.0,0.0,0.0,0.0,0.0,0.0,0.0,0.0,62.0,62,18,65518,45,65476,0,300,0,0,8,20529,65476,0,0,44564,60.0,0.0,10.0,10.0,2.0,0.0
2026-02-05T00:00:23,ERR,ERR,ERR,ERR,ERR,ERR,ERR,ERR,ERR,ERR,ERR,ERR,ERR,ERR,ERR,ERR,ERR,ERR,ERR,ERR,ERR,ERR,ERR,ERR,ERR,ERR,ERR,ERR,ERR,ERR,ERR,ERR,ERR,ERR,ERR,ERR,ERR,ERR,ERR,ERR,ERR,ERR,ERR,ERR,ERR,ERR,ERR,ERR,ERR,ERR,ERR,ERR,ERR,ERR,ERR,ERR,ERR,ERR,ERR,ERR,ERR,ERR,ERR,ERR,ERR,ERR,ERR,ERR,ERR,ERR,ERR,ERR,ERR,ERR,ERR,ERR,ERR,ERR,ERR,ERR,ERR,ERR,ERR,ERR,ERR,ERR,ERR,ERR,ERR,ERR,ERR,ERR,ERR,ERR,ERR,ERR,ERR,ERR,ERR,ERR,ERR,ERR,ERR,ERR,ERR,ERR,ERR,ERR,ERR,ERR,ERR,ERR,ERR,ERR,ERR,ERR,ERR,ERR,ERR,ERR,ERR,ERR,ERR,ERR,ERR,2.7184260577004195e+23,0.0,-109184352.0,0.0,0.0,-20.905,1.0900411657455895e+25,0.0,0,0,4,0,7670,-0.0,41,0.0,0.0,0.0,0.0,0.0,0,0,0,0,0.0,0,0,0,0,0,0,0,0,0,0,0,0,0,0,0,0,0,0,0,0,0,0,0,0,0,0,0,0,0,0,0,0,0,23,41,40,64,65476,0,300,0,0,8,21553,0.0,-107605600.0,0.0,0.0,0.0,0.0,0.0,0.0,0.0,0.0,0.0,0.0,0.0,0.0,0.0,0.0,0.0,0.0,0.0,0.0,0.0,2.004,2.004,-2.004,-0.0,-2.004,0.0,0.0,0.0,0.0,1688.75,0.0,0.0,2.7184260577004195e+23,0.0,-0.0,2.7184312818759872e+23,0.0,0.0,2.004,2.004,68,3.222025641206419e+26,89219.055,0.0,0.0,0.0,0.0,0.0,0.0,0.0,0,0,0,-3.3792678125912982e+34,-0.0,-31922048729088.0,0.0,0.0,-1.8561747712319108e+21,0.004,-0.0,-1.3263709319948134e+32,0.0,-0.0,0.638,-0.0,2722488576.0,0.0,2.6398191239764055e+32,0,1.3516416376850534e+27,68,0.0,136,0.0,98688.258,0,52429,17071,26215,17092,26215,17065,0,0,0,105,99,100,-0.0,50.8,0.0,61.45,-107615200.0,63.0,1,47,48,180,26215,26215,0,0,0.0,0.0,0.0,0.0,-0.0,66.0,0.0,0.0,0.0,727,0,697,0,0,0,878,0,982,0,847,0,632,0,613,0,509,0,589,0.032,95657511616512.0,2.004,-0.0,22032,16792,1.4624414557618154e+34,0.002,0.0,-0.0,0.0,0.0,70.0,60.0,66,0.0,0.0,10.0,2.0,0.0,0.0,0.0,0.0,0.0,0.0,0.0,0.0,0.0,0.0,0.0,0.0,62.0,62,18,65518,45,65476,0,300,0,0,8,20529,65476,0,0,44564,60.0,0.0,10.0,10.0,2.0,0.0
2026-02-05T00:00:24,ERR,ERR,ERR,ERR,ERR,ERR,ERR,ERR,ERR,ERR,ERR,ERR,ERR,ERR,ERR,ERR,ERR,ERR,ERR,ERR,ERR,ERR,ERR,ERR,ERR,ERR,ERR,ERR,ERR,ERR,ERR,ERR,ERR,ERR,ERR,ERR,ERR,ERR,ERR,ERR,ERR,ERR,ERR,ERR,ERR,ERR,ERR,ERR,ERR,ERR,ERR,ERR,ERR,ERR,ERR,ERR,ERR,ERR,ERR,ERR,ERR,ERR,ERR,ERR,ERR,ERR,ERR,ERR,ERR,ERR,ERR,ERR,ERR,ERR,ERR,ERR,ERR,ERR,ERR,ERR,ERR,ERR,ERR,ERR,ERR,ERR,ERR,ERR,ERR,ERR,ERR,ERR,ERR,ERR,ERR,ERR,ERR,ERR,ERR,ERR,ERR,ERR,ERR,ERR,ERR,ERR,ERR,ERR,ERR,ERR,ERR,ERR,ERR,ERR,ERR,ERR,ERR,ERR,ERR,ERR,ERR,ERR,ERR,ERR,ERR,2.7184260577004195e+23,0.0,-109184352.0,0.0,0.0,-20.905,1.0900411657455895e+25,0.0,0,0,4,0,7670,-0.0,41,0.0,0.0,0.0,0.0,0.0,0,0,0,0,0.0,0,0,0,0,0,0,0,0,0,0,0,0,0,0,0,0,0,0,0,0,0,0,0,0,0,0,0,0,0,0,0,0,0,23,41,40,64,65476,0,300,0,0,8,21553,0.0,-107605600.0,0.0,0.0,0.0,0.0,0.0,0.0,0.0,0.0,0.0,0.0,0.0,0.0,0.0,0.0,0.0,0.0,0.0,0.0,0.0,2.004,2.004,-2.004,-0.0,-2.004,0.0,0.0,0.0,0.0,1688.75,0.0,0.0,2.7184260577004195e+23,0.0,-0.0,2.7184312818759872e+23,0.0,0.0,2.004,2.004,68,3.222025641206419e+26,89219.055,0.0,0.0,0.0,0.0,0.0,0.0,0.0,0,0,0,-3.3792678125912982e+34,-0.0,-31922048729088.0,0.0,0.0,-1.8561747712319108e+21,0.004,-0.0,-1.3263709319948134e+32,0.0,-0.0,0.638,-0.0,2722488576.0,0.0,2.6398191239764055e+32,0,1.3516416376850534e+27,68,0.0,136,0.0,98688.258,0,52429,17071,26215,17092,26215,17065,0,0,0,105,99,100,-0.0,50.8,0.0,61.45,-107615200.0,63.0,1,47,48,180,26215,26215,0,0,0.0,0.0,0.0,0.0,-0.0,66.0,0.0,0.0,0.0,727,0,697,0,0,0,878,0,982,0,847,0,632,0,613,0,509,0,589,0.032,95657511616512.0,2.004,-0.0,22032,16792,1.4624414557618154e+34,0.002,0.0,-0.0,0.0,0.0,70.0,60.0,66,0.0,0.0,10.0,2.0,0.0,0.0,0.0,0.0,0.0,0.0,0.0,0.0,0.0,0.0,0.0,0.0,62.0,62,18,65518,45,65476,0,300,0,0,8,20529,65476,0,0,44564,60.0,0.0,10.0,10.0,2.0,0.0
2026-02-05T00:00:25,ERR,ERR,ERR,ERR,ERR,ERR,ERR,ERR,ERR,ERR,ERR,ERR,ERR,ERR,ERR,ERR,ERR,ERR,ERR,ERR,ERR,ERR,ERR,ERR,ERR,ERR,ERR,ERR,ERR,ERR,ERR,ERR,ERR,ERR,ERR,ERR,ERR,ERR,ERR,ERR,ERR,ERR,ERR,ERR,ERR,ERR,ERR,ERR,ERR,ERR,ERR,ERR,ERR,ERR,ERR,ERR,ERR,ERR,ERR,ERR,ERR,ERR,ERR,ERR,ERR,ERR,ERR,ERR,ERR,ERR,ERR,ERR,ERR,ERR,ERR,ERR,ERR,ERR,ERR,ERR,ERR,ERR,ERR,ERR,ERR,ERR,ERR,ERR,ERR,ERR,ERR,ERR,ERR,ERR,ERR,ERR,ERR,ERR,ERR,ERR,ERR,ERR,ERR,ERR,ERR,ERR,ERR,ERR,ERR,ERR,ERR,ERR,ERR,ERR,ERR,ERR,ERR,ERR,ERR,ERR,ERR,ERR,ERR,ERR,ERR,2.7184260577004195e+23,0.0,-109184352.0,0.0,0.0,-20.905,1.0900411657455895e+25,0.0,0,0,4,0,7670,-0.0,41,0.0,0.0,0.0,0.0,0.0,0,0,0,0,0.0,0,0,0,0,0,0,0,0,0,0,0,0,0,0,0,0,0,0,0,0,0,0,0,0,0,0,0,0,0,0,0,0,0,23,41,40,64,65476,0,300,0,0,8,21553,0.0,-107605600.0,0.0,0.0,0.0,0.0,0.0,0.0,0.0,0.0,0.0,0.0,0.0,0.0,0.0,0.0,0.0,0.0,0.0,0.0,0.0,2.004,2.004,-2.004,-0.0,-2.004,0.0,0.0,0.0,0.0,1688.75,0.0,0.0,2.7184260577004195e+23,0.0,-0.0,2.7184312818759872e+23,0.0,0.0,2.004,2.004,68,3.222025641206419e+26,89219.055,0.0,0.0,0.0,0.0,0.0,0.0,0.0,0,0,0,-3.3792678125912982e+34,-0.0,-31922048729088.0,0.0,0.0,-1.8561747712319108e+21,0.004,-0.0,-1.3263709319948134e+32,0.0,-0.0,0.638,-0.0,2722488576.0,0.0,2.6398191239764055e+32,0,1.3516416376850534e+27,68,0.0,136,0.0,98688.258,0,52429,17071,26215,17092,26215,17065,0,0,0,105,99,100,-0.0,50.8,0.0,61.45,-107615200.0,63.0,1,47,48,180,26215,26215,0,0,0.0,0.0,0.0,0.0,-0.0,66.0,0.0,0.0,0.0,727,0,697,0,0,0,878,0,982,0,847,0,632,0,613,0,509,0,589,0.032,95657511616512.0,2.004,-0.0,22032,16792,1.4624414557618154e+34,0.002,0.0,-0.0,0.0,0.0,70.0,60.0,66,0.0,0.0,10.0,2.0,0.0,0.0,0.0,0.0,0.0,0.0,0.0,0.0,0.0,0.0,0.0,0.0,62.0,62,18,65518,45,65476,0,300,0,0,8,20529,65476,0,0,44564,60.0,0.0,10.0,10.0,2.0,0.0
2026-02-05T00:00:26,ERR,ERR,ERR,ERR,ERR,ERR,ERR,ERR,ERR,ERR,ERR,ERR,ERR,ERR,ERR,ERR,ERR,ERR,ERR,ERR,ERR,ERR,ERR,ERR,ERR,ERR,ERR,ERR,ERR,ERR,ERR,ERR,ERR,ERR,ERR,ERR,ERR,ERR,ERR,ERR,ERR,ERR,ERR,ERR,ERR,ERR,ERR,ERR,ERR,ERR,ERR,ERR,ERR,ERR,ERR,ERR,ERR,ERR,ERR,ERR,ERR,ERR,ERR,ERR,ERR,ERR,ERR,ERR,ERR,ERR,ERR,ERR,ERR,ERR,ERR,ERR,ERR,ERR,ERR,ERR,ERR,ERR,ERR,ERR,ERR,ERR,ERR,ERR,ERR,ERR,ERR,ERR,ERR,ERR,ERR,ERR,ERR,ERR,ERR,ERR,ERR,ERR,ERR,ERR,ERR,ERR,ERR,ERR,ERR,ERR,ERR,ERR,ERR,ERR,ERR,ERR,ERR,ERR,ERR,ERR,ERR,ERR,ERR,ERR,ERR,2.7184260577004195e+23,0.0,-109184352.0,0.0,0.0,-20.905,1.0900411657455895e+25,0.0,0,0,4,0,7670,-0.0,41,0.0,0.0,0.0,0.0,0.0,0,0,0,0,0.0,0,0,0,0,0,0,0,0,0,0,0,0,0,0,0,0,0,0,0,0,0,0,0,0,0,0,0,0,0,0,0,0,0,23,41,40,64,65476,0,300,0,0,8,21553,0.0,-107605600.0,0.0,0.0,0.0,0.0,0.0,0.0,0.0,0.0,0.0,0.0,0.0,0.0,0.0,0.0,0.0,0.0,0.0,0.0,0.0,2.004,2.004,-2.004,-0.0,-2.004,0.0,0.0,0.0,0.0,1688.75,0.0,0.0,2.7184260577004195e+23,0.0,-0.0,2.7184312818759872e+23,0.0,0.0,2.004,2.004,68,3.222025641206419e+26,89219.055,0.0,0.0,0.0,0.0,0.0,0.0,0.0,0,0,0,-3.3792678125912982e+34,-0.0,-31922048729088.0,0.0,0.0,-1.8561747712319108e+21,0.004,-0.0,-1.3263709319948134e+32,0.0,-0.0,0.638,-0.0,2722488576.0,0.0,2.6398191239764055e+32,0,1.3516416376850534e+27,68,0.0,136,0.0,98688.258,0,52429,17071,26215,17092,26215,17065,0,0,0,105,99,100,-0.0,50.8,0.0,61.45,-107615200.0,63.0,1,47,48,180,26215,26215,0,0,0.0,0.0,0.0,0.0,-0.0,66.0,0.0,0.0,0.0,727,0,697,0,0,0,878,0,982,0,847,0,632,0,613,0,509,0,589,0.032,95657511616512.0,2.004,-0.0,22032,16792,1.4624414557618154e+34,0.002,0.0,-0.0,0.0,0.0,70.0,60.0,66,0.0,0.0,10.0,2.0,0.0,0.0,0.0,0.0,0.0,0.0,0.0,0.0,0.0,0.0,0.0,0.0,62.0,62,18,65518,45,65476,0,300,0,0,8,20529,65476,0,0,44564,60.0,0.0,10.0,10.0,2.0,0.0
2026-02-05T00:00:27,ERR,ERR,ERR,ERR,ERR,ERR,ERR,ERR,ERR,ERR,ERR,ERR,ERR,ERR,ERR,ERR,ERR,ERR,ERR,ERR,ERR,ERR,ERR,ERR,ERR,ERR,ERR,ERR,ERR,ERR,ERR,ERR,ERR,ERR,ERR,ERR,ERR,ERR,ERR,ERR,ERR,ERR,ERR,ERR,ERR,ERR,ERR,ERR,ERR,ERR,ERR,ERR,ERR,ERR,ERR,ERR,ERR,ERR,ERR,ERR,ERR,ERR,ERR,ERR,ERR,ERR,ERR,ERR,ERR,ERR,ERR,ERR,ERR,ERR,ERR,ERR,ERR,ERR,ERR,ERR,ERR,ERR,ERR,ERR,ERR,ERR,ERR,ERR,ERR,ERR,ERR,ERR,ERR,ERR,ERR,ERR,ERR,ERR,ERR,ERR,ERR,ERR,ERR,ERR,ERR,ERR,ERR,ERR,ERR,ERR,ERR,ERR,ERR,ERR,ERR,ERR,ERR,ERR,ERR,ERR,ERR,ERR,ERR,ERR,ERR,2.7184260577004195e+23,0.0,-109184352.0,0.0,0.0,-20.905,1.0900411657455895e+25,0.0,0,0,4,0,7670,-0.0,41,0.0,0.0,0.0,0.0,0.0,0,0,0,0,0.0,0,0,0,0,0,0,0,0,0,0,0,0,0,0,0,0,0,0,0,0,0,0,0,0,0,0,0,0,0,0,0,0,0,23,41,40,64,65476,0,300,0,0,8,21553,0.0,-107605600.0,0.0,0.0,0.0,0.0,0.0,0.0,0.0,0.0,0.0,0.0,0.0,0.0,0.0,0.0,0.0,0.0,0.0,0.0,0.0,2.004,2.004,-2.004,-0.0,-2.004,0.0,0.0,0.0,0.0,1688.75,0.0,0.0,2.7184260577004195e+23,0.0,-0.0,2.7184312818759872e+23,0.0,0.0,2.004,2.004,68,3.222025641206419e+26,89219.055,0.0,0.0,0.0,0.0,0.0,0.0,0.0,0,0,0,-3.3792678125912982e+34,-0.0,-31922048729088.0,0.0,0.0,-1.8561747712319108e+21,0.004,-0.0,-1.3263709319948134e+32,0.0,-0.0,0.638,-0.0,2722488576.0,0.0,2.6398191239764055e+32,0,1.3516416376850534e+27,68,0.0,136,0.0,98688.258,0,52429,17071,26215,17092,26215,17065,0,0,0,105,99,100,-0.0,50.8,0.0,61.45,-107615200.0,63.0,1,47,48,180,26215,26215,0,0,0.0,0.0,0.0,0.0,-0.0,66.0,0.0,0.0,0.0,727,0,697,0,0,0,878,0,982,0,847,0,632,0,613,0,509,0,589,0.032,95657511616512.0,2.004,-0.0,22032,16792,1.4624414557618154e+34,0.002,0.0,-0.0,0.0,0.0,70.0,60.0,66,0.0,0.0,10.0,2.0,0.0,0.0,0.0,0.0,0.0,0.0,0.0,0.0,0.0,0.0,0.0,0.0,62.0,62,18,65518,45,65476,0,300,0,0,8,20529,65476,0,0,44564,60.0,0.0,10.0,10.0,2.0,0.0
2026-02-05T00:00:28,ERR,ERR,ERR,ERR,ERR,ERR,ERR,ERR,ERR,ERR,ERR,ERR,ERR,ERR,ERR,ERR,ERR,ERR,ERR,ERR,ERR,ERR,ERR,ERR,ERR,ERR,ERR,ERR,ERR,ERR,ERR,ERR,ERR,ERR,ERR,ERR,ERR,ERR,ERR,ERR,ERR,ERR,ERR,ERR,ERR,ERR,ERR,ERR,ERR,ERR,ERR,ERR,ERR,ERR,ERR,ERR,ERR,ERR,ERR,ERR,ERR,ERR,ERR,ERR,ERR,ERR,ERR,ERR,ERR,ERR,ERR,ERR,ERR,ERR,ERR,ERR,ERR,ERR,ERR,ERR,ERR,ERR,ERR,ERR,ERR,ERR,ERR,ERR,ERR,ERR,ERR,ERR,ERR,ERR,ERR,ERR,ERR,ERR,ERR,ERR,ERR,ERR,ERR,ERR,ERR,ERR,ERR,ERR,ERR,ERR,ERR,ERR,ERR,ERR,ERR,ERR,ERR,ERR,ERR,ERR,ERR,ERR,ERR,ERR,ERR,2.7184260577004195e+23,0.0,-109184352.0,0.0,0.0,-0.0,nan,0.0,0,0,4,0,7670,-0.0,41,0.0,0.0,0.0,0.0,0.0,0,0,0,0,0.0,0,0,0,0,0,0,0,0,0,0,0,0,0,0,0,0,0,0,0,0,0,0,0,0,0,0,0,0,0,0,0,0,0,23,41,40,64,65476,0,300,0,0,8,21553,0.0,-107605600.0,0.0,0.0,0.0,0.0,0.0,0.0,0.0,0.0,0.0,0.0,0.0,0.0,0.0,0.0,0.0,0.0,0.0,0.0,0.0,2.004,2.004,-2.004,-0.0,-2.004,0.0,0.0,0.0,0.0,1687.5,2.004,0.0,2.7184260577004195e+23,0.0,-0.0,2.7184312818759872e+23,0.0,0.0,2.004,2.004,68,1.9056965742860698e+17,0.059,0.0,0.0,0.0,0.0,0.0,0.0,0.0,0,0,0,0.0,0.0,-195853.797,1603061109751808.0,-1.237933117913103e+38,-0.0,0.0,-0.0,0.0,0.0,-0.0,0.642,-0.0,2756043008.0,0.0,0.0,0,1.3516416376850534e+27,68,0.0,136,0.0,98688.258,0,39322,17071,26215,17092,26215,17065,0,0,0,105,99,100,-0.0,50.8,0.0,61.45,-107615200.0,63.0,1,47,48,180,26215,26215,0,0,0.0,0.0,0.0,0.0,-0.0,66.0,0.0,-8.249849423982395e+30,0.0,727,0,697,0,0,0,878,0,982,0,847,0,632,0,613,0,509,0,589,0.032,95107755802624.0,2.004,-0.0,28048,16792,-0.0,-1.8434124729875703e+28,0.0,-6360.13,0.0,0.0,70.0,60.0,66,0.0,0.0,10.0,2.0,0.0,0.0,0.0,0.0,0.0,0.0,0.0,0.0,0.0,0.0,0.0,0.0,62.0,62,18,65518,45,65476,0,300,0,0,8,20529,65476,0,0,44564,60.0,0.0,10.0,10.0,2.0,0.0
2026-02-05T00:00:29,ERR,ERR,ERR,ERR,ERR,ERR,ERR,ERR,ERR,ERR,ERR,ERR,ERR,ERR,ERR,ERR,ERR,ERR,ERR,ERR,ERR,ERR,ERR,ERR,ERR,ERR,ERR,ERR,ERR,ERR,ERR,ERR,ERR,ERR,ERR,ERR,ERR,ERR,ERR,ERR,ERR,ERR,ERR,ERR,ERR,ERR,ERR,ERR,ERR,ERR,ERR,ERR,ERR,ERR,ERR,ERR,ERR,ERR,ERR,ERR,ERR,ERR,ERR,ERR,ERR,ERR,ERR,ERR,ERR,ERR,ERR,ERR,ERR,ERR,ERR,ERR,ERR,ERR,ERR,ERR,ERR,ERR,ERR,ERR,ERR,ERR,ERR,ERR,ERR,ERR,ERR,ERR,ERR,ERR,ERR,ERR,ERR,ERR,ERR,ERR,ERR,ERR,ERR,ERR,ERR,ERR,ERR,ERR,ERR,ERR,ERR,ERR,ERR,ERR,ERR,ERR,ERR,ERR,ERR,ERR,ERR,ERR,ERR,ERR,ERR,2.7184260577004195e+23,0.0,-109184352.0,0.0,0.0,-0.0,nan,0.0,0,0,4,0,7670,-0.0,41,0.0,0.0,0.0,0.0,0.0,0,0,0,0,0.0,0,0,0,0,0,0,0,0,0,0,0,0,0,0,0,0,0,0,0,0,0,0,0,0,0,0,0,0,0,0,0,0,0,23,41,40,64,65476,0,300,0,0,8,21553,0.0,-107605600.0,0.0,0.0,0.0,0.0,0.0,0.0,0.0,0.0,0.0,0.0,0.0,0.0,0.0,0.0,0.0,0.0,0.0,0.0,0.0,2.004,2.004,-2.004,-0.0,-2.004,0.0,0.0,0.0,0.0,1687.5,2.004,0.0,2.7184260577004195e+23,0.0,-0.0,2.7184312818759872e+23,0.0,0.0,2.004,2.004,68,1.9056965742860698e+17,0.059,0.0,0.0,0.0,0.0,0.0,0.0,0.0,0,0,0,0.0,0.0,-195853.797,1603061109751808.0,-1.237933117913103e+38,-0.0,0.0,-0.0,0.0,0.0,-0.0,0.642,-0.0,2756043008.0,0.0,0.0,0,1.3516416376850534e+27,68,0.0,136,0.0,98688.258,0,39322,17071,26215,17092,26215,17065,0,0,0,105,99,100,-0.0,50.8,0.0,61.45,-107615200.0,63.0,1,47,48,180,26215,26215,0,0,0.0,0.0,0.0,0.0,-0.0,66.0,0.0,-8.249849423982395e+30,0.0,727,0,697,0,0,0,878,0,982,0,847,0,632,0,613,0,509,0,589,0.032,95107755802624.0,2.004,-0.0,28048,16792,-0.0,-1.8434124729875703e+28,0.0,-6360.13,0.0,0.0,70.0,60.0,66,0.0,0.0,10.0,2.0,0.0,0.0,0.0,0.0,0.0,0.0,0.0,0.0,0.0,0.0,0.0,0.0,62.0,62,18,65518,45,65476,0,300,0,0,8,20529,65476,0,0,44564,60.0,0.0,10.0,10.0,2.0,0.0
2026-02-05T00:00:30,ERR,ERR,ERR,ERR,ERR,ERR,ERR,ERR,ERR,ERR,ERR,ERR,ERR,ERR,ERR,ERR,ERR,ERR,ERR,ERR,ERR,ERR,ERR,ERR,ERR,ERR,ERR,ERR,ERR,ERR,ERR,ERR,ERR,ERR,ERR,ERR,ERR,ERR,ERR,ERR,ERR,ERR,ERR,ERR,ERR,ERR,ERR,ERR,ERR,ERR,ERR,ERR,ERR,ERR,ERR,ERR,ERR,ERR,ERR,ERR,ERR,ERR,ERR,ERR,ERR,ERR,ERR,ERR,ERR,ERR,ERR,ERR,ERR,ERR,ERR,ERR,ERR,ERR,ERR,ERR,ERR,ERR,ERR,ERR,ERR,ERR,ERR,ERR,ERR,ERR,ERR,ERR,ERR,ERR,ERR,ERR,ERR,ERR,ERR,ERR,ERR,ERR,ERR,ERR,ERR,ERR,ERR,ERR,ERR,ERR,ERR,ERR,ERR,ERR,ERR,ERR,ERR,ERR,ERR,ERR,ERR,ERR,ERR,ERR,ERR,2.7184260577004195e+23,0.0,-109184352.0,0.0,0.0,-0.0,nan,0.0,0,0,4,0,7670,-0.0,41,0.0,0.0,0.0,0.0,0.0,0,0,0,0,0.0,0,0,0,0,0,0,0,0,0,0,0,0,0,0,0,0,0,0,0,0,0,0,0,0,0,0,0,0,0,0,0,0,0,23,41,40,64,65476,0,300,0,0,8,21553,0.0,-107605600.0,0.0,0.0,0.0,0.0,0.0,0.0,0.0,0.0,0.0,0.0,0.0,0.0,0.0,0.0,0.0,0.0,0.0,0.0,0.0,2.004,2.004,-2.004,-0.0,-2.004,0.0,0.0,0.0,0.0,1687.5,2.004,0.0,2.7184260577004195e+23,0.0,-0.0,2.7184312818759872e+23,0.0,0.0,2.004,2.004,68,1.9056965742860698e+17,0.059,0.0,0.0,0.0,0.0,0.0,0.0,0.0,0,0,0,0.0,0.0,-195853.797,1603061109751808.0,-1.237933117913103e+38,-0.0,0.0,-0.0,0.0,0.0,-0.0,0.642,-0.0,2756043008.0,0.0,0.0,0,1.3516416376850534e+27,68,0.0,136,0.0,98688.258,0,39322,17071,26215,17092,26215,17065,0,0,0,105,99,100,-0.0,50.8,0.0,61.45,-107615200.0,63.0,1,47,48,180,26215,26215,0,0,0.0,0.0,0.0,0.0,-0.0,66.0,0.0,-8.249849423982395e+30,0.0,727,0,697,0,0,0,878,0,982,0,847,0,632,0,613,0,509,0,589,0.032,95107755802624.0,2.004,-0.0,28048,16792,-0.0,-1.8434124729875703e+28,0.0,-6360.13,0.0,0.0,70.0,60.0,66,0.0,0.0,10.0,2.0,0.0,0.0,0.0,0.0,0.0,0.0,0.0,0.0,0.0,0.0,0.0,0.0,62.0,62,18,65518,45,65476,0,300,0,0,8,20529,65476,0,0,44564,60.0,0.0,10.0,10.0,2.0,0.0
2026-02-05T00:00:31,ERR,ERR,ERR,ERR,ERR,ERR,ERR,ERR,ERR,ERR,ERR,ERR,ERR,ERR,ERR,ERR,ERR,ERR,ERR,ERR,ERR,ERR,ERR,ERR,ERR,ERR,ERR,ERR,ERR,ERR,ERR,ERR,ERR,ERR,ERR,ERR,ERR,ERR,ERR,ERR,ERR,ERR,ERR,ERR,ERR,ERR,ERR,ERR,ERR,ERR,ERR,ERR,ERR,ERR,ERR,ERR,ERR,ERR,ERR,ERR,ERR,ERR,ERR,ERR,ERR,ERR,ERR,ERR,ERR,ERR,ERR,ERR,ERR,ERR,ERR,ERR,ERR,ERR,ERR,ERR,ERR,ERR,ERR,ERR,ERR,ERR,ERR,ERR,ERR,ERR,ERR,ERR,ERR,ERR,ERR,ERR,ERR,ERR,ERR,ERR,ERR,ERR,ERR,ERR,ERR,ERR,ERR,ERR,ERR,ERR,ERR,ERR,ERR,ERR,ERR,ERR,ERR,ERR,ERR,ERR,ERR,ERR,ERR,ERR,ERR,2.7184260577004195e+23,0.0,-109184352.0,0.0,0.0,-0.0,nan,0.0,0,0,4,0,7670,-0.0,41,0.0,0.0,0.0,0.0,0.0,0,0,0,0,0.0,0,0,0,0,0,0,0,0,0,0,0,0,0,0,0,0,0,0,0,0,0,0,0,0,0,0,0,0,0,0,0,0,0,23,41,40,64,65476,0,300,0,0,8,21553,0.0,-107605600.0,0.0,0.0,0.0,0.0,0.0,0.0,0.0,0.0,0.0,0.0,0.0,0.0,0.0,0.0,0.0,0.0,0.0,0.0,0.0,2.004,2.004,-2.004,-0.0,-2.004,0.0,0.0,0.0,0.0,1687.5,2.004,0.0,2.7184260577004195e+23,0.0,-0.0,2.7184312818759872e+23,0.0,0.0,2.004,2.004,68,1.9056965742860698e+17,0.059,0.0,0.0,0.0,0.0,0.0,0.0,0.0,0,0,0,0.0,0.0,-195853.797,1603061109751808.0,-1.237933117913103e+38,-0.0,0.0,-0.0,0.0,0.0,-0.0,0.642,-0.0,2756043008.0,0.0,0.0,0,1.3516416376850534e+27,68,0.0,136,0.0,98688.258,0,39322,17071,26215,17092,26215,17065,0,0,0,105,99,100,-0.0,50.8,0.0,61.45,-107615200.0,63.0,1,47,48,180,26215,26215,0,0,0.0,0.0,0.0,0.0,-0.0,66.0,0.0,-8.249849423982395e+30,0.0,727,0,697,0,0,0,878,0,982,0,847,0,632,0,613,0,509,0,589,0.032,95107755802624.0,2.004,-0.0,28048,16792,-0.0,-1.8434124729875703e+28,0.0,-6360.13,0.0,0.0,70.0,60.0,66,0.0,0.0,10.0,2.0,0.0,0.0,0.0,0.0,0.0,0.0,0.0,0.0,0.0,0.0,0.0,0.0,62.0,62,18,65518,45,65476,0,300,0,0,8,20529,65476,0,0,44564,60.0,0.0,10.0,10.0,2.0,0.0
2026-02-05T00:00:32,ERR,ERR,ERR,ERR,ERR,ERR,ERR,ERR,ERR,ERR,ERR,ERR,ERR,ERR,ERR,ERR,ERR,ERR,ERR,ERR,ERR,ERR,ERR,ERR,ERR,ERR,ERR,ERR,ERR,ERR,ERR,ERR,ERR,ERR,ERR,ERR,ERR,ERR,ERR,ERR,ERR,ERR,ERR,ERR,ERR,ERR,ERR,ERR,ERR,ERR,ERR,ERR,ERR,ERR,ERR,ERR,ERR,ERR,ERR,ERR,ERR,ERR,ERR,ERR,ERR,ERR,ERR,ERR,ERR,ERR,ERR,ERR,ERR,ERR,ERR,ERR,ERR,ERR,ERR,ERR,ERR,ERR,ERR,ERR,ERR,ERR,ERR,ERR,ERR,ERR,ERR,ERR,ERR,ERR,ERR,ERR,ERR,ERR,ERR,ERR,ERR,ERR,ERR,ERR,ERR,ERR,ERR,ERR,ERR,ERR,ERR,ERR,ERR,ERR,ERR,ERR,ERR,ERR,ERR,ERR,ERR,ERR,ERR,ERR,ERR,2.7184260577004195e+23,0.0,-109184352.0,0.0,0.0,-0.0,nan,0.0,0,0,4,0,7670,-0.0,41,0.0,0.0,0.0,0.0,0.0,0,0,0,0,0.0,0,0,0,0,0,0,0,0,0,0,0,0,0,0,0,0,0,0,0,0,0,0,0,0,0,0,0,0,0,0,0,0,0,23,41,40,64,65476,0,300,0,0,8,21553,0.0,-107605600.0,0.0,0.0,0.0,0.0,0.0,0.0,0.0,0.0,0.0,0.0,0.0,0.0,0.0,0.0,0.0,0.0,0.0,0.0,0.0,2.004,2.004,-2.004,-0.0,-2.004,0.0,0.0,0.0,0.0,1687.5,2.004,0.0,2.7184260577004195e+23,0.0,-0.0,2.7184312818759872e+23,0.0,0.0,2.004,2.004,68,1.9056965742860698e+17,0.059,0.0,0.0,0.0,0.0,0.0,0.0,0.0,0,0,0,0.0,0.0,-195853.797,1603061109751808.0,-1.237933117913103e+38,-0.0,0.0,-0.0,0.0,0.0,-0.0,0.642,-0.0,2756043008.0,0.0,0.0,0,1.3516416376850534e+27,68,0.0,136,0.0,98688.258,0,39322,17071,26215,17092,26215,17065,0,0,0,105,99,100,-0.0,50.8,0.0,61.45,-107615200.0,63.0,1,47,48,180,26215,26215,0,0,0.0,0.0,0.0,0.0,-0.0,66.0,0.0,1.4185951516649109e+22,0.0,727,0,697,0,0,0,879,0,982,0,847,0,632,0,613,0,509,0,588,0.032,95107755802624.0,0.0,0.0,11664,16792,3.170673826584477e+35,1.4185951516649109e+22,109656072192.0,-0.0,240392240.0,115998680.0,70.0,60.0,66,0.0,0.0,10.0,2.0,0.0,0.0,0.0,0.0,0.0,0.0,0.0,0.0,0.0,0.0,0.0,0.0,62.0,62,18,65518,45,65476,0,300,0,0,8,20529,65476,0,0,44564,60.0,0.0,10.0,10.0,2.0,0.0
2026-02-05T00:00:33,ERR,ERR,ERR,ERR,ERR,ERR,ERR,ERR,ERR,ERR,ERR,ERR,ERR,ERR,ERR,ERR,ERR,ERR,ERR,ERR,ERR,ERR,ERR,ERR,ERR,ERR,ERR,ERR,ERR,ERR,ERR,ERR,ERR,ERR,ERR,ERR,ERR,ERR,ERR,ERR,ERR,ERR,ERR,ERR,ERR,ERR,ERR,ERR,ERR,ERR,ERR,ERR,ERR,ERR,ERR,ERR,ERR,ERR,ERR,ERR,ERR,ERR,ERR,ERR,ERR,ERR,ERR,ERR,ERR,ERR,ERR,ERR,ERR,ERR,ERR,ERR,ERR,ERR,ERR,ERR,ERR,ERR,ERR,ERR,ERR,ERR,ERR,ERR,ERR,ERR,ERR,ERR,ERR,ERR,ERR,ERR,ERR,ERR,ERR,ERR,ERR,ERR,ERR,ERR,ERR,ERR,ERR,ERR,ERR,ERR,ERR,ERR,ERR,ERR,ERR,ERR,ERR,ERR,ERR,ERR,ERR,ERR,ERR,ERR,ERR,2.7184260577004195e+23,0.0,-109184352.0,0.0,0.0,-0.0,nan,0.0,0,0,4,0,7670,-0.0,41,0.0,0.0,0.0,0.0,0.0,0,0,0,0,0.0,0,0,0,0,0,0,0,0,0,0,0,0,0,0,0,0,0,0,0,0,0,0,0,0,0,0,0,0,0,0,0,0,0,23,41,40,64,65476,0,300,0,0,8,21553,0.0,-107605600.0,0.0,0.0,0.0,0.0,0.0,0.0,0.0,0.0,0.0,0.0,0.0,0.0,0.0,0.0,0.0,0.0,0.0,0.0,0.0,2.004,2.004,-2.004,-0.0,-2.004,0.0,0.0,0.0,0.0,1687.5,2.004,0.0,2.7184260577004195e+23,0.0,-0.0,2.7184312818759872e+23,0.0,0.0,2.004,2.004,68,1.9056965742860698e+17,0.059,0.0,0.0,0.0,0.0,0.0,0.0,0.0,0,0,0,0.0,0.0,-195853.797,1603061109751808.0,-1.237933117913103e+38,-0.0,0.0,-0.0,0.0,0.0,-0.0,0.642,-0.0,2756043008.0,0.0,0.0,0,1.3516416376850534e+27,68,0.0,136,0.0,98688.258,0,39322,17071,26215,17092,26215,17065,0,0,0,105,99,100,-0.0,50.8,0.0,61.45,-107615200.0,63.0,1,47,48,180,26215,26215,0,0,0.0,0.0,0.0,0.0,-0.0,66.0,0.0,1.4185951516649109e+22,0.0,727,0,697,0,0,0,879,0,982,0,847,0,632,0,613,0,509,0,588,0.032,95107755802624.0,0.0,0.0,11664,16792,3.170673826584477e+35,1.4185951516649109e+22,109656072192.0,-0.0,240392240.0,115998680.0,70.0,60.0,66,0.0,0.0,10.0,2.0,0.0,0.0,0.0,0.0,0.0,0.0,0.0,0.0,0.0,0.0,0.0,0.0,62.0,62,18,65518,45,65476,0,300,0,0,8,20529,65476,0,0,44564,60.0,0.0,10.0,10.0,2.0,0.0
2026-02-05T00:00:34,ERR,ERR,ERR,ERR,ERR,ERR,ERR,ERR,ERR,ERR,ERR,ERR,ERR,ERR,ERR,ERR,ERR,ERR,ERR,ERR,ERR,ERR,ERR,ERR,ERR,ERR,ERR,ERR,ERR,ERR,ERR,ERR,ERR,ERR,ERR,ERR,ERR,ERR,ERR,ERR,ERR,ERR,ERR,ERR,ERR,ERR,ERR,ERR,ERR,ERR,ERR,ERR,ERR,ERR,ERR,ERR,ERR,ERR,ERR,ERR,ERR,ERR,ERR,ERR,ERR,ERR,ERR,ERR,ERR,ERR,ERR,ERR,ERR,ERR,ERR,ERR,ERR,ERR,ERR,ERR,ERR,ERR,ERR,ERR,ERR,ERR,ERR,ERR,ERR,ERR,ERR,ERR,ERR,ERR,ERR,ERR,ERR,ERR,ERR,ERR,ERR,ERR,ERR,ERR,ERR,ERR,ERR,ERR,ERR,ERR,ERR,ERR,ERR,ERR,ERR,ERR,ERR,ERR,ERR,ERR,ERR,ERR,ERR,ERR,ERR,2.7184260577004195e+23,0.0,-109184352.0,0.0,0.0,0.0,-4.0864735677876865e+27,0.0,0,0,4,0,7670,-0.0,41,0.0,0.0,0.0,0.0,0.0,0,0,0,0,0.0,0,0,0,0,0,0,0,0,0,0,0,0,0,0,0,0,0,0,0,0,0,0,0,0,0,0,0,0,0,0,0,0,0,23,41,40,64,65476,0,300,0,0,8,21553,0.0,-107605600.0,0.0,0.0,0.0,0.0,0.0,0.0,0.0,0.0,0.0,0.0,0.0,0.0,0.0,0.0,0.0,0.0,0.0,0.0,0.0,2.004,2.004,-2.004,-0.0,-2.004,0.0,0.0,0.0,0.0,1680.75,2.004,0.0,2.7184260577004195e+23,0.0,-0.0,2.7184312818759872e+23,0.0,0.0,2.004,2.004,68,4.9504255030366665e+32,-0.0,0.0,0.0,0.0,0.0,0.0,0.0,0.0,0,0,0,0.0,-8.900490402220122e+21,-1307933278208.0,-0.0,0.0,13.203,-11664.78,36931.531,-29.158,0.0,-0.0,0.642,-0.0,2772820224.0,0.0,-0.0,0,1.3516416376850534e+27,68,0.0,136,0.0,98688.258,0,39322,17071,26215,17092,26215,17065,0,0,0,105,99,100,-0.0,50.8,0.0,61.45,-107615200.0,63.0,1,47,48,180,26215,26215,0,0,0.0,0.0,0.0,0.0,-0.0,66.0,0.0,1.4185951516649109e+22,0.0,727,0,697,0,0,0,879,0,982,0,847,0,632,0,613,0,509,0,588,0.032,95107755802624.0,0.0,0.0,11664,16792,3.170673826584477e+35,1.4185951516649109e+22,109656072192.0,-0.0,240392240.0,115998680.0,70.0,60.0,66,0.0,0.0,10.0,2.0,0.0,0.0,0.0,0.0,0.0,0.0,0.0,0.0,0.0,0.0,0.0,0.0,62.0,62,18,65518,45,65476,0,300,0,0,8,20529,65476,0,0,44564,60.0,0.0,10.0,10.0,2.0,0.0
2026-02-05T00:00:35,ERR,ERR,ERR,ERR,ERR,ERR,ERR,ERR,ERR,ERR,ERR,ERR,ERR,ERR,ERR,ERR,ERR,ERR,ERR,ERR,ERR,ERR,ERR,ERR,ERR,ERR,ERR,ERR,ERR,ERR,ERR,ERR,ERR,ERR,ERR,ERR,ERR,ERR,ERR,ERR,ERR,ERR,ERR,ERR,ERR,ERR,ERR,ERR,ERR,ERR,ERR,ERR,ERR,ERR,ERR,ERR,ERR,ERR,ERR,ERR,ERR,ERR,ERR,ERR,ERR,ERR,ERR,ERR,ERR,ERR,ERR,ERR,ERR,ERR,ERR,ERR,ERR,ERR,ERR,ERR,ERR,ERR,ERR,ERR,ERR,ERR,ERR,ERR,ERR,ERR,ERR,ERR,ERR,ERR,ERR,ERR,ERR,ERR,ERR,ERR,ERR,ERR,ERR,ERR,ERR,ERR,ERR,ERR,ERR,ERR,ERR,ERR,ERR,ERR,ERR,ERR,ERR,ERR,ERR,ERR,ERR,ERR,ERR,ERR,ERR,2.7184260577004195e+23,0.0,-109184352.0,0.0,0.0,0.0,-4.0864735677876865e+27,0.0,0,0,4,0,7670,-0.0,41,0.0,0.0,0.0,0.0,0.0,0,0,0,0,0.0,0,0,0,0,0,0,0,0,0,0,0,0,0,0,0,0,0,0,0,0,0,0,0,0,0,0,0,0,0,0,0,0,0,23,41,40,64,65476,0,300,0,0,8,21553,0.0,-107605600.0,0.0,0.0,0.0,0.0,0.0,0.0,0.0,0.0,0.0,0.0,0.0,0.0,0.0,0.0,0.0,0.0,0.0,0.0,0.0,2.004,2.004,-2.004,-0.0,-2.004,0.0,0.0,0.0,0.0,1680.75,2.004,0.0,2.7184260577004195e+23,0.0,-0.0,2.7184312818759872e+23,0.0,0.0,2.004,2.004,68,4.9504255030366665e+32,-0.0,0.0,0.0,0.0,0.0,0.0,0.0,0.0,0,0,0,0.0,-8.900490402220122e+21,-1307933278208.0,-0.0,0.0,13.203,-11664.78,36931.531,-29.158,0.0,-0.0,0.642,-0.0,2772820224.0,0.0,-0.0,0,1.3516416376850534e+27,68,0.0,136,0.0,98688.258,0,39322,17071,26215,17092,26215,17065,0,0,0,105,99,100,-0.0,50.8,0.0,61.45,-107615200.0,63.0,1,47,48,180,26215,26215,0,0,0.0,0.0,0.0,0.0,-0.0,66.0,0.0,1.4185951516649109e+22,0.0,727,0,697,0,0,0,879,0,982,0,847,0,632,0,613,0,509,0,588,0.032,95107755802624.0,0.0,0.0,11664,16792,3.170673826584477e+35,1.4185951516649109e+22,109656072192.0,-0.0,240392240.0,115998680.0,70.0,60.0,66,0.0,0.0,10.0,2.0,0.0,0.0,0.0,0.0,0.0,0.0,0.0,0.0,0.0,0.0,0.0,0.0,62.0,62,18,65518,45,65476,0,300,0,0,8,20529,65476,0,0,44564,60.0,0.0,10.0,10.0,2.0,0.0
2026-02-05T00:00:36,ERR,ERR,ERR,ERR,ERR,ERR,ERR,ERR,ERR,ERR,ERR,ERR,ERR,ERR,ERR,ERR,ERR,ERR,ERR,ERR,ERR,ERR,ERR,ERR,ERR,ERR,ERR,ERR,ERR,ERR,ERR,ERR,ERR,ERR,ERR,ERR,ERR,ERR,ERR,ERR,ERR,ERR,ERR,ERR,ERR,ERR,ERR,ERR,ERR,ERR,ERR,ERR,ERR,ERR,ERR,ERR,ERR,ERR,ERR,ERR,ERR,ERR,ERR,ERR,ERR,ERR,ERR,ERR,ERR,ERR,ERR,ERR,ERR,ERR,ERR,ERR,ERR,ERR,ERR,ERR,ERR,ERR,ERR,ERR,ERR,ERR,ERR,ERR,ERR,ERR,ERR,ERR,ERR,ERR,ERR,ERR,ERR,ERR,ERR,ERR,ERR,ERR,ERR,ERR,ERR,ERR,ERR,ERR,ERR,ERR,ERR,ERR,ERR,ERR,ERR,ERR,ERR,ERR,ERR,ERR,ERR,ERR,ERR,ERR,ERR,2.7184260577004195e+23,0.0,-109184352.0,0.0,0.0,0.0,-4.0864735677876865e+27,0.0,0,0,4,0,7670,-0.0,41,0.0,0.0,0.0,0.0,0.0,0,0,0,0,0.0,0,0,0,0,0,0,0,0,0,0,0,0,0,0,0,0,0,0,0,0,0,0,0,0,0,0,0,0,0,0,0,0,0,23,41,40,64,65476,0,300,0,0,8,21553,0.0,-107605600.0,0.0,0.0,0.0,0.0,0.0,0.0,0.0,0.0,0.0,0.0,0.0,0.0,0.0,0.0,0.0,0.0,0.0,0.0,0.0,2.004,2.004,-2.004,-0.0,-2.004,0.0,0.0,0.0,0.0,1680.75,2.004,0.0,2.7184260577004195e+23,0.0,-0.0,2.7184312818759872e+23,0.0,0.0,2.004,2.004,68,4.9504255030366665e+32,-0.0,0.0,0.0,0.0,0.0,0.0,0.0,0.0,0,0,0,0.0,-8.900490402220122e+21,-1307933278208.0,-0.0,0.0,13.203,-11664.78,36931.531,-29.158,0.0,-0.0,0.642,-0.0,2772820224.0,0.0,-0.0,0,1.3516416376850534e+27,68,0.0,136,0.0,98688.258,0,39322,17071,26215,17092,26215,17065,0,0,0,105,99,100,-0.0,50.8,0.0,61.45,-107615200.0,63.0,1,47,48,180,26215,26215,0,0,0.0,0.0,0.0,0.0,3.6388237295721696e+34,66.0,0.0,0.003,0.0,727,0,697,0,0,0,878,0,982,0,847,0,632,0,613,0,509,0,587,0.032,95657511616512.0,0.0,0.0,20624,16792,3.6388237295721696e+34,0.003,0.0,-0.0,0.0,0.0,70.0,60.0,66,0.0,0.0,10.0,2.0,0.0,0.0,0.0,0.0,0.0,0.0,0.0,0.0,0.0,0.0,0.0,0.0,62.0,62,18,65518,45,65476,0,300,0,0,8,20529,65476,0,0,44564,60.0,0.0,10.0,10.0,2.0,0.0
2026-02-05T00:00:37,ERR,ERR,ERR,ERR,ERR,ERR,ERR,ERR,ERR,ERR,ERR,ERR,ERR,ERR,ERR,ERR,ERR,ERR,ERR,ERR,ERR,ERR,ERR,ERR,ERR,ERR,ERR,ERR,ERR,ERR,ERR,ERR,ERR,ERR,ERR,ERR,ERR,ERR,ERR,ERR,ERR,ERR,ERR,ERR,ERR,ERR,ERR,ERR,ERR,ERR,ERR,ERR,ERR,ERR,ERR,ERR,ERR,ERR,ERR,ERR,ERR,ERR,ERR,ERR,ERR,ERR,ERR,ERR,ERR,ERR,ERR,ERR,ERR,ERR,ERR,ERR,ERR,ERR,ERR,ERR,ERR,ERR,ERR,ERR,ERR,ERR,ERR,ERR,ERR,ERR,ERR,ERR,ERR,ERR,ERR,ERR,ERR,ERR,ERR,ERR,ERR,ERR,ERR,ERR,ERR,ERR,ERR,ERR,ERR,ERR,ERR,ERR,ERR,ERR,ERR,ERR,ERR,ERR,ERR,ERR,ERR,ERR,ERR,ERR,ERR,2.7184260577004195e+23,0.0,-109184352.0,0.0,0.0,0.0,-4.0864735677876865e+27,0.0,0,0,4,0,7670,-0.0,41,0.0,0.0,0.0,0.0,0.0,0,0,0,0,0.0,0,0,0,0,0,0,0,0,0,0,0,0,0,0,0,0,0,0,0,0,0,0,0,0,0,0,0,0,0,0,0,0,0,23,41,40,64,65476,0,300,0,0,8,21553,0.0,-107605600.0,0.0,0.0,0.0,0.0,0.0,0.0,0.0,0.0,0.0,0.0,0.0,0.0,0.0,0.0,0.0,0.0,0.0,0.0,0.0,2.004,2.004,-2.004,-0.0,-2.004,0.0,0.0,0.0,0.0,1680.75,2.004,0.0,2.7184260577004195e+23,0.0,-0.0,2.7184312818759872e+23,0.0,0.0,2.004,2.004,68,4.9504255030366665e+32,-0.0,0.0,0.0,0.0,0.0,0.0,0.0,0.0,0,0,0,0.0,-8.900490402220122e+21,-1307933278208.0,-0.0,0.0,13.203,-11664.78,36931.531,-29.158,0.0,-0.0,0.642,-0.0,2772820224.0,0.0,-0.0,0,1.3516416376850534e+27,68,0.0,136,0.0,98688.258,0,39322,17071,26215,17092,26215,17065,0,0,0,105,99,100,-0.0,50.8,0.0,61.45,-107615200.0,63.0,1,47,48,180,26215,26215,0,0,0.0,0.0,0.0,0.0,3.6388237295721696e+34,66.0,0.0,0.003,0.0,727,0,697,0,0,0,878,0,982,0,847,0,632,0,613,0,509,0,587,0.032,95657511616512.0,0.0,0.0,20624,16792,3.6388237295721696e+34,0.003,0.0,-0.0,0.0,0.0,70.0,60.0,66,0.0,0.0,10.0,2.0,0.0,0.0,0.0,0.0,0.0,0.0,0.0,0.0,0.0,0.0,0.0,0.0,62.0,62,18,65518,45,65476,0,300,0,0,8,20529,65476,0,0,44564,60.0,0.0,10.0,10.0,2.0,0.0
2026-02-05T00:00:38,ERR,ERR,ERR,ERR,ERR,ERR,ERR,ERR,ERR,ERR,ERR,ERR,ERR,ERR,ERR,ERR,ERR,ERR,ERR,ERR,ERR,ERR,ERR,ERR,ERR,ERR,ERR,ERR,ERR,ERR,ERR,ERR,ERR,ERR,ERR,ERR,ERR,ERR,ERR,ERR,ERR,ERR,ERR,ERR,ERR,ERR,ERR,ERR,ERR,ERR,ERR,ERR,ERR,ERR,ERR,ERR,ERR,ERR,ERR,ERR,ERR,ERR,ERR,ERR,ERR,ERR,ERR,ERR,ERR,ERR,ERR,ERR,ERR,ERR,ERR,ERR,ERR,ERR,ERR,ERR,ERR,ERR,ERR,ERR,ERR,ERR,ERR,ERR,ERR,ERR,ERR,ERR,ERR,ERR,ERR,ERR,ERR,ERR,ERR,ERR,ERR,ERR,ERR,ERR,ERR,ERR,ERR,ERR,ERR,ERR,ERR,ERR,ERR,ERR,ERR,ERR,ERR,ERR,ERR,ERR,ERR,ERR,ERR,ERR,ERR,2.7184260577004195e+23,0.0,-109184352.0,0.0,0.0,0.0,-4.0864735677876865e+27,0.0,0,0,4,0,7670,-0.0,41,0.0,0.0,0.0,0.0,0.0,0,0,0,0,0.0,0,0,0,0,0,0,0,0,0,0,0,0,0,0,0,0,0,0,0,0,0,0,0,0,0,0,0,0,0,0,0,0,0,23,41,40,64,65476,0,300,0,0,8,21553,0.0,-107605600.0,0.0,0.0,0.0,0.0,0.0,0.0,0.0,0.0,0.0,0.0,0.0,0.0,0.0,0.0,0.0,0.0,0.0,0.0,0.0,2.004,2.004,-2.004,-0.0,-2.004,0.0,0.0,0.0,0.0,1680.75,2.004,0.0,2.7184260577004195e+23,0.0,-0.0,2.7184312818759872e+23,0.0,0.0,2.004,2.004,68,4.9504255030366665e+32,-0.0,0.0,0.0,0.0,0.0,0.0,0.0,0.0,0,0,0,0.0,-8.900490402220122e+21,-1307933278208.0,-0.0,0.0,13.203,-11664.78,36931.531,-29.158,0.0,-0.0,0.642,-0.0,2772820224.0,0.0,-0.0,0,1.3516416376850534e+27,68,0.0,136,0.0,98688.258,0,39322,17071,26215,17092,26215,17065,0,0,0,105,99,100,-0.0,50.8,0.0,61.45,-107615200.0,63.0,1,47,48,180,26215,26215,0,0,0.0,0.0,0.0,0.0,3.6388237295721696e+34,66.0,0.0,0.003,0.0,727,0,697,0,0,0,878,0,982,0,847,0,632,0,613,0,509,0,587,0.032,95657511616512.0,0.0,0.0,20624,16792,3.6388237295721696e+34,0.003,0.0,-0.0,0.0,0.0,70.0,60.0,66,0.0,0.0,10.0,2.0,0.0,0.0,0.0,0.0,0.0,0.0,0.0,0.0,0.0,0.0,0.0,0.0,62.0,62,18,65518,45,65476,0,300,0,0,8,20529,65476,0,0,44564,60.0,0.0,10.0,10.0,2.0,0.0
2026-02-05T00:00:39,ERR,ERR,ERR,ERR,ERR,ERR,ERR,ERR,ERR,ERR,ERR,ERR,ERR,ERR,ERR,ERR,ERR,ERR,ERR,ERR,ERR,ERR,ERR,ERR,ERR,ERR,ERR,ERR,ERR,ERR,ERR,ERR,ERR,ERR,ERR,ERR,ERR,ERR,ERR,ERR,ERR,ERR,ERR,ERR,ERR,ERR,ERR,ERR,ERR,ERR,ERR,ERR,ERR,ERR,ERR,ERR,ERR,ERR,ERR,ERR,ERR,ERR,ERR,ERR,ERR,ERR,ERR,ERR,ERR,ERR,ERR,ERR,ERR,ERR,ERR,ERR,ERR,ERR,ERR,ERR,ERR,ERR,ERR,ERR,ERR,ERR,ERR,ERR,ERR,ERR,ERR,ERR,ERR,ERR,ERR,ERR,ERR,ERR,ERR,ERR,ERR,ERR,ERR,ERR,ERR,ERR,ERR,ERR,ERR,ERR,ERR,ERR,ERR,ERR,ERR,ERR,ERR,ERR,ERR,ERR,ERR,ERR,ERR,ERR,ERR,2.7184260577004195e+23,0.0,-109184352.0,0.0,0.0,0.0,-4.0864735677876865e+27,0.0,0,0,4,0,7670,-0.0,41,0.0,0.0,0.0,0.0,0.0,0,0,0,0,0.0,0,0,0,0,0,0,0,0,0,0,0,0,0,0,0,0,0,0,0,0,0,0,0,0,0,0,0,0,0,0,0,0,0,23,41,40,64,65476,0,300,0,0,8,21553,0.0,-107605600.0,0.0,0.0,0.0,0.0,0.0,0.0,0.0,0.0,0.0,0.0,0.0,0.0,0.0,0.0,0.0,0.0,0.0,0.0,0.0,2.004,2.004,-2.004,-0.0,-2.004,0.0,0.0,0.0,0.0,1680.75,2.004,0.0,2.7184260577004195e+23,0.0,-0.0,2.7184312818759872e+23,0.0,0.0,2.004,2.004,68,4.9504255030366665e+32,-0.0,0.0,0.0,0.0,0.0,0.0,0.0,0.0,0,0,0,0.0,-8.900490402220122e+21,-1307933278208.0,-0.0,0.0,13.203,-11664.78,36931.531,-29.158,0.0,-0.0,0.642,-0.0,2772820224.0,0.0,-0.0,0,1.3516416376850534e+27,68,0.0,136,0.0,98688.258,0,39322,17071,26215,17092,26215,17065,0,0,0,105,99,100,-0.0,50.8,0.0,61.45,-107615200.0,63.0,1,47,48,180,26215,26215,0,0,0.0,0.0,0.0,0.0,3.6388237295721696e+34,66.0,0.0,0.003,0.0,727,0,697,0,0,0,878,0,982,0,847,0,632,0,613,0,509,0,587,0.032,95657511616512.0,0.0,0.0,20624,16792,3.6388237295721696e+34,0.003,0.0,-0.0,0.0,0.0,70.0,60.0,66,0.0,0.0,10.0,2.0,0.0,0.0,0.0,0.0,0.0,0.0,0.0,0.0,0.0,0.0,0.0,0.0,62.4,62,18,65518,45,65476,0,300,0,0,8,20529,65476,0,0,44564,60.0,0.0,10.0,10.0,2.0,0.0
2026-02-05T00:00:40,ERR,ERR,ERR,ERR,ERR,ERR,ERR,ERR,ERR,ERR,ERR,ERR,ERR,ERR,ERR,ERR,ERR,ERR,ERR,ERR,ERR,ERR,ERR,ERR,ERR,ERR,ERR,ERR,ERR,ERR,ERR,ERR,ERR,ERR,ERR,ERR,ERR,ERR,ERR,ERR,ERR,ERR,ERR,ERR,ERR,ERR,ERR,ERR,ERR,ERR,ERR,ERR,ERR,ERR,ERR,ERR,ERR,ERR,ERR,ERR,ERR,ERR,ERR,ERR,ERR,ERR,ERR,ERR,ERR,ERR,ERR,ERR,ERR,ERR,ERR,ERR,ERR,ERR,ERR,ERR,ERR,ERR,ERR,ERR,ERR,ERR,ERR,ERR,ERR,ERR,ERR,ERR,ERR,ERR,ERR,ERR,ERR,ERR,ERR,ERR,ERR,ERR,ERR,ERR,ERR,ERR,ERR,ERR,ERR,ERR,ERR,ERR,ERR,ERR,ERR,ERR,ERR,ERR,ERR,ERR,ERR,ERR,ERR,ERR,ERR,2.7184260577004195e+23,0.0,-109184352.0,0.0,0.0,5.4777044683328214e+29,0.0,0.0,0,0,4,0,7670,-0.0,41,0.0,0.0,0.0,0.0,0.0,0,0,0,0,0.0,0,0,0,0,0,0,0,0,0,0,0,0,0,0,0,0,0,0,0,0,0,0,0,0,0,0,0,0,0,0,0,0,0,23,41,40,64,65476,0,300,0,0,8,21553,0.0,-107605600.0,0.0,0.0,0.0,0.0,0.0,0.0,0.0,0.0,0.0,0.0,0.0,0.0,0.0,0.0,0.0,0.0,0.0,0.0,0.0,2.004,2.004,-2.004,-0.0,-2.004,0.0,0.0,0.0,0.0,1687.75,3.697097293085173e+19,0.0,2.7184260577004195e+23,0.0,-0.0,2.7184312818759872e+23,0.0,0.0,2.004,2.004,68,2.308838958497058e+20,-0.0,0.0,0.0,0.0,0.0,0.0,0.0,0.0,0,0,0,-2.3408084408843327e+34,22850338816.0,-3153636376969216.0,0.0,-2.03811643390992e+36,-977452079775744.0,0.017,-0.817,3804564440481792.0,0.0,-0.0,0.646,-0.0,2772820224.0,0.0,0.0,0,1.3516416376850534e+27,68,0.0,136,0.0,98688.258,0,39322,17071,26215,17092,26215,17065,0,0,0,105,99,100,-0.0,50.8,0.0,61.45,-107615200.0,63.0,1,47,48,180,26215,26215,0,0,0.0,0.0,0.0,0.0,3.6388237295721696e+34,66.0,0.0,0.003,0.0,727,0,697,0,0,0,878,0,982,0,847,0,632,0,613,0,509,0,587,0.032,95657511616512.0,0.0,0.0,20624,16792,3.6388237295721696e+34,0.003,0.0,-0.0,0.0,0.0,70.0,60.0,66,0.0,0.0,10.0,2.0,0.0,0.0,0.0,0.0,0.0,0.0,0.0,0.0,0.0,0.0,0.0,0.0,62.4,62,18,65518,45,65476,0,300,0,0,8,20529,65476,0,0,44564,60.0,0.0,10.0,10.0,2.0,0.0
2026-02-05T00:00:41,ERR,ERR,ERR,ERR,ERR,ERR,ERR,ERR,ERR,ERR,ERR,ERR,ERR,ERR,ERR,ERR,ERR,ERR,ERR,ERR,ERR,ERR,ERR,ERR,ERR,ERR,ERR,ERR,ERR,ERR,ERR,ERR,ERR,ERR,ERR,ERR,ERR,ERR,ERR,ERR,ERR,ERR,ERR,ERR,ERR,ERR,ERR,ERR,ERR,ERR,ERR,ERR,ERR,ERR,ERR,ERR,ERR,ERR,ERR,ERR,ERR,ERR,ERR,ERR,ERR,ERR,ERR,ERR,ERR,ERR,ERR,ERR,ERR,ERR,ERR,ERR,ERR,ERR,ERR,ERR,ERR,ERR,ERR,ERR,ERR,ERR,ERR,ERR,ERR,ERR,ERR,ERR,ERR,ERR,ERR,ERR,ERR,ERR,ERR,ERR,ERR,ERR,ERR,ERR,ERR,ERR,ERR,ERR,ERR,ERR,ERR,ERR,ERR,ERR,ERR,ERR,ERR,ERR,ERR,ERR,ERR,ERR,ERR,ERR,ERR,2.7184260577004195e+23,0.0,-109184352.0,0.0,0.0,5.4777044683328214e+29,0.0,0.0,0,0,4,0,7670,-0.0,41,0.0,0.0,0.0,0.0,0.0,0,0,0,0,0.0,0,0,0,0,0,0,0,0,0,0,0,0,0,0,0,0,0,0,0,0,0,0,0,0,0,0,0,0,0,0,0,0,0,23,41,40,64,65476,0,300,0,0,8,21553,0.0,-107605600.0,0.0,0.0,0.0,0.0,0.0,0.0,0.0,0.0,0.0,0.0,0.0,0.0,0.0,0.0,0.0,0.0,0.0,0.0,0.0,2.004,2.004,-2.004,-0.0,-2.004,0.0,0.0,0.0,0.0,1687.75,3.697097293085173e+19,0.0,2.7184260577004195e+23,0.0,-0.0,2.7184312818759872e+23,0.0,0.0,2.004,2.004,68,2.308838958497058e+20,-0.0,0.0,0.0,0.0,0.0,0.0,0.0,0.0,0,0,0,-2.3408084408843327e+34,22850338816.0,-3153636376969216.0,0.0,-2.03811643390992e+36,-977452079775744.0,0.017,-0.817,3804564440481792.0,0.0,-0.0,0.646,-0.0,2772820224.0,0.0,0.0,0,1.3516416376850534e+27,68,0.0,136,0.0,98688.258,0,39322,17071,26215,17092,26215,17065,0,0,0,105,99,100,-0.0,50.8,0.0,61.45,-107615200.0,63.0,1,47,48,180,26215,26215,0,0,0.0,0.0,0.0,0.0,3.5267712997141643e+37,66.0,0.0,5.202143958372679e+22,0.0,727,0,697,0,0,0,878,0,982,0,847,0,632,0,613,0,510,0,587,0.032,95657511616512.0,-2.004,-107615056.0,19088,16792,-0.0,-0.0,-0.0,0.001,-0.0,-0.0,70.0,60.0,66,0.0,0.0,10.0,2.0,0.0,0.0,0.0,0.0,0.0,0.0,0.0,0.0,0.0,0.0,0.0,0.0,62.0,62,18,65518,45,65476,0,300,0,0,8,20529,65476,0,0,44564,60.0,0.0,10.0,10.0,2.0,0.0
2026-02-05T00:00:42,ERR,ERR,ERR,ERR,ERR,ERR,ERR,ERR,ERR,ERR,ERR,ERR,ERR,ERR,ERR,ERR,ERR,ERR,ERR,ERR,ERR,ERR,ERR,ERR,ERR,ERR,ERR,ERR,ERR,ERR,ERR,ERR,ERR,ERR,ERR,ERR,ERR,ERR,ERR,ERR,ERR,ERR,ERR,ERR,ERR,ERR,ERR,ERR,ERR,ERR,ERR,ERR,ERR,ERR,ERR,ERR,ERR,ERR,ERR,ERR,ERR,ERR,ERR,ERR,ERR,ERR,ERR,ERR,ERR,ERR,ERR,ERR,ERR,ERR,ERR,ERR,ERR,ERR,ERR,ERR,ERR,ERR,ERR,ERR,ERR,ERR,ERR,ERR,ERR,ERR,ERR,ERR,ERR,ERR,ERR,ERR,ERR,ERR,ERR,ERR,ERR,ERR,ERR,ERR,ERR,ERR,ERR,ERR,ERR,ERR,ERR,ERR,ERR,ERR,ERR,ERR,ERR,ERR,ERR,ERR,ERR,ERR,ERR,ERR,ERR,2.7184260577004195e+23,0.0,-109184352.0,0.0,0.0,5.4777044683328214e+29,0.0,0.0,0,0,4,0,7670,-0.0,41,0.0,0.0,0.0,0.0,0.0,0,0,0,0,0.0,0,0,0,0,0,0,0,0,0,0,0,0,0,0,0,0,0,0,0,0,0,0,0,0,0,0,0,0,0,0,0,0,0,23,41,40,64,65476,0,300,0,0,8,21553,0.0,-107605600.0,0.0,0.0,0.0,0.0,0.0,0.0,0.0,0.0,0.0,0.0,0.0,0.0,0.0,0.0,0.0,0.0,0.0,0.0,0.0,2.004,2.004,-2.004,-0.0,-2.004,0.0,0.0,0.0,0.0,1687.75,3.697097293085173e+19,0.0,2.7184260577004195e+23,0.0,-0.0,2.7184312818759872e+23,0.0,0.0,2.004,2.004,68,2.308838958497058e+20,-0.0,0.0,0.0,0.0,0.0,0.0,0.0,0.0,0,0,0,-2.3408084408843327e+34,22850338816.0,-3153636376969216.0,0.0,-2.03811643390992e+36,-977452079775744.0,0.017,-0.817,3804564440481792.0,0.0,-0.0,0.646,-0.0,2772820224.0,0.0,0.0,0,1.3516416376850534e+27,68,0.0,136,0.0,98688.258,0,39322,17071,26215,17092,26215,17065,0,0,0,105,99,100,-0.0,50.8,0.0,61.45,-107615200.0,63.0,1,47,48,180,26215,26215,0,0,0.0,0.0,0.0,0.0,3.5267712997141643e+37,66.0,0.0,5.202143958372679e+22,0.0,727,0,697,0,0,0,878,0,982,0,847,0,632,0,613,0,510,0,587,0.032,95657511616512.0,-2.004,-107615056.0,19088,16792,-0.0,-0.0,-0.0,0.001,-0.0,-0.0,70.0,60.0,66,0.0,0.0,10.0,2.0,0.0,0.0,0.0,0.0,0.0,0.0,0.0,0.0,0.0,0.0,0.0,0.0,62.0,62,18,65518,45,65476,0,300,0,0,8,20529,65476,0,0,44564,60.0,0.0,10.0,10.0,2.0,0.0
2026-02-05T00:00:43,ERR,ERR,ERR,ERR,ERR,ERR,ERR,ERR,ERR,ERR,ERR,ERR,ERR,ERR,ERR,ERR,ERR,ERR,ERR,ERR,ERR,ERR,ERR,ERR,ERR,ERR,ERR,ERR,ERR,ERR,ERR,ERR,ERR,ERR,ERR,ERR,ERR,ERR,ERR,ERR,ERR,ERR,ERR,ERR,ERR,ERR,ERR,ERR,ERR,ERR,ERR,ERR,ERR,ERR,ERR,ERR,ERR,ERR,ERR,ERR,ERR,ERR,ERR,ERR,ERR,ERR,ERR,ERR,ERR,ERR,ERR,ERR,ERR,ERR,ERR,ERR,ERR,ERR,ERR,ERR,ERR,ERR,ERR,ERR,ERR,ERR,ERR,ERR,ERR,ERR,ERR,ERR,ERR,ERR,ERR,ERR,ERR,ERR,ERR,ERR,ERR,ERR,ERR,ERR,ERR,ERR,ERR,ERR,ERR,ERR,ERR,ERR,ERR,ERR,ERR,ERR,ERR,ERR,ERR,ERR,ERR,ERR,ERR,ERR,ERR,2.7184260577004195e+23,0.0,-109184352.0,0.0,0.0,5.4777044683328214e+29,0.0,0.0,0,0,4,0,7670,-0.0,41,0.0,0.0,0.0,0.0,0.0,0,0,0,0,0.0,0,0,0,0,0,0,0,0,0,0,0,0,0,0,0,0,0,0,0,0,0,0,0,0,0,0,0,0,0,0,0,0,0,23,41,40,64,65476,0,300,0,0,8,21553,0.0,-107605600.0,0.0,0.0,0.0,0.0,0.0,0.0,0.0,0.0,0.0,0.0,0.0,0.0,0.0,0.0,0.0,0.0,0.0,0.0,0.0,2.004,2.004,-2.004,-0.0,-2.004,0.0,0.0,0.0,0.0,1687.75,3.697097293085173e+19,0.0,2.7184260577004195e+23,0.0,-0.0,2.7184312818759872e+23,0.0,0.0,2.004,2.004,68,2.308838958497058e+20,-0.0,0.0,0.0,0.0,0.0,0.0,0.0,0.0,0,0,0,-2.3408084408843327e+34,22850338816.0,-3153636376969216.0,0.0,-2.03811643390992e+36,-977452079775744.0,0.017,-0.817,3804564440481792.0,0.0,-0.0,0.646,-0.0,2772820224.0,0.0,0.0,0,1.3516416376850534e+27,68,0.0,136,0.0,98688.258,0,39322,17071,26215,17092,26215,17065,0,0,0,105,99,100,-0.0,50.8,0.0,61.45,-107615200.0,63.0,1,47,48,180,26215,26215,0,0,0.0,0.0,0.0,0.0,3.5267712997141643e+37,66.0,0.0,5.202143958372679e+22,0.0,727,0,697,0,0,0,878,0,982,0,847,0,632,0,613,0,510,0,587,0.032,95657511616512.0,-2.004,-107615056.0,19088,16792,-0.0,-0.0,-0.0,0.001,-0.0,-0.0,70.0,60.0,66,0.0,0.0,10.0,2.0,0.0,0.0,0.0,0.0,0.0,0.0,0.0,0.0,0.0,0.0,0.0,0.0,62.0,62,18,65518,45,65476,0,300,0,0,8,20529,65476,0,0,44564,60.0,0.0,10.0,10.0,2.0,0.0
2026-02-05T00:00:44,ERR,ERR,ERR,ERR,ERR,ERR,ERR,ERR,ERR,ERR,ERR,ERR,ERR,ERR,ERR,ERR,ERR,ERR,ERR,ERR,ERR,ERR,ERR,ERR,ERR,ERR,ERR,ERR,ERR,ERR,ERR,ERR,ERR,ERR,ERR,ERR,ERR,ERR,ERR,ERR,ERR,ERR,ERR,ERR,ERR,ERR,ERR,ERR,ERR,ERR,ERR,ERR,ERR,ERR,ERR,ERR,ERR,ERR,ERR,ERR,ERR,ERR,ERR,ERR,ERR,ERR,ERR,ERR,ERR,ERR,ERR,ERR,ERR,ERR,ERR,ERR,ERR,ERR,ERR,ERR,ERR,ERR,ERR,ERR,ERR,ERR,ERR,ERR,ERR,ERR,ERR,ERR,ERR,ERR,ERR,ERR,ERR,ERR,ERR,ERR,ERR,ERR,ERR,ERR,ERR,ERR,ERR,ERR,ERR,ERR,ERR,ERR,ERR,ERR,ERR,ERR,ERR,ERR,ERR,ERR,ERR,ERR,ERR,ERR,ERR,2.7184260577004195e+23,0.0,-109184352.0,0.0,0.0,5.4777044683328214e+29,0.0,0.0,0,0,4,0,7670,-0.0,41,0.0,0.0,0.0,0.0,0.0,0,0,0,0,0.0,0,0,0,0,0,0,0,0,0,0,0,0,0,0,0,0,0,0,0,0,0,0,0,0,0,0,0,0,0,0,0,0,0,23,41,40,64,65476,0,300,0,0,8,21553,0.0,-107605600.0,0.0,0.0,0.0,0.0,0.0,0.0,0.0,0.0,0.0,0.0,0.0,0.0,0.0,0.0,0.0,0.0,0.0,0.0,0.0,2.004,2.004,-2.004,-0.0,-2.004,0.0,0.0,0.0,0.0,1687.75,3.697097293085173e+19,0.0,2.7184260577004195e+23,0.0,-0.0,2.7184312818759872e+23,0.0,0.0,2.004,2.004,68,2.308838958497058e+20,-0.0,0.0,0.0,0.0,0.0,0.0,0.0,0.0,0,0,0,-2.3408084408843327e+34,22850338816.0,-3153636376969216.0,0.0,-2.03811643390992e+36,-977452079775744.0,0.017,-0.817,3804564440481792.0,0.0,-0.0,0.646,-0.0,2772820224.0,0.0,0.0,0,1.3516416376850534e+27,68,0.0,136,0.0,98688.258,0,39322,17071,26215,17092,26215,17065,0,0,0,105,99,100,-0.0,50.8,0.0,61.45,-107615200.0,63.0,1,47,48,180,26215,26215,0,0,0.0,0.0,0.0,0.0,3.5267712997141643e+37,66.0,0.0,5.202143958372679e+22,0.0,727,0,697,0,0,0,878,0,982,0,847,0,632,0,613,0,510,0,587,0.032,95657511616512.0,-2.004,-107615056.0,19088,16792,-0.0,-0.0,-0.0,0.001,-0.0,-0.0,70.0,60.0,66,0.0,0.0,10.0,2.0,0.0,0.0,0.0,0.0,0.0,0.0,0.0,0.0,0.0,0.0,0.0,0.0,62.0,62,18,65518,45,65476,0,300,0,0,8,20529,65476,0,0,44564,60.0,0.0,10.0,10.0,2.0,0.0
2026-02-05T00:00:45,ERR,ERR,ERR,ERR,ERR,ERR,ERR,ERR,ERR,ERR,ERR,ERR,ERR,ERR,ERR,ERR,ERR,ERR,ERR,ERR,ERR,ERR,ERR,ERR,ERR,ERR,ERR,ERR,ERR,ERR,ERR,ERR,ERR,ERR,ERR,ERR,ERR,ERR,ERR,ERR,ERR,ERR,ERR,ERR,ERR,ERR,ERR,ERR,ERR,ERR,ERR,ERR,ERR,ERR,ERR,ERR,ERR,ERR,ERR,ERR,ERR,ERR,ERR,ERR,ERR,ERR,ERR,ERR,ERR,ERR,ERR,ERR,ERR,ERR,ERR,ERR,ERR,ERR,ERR,ERR,ERR,ERR,ERR,ERR,ERR,ERR,ERR,ERR,ERR,ERR,ERR,ERR,ERR,ERR,ERR,ERR,ERR,ERR,ERR,ERR,ERR,ERR,ERR,ERR,ERR,ERR,ERR,ERR,ERR,ERR,ERR,ERR,ERR,ERR,ERR,ERR,ERR,ERR,ERR,ERR,ERR,ERR,ERR,ERR,ERR,2.7184260577004195e+23,0.0,-109184352.0,0.0,0.0,5.4777044683328214e+29,0.0,0.0,0,0,4,0,7670,-0.0,41,0.0,0.0,0.0,0.0,0.0,0,0,0,0,0.0,0,0,0,0,0,0,0,0,0,0,0,0,0,0,0,0,0,0,0,0,0,0,0,0,0,0,0,0,0,0,0,0,0,23,41,40,64,65476,0,300,0,0,8,21553,0.0,-107605600.0,0.0,0.0,0.0,0.0,0.0,0.0,0.0,0.0,0.0,0.0,0.0,0.0,0.0,0.0,0.0,0.0,0.0,0.0,0.0,2.004,2.004,-2.004,-0.0,-2.004,0.0,0.0,0.0,0.0,1687.75,3.697097293085173e+19,0.0,2.7184260577004195e+23,0.0,-0.0,2.7184312818759872e+23,0.0,0.0,2.004,2.004,68,2.308838958497058e+20,-0.0,0.0,0.0,0.0,0.0,0.0,0.0,0.0,0,0,0,-2.3408084408843327e+34,22850338816.0,-3153636376969216.0,0.0,-2.03811643390992e+36,-977452079775744.0,0.017,-0.817,3804564440481792.0,0.0,-0.0,0.646,-0.0,2772820224.0,0.0,0.0,0,1.3516416376850534e+27,68,0.0,136,0.0,98688.258,0,39322,17071,26215,17092,26215,17065,0,0,0,105,99,100,-0.0,50.8,0.0,61.45,-107615200.0,63.0,1,47,48,180,26215,26215,0,0,0.0,0.0,0.0,0.0,-0.0,66.0,0.0,0.0,0.0,727,0,697,0,0,0,878,0,982,0,847,0,632,0,613,0,509,0,587,0.032,95657511616512.0,0.0,0.0,33424,16792,-0.0,0.0,4.875902657766223e+34,71271792640.0,-0.0,-0.0,70.0,60.0,66,0.0,0.0,10.0,2.0,0.0,0.0,0.0,0.0,0.0,0.0,0.0,0.0,0.0,0.0,0.0,0.0,62.0,62,18,65518,45,65476,0,300,0,0,8,20529,65476,0,0,44564,60.0,0.0,10.0,10.0,2.0,0.0
2026-02-05T00:00:46,ERR,ERR,ERR,ERR,ERR,ERR,ERR,ERR,ERR,ERR,ERR,ERR,ERR,ERR,ERR,ERR,ERR,ERR,ERR,ERR,ERR,ERR,ERR,ERR,ERR,ERR,ERR,ERR,ERR,ERR,ERR,ERR,ERR,ERR,ERR,ERR,ERR,ERR,ERR,ERR,ERR,ERR,ERR,ERR,ERR,ERR,ERR,ERR,ERR,ERR,ERR,ERR,ERR,ERR,ERR,ERR,ERR,ERR,ERR,ERR,ERR,ERR,ERR,ERR,ERR,ERR,ERR,ERR,ERR,ERR,ERR,ERR,ERR,ERR,ERR,ERR,ERR,ERR,ERR,ERR,ERR,ERR,ERR,ERR,ERR,ERR,ERR,ERR,ERR,ERR,ERR,ERR,ERR,ERR,ERR,ERR,ERR,ERR,ERR,ERR,ERR,ERR,ERR,ERR,ERR,ERR,ERR,ERR,ERR,ERR,ERR,ERR,ERR,ERR,ERR,ERR,ERR,ERR,ERR,ERR,ERR,ERR,ERR,ERR,ERR,2.7184260577004195e+23,0.0,-109184352.0,0.0,0.0,-1.486,0.023,0.0,0,0,4,0,7670,-0.0,41,0.0,0.0,0.0,0.0,0.0,0,0,0,0,0.0,0,0,0,0,0,0,0,0,0,0,0,0,0,0,0,0,0,0,0,0,0,0,0,0,0,0,0,0,0,0,0,0,0,23,41,40,64,65476,0,300,0,0,8,21553,0.0,-107605600.0,0.0,0.0,0.0,0.0,0.0,0.0,0.0,0.0,0.0,0.0,0.0,0.0,0.0,0.0,0.0,0.0,0.0,0.0,0.0,2.004,2.004,-2.004,-0.0,-2.004,0.0,0.0,0.0,0.0,1680.5,-2.004,0.0,2.7184260577004195e+23,0.0,-0.0,2.7184312818759872e+23,0.0,0.0,2.004,2.004,68,4.066877080952309e+29,-2.3087939225007843e+20,0.0,0.0,0.0,0.0,0.0,0.0,0.0,0,0,0,0.0,-8.900490402220122e+21,-7.572885527066642e+21,2.2064557272043133e+31,0.0,0.01,-0.0,31.283,-46778753024.0,0.0,-0.0,0.646,-0.0,2789597440.0,0.0,-3.1226417916491165e+29,0,1.3516416376850534e+27,68,0.0,136,0.0,98688.258,0,39322,17071,26215,17092,26215,17065,0,0,0,105,99,100,-0.0,50.8,0.0,61.45,-107615200.0,63.0,1,47,48,180,26215,26215,0,0,0.0,0.0,0.0,0.0,-0.0,66.0,0.0,0.0,0.0,727,0,697,0,0,0,878,0,982,0,847,0,632,0,613,0,509,0,587,0.032,95657511616512.0,0.0,0.0,33424,16792,-0.0,0.0,4.875902657766223e+34,71271792640.0,-0.0,-0.0,70.0,60.0,66,0.0,0.0,10.0,2.0,0.0,0.0,0.0,0.0,0.0,0.0,0.0,0.0,0.0,0.0,0.0,0.0,62.0,62,18,65518,45,65476,0,300,0,0,8,20529,65476,0,0,44564,60.0,0.0,10.0,10.0,2.0,0.0
2026-02-05T00:00:47,ERR,ERR,ERR,ERR,ERR,ERR,ERR,ERR,ERR,ERR,ERR,ERR,ERR,ERR,ERR,ERR,ERR,ERR,ERR,ERR,ERR,ERR,ERR,ERR,ERR,ERR,ERR,ERR,ERR,ERR,ERR,ERR,ERR,ERR,ERR,ERR,ERR,ERR,ERR,ERR,ERR,ERR,ERR,ERR,ERR,ERR,ERR,ERR,ERR,ERR,ERR,ERR,ERR,ERR,ERR,ERR,ERR,ERR,ERR,ERR,ERR,ERR,ERR,ERR,ERR,ERR,ERR,ERR,ERR,ERR,ERR,ERR,ERR,ERR,ERR,ERR,ERR,ERR,ERR,ERR,ERR,ERR,ERR,ERR,ERR,ERR,ERR,ERR,ERR,ERR,ERR,ERR,ERR,ERR,ERR,ERR,ERR,ERR,ERR,ERR,ERR,ERR,ERR,ERR,ERR,ERR,ERR,ERR,ERR,ERR,ERR,ERR,ERR,ERR,ERR,ERR,ERR,ERR,ERR,ERR,ERR,ERR,ERR,ERR,ERR,2.7184260577004195e+23,0.0,-109184352.0,0.0,0.0,-1.486,0.023,0.0,0,0,4,0,7670,-0.0,41,0.0,0.0,0.0,0.0,0.0,0,0,0,0,0.0,0,0,0,0,0,0,0,0,0,0,0,0,0,0,0,0,0,0,0,0,0,0,0,0,0,0,0,0,0,0,0,0,0,23,41,40,64,65476,0,300,0,0,8,21553,0.0,-107605600.0,0.0,0.0,0.0,0.0,0.0,0.0,0.0,0.0,0.0,0.0,0.0,0.0,0.0,0.0,0.0,0.0,0.0,0.0,0.0,2.004,2.004,-2.004,-0.0,-2.004,0.0,0.0,0.0,0.0,1680.5,-2.004,0.0,2.7184260577004195e+23,0.0,-0.0,2.7184312818759872e+23,0.0,0.0,2.004,2.004,68,4.066877080952309e+29,-2.3087939225007843e+20,0.0,0.0,0.0,0.0,0.0,0.0,0.0,0,0,0,0.0,-8.900490402220122e+21,-7.572885527066642e+21,2.2064557272043133e+31,0.0,0.01,-0.0,31.283,-46778753024.0,0.0,-0.0,0.646,-0.0,2789597440.0,0.0,-3.1226417916491165e+29,0,1.3516416376850534e+27,68,0.0,136,0.0,98688.258,0,39322,17071,26215,17092,26215,17065,0,0,0,105,99,100,-0.0,50.8,0.0,61.45,-107615200.0,63.0,1,47,48,180,26215,26215,0,0,0.0,0.0,0.0,0.0,-0.0,66.0,0.0,0.0,0.0,727,0,697,0,0,0,878,0,982,0,847,0,632,0,613,0,509,0,587,0.032,95657511616512.0,0.0,0.0,33424,16792,-0.0,0.0,4.875902657766223e+34,71271792640.0,-0.0,-0.0,70.0,60.0,66,0.0,0.0,10.0,2.0,0.0,0.0,0.0,0.0,0.0,0.0,0.0,0.0,0.0,0.0,0.0,0.0,62.4,62,18,65518,45,65476,0,300,0,0,8,20529,65476,0,0,44564,60.0,0.0,10.0,10.0,2.0,0.0
2026-02-05T00:00:48,ERR,ERR,ERR,ERR,ERR,ERR,ERR,ERR,ERR,ERR,ERR,ERR,ERR,ERR,ERR,ERR,ERR,ERR,ERR,ERR,ERR,ERR,ERR,ERR,ERR,ERR,ERR,ERR,ERR,ERR,ERR,ERR,ERR,ERR,ERR,ERR,ERR,ERR,ERR,ERR,ERR,ERR,ERR,ERR,ERR,ERR,ERR,ERR,ERR,ERR,ERR,ERR,ERR,ERR,ERR,ERR,ERR,ERR,ERR,ERR,ERR,ERR,ERR,ERR,ERR,ERR,ERR,ERR,ERR,ERR,ERR,ERR,ERR,ERR,ERR,ERR,ERR,ERR,ERR,ERR,ERR,ERR,ERR,ERR,ERR,ERR,ERR,ERR,ERR,ERR,ERR,ERR,ERR,ERR,ERR,ERR,ERR,ERR,ERR,ERR,ERR,ERR,ERR,ERR,ERR,ERR,ERR,ERR,ERR,ERR,ERR,ERR,ERR,ERR,ERR,ERR,ERR,ERR,ERR,ERR,ERR,ERR,ERR,ERR,ERR,2.7184260577004195e+23,0.0,-109184352.0,0.0,0.0,-1.486,0.023,0.0,0,0,4,0,7670,-0.0,41,0.0,0.0,0.0,0.0,0.0,0,0,0,0,0.0,0,0,0,0,0,0,0,0,0,0,0,0,0,0,0,0,0,0,0,0,0,0,0,0,0,0,0,0,0,0,0,0,0,23,41,40,64,65476,0,300,0,0,8,21553,0.0,-107605600.0,0.0,0.0,0.0,0.0,0.0,0.0,0.0,0.0,0.0,0.0,0.0,0.0,0.0,0.0,0.0,0.0,0.0,0.0,0.0,2.004,2.004,-2.004,-0.0,-2.004,0.0,0.0,0.0,0.0,1680.5,-2.004,0.0,2.7184260577004195e+23,0.0,-0.0,2.7184312818759872e+23,0.0,0.0,2.004,2.004,68,4.066877080952309e+29,-2.3087939225007843e+20,0.0,0.0,0.0,0.0,0.0,0.0,0.0,0,0,0,0.0,-8.900490402220122e+21,-7.572885527066642e+21,2.2064557272043133e+31,0.0,0.01,-0.0,31.283,-46778753024.0,0.0,-0.0,0.646,-0.0,2789597440.0,0.0,-3.1226417916491165e+29,0,1.3516416376850534e+27,68,0.0,136,0.0,98688.258,0,39322,17071,26215,17092,26215,17065,0,0,0,105,99,100,-0.0,50.8,0.0,61.45,-107615200.0,63.0,1,47,48,180,26215,26215,0,0,0.0,0.0,0.0,0.0,-0.0,66.0,0.0,0.0,0.0,727,0,697,0,0,0,878,0,982,0,847,0,632,0,613,0,509,0,587,0.032,95657511616512.0,0.0,0.0,33424,16792,-0.0,0.0,4.875902657766223e+34,71271792640.0,-0.0,-0.0,70.0,60.0,66,0.0,0.0,10.0,2.0,0.0,0.0,0.0,0.0,0.0,0.0,0.0,0.0,0.0,0.0,0.0,0.0,62.4,62,18,65518,45,65476,0,300,0,0,8,20529,65476,0,0,44564,60.0,0.0,10.0,10.0,2.0,0.0
2026-02-05T00:00:49,ERR,ERR,ERR,ERR,ERR,ERR,ERR,ERR,ERR,ERR,ERR,ERR,ERR,ERR,ERR,ERR,ERR,ERR,ERR,ERR,ERR,ERR,ERR,ERR,ERR,ERR,ERR,ERR,ERR,ERR,ERR,ERR,ERR,ERR,ERR,ERR,ERR,ERR,ERR,ERR,ERR,ERR,ERR,ERR,ERR,ERR,ERR,ERR,ERR,ERR,ERR,ERR,ERR,ERR,ERR,ERR,ERR,ERR,ERR,ERR,ERR,ERR,ERR,ERR,ERR,ERR,ERR,ERR,ERR,ERR,ERR,ERR,ERR,ERR,ERR,ERR,ERR,ERR,ERR,ERR,ERR,ERR,ERR,ERR,ERR,ERR,ERR,ERR,ERR,ERR,ERR,ERR,ERR,ERR,ERR,ERR,ERR,ERR,ERR,ERR,ERR,ERR,ERR,ERR,ERR,ERR,ERR,ERR,ERR,ERR,ERR,ERR,ERR,ERR,ERR,ERR,ERR,ERR,ERR,ERR,ERR,ERR,ERR,ERR,ERR,2.7184260577004195e+23,0.0,-109184352.0,0.0,0.0,-1.486,0.023,0.0,0,0,4,0,7670,-0.0,41,0.0,0.0,0.0,0.0,0.0,0,0,0,0,0.0,0,0,0,0,0,0,0,0,0,0,0,0,0,0,0,0,0,0,0,0,0,0,0,0,0,0,0,0,0,0,0,0,0,23,41,40,64,65476,0,300,0,0,8,21553,0.0,-107605600.0,0.0,0.0,0.0,0.0,0.0,0.0,0.0,0.0,0.0,0.0,0.0,0.0,0.0,0.0,0.0,0.0,0.0,0.0,0.0,2.004,2.004,-2.004,-0.0,-2.004,0.0,0.0,0.0,0.0,1680.5,-2.004,0.0,2.7184260577004195e+23,0.0,-0.0,2.7184312818759872e+23,0.0,0.0,2.004,2.004,68,4.066877080952309e+29,-2.3087939225007843e+20,0.0,0.0,0.0,0.0,0.0,0.0,0.0,0,0,0,0.0,-8.900490402220122e+21,-7.572885527066642e+21,2.2064557272043133e+31,0.0,0.01,-0.0,31.283,-46778753024.0,0.0,-0.0,0.646,-0.0,2789597440.0,0.0,-3.1226417916491165e+29,0,1.3516416376850534e+27,68,0.0,136,0.0,98688.258,0,39322,17071,26215,17092,26215,17065,0,0,0,105,99,100,-0.0,50.8,0.0,61.45,-107615200.0,63.0,1,47,48,180,26215,26215,0,0,0.0,0.0,0.0,0.0,-0.0,66.0,0.0,0.0,0.0,727,0,697,0,0,0,878,0,982,0,847,0,632,0,613,0,509,0,587,0.032,95107755802624.0,-2.004,-107615056.0,35472,16792,-0.0,0.0,-0.0,0.0,-0.0,-1342176624640.0,70.0,60.0,66,0.0,0.0,10.0,2.0,0.0,0.0,0.0,0.0,0.0,0.0,0.0,0.0,0.0,0.0,0.0,0.0,62.0,62,18,65518,45,65476,0,300,0,0,8,20529,65476,0,0,44564,60.0,0.0,10.0,10.0,2.0,0.0
2026-02-05T00:00:50,ERR,ERR,ERR,ERR,ERR,ERR,ERR,ERR,ERR,ERR,ERR,ERR,ERR,ERR,ERR,ERR,ERR,ERR,ERR,ERR,ERR,ERR,ERR,ERR,ERR,ERR,ERR,ERR,ERR,ERR,ERR,ERR,ERR,ERR,ERR,ERR,ERR,ERR,ERR,ERR,ERR,ERR,ERR,ERR,ERR,ERR,ERR,ERR,ERR,ERR,ERR,ERR,ERR,ERR,ERR,ERR,ERR,ERR,ERR,ERR,ERR,ERR,ERR,ERR,ERR,ERR,ERR,ERR,ERR,ERR,ERR,ERR,ERR,ERR,ERR,ERR,ERR,ERR,ERR,ERR,ERR,ERR,ERR,ERR,ERR,ERR,ERR,ERR,ERR,ERR,ERR,ERR,ERR,ERR,ERR,ERR,ERR,ERR,ERR,ERR,ERR,ERR,ERR,ERR,ERR,ERR,ERR,ERR,ERR,ERR,ERR,ERR,ERR,ERR,ERR,ERR,ERR,ERR,ERR,ERR,ERR,ERR,ERR,ERR,ERR,2.7184260577004195e+23,0.0,-109184352.0,0.0,0.0,-1.486,0.023,0.0,0,0,4,0,7670,-0.0,41,0.0,0.0,0.0,0.0,0.0,0,0,0,0,0.0,0,0,0,0,0,0,0,0,0,0,0,0,0,0,0,0,0,0,0,0,0,0,0,0,0,0,0,0,0,0,0,0,0,23,41,40,64,65476,0,300,0,0,8,21553,0.0,-107605600.0,0.0,0.0,0.0,0.0,0.0,0.0,0.0,0.0,0.0,0.0,0.0,0.0,0.0,0.0,0.0,0.0,0.0,0.0,0.0,2.004,2.004,-2.004,-0.0,-2.004,0.0,0.0,0.0,0.0,1680.5,-2.004,0.0,2.7184260577004195e+23,0.0,-0.0,2.7184312818759872e+23,0.0,0.0,2.004,2.004,68,4.066877080952309e+29,-2.3087939225007843e+20,0.0,0.0,0.0,0.0,0.0,0.0,0.0,0,0,0,0.0,-8.900490402220122e+21,-7.572885527066642e+21,2.2064557272043133e+31,0.0,0.01,-0.0,31.283,-46778753024.0,0.0,-0.0,0.646,-0.0,2789597440.0,0.0,-3.1226417916491165e+29,0,1.3516416376850534e+27,68,0.0,136,0.0,98688.258,0,39322,17071,26215,17092,26215,17065,0,0,0,105,99,100,-0.0,50.8,0.0,61.45,-107615200.0,63.0,1,47,48,180,26215,26215,0,0,0.0,0.0,0.0,0.0,-0.0,66.0,0.0,0.0,0.0,727,0,697,0,0,0,878,0,982,0,847,0,632,0,613,0,509,0,587,0.032,95107755802624.0,-2.004,-107615056.0,35472,16792,-0.0,0.0,-0.0,0.0,-0.0,-1342176624640.0,70.0,60.0,66,0.0,0.0,10.0,2.0,0.0,0.0,0.0,0.0,0.0,0.0,0.0,0.0,0.0,0.0,0.0,0.0,62.0,62,18,65518,45,65476,0,300,0,0,8,20529,65476,0,0,44564,60.0,0.0,10.0,10.0,2.0,0.0
2026-02-05T00:00:51,ERR,ERR,ERR,ERR,ERR,ERR,ERR,ERR,ERR,ERR,ERR,ERR,ERR,ERR,ERR,ERR,ERR,ERR,ERR,ERR,ERR,ERR,ERR,ERR,ERR,ERR,ERR,ERR,ERR,ERR,ERR,ERR,ERR,ERR,ERR,ERR,ERR,ERR,ERR,ERR,ERR,ERR,ERR,ERR,ERR,ERR,ERR,ERR,ERR,ERR,ERR,ERR,ERR,ERR,ERR,ERR,ERR,ERR,ERR,ERR,ERR,ERR,ERR,ERR,ERR,ERR,ERR,ERR,ERR,ERR,ERR,ERR,ERR,ERR,ERR,ERR,ERR,ERR,ERR,ERR,ERR,ERR,ERR,ERR,ERR,ERR,ERR,ERR,ERR,ERR,ERR,ERR,ERR,ERR,ERR,ERR,ERR,ERR,ERR,ERR,ERR,ERR,ERR,ERR,ERR,ERR,ERR,ERR,ERR,ERR,ERR,ERR,ERR,ERR,ERR,ERR,ERR,ERR,ERR,ERR,ERR,ERR,ERR,ERR,ERR,2.7184260577004195e+23,0.0,-109184352.0,0.0,0.0,-1.486,0.023,0.0,0,0,4,0,7670,-0.0,41,0.0,0.0,0.0,0.0,0.0,0,0,0,0,0.0,0,0,0,0,0,0,0,0,0,0,0,0,0,0,0,0,0,0,0,0,0,0,0,0,0,0,0,0,0,0,0,0,0,23,41,40,64,65476,0,300,0,0,8,21553,0.0,-107605600.0,0.0,0.0,0.0,0.0,0.0,0.0,0.0,0.0,0.0,0.0,0.0,0.0,0.0,0.0,0.0,0.0,0.0,0.0,0.0,2.004,2.004,-2.004,-0.0,-2.004,0.0,0.0,0.0,0.0,1680.5,-2.004,0.0,2.7184260577004195e+23,0.0,-0.0,2.7184312818759872e+23,0.0,0.0,2.004,2.004,68,4.066877080952309e+29,-2.3087939225007843e+20,0.0,0.0,0.0,0.0,0.0,0.0,0.0,0,0,0,0.0,-8.900490402220122e+21,-7.572885527066642e+21,2.2064557272043133e+31,0.0,0.01,-0.0,31.283,-46778753024.0,0.0,-0.0,0.646,-0.0,2789597440.0,0.0,-3.1226417916491165e+29,0,1.3516416376850534e+27,68,0.0,136,0.0,98688.258,0,39322,17071,26215,17092,26215,17065,0,0,0,105,99,100,-0.0,50.8,0.0,61.45,-107615200.0,63.0,1,47,48,180,26215,26215,0,0,0.0,0.0,0.0,0.0,-0.0,66.0,0.0,0.0,0.0,727,0,697,0,0,0,878,0,982,0,847,0,632,0,613,0,509,0,587,0.032,95107755802624.0,-2.004,-107615056.0,35472,16792,-0.0,0.0,-0.0,0.0,-0.0,-1342176624640.0,70.0,60.0,66,0.0,0.0,10.0,2.0,0.0,0.0,0.0,0.0,0.0,0.0,0.0,0.0,0.0,0.0,0.0,0.0,62.0,62,18,65518,45,65476,0,300,0,0,8,20529,65476,0,0,44564,60.0,0.0,10.0,10.0,2.0,0.0
2026-02-05T00:00:52,ERR,ERR,ERR,ERR,ERR,ERR,ERR,ERR,ERR,ERR,ERR,ERR,ERR,ERR,ERR,ERR,ERR,ERR,ERR,ERR,ERR,ERR,ERR,ERR,ERR,ERR,ERR,ERR,ERR,ERR,ERR,ERR,ERR,ERR,ERR,ERR,ERR,ERR,ERR,ERR,ERR,ERR,ERR,ERR,ERR,ERR,ERR,ERR,ERR,ERR,ERR,ERR,ERR,ERR,ERR,ERR,ERR,ERR,ERR,ERR,ERR,ERR,ERR,ERR,ERR,ERR,ERR,ERR,ERR,ERR,ERR,ERR,ERR,ERR,ERR,ERR,ERR,ERR,ERR,ERR,ERR,ERR,ERR,ERR,ERR,ERR,ERR,ERR,ERR,ERR,ERR,ERR,ERR,ERR,ERR,ERR,ERR,ERR,ERR,ERR,ERR,ERR,ERR,ERR,ERR,ERR,ERR,ERR,ERR,ERR,ERR,ERR,ERR,ERR,ERR,ERR,ERR,ERR,ERR,ERR,ERR,ERR,ERR,ERR,ERR,2.7184260577004195e+23,0.0,-109184352.0,0.0,0.0,0.0,-0.0,0.0,0,0,4,0,7670,-0.0,41,0.0,0.0,0.0,0.0,0.0,0,0,0,0,0.0,0,0,0,0,0,0,0,0,0,0,0,0,0,0,0,0,0,0,0,0,0,0,0,0,0,0,0,0,0,0,0,0,0,23,41,40,64,65476,0,300,0,0,8,21553,0.0,-107605600.0,0.0,0.0,0.0,0.0,0.0,0.0,0.0,0.0,0.0,0.0,0.0,0.0,0.0,0.0,0.0,0.0,0.0,0.0,0.0,2.004,2.004,-2.004,-0.0,-2.004,0.0,0.0,0.0,0.0,1680.0,-0.0,0.0,2.7184260577004195e+23,0.0,-0.0,2.7184312818759872e+23,0.0,0.0,2.004,2.004,68,2.7184285797162108e+23,-0.0,0.0,0.0,0.0,0.0,0.0,0.0,0.0,0,0,0,0.0,-0.0,-4.047744259670052e+27,-4.342633211522133e+30,0.0,-8.774851756737335e+36,1.053141934784109e+35,-3.995191080186408e+20,-0.0,0.0,-0.0,0.65,-0.0,2806374656.0,0.0,24149362.0,0,1.3516416376850534e+27,68,0.0,136,0.0,98688.258,0,39322,17071,26215,17092,26215,17065,0,0,0,105,99,100,-0.0,50.8,0.0,61.45,-107615200.0,63.0,1,47,48,180,26215,26215,0,0,0.0,0.0,0.0,0.0,-0.0,66.0,0.0,0.0,0.0,727,0,697,0,0,0,878,0,982,0,847,0,632,0,613,0,509,0,587,0.032,95107755802624.0,-2.004,-107615056.0,35472,16792,-0.0,0.0,-0.0,0.0,-0.0,-1342176624640.0,70.0,60.0,66,0.0,0.0,10.0,2.0,0.0,0.0,0.0,0.0,0.0,0.0,0.0,0.0,0.0,0.0,0.0,0.0,62.0,62,18,65518,45,65476,0,300,0,0,8,20529,65476,0,0,44564,60.0,0.0,10.0,10.0,2.0,0.0
2026-02-05T00:00:53,ERR,ERR,ERR,ERR,ERR,ERR,ERR,ERR,ERR,ERR,ERR,ERR,ERR,ERR,ERR,ERR,ERR,ERR,ERR,ERR,ERR,ERR,ERR,ERR,ERR,ERR,ERR,ERR,ERR,ERR,ERR,ERR,ERR,ERR,ERR,ERR,ERR,ERR,ERR,ERR,ERR,ERR,ERR,ERR,ERR,ERR,ERR,ERR,ERR,ERR,ERR,ERR,ERR,ERR,ERR,ERR,ERR,ERR,ERR,ERR,ERR,ERR,ERR,ERR,ERR,ERR,ERR,ERR,ERR,ERR,ERR,ERR,ERR,ERR,ERR,ERR,ERR,ERR,ERR,ERR,ERR,ERR,ERR,ERR,ERR,ERR,ERR,ERR,ERR,ERR,ERR,ERR,ERR,ERR,ERR,ERR,ERR,ERR,ERR,ERR,ERR,ERR,ERR,ERR,ERR,ERR,ERR,ERR,ERR,ERR,ERR,ERR,ERR,ERR,ERR,ERR,ERR,ERR,ERR,ERR,ERR,ERR,ERR,ERR,ERR,2.7184260577004195e+23,0.0,-109184352.0,0.0,0.0,0.0,-0.0,0.0,0,0,4,0,7670,-0.0,41,0.0,0.0,0.0,0.0,0.0,0,0,0,0,0.0,0,0,0,0,0,0,0,0,0,0,0,0,0,0,0,0,0,0,0,0,0,0,0,0,0,0,0,0,0,0,0,0,0,23,41,40,64,65476,0,300,0,0,8,21553,0.0,-107605600.0,0.0,0.0,0.0,0.0,0.0,0.0,0.0,0.0,0.0,0.0,0.0,0.0,0.0,0.0,0.0,0.0,0.0,0.0,0.0,2.004,2.004,-2.004,-0.0,-2.004,0.0,0.0,0.0,0.0,1680.0,-0.0,0.0,2.7184260577004195e+23,0.0,-0.0,2.7184312818759872e+23,0.0,0.0,2.004,2.004,68,2.7184285797162108e+23,-0.0,0.0,0.0,0.0,0.0,0.0,0.0,0.0,0,0,0,0.0,-0.0,-4.047744259670052e+27,-4.342633211522133e+30,0.0,-8.774851756737335e+36,1.053141934784109e+35,-3.995191080186408e+20,-0.0,0.0,-0.0,0.65,-0.0,2806374656.0,0.0,24149362.0,0,1.3516416376850534e+27,68,0.0,136,0.0,98688.258,0,39322,17071,26215,17092,26215,17065,0,0,0,105,99,100,-0.0,50.8,0.0,61.45,-107615200.0,63.0,1,47,48,180,26215,26215,0,0,0.0,0.0,0.0,0.0,-0.0,66.0,0.0,0.0,0.0,727,0,697,0,0,0,878,0,982,0,847,0,632,0,613,0,509,0,587,0.032,95107755802624.0,-2.004,-107615056.0,35472,16792,-0.0,0.0,-0.0,0.0,-0.0,-1342176624640.0,70.0,60.0,66,0.0,0.0,10.0,2.0,0.0,0.0,0.0,0.0,0.0,0.0,0.0,0.0,0.0,0.0,0.0,0.0,62.4,62,18,65518,45,65476,0,300,0,0,8,20529,65476,0,0,44564,60.0,0.0,10.0,10.0,2.0,0.0
2026-02-05T00:00:54,ERR,ERR,ERR,ERR,ERR,ERR,ERR,ERR,ERR,ERR,ERR,ERR,ERR,ERR,ERR,ERR,ERR,ERR,ERR,ERR,ERR,ERR,ERR,ERR,ERR,ERR,ERR,ERR,ERR,ERR,ERR,ERR,ERR,ERR,ERR,ERR,ERR,ERR,ERR,ERR,ERR,ERR,ERR,ERR,ERR,ERR,ERR,ERR,ERR,ERR,ERR,ERR,ERR,ERR,ERR,ERR,ERR,ERR,ERR,ERR,ERR,ERR,ERR,ERR,ERR,ERR,ERR,ERR,ERR,ERR,ERR,ERR,ERR,ERR,ERR,ERR,ERR,ERR,ERR,ERR,ERR,ERR,ERR,ERR,ERR,ERR,ERR,ERR,ERR,ERR,ERR,ERR,ERR,ERR,ERR,ERR,ERR,ERR,ERR,ERR,ERR,ERR,ERR,ERR,ERR,ERR,ERR,ERR,ERR,ERR,ERR,ERR,ERR,ERR,ERR,ERR,ERR,ERR,ERR,ERR,ERR,ERR,ERR,ERR,ERR,2.7184260577004195e+23,0.0,-109184352.0,0.0,0.0,0.0,-0.0,0.0,0,0,4,0,7670,-0.0,41,0.0,0.0,0.0,0.0,0.0,0,0,0,0,0.0,0,0,0,0,0,0,0,0,0,0,0,0,0,0,0,0,0,0,0,0,0,0,0,0,0,0,0,0,0,0,0,0,0,23,41,40,64,65476,0,300,0,0,8,21553,0.0,-107605600.0,0.0,0.0,0.0,0.0,0.0,0.0,0.0,0.0,0.0,0.0,0.0,0.0,0.0,0.0,0.0,0.0,0.0,0.0,0.0,2.004,2.004,-2.004,-0.0,-2.004,0.0,0.0,0.0,0.0,1680.0,-0.0,0.0,2.7184260577004195e+23,0.0,-0.0,2.7184312818759872e+23,0.0,0.0,2.004,2.004,68,2.7184285797162108e+23,-0.0,0.0,0.0,0.0,0.0,0.0,0.0,0.0,0,0,0,0.0,-0.0,-4.047744259670052e+27,-4.342633211522133e+30,0.0,-8.774851756737335e+36,1.053141934784109e+35,-3.995191080186408e+20,-0.0,0.0,-0.0,0.65,-0.0,2806374656.0,0.0,24149362.0,0,1.3516416376850534e+27,68,0.0,136,0.0,98688.258,0,39322,17071,26215,17092,26215,17065,0,0,0,105,99,100,-0.0,50.8,0.0,61.45,-107615200.0,63.0,1,47,48,180,26215,26215,0,0,0.0,0.0,0.0,0.0,-0.0,66.0,0.0,0.0,0.0,727,0,697,0,0,0,878,0,982,0,847,0,632,0,613,0,509,0,586,0.032,95107755802624.0,-0.0,2.7302294518918022e+23,20368,16792,-0.0,444.511,-0.0,44.689,-0.0,-0.0,70.0,60.0,66,0.0,0.0,10.0,2.0,0.0,0.0,0.0,0.0,0.0,0.0,0.0,0.0,0.0,0.0,0.0,0.0,62.4,62,18,65518,45,65476,0,300,0,0,8,20529,65476,0,0,44564,60.0,0.0,10.0,10.0,2.0,0.0
2026-02-05T00:00:55,ERR,ERR,ERR,ERR,ERR,ERR,ERR,ERR,ERR,ERR,ERR,ERR,ERR,ERR,ERR,ERR,ERR,ERR,ERR,ERR,ERR,ERR,ERR,ERR,ERR,ERR,ERR,ERR,ERR,ERR,ERR,ERR,ERR,ERR,ERR,ERR,ERR,ERR,ERR,ERR,ERR,ERR,ERR,ERR,ERR,ERR,ERR,ERR,ERR,ERR,ERR,ERR,ERR,ERR,ERR,ERR,ERR,ERR,ERR,ERR,ERR,ERR,ERR,ERR,ERR,ERR,ERR,ERR,ERR,ERR,ERR,ERR,ERR,ERR,ERR,ERR,ERR,ERR,ERR,ERR,ERR,ERR,ERR,ERR,ERR,ERR,ERR,ERR,ERR,ERR,ERR,ERR,ERR,ERR,ERR,ERR,ERR,ERR,ERR,ERR,ERR,ERR,ERR,ERR,ERR,ERR,ERR,ERR,ERR,ERR,ERR,ERR,ERR,ERR,ERR,ERR,ERR,ERR,ERR,ERR,ERR,ERR,ERR,ERR,ERR,2.7184260577004195e+23,0.0,-109184352.0,0.0,0.0,0.0,-0.0,0.0,0,0,4,0,7670,-0.0,41,0.0,0.0,0.0,0.0,0.0,0,0,0,0,0.0,0,0,0,0,0,0,0,0,0,0,0,0,0,0,0,0,0,0,0,0,0,0,0,0,0,0,0,0,0,0,0,0,0,23,41,40,64,65476,0,300,0,0,8,21553,0.0,-107605600.0,0.0,0.0,0.0,0.0,0.0,0.0,0.0,0.0,0.0,0.0,0.0,0.0,0.0,0.0,0.0,0.0,0.0,0.0,0.0,2.004,2.004,-2.004,-0.0,-2.004,0.0,0.0,0.0,0.0,1680.0,-0.0,0.0,2.7184260577004195e+23,0.0,-0.0,2.7184312818759872e+23,0.0,0.0,2.004,2.004,68,2.7184285797162108e+23,-0.0,0.0,0.0,0.0,0.0,0.0,0.0,0.0,0,0,0,0.0,-0.0,-4.047744259670052e+27,-4.342633211522133e+30,0.0,-8.774851756737335e+36,1.053141934784109e+35,-3.995191080186408e+20,-0.0,0.0,-0.0,0.65,-0.0,2806374656.0,0.0,24149362.0,0,1.3516416376850534e+27,68,0.0,136,0.0,98688.258,0,39322,17071,26215,17092,26215,17065,0,0,0,105,99,100,-0.0,50.8,0.0,61.45,-107615200.0,63.0,1,47,48,180,26215,26215,0,0,0.0,0.0,0.0,0.0,-0.0,66.0,0.0,0.0,0.0,727,0,697,0,0,0,878,0,982,0,847,0,632,0,613,0,509,0,586,0.032,95107755802624.0,-0.0,2.7302294518918022e+23,20368,16792,-0.0,444.511,-0.0,44.689,-0.0,-0.0,70.0,60.0,66,0.0,0.0,10.0,2.0,0.0,0.0,0.0,0.0,0.0,0.0,0.0,0.0,0.0,0.0,0.0,0.0,62.0,62,18,65518,45,65476,0,300,0,0,8,20529,65476,0,0,44564,60.0,0.0,10.0,10.0,2.0,0.0
2026-02-05T00:00:56,ERR,ERR,ERR,ERR,ERR,ERR,ERR,ERR,ERR,ERR,ERR,ERR,ERR,ERR,ERR,ERR,ERR,ERR,ERR,ERR,ERR,ERR,ERR,ERR,ERR,ERR,ERR,ERR,ERR,ERR,ERR,ERR,ERR,ERR,ERR,ERR,ERR,ERR,ERR,ERR,ERR,ERR,ERR,ERR,ERR,ERR,ERR,ERR,ERR,ERR,ERR,ERR,ERR,ERR,ERR,ERR,ERR,ERR,ERR,ERR,ERR,ERR,ERR,ERR,ERR,ERR,ERR,ERR,ERR,ERR,ERR,ERR,ERR,ERR,ERR,ERR,ERR,ERR,ERR,ERR,ERR,ERR,ERR,ERR,ERR,ERR,ERR,ERR,ERR,ERR,ERR,ERR,ERR,ERR,ERR,ERR,ERR,ERR,ERR,ERR,ERR,ERR,ERR,ERR,ERR,ERR,ERR,ERR,ERR,ERR,ERR,ERR,ERR,ERR,ERR,ERR,ERR,ERR,ERR,ERR,ERR,ERR,ERR,ERR,ERR,2.7184260577004195e+23,0.0,-109184352.0,0.0,0.0,0.0,-0.0,0.0,0,0,4,0,7670,-0.0,41,0.0,0.0,0.0,0.0,0.0,0,0,0,0,0.0,0,0,0,0,0,0,0,0,0,0,0,0,0,0,0,0,0,0,0,0,0,0,0,0,0,0,0,0,0,0,0,0,0,23,41,40,64,65476,0,300,0,0,8,21553,0.0,-107605600.0,0.0,0.0,0.0,0.0,0.0,0.0,0.0,0.0,0.0,0.0,0.0,0.0,0.0,0.0,0.0,0.0,0.0,0.0,0.0,2.004,2.004,-2.004,-0.0,-2.004,0.0,0.0,0.0,0.0,1680.0,-0.0,0.0,2.7184260577004195e+23,0.0,-0.0,2.7184312818759872e+23,0.0,0.0,2.004,2.004,68,2.7184285797162108e+23,-0.0,0.0,0.0,0.0,0.0,0.0,0.0,0.0,0,0,0,0.0,-0.0,-4.047744259670052e+27,-4.342633211522133e+30,0.0,-8.774851756737335e+36,1.053141934784109e+35,-3.995191080186408e+20,-0.0,0.0,-0.0,0.65,-0.0,2806374656.0,0.0,24149362.0,0,1.3516416376850534e+27,68,0.0,136,0.0,98688.258,0,39322,17071,26215,17092,26215,17065,0,0,0,105,99,100,-0.0,50.8,0.0,61.45,-107615200.0,63.0,1,47,48,180,26215,26215,0,0,0.0,0.0,0.0,0.0,-0.0,66.0,0.0,0.0,0.0,727,0,697,0,0,0,878,0,982,0,847,0,632,0,613,0,509,0,586,0.032,95107755802624.0,-0.0,2.7302294518918022e+23,20368,16792,-0.0,444.511,-0.0,44.689,-0.0,-0.0,70.0,60.0,66,0.0,0.0,10.0,2.0,0.0,0.0,0.0,0.0,0.0,0.0,0.0,0.0,0.0,0.0,0.0,0.0,62.0,62,18,65518,45,65476,0,300,0,0,8,20529,65476,0,0,44564,60.0,0.0,10.0,10.0,2.0,0.0
2026-02-05T00:00:57,ERR,ERR,ERR,ERR,ERR,ERR,ERR,ERR,ERR,ERR,ERR,ERR,ERR,ERR,ERR,ERR,ERR,ERR,ERR,ERR,ERR,ERR,ERR,ERR,ERR,ERR,ERR,ERR,ERR,ERR,ERR,ERR,ERR,ERR,ERR,ERR,ERR,ERR,ERR,ERR,ERR,ERR,ERR,ERR,ERR,ERR,ERR,ERR,ERR,ERR,ERR,ERR,ERR,ERR,ERR,ERR,ERR,ERR,ERR,ERR,ERR,ERR,ERR,ERR,ERR,ERR,ERR,ERR,ERR,ERR,ERR,ERR,ERR,ERR,ERR,ERR,ERR,ERR,ERR,ERR,ERR,ERR,ERR,ERR,ERR,ERR,ERR,ERR,ERR,ERR,ERR,ERR,ERR,ERR,ERR,ERR,ERR,ERR,ERR,ERR,ERR,ERR,ERR,ERR,ERR,ERR,ERR,ERR,ERR,ERR,ERR,ERR,ERR,ERR,ERR,ERR,ERR,ERR,ERR,ERR,ERR,ERR,ERR,ERR,ERR,2.7184260577004195e+23,0.0,-109184352.0,0.0,0.0,2.382273360995287e+18,-2.5298676479424522e+26,0.0,0,0,4,0,7670,-0.0,41,0.0,0.0,0.0,0.0,0.0,0,0,0,0,0.0,0,0,0,0,0,0,0,0,0,0,0,0,0,0,0,0,0,0,0,0,0,0,0,0,0,0,0,0,0,0,0,0,0,23,41,40,64,65476,0,300,0,0,8,21553,0.0,-107605600.0,0.0,0.0,0.0,0.0,0.0,0.0,0.0,0.0,0.0,0.0,0.0,0.0,0.0,0.0,0.0,0.0,0.0,0.0,0.0,2.004,2.004,-2.004,-0.0,-2.004,0.0,0.0,0.0,0.0,1680.5,2.004,0.0,2.7184260577004195e+23,0.0,-0.0,2.7184312818759872e+23,0.0,0.0,2.004,2.004,68,4.066877080952309e+29,-0.0,0.0,0.0,0.0,0.0,0.0,0.0,0.0,0,0,0,-1.0229383845228311e+37,6.298420878778768e+26,-5.5550017097530976e+23,0.0,0.0,-510125664.0,250463371264.0,-64.132,418333.594,0.0,-0.0,0.65,-0.0,2823151872.0,0.0,-0.0,0,1.3516416376850534e+27,68,0.0,136,0.0,98688.258,0,39322,17071,26215,17092,26215,17065,0,0,0,105,99,100,-0.0,50.8,0.0,61.45,-107615200.0,63.0,1,47,48,180,26215,26215,0,0,0.0,0.0,0.0,0.0,-0.0,66.0,0.0,0.0,0.0,727,0,697,0,0,0,878,0,982,0,847,0,632,0,613,0,509,0,586,0.032,95107755802624.0,-0.0,2.7302294518918022e+23,20368,16792,-0.0,444.511,-0.0,44.689,-0.0,-0.0,70.0,60.0,66,0.0,0.0,10.0,2.0,0.0,0.0,0.0,0.0,0.0,0.0,0.0,0.0,0.0,0.0,0.0,0.0,62.4,62,18,65518,45,65476,0,300,0,0,8,20529,65476,0,0,44564,60.0,0.0,10.0,10.0,2.0,0.0
2026-02-05T00:00:58,ERR,ERR,ERR,ERR,ERR,ERR,ERR,ERR,ERR,ERR,ERR,ERR,ERR,ERR,ERR,ERR,ERR,ERR,ERR,ERR,ERR,ERR,ERR,ERR,ERR,ERR,ERR,ERR,ERR,ERR,ERR,ERR,ERR,ERR,ERR,ERR,ERR,ERR,ERR,ERR,ERR,ERR,ERR,ERR,ERR,ERR,ERR,ERR,ERR,ERR,ERR,ERR,ERR,ERR,ERR,ERR,ERR,ERR,ERR,ERR,ERR,ERR,ERR,ERR,ERR,ERR,ERR,ERR,ERR,ERR,ERR,ERR,ERR,ERR,ERR,ERR,ERR,ERR,ERR,ERR,ERR,ERR,ERR,ERR,ERR,ERR,ERR,ERR,ERR,ERR,ERR,ERR,ERR,ERR,ERR,ERR,ERR,ERR,ERR,ERR,ERR,ERR,ERR,ERR,ERR,ERR,ERR,ERR,ERR,ERR,ERR,ERR,ERR,ERR,ERR,ERR,ERR,ERR,ERR,ERR,ERR,ERR,ERR,ERR,ERR,2.7184260577004195e+23,0.0,-109184352.0,0.0,0.0,2.382273360995287e+18,-2.5298676479424522e+26,0.0,0,0,4,0,7670,-0.0,41,0.0,0.0,0.0,0.0,0.0,0,0,0,0,0.0,0,0,0,0,0,0,0,0,0,0,0,0,0,0,0,0,0,0,0,0,0,0,0,0,0,0,0,0,0,0,0,0,0,23,41,40,64,65476,0,300,0,0,8,21553,0.0,-107605600.0,0.0,0.0,0.0,0.0,0.0,0.0,0.0,0.0,0.0,0.0,0.0,0.0,0.0,0.0,0.0,0.0,0.0,0.0,0.0,2.004,2.004,-2.004,-0.0,-2.004,0.0,0.0,0.0,0.0,1680.5,2.004,0.0,2.7184260577004195e+23,0.0,-0.0,2.7184312818759872e+23,0.0,0.0,2.004,2.004,68,4.066877080952309e+29,-0.0,0.0,0.0,0.0,0.0,0.0,0.0,0.0,0,0,0,-1.0229383845228311e+37,6.298420878778768e+26,-5.5550017097530976e+23,0.0,0.0,-510125664.0,250463371264.0,-64.132,418333.594,0.0,-0.0,0.65,-0.0,2823151872.0,0.0,-0.0,0,1.3516416376850534e+27,68,0.0,136,0.0,98688.258,0,39322,17071,26215,17092,26215,17065,0,0,0,105,99,100,-0.0,50.8,0.0,61.45,-107615200.0,63.0,1,47,48,180,26215,13107,0,0,0.0,0.0,0.0,0.0,-0.0,66.0,0.0,-2.35524873792313e+29,0.0,727,0,697,0,0,0,878,0,982,0,847,0,632,0,613,0,509,0,586,0.032,95657511616512.0,-0.0,2.7302294518918022e+23,22928,16792,-0.0,0.0,1.6267332982341727e+28,1.335971191070623e+20,3.8094397670593304e+32,-0.0,70.0,60.0,66,0.0,0.0,10.0,2.0,0.0,0.0,0.0,0.0,0.0,0.0,0.0,0.0,0.0,0.0,0.0,0.0,62.4,62,18,65518,45,65476,0,300,0,0,8,20529,65476,0,0,44564,60.0,0.0,10.0,10.0,2.0,0.0
2026-02-05T00:00:59,ERR,ERR,ERR,ERR,ERR,ERR,ERR,ERR,ERR,ERR,ERR,ERR,ERR,ERR,ERR,ERR,ERR,ERR,ERR,ERR,ERR,ERR,ERR,ERR,ERR,ERR,ERR,ERR,ERR,ERR,ERR,ERR,ERR,ERR,ERR,ERR,ERR,ERR,ERR,ERR,ERR,ERR,ERR,ERR,ERR,ERR,ERR,ERR,ERR,ERR,ERR,ERR,ERR,ERR,ERR,ERR,ERR,ERR,ERR,ERR,ERR,ERR,ERR,ERR,ERR,ERR,ERR,ERR,ERR,ERR,ERR,ERR,ERR,ERR,ERR,ERR,ERR,ERR,ERR,ERR,ERR,ERR,ERR,ERR,ERR,ERR,ERR,ERR,ERR,ERR,ERR,ERR,ERR,ERR,ERR,ERR,ERR,ERR,ERR,ERR,ERR,ERR,ERR,ERR,ERR,ERR,ERR,ERR,ERR,ERR,ERR,ERR,ERR,ERR,ERR,ERR,ERR,ERR,ERR,ERR,ERR,ERR,ERR,ERR,ERR,2.7184260577004195e+23,0.0,-109184352.0,0.0,0.0,2.382273360995287e+18,-2.5298676479424522e+26,0.0,0,0,4,0,7670,-0.0,41,0.0,0.0,0.0,0.0,0.0,0,0,0,0,0.0,0,0,0,0,0,0,0,0,0,0,0,0,0,0,0,0,0,0,0,0,0,0,0,0,0,0,0,0,0,0,0,0,0,23,41,40,64,65476,0,300,0,0,8,21553,0.0,-107605600.0,0.0,0.0,0.0,0.0,0.0,0.0,0.0,0.0,0.0,0.0,0.0,0.0,0.0,0.0,0.0,0.0,0.0,0.0,0.0,2.004,2.004,-2.004,-0.0,-2.004,0.0,0.0,0.0,0.0,1680.5,2.004,0.0,2.7184260577004195e+23,0.0,-0.0,2.7184312818759872e+23,0.0,0.0,2.004,2.004,68,4.066877080952309e+29,-0.0,0.0,0.0,0.0,0.0,0.0,0.0,0.0,0,0,0,-1.0229383845228311e+37,6.298420878778768e+26,-5.5550017097530976e+23,0.0,0.0,-510125664.0,250463371264.0,-64.132,418333.594,0.0,-0.0,0.65,-0.0,2823151872.0,0.0,-0.0,0,1.3516416376850534e+27,68,0.0,136,0.0,98688.258,0,39322,17071,26215,17092,26215,17065,0,0,0,105,99,100,-0.0,50.8,0.0,61.45,-107615200.0,63.0,1,47,48,180,26215,13107,0,0,0.0,0.0,0.0,0.0,-0.0,66.0,0.0,-2.35524873792313e+29,0.0,727,0,697,0,0,0,878,0,982,0,847,0,632,0,613,0,509,0,586,0.032,95657511616512.0,-0.0,2.7302294518918022e+23,22928,16792,-0.0,0.0,1.6267332982341727e+28,1.335971191070623e+20,3.8094397670593304e+32,-0.0,70.0,60.0,66,0.0,0.0,10.0,2.0,0.0,0.0,0.0,0.0,0.0,0.0,0.0,0.0,0.0,0.0,0.0,0.0,62.0,62,18,65518,45,65476,0,300,0,0,8,20529,65476,0,0,44564,60.0,0.0,10.0,10.0,2.0,0.0
2026-02-05T00:01:00,ERR,ERR,ERR,ERR,ERR,ERR,ERR,ERR,ERR,ERR,ERR,ERR,ERR,ERR,ERR,ERR,ERR,ERR,ERR,ERR,ERR,ERR,ERR,ERR,ERR,ERR,ERR,ERR,ERR,ERR,ERR,ERR,ERR,ERR,ERR,ERR,ERR,ERR,ERR,ERR,ERR,ERR,ERR,ERR,ERR,ERR,ERR,ERR,ERR,ERR,ERR,ERR,ERR,ERR,ERR,ERR,ERR,ERR,ERR,ERR,ERR,ERR,ERR,ERR,ERR,ERR,ERR,ERR,ERR,ERR,ERR,ERR,ERR,ERR,ERR,ERR,ERR,ERR,ERR,ERR,ERR,ERR,ERR,ERR,ERR,ERR,ERR,ERR,ERR,ERR,ERR,ERR,ERR,ERR,ERR,ERR,ERR,ERR,ERR,ERR,ERR,ERR,ERR,ERR,ERR,ERR,ERR,ERR,ERR,ERR,ERR,ERR,ERR,ERR,ERR,ERR,ERR,ERR,ERR,ERR,ERR,ERR,ERR,ERR,ERR,2.7184260577004195e+23,0.0,-109184352.0,0.0,0.0,2.382273360995287e+18,-2.5298676479424522e+26,0.0,0,0,4,0,7670,-0.0,41,0.0,0.0,0.0,0.0,0.0,0,0,0,0,0.0,0,0,0,0,0,0,0,0,0,0,0,0,0,0,0,0,0,0,0,0,0,0,0,0,0,0,0,0,0,0,0,0,0,23,41,40,64,65476,0,300,0,0,8,21553,0.0,-107605600.0,0.0,0.0,0.0,0.0,0.0,0.0,0.0,0.0,0.0,0.0,0.0,0.0,0.0,0.0,0.0,0.0,0.0,0.0,0.0,2.004,2.004,-2.004,-0.0,-2.004,0.0,0.0,0.0,0.0,1680.5,2.004,0.0,2.7184260577004195e+23,0.0,-0.0,2.7184312818759872e+23,0.0,0.0,2.004,2.004,68,4.066877080952309e+29,-0.0,0.0,0.0,0.0,0.0,0.0,0.0,0.0,0,0,0,-1.0229383845228311e+37,6.298420878778768e+26,-5.5550017097530976e+23,0.0,0.0,-510125664.0,250463371264.0,-64.132,418333.594,0.0,-0.0,0.65,-0.0,2823151872.0,0.0,-0.0,0,1.3516416376850534e+27,68,0.0,136,0.0,98688.258,0,39322,17071,26215,17092,26215,17065,0,0,0,105,99,100,-0.0,50.8,0.0,61.45,-107615200.0,63.0,1,47,48,180,26215,13107,0,0,0.0,0.0,0.0,0.0,-0.0,66.0,0.0,-2.35524873792313e+29,0.0,727,0,697,0,0,0,878,0,982,0,847,0,632,0,613,0,509,0,586,0.032,95657511616512.0,-0.0,2.7302294518918022e+23,22928,16792,-0.0,0.0,1.6267332982341727e+28,1.335971191070623e+20,3.8094397670593304e+32,-0.0,70.0,60.0,66,0.0,0.0,10.0,2.0,0.0,0.0,0.0,0.0,0.0,0.0,0.0,0.0,0.0,0.0,0.0,0.0,62.0,62,18,65518,45,65476,0,300,0,0,8,20529,65476,0,0,44564,60.0,0.0,10.0,10.0,2.0,0.0
2026-02-05T00:01:01,ERR,ERR,ERR,ERR,ERR,ERR,ERR,ERR,ERR,ERR,ERR,ERR,ERR,ERR,ERR,ERR,ERR,ERR,ERR,ERR,ERR,ERR,ERR,ERR,ERR,ERR,ERR,ERR,ERR,ERR,ERR,ERR,ERR,ERR,ERR,ERR,ERR,ERR,ERR,ERR,ERR,ERR,ERR,ERR,ERR,ERR,ERR,ERR,ERR,ERR,ERR,ERR,ERR,ERR,ERR,ERR,ERR,ERR,ERR,ERR,ERR,ERR,ERR,ERR,ERR,ERR,ERR,ERR,ERR,ERR,ERR,ERR,ERR,ERR,ERR,ERR,ERR,ERR,ERR,ERR,ERR,ERR,ERR,ERR,ERR,ERR,ERR,ERR,ERR,ERR,ERR,ERR,ERR,ERR,ERR,ERR,ERR,ERR,ERR,ERR,ERR,ERR,ERR,ERR,ERR,ERR,ERR,ERR,ERR,ERR,ERR,ERR,ERR,ERR,ERR,ERR,ERR,ERR,ERR,ERR,ERR,ERR,ERR,ERR,ERR,2.7184260577004195e+23,0.0,-109184352.0,0.0,0.0,2.382273360995287e+18,-2.5298676479424522e+26,0.0,0,0,4,0,7670,-0.0,41,0.0,0.0,0.0,0.0,0.0,0,0,0,0,0.0,0,0,0,0,0,0,0,0,0,0,0,0,0,0,0,0,0,0,0,0,0,0,0,0,0,0,0,0,0,0,0,0,0,23,41,40,64,65476,0,300,0,0,8,21553,0.0,-107605600.0,0.0,0.0,0.0,0.0,0.0,0.0,0.0,0.0,0.0,0.0,0.0,0.0,0.0,0.0,0.0,0.0,0.0,0.0,0.0,2.004,2.004,-2.004,-0.0,-2.004,0.0,0.0,0.0,0.0,1680.5,2.004,0.0,2.7184260577004195e+23,0.0,-0.0,2.7184312818759872e+23,0.0,0.0,2.004,2.004,68,4.066877080952309e+29,-0.0,0.0,0.0,0.0,0.0,0.0,0.0,0.0,0,0,0,-1.0229383845228311e+37,6.298420878778768e+26,-5.5550017097530976e+23,0.0,0.0,-510125664.0,250463371264.0,-64.132,418333.594,0.0,-0.0,0.65,-0.0,2823151872.0,0.0,-0.0,0,1.3516416376850534e+27,68,0.0,136,0.0,98688.258,0,39322,17071,26215,17092,26215,17065,0,0,0,105,99,100,-0.0,50.8,0.0,61.45,-107615200.0,63.0,1,47,48,180,26215,13107,0,0,0.0,0.0,0.0,0.0,-0.0,66.0,0.0,-2.35524873792313e+29,0.0,727,0,697,0,0,0,878,0,982,0,847,0,632,0,613,0,509,0,586,0.032,95657511616512.0,-0.0,2.7302294518918022e+23,22928,16792,-0.0,0.0,1.6267332982341727e+28,1.335971191070623e+20,3.8094397670593304e+32,-0.0,70.0,60.0,66,0.0,0.0,10.0,2.0,0.0,0.0,0.0,0.0,0.0,0.0,0.0,0.0,0.0,0.0,0.0,0.0,62.0,62,18,65518,45,65476,0,300,0,0,8,20529,65476,0,0,44564,60.0,0.0,10.0,10.0,2.0,0.0
2026-02-05T00:01:02,ERR,ERR,ERR,ERR,ERR,ERR,ERR,ERR,ERR,ERR,ERR,ERR,ERR,ERR,ERR,ERR,ERR,ERR,ERR,ERR,ERR,ERR,ERR,ERR,ERR,ERR,ERR,ERR,ERR,ERR,ERR,ERR,ERR,ERR,ERR,ERR,ERR,ERR,ERR,ERR,ERR,ERR,ERR,ERR,ERR,ERR,ERR,ERR,ERR,ERR,ERR,ERR,ERR,ERR,ERR,ERR,ERR,ERR,ERR,ERR,ERR,ERR,ERR,ERR,ERR,ERR,ERR,ERR,ERR,ERR,ERR,ERR,ERR,ERR,ERR,ERR,ERR,ERR,ERR,ERR,ERR,ERR,ERR,ERR,ERR,ERR,ERR,ERR,ERR,ERR,ERR,ERR,ERR,ERR,ERR,ERR,ERR,ERR,ERR,ERR,ERR,ERR,ERR,ERR,ERR,ERR,ERR,ERR,ERR,ERR,ERR,ERR,ERR,ERR,ERR,ERR,ERR,ERR,ERR,ERR,ERR,ERR,ERR,ERR,ERR,2.7184260577004195e+23,0.0,-109184352.0,0.0,0.0,2.382273360995287e+18,-2.5298676479424522e+26,0.0,0,0,4,0,7670,-0.0,41,0.0,0.0,0.0,0.0,0.0,0,0,0,0,0.0,0,0,0,0,0,0,0,0,0,0,0,0,0,0,0,0,0,0,0,0,0,0,0,0,0,0,0,0,0,0,0,0,0,23,41,40,64,65476,0,300,0,0,8,21553,0.0,-107605600.0,0.0,0.0,0.0,0.0,0.0,0.0,0.0,0.0,0.0,0.0,0.0,0.0,0.0,0.0,0.0,0.0,0.0,0.0,0.0,2.004,2.004,-2.004,-0.0,-2.004,0.0,0.0,0.0,0.0,1680.5,2.004,0.0,2.7184260577004195e+23,0.0,-0.0,2.7184312818759872e+23,0.0,0.0,2.004,2.004,68,4.066877080952309e+29,-0.0,0.0,0.0,0.0,0.0,0.0,0.0,0.0,0,0,0,-1.0229383845228311e+37,6.298420878778768e+26,-5.5550017097530976e+23,0.0,0.0,-510125664.0,250463371264.0,-64.132,418333.594,0.0,-0.0,0.65,-0.0,2823151872.0,0.0,-0.0,0,1.3516416376850534e+27,68,0.0,136,0.0,98688.258,0,39322,17071,26215,17092,26215,17065,0,0,0,105,99,100,-0.0,50.8,0.0,61.45,-107615200.0,63.0,1,47,48,180,26215,26215,0,0,0.0,0.0,0.0,0.0,-0.0,66.0,0.0,-1.603561590376028e+28,0.0,727,0,697,0,0,0,878,0,982,0,847,0,632,0,613,0,509,0,586,0.032,95657511616512.0,-0.0,2.7302294518918022e+23,32912,16792,-0.0,-1.603561590376028e+28,0.0,-63937.039,0.0,0.0,70.0,60.0,66,0.0,0.0,10.0,2.0,0.0,0.0,0.0,0.0,0.0,0.0,0.0,0.0,0.0,0.0,0.0,0.0,62.0,62,18,65518,45,65476,0,300,0,0,8,20529,65476,0,0,44564,60.0,0.0,10.0,10.0,2.0,0.0
2026-02-05T00:01:03,ERR,ERR,ERR,ERR,ERR,ERR,ERR,ERR,ERR,ERR,ERR,ERR,ERR,ERR,ERR,ERR,ERR,ERR,ERR,ERR,ERR,ERR,ERR,ERR,ERR,ERR,ERR,ERR,ERR,ERR,ERR,ERR,ERR,ERR,ERR,ERR,ERR,ERR,ERR,ERR,ERR,ERR,ERR,ERR,ERR,ERR,ERR,ERR,ERR,ERR,ERR,ERR,ERR,ERR,ERR,ERR,ERR,ERR,ERR,ERR,ERR,ERR,ERR,ERR,ERR,ERR,ERR,ERR,ERR,ERR,ERR,ERR,ERR,ERR,ERR,ERR,ERR,ERR,ERR,ERR,ERR,ERR,ERR,ERR,ERR,ERR,ERR,ERR,ERR,ERR,ERR,ERR,ERR,ERR,ERR,ERR,ERR,ERR,ERR,ERR,ERR,ERR,ERR,ERR,ERR,ERR,ERR,ERR,ERR,ERR,ERR,ERR,ERR,ERR,ERR,ERR,ERR,ERR,ERR,ERR,ERR,ERR,ERR,ERR,ERR,2.7184260577004195e+23,0.0,-109184352.0,0.0,0.0,2.382273360995287e+18,-2.5298676479424522e+26,0.0,0,0,4,0,7670,-0.0,41,0.0,0.0,0.0,0.0,0.0,0,0,0,0,0.0,0,0,0,0,0,0,0,0,0,0,0,0,0,0,0,0,0,0,0,0,0,0,0,0,0,0,0,0,0,0,0,0,0,23,41,40,64,65476,0,300,0,0,8,21553,0.0,-107605600.0,0.0,0.0,0.0,0.0,0.0,0.0,0.0,0.0,0.0,0.0,0.0,0.0,0.0,0.0,0.0,0.0,0.0,0.0,0.0,2.004,2.004,-2.004,-0.0,-2.004,0.0,0.0,0.0,0.0,1680.5,2.004,0.0,2.7184260577004195e+23,0.0,-0.0,2.7184312818759872e+23,0.0,0.0,2.004,2.004,68,4.066877080952309e+29,-0.0,0.0,0.0,0.0,0.0,0.0,0.0,0.0,0,0,0,-1.0229383845228311e+37,6.298420878778768e+26,-5.5550017097530976e+23,0.0,0.0,-510125664.0,250463371264.0,-64.132,418333.594,0.0,-0.0,0.65,-0.0,2823151872.0,0.0,-0.0,0,1.3516416376850534e+27,68,0.0,136,0.0,98688.258,0,39322,17071,26215,17092,26215,17065,0,0,0,105,99,100,-0.0,50.8,0.0,61.45,-107615200.0,63.0,1,47,48,180,26215,26215,0,0,0.0,0.0,0.0,0.0,-0.0,66.0,0.0,-1.603561590376028e+28,0.0,727,0,697,0,0,0,878,0,982,0,847,0,632,0,613,0,509,0,586,0.032,95657511616512.0,-0.0,2.7302294518918022e+23,32912,16792,-0.0,-1.603561590376028e+28,0.0,-63937.039,0.0,0.0,70.0,60.0,66,0.0,0.0,10.0,2.0,0.0,0.0,0.0,0.0,0.0,0.0,0.0,0.0,0.0,0.0,0.0,0.0,62.0,62,18,65518,45,65476,0,300,0,0,8,20529,65476,0,0,44564,60.0,0.0,10.0,10.0,2.0,0.0
2026-02-05T00:01:04,ERR,ERR,ERR,ERR,ERR,ERR,ERR,ERR,ERR,ERR,ERR,ERR,ERR,ERR,ERR,ERR,ERR,ERR,ERR,ERR,ERR,ERR,ERR,ERR,ERR,ERR,ERR,ERR,ERR,ERR,ERR,ERR,ERR,ERR,ERR,ERR,ERR,ERR,ERR,ERR,ERR,ERR,ERR,ERR,ERR,ERR,ERR,ERR,ERR,ERR,ERR,ERR,ERR,ERR,ERR,ERR,ERR,ERR,ERR,ERR,ERR,ERR,ERR,ERR,ERR,ERR,ERR,ERR,ERR,ERR,ERR,ERR,ERR,ERR,ERR,ERR,ERR,ERR,ERR,ERR,ERR,ERR,ERR,ERR,ERR,ERR,ERR,ERR,ERR,ERR,ERR,ERR,ERR,ERR,ERR,ERR,ERR,ERR,ERR,ERR,ERR,ERR,ERR,ERR,ERR,ERR,ERR,ERR,ERR,ERR,ERR,ERR,ERR,ERR,ERR,ERR,ERR,ERR,ERR,ERR,ERR,ERR,ERR,ERR,ERR,2.7184260577004195e+23,0.0,-109184352.0,0.0,0.0,0.0,-0.0,0.0,0,0,4,0,7670,-0.0,41,0.0,0.0,0.0,0.0,0.0,0,0,0,0,0.0,0,0,0,0,0,0,0,0,0,0,0,0,0,0,0,0,0,0,0,0,0,0,0,0,0,0,0,0,0,0,0,0,0,23,41,40,64,65476,0,300,0,0,8,21553,0.0,-107605600.0,0.0,0.0,0.0,0.0,0.0,0.0,0.0,0.0,0.0,0.0,0.0,0.0,0.0,0.0,0.0,0.0,0.0,0.0,0.0,2.004,2.004,-0.0,-0.0,-2.004,0.0,0.0,0.0,0.0,1695.75,-3.6970977328898245e+19,0.0,2.7184260577004195e+23,-107615280.0,-0.0,2.7184312818759872e+23,0.0,0.0,2.004,2.004,68,2.308838958497058e+20,-0.0,0.0,0.0,0.0,0.0,0.0,0.0,0.0,0,0,0,-3.017003991766085e+36,-0.0,-24865.725,-178428.859,0.0,-0.0,812082.0,-0.0,0.0,0.0,-0.0,0.653,-0.0,2839929088.0,0.0,0.0,0,1.3516416376850534e+27,68,0.0,136,0.0,98688.258,0,39322,17071,26215,17092,26215,17065,0,0,0,105,99,100,-0.0,50.8,0.0,61.45,-107615200.0,63.0,1,47,48,180,26215,26215,0,0,0.0,0.0,0.0,0.0,-0.0,66.0,0.0,-1.603561590376028e+28,0.0,727,0,697,0,0,0,878,0,982,0,847,0,632,0,613,0,509,0,586,0.032,95657511616512.0,-0.0,2.7302294518918022e+23,32912,16792,-0.0,-1.603561590376028e+28,0.0,-63937.039,0.0,0.0,70.0,60.0,66,0.0,0.0,10.0,2.0,0.0,0.0,0.0,0.0,0.0,0.0,0.0,0.0,0.0,0.0,0.0,0.0,62.0,62,18,65518,45,65476,0,300,0,0,8,20529,65476,0,0,44564,60.0,0.0,10.0,10.0,2.0,0.0
2026-02-05T00:01:05,ERR,ERR,ERR,ERR,ERR,ERR,ERR,ERR,ERR,ERR,ERR,ERR,ERR,ERR,ERR,ERR,ERR,ERR,ERR,ERR,ERR,ERR,ERR,ERR,ERR,ERR,ERR,ERR,ERR,ERR,ERR,ERR,ERR,ERR,ERR,ERR,ERR,ERR,ERR,ERR,ERR,ERR,ERR,ERR,ERR,ERR,ERR,ERR,ERR,ERR,ERR,ERR,ERR,ERR,ERR,ERR,ERR,ERR,ERR,ERR,ERR,ERR,ERR,ERR,ERR,ERR,ERR,ERR,ERR,ERR,ERR,ERR,ERR,ERR,ERR,ERR,ERR,ERR,ERR,ERR,ERR,ERR,ERR,ERR,ERR,ERR,ERR,ERR,ERR,ERR,ERR,ERR,ERR,ERR,ERR,ERR,ERR,ERR,ERR,ERR,ERR,ERR,ERR,ERR,ERR,ERR,ERR,ERR,ERR,ERR,ERR,ERR,ERR,ERR,ERR,ERR,ERR,ERR,ERR,ERR,ERR,ERR,ERR,ERR,ERR,2.7184260577004195e+23,0.0,-109184352.0,0.0,0.0,0.0,-0.0,0.0,0,0,4,0,7670,-0.0,41,0.0,0.0,0.0,0.0,0.0,0,0,0,0,0.0,0,0,0,0,0,0,0,0,0,0,0,0,0,0,0,0,0,0,0,0,0,0,0,0,0,0,0,0,0,0,0,0,0,23,41,40,64,65476,0,300,0,0,8,21553,0.0,-107605600.0,0.0,0.0,0.0,0.0,0.0,0.0,0.0,0.0,0.0,0.0,0.0,0.0,0.0,0.0,0.0,0.0,0.0,0.0,0.0,2.004,2.004,-0.0,-0.0,-2.004,0.0,0.0,0.0,0.0,1695.75,-3.6970977328898245e+19,0.0,2.7184260577004195e+23,-107615280.0,-0.0,2.7184312818759872e+23,0.0,0.0,2.004,2.004,68,2.308838958497058e+20,-0.0,0.0,0.0,0.0,0.0,0.0,0.0,0.0,0,0,0,-3.017003991766085e+36,-0.0,-24865.725,-178428.859,0.0,-0.0,812082.0,-0.0,0.0,0.0,-0.0,0.653,-0.0,2839929088.0,0.0,0.0,0,1.3516416376850534e+27,68,0.0,136,0.0,98688.258,0,39322,17071,26215,17092,26215,17065,0,0,0,105,99,100,-0.0,50.8,0.0,61.45,-107615200.0,63.0,1,47,48,180,26215,26215,0,0,0.0,0.0,0.0,0.0,-0.0,66.0,0.0,-1.603561590376028e+28,0.0,727,0,697,0,0,0,878,0,982,0,847,0,632,0,613,0,509,0,586,0.032,95657511616512.0,-0.0,2.7302294518918022e+23,32912,16792,-0.0,-1.603561590376028e+28,0.0,-63937.039,0.0,0.0,70.0,60.0,66,0.0,0.0,10.0,2.0,0.0,0.0,0.0,0.0,0.0,0.0,0.0,0.0,0.0,0.0,0.0,0.0,62.0,62,18,65518,45,65476,0,300,0,0,8,20529,65476,0,0,44564,60.0,0.0,10.0,10.0,2.0,0.0
2026-02-05T00:01:06,ERR,ERR,ERR,ERR,ERR,ERR,ERR,ERR,ERR,ERR,ERR,ERR,ERR,ERR,ERR,ERR,ERR,ERR,ERR,ERR,ERR,ERR,ERR,ERR,ERR,ERR,ERR,ERR,ERR,ERR,ERR,ERR,ERR,ERR,ERR,ERR,ERR,ERR,ERR,ERR,ERR,ERR,ERR,ERR,ERR,ERR,ERR,ERR,ERR,ERR,ERR,ERR,ERR,ERR,ERR,ERR,ERR,ERR,ERR,ERR,ERR,ERR,ERR,ERR,ERR,ERR,ERR,ERR,ERR,ERR,ERR,ERR,ERR,ERR,ERR,ERR,ERR,ERR,ERR,ERR,ERR,ERR,ERR,ERR,ERR,ERR,ERR,ERR,ERR,ERR,ERR,ERR,ERR,ERR,ERR,ERR,ERR,ERR,ERR,ERR,ERR,ERR,ERR,ERR,ERR,ERR,ERR,ERR,ERR,ERR,ERR,ERR,ERR,ERR,ERR,ERR,ERR,ERR,ERR,ERR,ERR,ERR,ERR,ERR,ERR,2.7184260577004195e+23,0.0,-109184352.0,0.0,0.0,0.0,-0.0,0.0,0,0,4,0,7670,-0.0,41,0.0,0.0,0.0,0.0,0.0,0,0,0,0,0.0,0,0,0,0,0,0,0,0,0,0,0,0,0,0,0,0,0,0,0,0,0,0,0,0,0,0,0,0,0,0,0,0,0,23,41,40,64,65476,0,300,0,0,8,21553,0.0,-107605600.0,0.0,0.0,0.0,0.0,0.0,0.0,0.0,0.0,0.0,0.0,0.0,0.0,0.0,0.0,0.0,0.0,0.0,0.0,0.0,2.004,2.004,-0.0,-0.0,-2.004,0.0,0.0,0.0,0.0,1695.75,-3.6970977328898245e+19,0.0,2.7184260577004195e+23,-107615280.0,-0.0,2.7184312818759872e+23,0.0,0.0,2.004,2.004,68,2.308838958497058e+20,-0.0,0.0,0.0,0.0,0.0,0.0,0.0,0.0,0,0,0,-3.017003991766085e+36,-0.0,-24865.725,-178428.859,0.0,-0.0,812082.0,-0.0,0.0,0.0,-0.0,0.653,-0.0,2839929088.0,0.0,0.0,0,1.3516416376850534e+27,68,0.0,136,0.0,98688.258,0,39322,17071,26215,17092,26215,17065,0,0,0,105,99,100,-0.0,50.8,0.0,61.45,-107615200.0,63.0,1,47,48,180,26215,26215,0,0,0.0,0.0,0.0,0.0,-0.0,66.0,0.0,-1.603561590376028e+28,0.0,727,0,697,0,0,0,878,0,982,0,847,0,632,0,613,0,509,0,586,0.032,95657511616512.0,-0.0,2.7302294518918022e+23,32912,16792,-0.0,-1.603561590376028e+28,0.0,-63937.039,0.0,0.0,70.0,60.0,66,0.0,0.0,10.0,2.0,0.0,0.0,0.0,0.0,0.0,0.0,0.0,0.0,0.0,0.0,0.0,0.0,62.0,62,18,65518,45,65476,0,300,0,0,8,20529,65476,0,0,44564,60.0,0.0,10.0,10.0,2.0,0.0
2026-02-05T00:01:07,ERR,ERR,ERR,ERR,ERR,ERR,ERR,ERR,ERR,ERR,ERR,ERR,ERR,ERR,ERR,ERR,ERR,ERR,ERR,ERR,ERR,ERR,ERR,ERR,ERR,ERR,ERR,ERR,ERR,ERR,ERR,ERR,ERR,ERR,ERR,ERR,ERR,ERR,ERR,ERR,ERR,ERR,ERR,ERR,ERR,ERR,ERR,ERR,ERR,ERR,ERR,ERR,ERR,ERR,ERR,ERR,ERR,ERR,ERR,ERR,ERR,ERR,ERR,ERR,ERR,ERR,ERR,ERR,ERR,ERR,ERR,ERR,ERR,ERR,ERR,ERR,ERR,ERR,ERR,ERR,ERR,ERR,ERR,ERR,ERR,ERR,ERR,ERR,ERR,ERR,ERR,ERR,ERR,ERR,ERR,ERR,ERR,ERR,ERR,ERR,ERR,ERR,ERR,ERR,ERR,ERR,ERR,ERR,ERR,ERR,ERR,ERR,ERR,ERR,ERR,ERR,ERR,ERR,ERR,ERR,ERR,ERR,ERR,ERR,ERR,2.7184260577004195e+23,0.0,-109184352.0,0.0,0.0,0.0,-0.0,0.0,0,0,4,0,7670,-0.0,41,0.0,0.0,0.0,0.0,0.0,0,0,0,0,0.0,0,0,0,0,0,0,0,0,0,0,0,0,0,0,0,0,0,0,0,0,0,0,0,0,0,0,0,0,0,0,0,0,0,23,41,40,64,65476,0,300,0,0,8,21553,0.0,-107605600.0,0.0,0.0,0.0,0.0,0.0,0.0,0.0,0.0,0.0,0.0,0.0,0.0,0.0,0.0,0.0,0.0,0.0,0.0,0.0,2.004,2.004,-0.0,-0.0,-2.004,0.0,0.0,0.0,0.0,1695.75,-3.6970977328898245e+19,0.0,2.7184260577004195e+23,-107615280.0,-0.0,2.7184312818759872e+23,0.0,0.0,2.004,2.004,68,2.308838958497058e+20,-0.0,0.0,0.0,0.0,0.0,0.0,0.0,0.0,0,0,0,-3.017003991766085e+36,-0.0,-24865.725,-178428.859,0.0,-0.0,812082.0,-0.0,0.0,0.0,-0.0,0.653,-0.0,2839929088.0,0.0,0.0,0,1.3516416376850534e+27,68,0.0,136,0.0,98688.258,0,39322,17071,26215,17092,26215,17065,0,0,0,105,99,100,-0.0,50.8,0.0,61.45,-107615200.0,63.0,1,47,48,180,26215,26215,0,0,0.0,0.0,0.0,0.0,-0.0,66.0,0.0,13.891,0.0,727,0,697,0,0,0,878,0,982,0,847,0,632,0,613,0,509,0,586,0.032,95657511616512.0,-0.0,2.7302294518918022e+23,34576,16792,-0.0,1.907738069974817e+27,-0.0,0.0,-0.0,-1.1948608466400051e+17,70.0,60.0,66,0.0,0.0,10.0,2.0,0.0,0.0,0.0,0.0,0.0,0.0,0.0,0.0,0.0,0.0,0.0,0.0,62.0,62,18,65518,45,65476,0,300,0,0,8,20529,65476,0,0,44564,60.0,0.0,10.0,10.0,2.0,0.0
2026-02-05T00:01:08,ERR,ERR,ERR,ERR,ERR,ERR,ERR,ERR,ERR,ERR,ERR,ERR,ERR,ERR,ERR,ERR,ERR,ERR,ERR,ERR,ERR,ERR,ERR,ERR,ERR,ERR,ERR,ERR,ERR,ERR,ERR,ERR,ERR,ERR,ERR,ERR,ERR,ERR,ERR,ERR,ERR,ERR,ERR,ERR,ERR,ERR,ERR,ERR,ERR,ERR,ERR,ERR,ERR,ERR,ERR,ERR,ERR,ERR,ERR,ERR,ERR,ERR,ERR,ERR,ERR,ERR,ERR,ERR,ERR,ERR,ERR,ERR,ERR,ERR,ERR,ERR,ERR,ERR,ERR,ERR,ERR,ERR,ERR,ERR,ERR,ERR,ERR,ERR,ERR,ERR,ERR,ERR,ERR,ERR,ERR,ERR,ERR,ERR,ERR,ERR,ERR,ERR,ERR,ERR,ERR,ERR,ERR,ERR,ERR,ERR,ERR,ERR,ERR,ERR,ERR,ERR,ERR,ERR,ERR,ERR,ERR,ERR,ERR,ERR,ERR,2.7184260577004195e+23,0.0,-109184352.0,0.0,0.0,0.0,-0.0,0.0,0,0,4,0,7670,-0.0,41,0.0,0.0,0.0,0.0,0.0,0,0,0,0,0.0,0,0,0,0,0,0,0,0,0,0,0,0,0,0,0,0,0,0,0,0,0,0,0,0,0,0,0,0,0,0,0,0,0,23,41,40,64,65476,0,300,0,0,8,21553,0.0,-107605600.0,0.0,0.0,0.0,0.0,0.0,0.0,0.0,0.0,0.0,0.0,0.0,0.0,0.0,0.0,0.0,0.0,0.0,0.0,0.0,2.004,2.004,-0.0,-0.0,-2.004,0.0,0.0,0.0,0.0,1695.75,-3.6970977328898245e+19,0.0,2.7184260577004195e+23,-107615280.0,-0.0,2.7184312818759872e+23,0.0,0.0,2.004,2.004,68,2.308838958497058e+20,-0.0,0.0,0.0,0.0,0.0,0.0,0.0,0.0,0,0,0,-3.017003991766085e+36,-0.0,-24865.725,-178428.859,0.0,-0.0,812082.0,-0.0,0.0,0.0,-0.0,0.653,-0.0,2839929088.0,0.0,0.0,0,1.3516416376850534e+27,68,0.0,136,0.0,98688.258,0,39322,17071,26215,17092,26215,17065,0,0,0,105,99,100,-0.0,50.8,0.0,61.45,-107615200.0,63.0,1,47,48,180,26215,26215,0,0,0.0,0.0,0.0,0.0,-0.0,66.0,0.0,13.891,0.0,727,0,697,0,0,0,878,0,982,0,847,0,632,0,613,0,509,0,586,0.032,95657511616512.0,-0.0,2.7302294518918022e+23,34576,16792,-0.0,1.907738069974817e+27,-0.0,0.0,-0.0,-1.1948608466400051e+17,70.0,60.0,66,0.0,0.0,10.0,2.0,0.0,0.0,0.0,0.0,0.0,0.0,0.0,0.0,0.0,0.0,0.0,0.0,62.0,62,18,65518,45,65476,0,300,0,0,8,20529,65476,0,0,44564,60.0,0.0,10.0,10.0,2.0,0.0
2026-02-05T00:01:09,ERR,ERR,ERR,ERR,ERR,ERR,ERR,ERR,ERR,ERR,ERR,ERR,ERR,ERR,ERR,ERR,ERR,ERR,ERR,ERR,ERR,ERR,ERR,ERR,ERR,ERR,ERR,ERR,ERR,ERR,ERR,ERR,ERR,ERR,ERR,ERR,ERR,ERR,ERR,ERR,ERR,ERR,ERR,ERR,ERR,ERR,ERR,ERR,ERR,ERR,ERR,ERR,ERR,ERR,ERR,ERR,ERR,ERR,ERR,ERR,ERR,ERR,ERR,ERR,ERR,ERR,ERR,ERR,ERR,ERR,ERR,ERR,ERR,ERR,ERR,ERR,ERR,ERR,ERR,ERR,ERR,ERR,ERR,ERR,ERR,ERR,ERR,ERR,ERR,ERR,ERR,ERR,ERR,ERR,ERR,ERR,ERR,ERR,ERR,ERR,ERR,ERR,ERR,ERR,ERR,ERR,ERR,ERR,ERR,ERR,ERR,ERR,ERR,ERR,ERR,ERR,ERR,ERR,ERR,ERR,ERR,ERR,ERR,ERR,ERR,2.7184260577004195e+23,0.0,-109184352.0,0.0,0.0,0.0,-0.0,0.0,0,0,4,0,7670,-0.0,41,0.0,0.0,0.0,0.0,0.0,0,0,0,0,0.0,0,0,0,0,0,0,0,0,0,0,0,0,0,0,0,0,0,0,0,0,0,0,0,0,0,0,0,0,0,0,0,0,0,23,41,40,64,65476,0,300,0,0,8,21553,0.0,-107605600.0,0.0,0.0,0.0,0.0,0.0,0.0,0.0,0.0,0.0,0.0,0.0,0.0,0.0,0.0,0.0,0.0,0.0,0.0,0.0,2.004,2.004,-0.0,-0.0,-2.004,0.0,0.0,0.0,0.0,1695.75,-3.6970977328898245e+19,0.0,2.7184260577004195e+23,-107615280.0,-0.0,2.7184312818759872e+23,0.0,0.0,2.004,2.004,68,2.308838958497058e+20,-0.0,0.0,0.0,0.0,0.0,0.0,0.0,0.0,0,0,0,-3.017003991766085e+36,-0.0,-24865.725,-178428.859,0.0,-0.0,812082.0,-0.0,0.0,0.0,-0.0,0.653,-0.0,2839929088.0,0.0,0.0,0,1.3516416376850534e+27,68,0.0,136,0.0,98688.258,0,39322,17071,26215,17092,26215,17065,0,0,0,105,99,100,-0.0,50.8,0.0,61.45,-107615200.0,63.0,1,47,48,180,26215,26215,0,0,0.0,0.0,0.0,0.0,-0.0,66.0,0.0,13.891,0.0,727,0,697,0,0,0,878,0,982,0,847,0,632,0,613,0,509,0,586,0.032,95657511616512.0,-0.0,2.7302294518918022e+23,34576,16792,-0.0,1.907738069974817e+27,-0.0,0.0,-0.0,-1.1948608466400051e+17,70.0,60.0,66,0.0,0.0,10.0,2.0,0.0,0.0,0.0,0.0,0.0,0.0,0.0,0.0,0.0,0.0,0.0,0.0,62.0,62,18,65518,45,65476,0,300,0,0,8,20529,65476,0,0,44564,60.0,0.0,10.0,10.0,2.0,0.0
2026-02-05T00:01:10,ERR,ERR,ERR,ERR,ERR,ERR,ERR,ERR,ERR,ERR,ERR,ERR,ERR,ERR,ERR,ERR,ERR,ERR,ERR,ERR,ERR,ERR,ERR,ERR,ERR,ERR,ERR,ERR,ERR,ERR,ERR,ERR,ERR,ERR,ERR,ERR,ERR,ERR,ERR,ERR,ERR,ERR,ERR,ERR,ERR,ERR,ERR,ERR,ERR,ERR,ERR,ERR,ERR,ERR,ERR,ERR,ERR,ERR,ERR,ERR,ERR,ERR,ERR,ERR,ERR,ERR,ERR,ERR,ERR,ERR,ERR,ERR,ERR,ERR,ERR,ERR,ERR,ERR,ERR,ERR,ERR,ERR,ERR,ERR,ERR,ERR,ERR,ERR,ERR,ERR,ERR,ERR,ERR,ERR,ERR,ERR,ERR,ERR,ERR,ERR,ERR,ERR,ERR,ERR,ERR,ERR,ERR,ERR,ERR,ERR,ERR,ERR,ERR,ERR,ERR,ERR,ERR,ERR,ERR,ERR,ERR,ERR,ERR,ERR,ERR,2.7184260577004195e+23,0.0,-109184352.0,0.0,0.0,-12317466034176.0,7.050676599877538e+34,0.0,0,0,4,0,7670,-0.0,41,0.0,0.0,0.0,0.0,0.0,0,0,0,0,0.0,0,0,0,0,0,0,0,0,0,0,0,0,0,0,0,0,0,0,0,0,0,0,0,0,0,0,0,0,0,0,0,0,0,23,41,40,64,65476,0,300,0,0,8,21553,0.0,-107605600.0,0.0,0.0,0.0,0.0,0.0,0.0,0.0,0.0,0.0,0.0,0.0,0.0,0.0,0.0,0.0,0.0,0.0,0.0,0.0,2.004,2.004,-2.004,-0.0,-2.004,0.0,0.0,0.0,0.0,1703.5,3.6970981726944756e+19,0.0,2.7184260577004195e+23,0.0,-0.0,2.7184312818759872e+23,0.0,0.0,2.004,2.004,68,3.222025641206419e+26,-3.221931562811643e+26,0.0,0.0,0.0,0.0,0.0,0.0,0.0,0,0,0,0.0,446972.5,-8.656403918189756e+18,0.0,0.0,-0.0,0.0,-0.0,2412780.75,0.0,-0.0,0.653,-0.0,2856706304.0,0.0,-1411341440.0,0,1.3516416376850534e+27,68,0.0,136,0.0,98688.258,0,39322,17071,26215,17092,26215,17065,0,0,0,105,99,100,-0.0,50.8,0.0,61.45,-107615200.0,63.0,1,47,48,180,26215,26215,0,0,0.0,0.0,0.0,0.0,-0.0,66.0,0.0,13.891,0.0,727,0,697,0,0,0,878,0,982,0,847,0,632,0,613,0,509,0,586,0.032,95657511616512.0,-0.0,2.7302294518918022e+23,34576,16792,-0.0,1.907738069974817e+27,-0.0,0.0,-0.0,-1.1948608466400051e+17,70.0,60.0,66,0.0,0.0,10.0,2.0,0.0,0.0,0.0,0.0,0.0,0.0,0.0,0.0,0.0,0.0,0.0,0.0,62.0,62,18,65518,45,65476,0,300,0,0,8,20529,65476,0,0,44564,60.0,0.0,10.0,10.0,2.0,0.0
2026-02-05T00:01:11,ERR,ERR,ERR,ERR,ERR,ERR,ERR,ERR,ERR,ERR,ERR,ERR,ERR,ERR,ERR,ERR,ERR,ERR,ERR,ERR,ERR,ERR,ERR,ERR,ERR,ERR,ERR,ERR,ERR,ERR,ERR,ERR,ERR,ERR,ERR,ERR,ERR,ERR,ERR,ERR,ERR,ERR,ERR,ERR,ERR,ERR,ERR,ERR,ERR,ERR,ERR,ERR,ERR,ERR,ERR,ERR,ERR,ERR,ERR,ERR,ERR,ERR,ERR,ERR,ERR,ERR,ERR,ERR,ERR,ERR,ERR,ERR,ERR,ERR,ERR,ERR,ERR,ERR,ERR,ERR,ERR,ERR,ERR,ERR,ERR,ERR,ERR,ERR,ERR,ERR,ERR,ERR,ERR,ERR,ERR,ERR,ERR,ERR,ERR,ERR,ERR,ERR,ERR,ERR,ERR,ERR,ERR,ERR,ERR,ERR,ERR,ERR,ERR,ERR,ERR,ERR,ERR,ERR,ERR,ERR,ERR,ERR,ERR,ERR,ERR,2.7184260577004195e+23,0.0,-109184352.0,0.0,0.0,-12317466034176.0,7.050676599877538e+34,0.0,0,0,4,0,7670,-0.0,41,0.0,0.0,0.0,0.0,0.0,0,0,0,0,0.0,0,0,0,0,0,0,0,0,0,0,0,0,0,0,0,0,0,0,0,0,0,0,0,0,0,0,0,0,0,0,0,0,0,23,41,40,64,65476,0,300,0,0,8,21553,0.0,-107605600.0,0.0,0.0,0.0,0.0,0.0,0.0,0.0,0.0,0.0,0.0,0.0,0.0,0.0,0.0,0.0,0.0,0.0,0.0,0.0,2.004,2.004,-2.004,-0.0,-2.004,0.0,0.0,0.0,0.0,1703.5,3.6970981726944756e+19,0.0,2.7184260577004195e+23,0.0,-0.0,2.7184312818759872e+23,0.0,0.0,2.004,2.004,68,3.222025641206419e+26,-3.221931562811643e+26,0.0,0.0,0.0,0.0,0.0,0.0,0.0,0,0,0,0.0,446972.5,-8.656403918189756e+18,0.0,0.0,-0.0,0.0,-0.0,2412780.75,0.0,-0.0,0.653,-0.0,2856706304.0,0.0,-1411341440.0,0,1.3516416376850534e+27,68,0.0,136,0.0,98688.258,0,39322,17071,26215,17092,26215,17065,0,0,0,105,99,100,-0.0,50.8,0.0,61.45,-107615200.0,63.0,1,47,48,180,26215,26215,0,0,0.0,0.0,0.0,0.0,-0.0,66.0,0.0,158.255,0.0,727,0,697,0,0,0,878,0,982,0,847,0,632,0,613,0,509,0,586,0.032,95657511616512.0,-0.0,2.7302294518918022e+23,33680,16792,-0.0,158.255,4.191227855402074e+37,64160808.0,-0.0,-0.0,70.0,60.0,66,0.0,0.0,10.0,2.0,0.0,0.0,0.0,0.0,0.0,0.0,0.0,0.0,0.0,0.0,0.0,0.0,62.0,62,18,65518,45,65476,0,300,0,0,8,20529,65476,0,0,44564,60.0,0.0,10.0,10.0,2.0,0.0
2026-02-05T00:01:12,ERR,ERR,ERR,ERR,ERR,ERR,ERR,ERR,ERR,ERR,ERR,ERR,ERR,ERR,ERR,ERR,ERR,ERR,ERR,ERR,ERR,ERR,ERR,ERR,ERR,ERR,ERR,ERR,ERR,ERR,ERR,ERR,ERR,ERR,ERR,ERR,ERR,ERR,ERR,ERR,ERR,ERR,ERR,ERR,ERR,ERR,ERR,ERR,ERR,ERR,ERR,ERR,ERR,ERR,ERR,ERR,ERR,ERR,ERR,ERR,ERR,ERR,ERR,ERR,ERR,ERR,ERR,ERR,ERR,ERR,ERR,ERR,ERR,ERR,ERR,ERR,ERR,ERR,ERR,ERR,ERR,ERR,ERR,ERR,ERR,ERR,ERR,ERR,ERR,ERR,ERR,ERR,ERR,ERR,ERR,ERR,ERR,ERR,ERR,ERR,ERR,ERR,ERR,ERR,ERR,ERR,ERR,ERR,ERR,ERR,ERR,ERR,ERR,ERR,ERR,ERR,ERR,ERR,ERR,ERR,ERR,ERR,ERR,ERR,ERR,2.7184260577004195e+23,0.0,-109184352.0,0.0,0.0,-12317466034176.0,7.050676599877538e+34,0.0,0,0,4,0,7670,-0.0,41,0.0,0.0,0.0,0.0,0.0,0,0,0,0,0.0,0,0,0,0,0,0,0,0,0,0,0,0,0,0,0,0,0,0,0,0,0,0,0,0,0,0,0,0,0,0,0,0,0,23,41,40,64,65476,0,300,0,0,8,21553,0.0,-107605600.0,0.0,0.0,0.0,0.0,0.0,0.0,0.0,0.0,0.0,0.0,0.0,0.0,0.0,0.0,0.0,0.0,0.0,0.0,0.0,2.004,2.004,-2.004,-0.0,-2.004,0.0,0.0,0.0,0.0,1703.5,3.6970981726944756e+19,0.0,2.7184260577004195e+23,0.0,-0.0,2.7184312818759872e+23,0.0,0.0,2.004,2.004,68,3.222025641206419e+26,-3.221931562811643e+26,0.0,0.0,0.0,0.0,0.0,0.0,0.0,0,0,0,0.0,446972.5,-8.656403918189756e+18,0.0,0.0,-0.0,0.0,-0.0,2412780.75,0.0,-0.0,0.653,-0.0,2856706304.0,0.0,-1411341440.0,0,1.3516416376850534e+27,68,0.0,136,0.0,98688.258,0,39322,17071,26215,17092,26215,17065,0,0,0,105,99,100,-0.0,50.8,0.0,61.45,-107615200.0,63.0,1,47,48,180,26215,26215,0,0,0.0,0.0,0.0,0.0,-0.0,66.0,0.0,158.255,0.0,727,0,697,0,0,0,878,0,982,0,847,0,632,0,613,0,509,0,586,0.032,95657511616512.0,-0.0,2.7302294518918022e+23,33680,16792,-0.0,158.255,4.191227855402074e+37,64160808.0,-0.0,-0.0,70.0,60.0,66,0.0,0.0,10.0,2.0,0.0,0.0,0.0,0.0,0.0,0.0,0.0,0.0,0.0,0.0,0.0,0.0,62.4,62,18,65518,45,65476,0,300,0,0,8,20529,65476,0,0,44564,60.0,0.0,10.0,10.0,2.0,0.0
2026-02-05T00:01:13,ERR,ERR,ERR,ERR,ERR,ERR,ERR,ERR,ERR,ERR,ERR,ERR,ERR,ERR,ERR,ERR,ERR,ERR,ERR,ERR,ERR,ERR,ERR,ERR,ERR,ERR,ERR,ERR,ERR,ERR,ERR,ERR,ERR,ERR,ERR,ERR,ERR,ERR,ERR,ERR,ERR,ERR,ERR,ERR,ERR,ERR,ERR,ERR,ERR,ERR,ERR,ERR,ERR,ERR,ERR,ERR,ERR,ERR,ERR,ERR,ERR,ERR,ERR,ERR,ERR,ERR,ERR,ERR,ERR,ERR,ERR,ERR,ERR,ERR,ERR,ERR,ERR,ERR,ERR,ERR,ERR,ERR,ERR,ERR,ERR,ERR,ERR,ERR,ERR,ERR,ERR,ERR,ERR,ERR,ERR,ERR,ERR,ERR,ERR,ERR,ERR,ERR,ERR,ERR,ERR,ERR,ERR,ERR,ERR,ERR,ERR,ERR,ERR,ERR,ERR,ERR,ERR,ERR,ERR,ERR,ERR,ERR,ERR,ERR,ERR,2.7184260577004195e+23,0.0,-109184352.0,0.0,0.0,-12317466034176.0,7.050676599877538e+34,0.0,0,0,4,0,7670,-0.0,41,0.0,0.0,0.0,0.0,0.0,0,0,0,0,0.0,0,0,0,0,0,0,0,0,0,0,0,0,0,0,0,0,0,0,0,0,0,0,0,0,0,0,0,0,0,0,0,0,0,23,41,40,64,65476,0,300,0,0,8,21553,0.0,-107605600.0,0.0,0.0,0.0,0.0,0.0,0.0,0.0,0.0,0.0,0.0,0.0,0.0,0.0,0.0,0.0,0.0,0.0,0.0,0.0,2.004,2.004,-2.004,-0.0,-2.004,0.0,0.0,0.0,0.0,1703.5,3.6970981726944756e+19,0.0,2.7184260577004195e+23,0.0,-0.0,2.7184312818759872e+23,0.0,0.0,2.004,2.004,68,3.222025641206419e+26,-3.221931562811643e+26,0.0,0.0,0.0,0.0,0.0,0.0,0.0,0,0,0,0.0,446972.5,-8.656403918189756e+18,0.0,0.0,-0.0,0.0,-0.0,2412780.75,0.0,-0.0,0.653,-0.0,2856706304.0,0.0,-1411341440.0,0,1.3516416376850534e+27,68,0.0,136,0.0,98688.258,0,39322,17071,26215,17092,26215,17065,0,0,0,105,99,100,-0.0,50.8,0.0,61.45,-107615200.0,63.0,1,47,48,180,26215,26215,0,0,0.0,0.0,0.0,0.0,-0.0,66.0,0.0,158.255,0.0,727,0,697,0,0,0,878,0,982,0,847,0,632,0,613,0,509,0,586,0.032,95657511616512.0,-0.0,2.7302294518918022e+23,33680,16792,-0.0,158.255,4.191227855402074e+37,64160808.0,-0.0,-0.0,70.0,60.0,66,0.0,0.0,10.0,2.0,0.0,0.0,0.0,0.0,0.0,0.0,0.0,0.0,0.0,0.0,0.0,0.0,62.4,62,18,65518,45,65476,0,300,0,0,8,20529,65476,0,0,44564,60.0,0.0,10.0,10.0,2.0,0.0
2026-02-05T00:01:14,ERR,ERR,ERR,ERR,ERR,ERR,ERR,ERR,ERR,ERR,ERR,ERR,ERR,ERR,ERR,ERR,ERR,ERR,ERR,ERR,ERR,ERR,ERR,ERR,ERR,ERR,ERR,ERR,ERR,ERR,ERR,ERR,ERR,ERR,ERR,ERR,ERR,ERR,ERR,ERR,ERR,ERR,ERR,ERR,ERR,ERR,ERR,ERR,ERR,ERR,ERR,ERR,ERR,ERR,ERR,ERR,ERR,ERR,ERR,ERR,ERR,ERR,ERR,ERR,ERR,ERR,ERR,ERR,ERR,ERR,ERR,ERR,ERR,ERR,ERR,ERR,ERR,ERR,ERR,ERR,ERR,ERR,ERR,ERR,ERR,ERR,ERR,ERR,ERR,ERR,ERR,ERR,ERR,ERR,ERR,ERR,ERR,ERR,ERR,ERR,ERR,ERR,ERR,ERR,ERR,ERR,ERR,ERR,ERR,ERR,ERR,ERR,ERR,ERR,ERR,ERR,ERR,ERR,ERR,ERR,ERR,ERR,ERR,ERR,ERR,2.7184260577004195e+23,0.0,-109184352.0,0.0,0.0,-12317466034176.0,7.050676599877538e+34,0.0,0,0,4,0,7670,-0.0,41,0.0,0.0,0.0,0.0,0.0,0,0,0,0,0.0,0,0,0,0,0,0,0,0,0,0,0,0,0,0,0,0,0,0,0,0,0,0,0,0,0,0,0,0,0,0,0,0,0,23,41,40,64,65476,0,300,0,0,8,21553,0.0,-107605600.0,0.0,0.0,0.0,0.0,0.0,0.0,0.0,0.0,0.0,0.0,0.0,0.0,0.0,0.0,0.0,0.0,0.0,0.0,0.0,2.004,2.004,-2.004,-0.0,-2.004,0.0,0.0,0.0,0.0,1703.5,3.6970981726944756e+19,0.0,2.7184260577004195e+23,0.0,-0.0,2.7184312818759872e+23,0.0,0.0,2.004,2.004,68,3.222025641206419e+26,-3.221931562811643e+26,0.0,0.0,0.0,0.0,0.0,0.0,0.0,0,0,0,0.0,446972.5,-8.656403918189756e+18,0.0,0.0,-0.0,0.0,-0.0,2412780.75,0.0,-0.0,0.653,-0.0,2856706304.0,0.0,-1411341440.0,0,1.3516416376850534e+27,68,0.0,136,0.0,98688.258,0,39322,17071,26215,17092,26215,17065,0,0,0,105,99,100,-0.0,50.8,0.0,61.45,-107615200.0,63.0,1,47,48,180,26215,26215,0,0,0.0,0.0,0.0,0.0,-0.0,66.0,0.0,158.255,0.0,727,0,697,0,0,0,878,0,982,0,847,0,632,0,613,0,509,0,586,0.032,95657511616512.0,-0.0,2.7302294518918022e+23,33680,16792,-0.0,158.255,4.191227855402074e+37,64160808.0,-0.0,-0.0,70.0,60.0,66,0.0,0.0,10.0,2.0,0.0,0.0,0.0,0.0,0.0,0.0,0.0,0.0,0.0,0.0,0.0,0.0,62.4,62,18,65518,45,65476,0,300,0,0,8,20529,65476,0,0,44564,60.0,0.0,10.0,10.0,2.0,0.0
2026-02-05T00:01:15,ERR,ERR,ERR,ERR,ERR,ERR,ERR,ERR,ERR,ERR,ERR,ERR,ERR,ERR,ERR,ERR,ERR,ERR,ERR,ERR,ERR,ERR,ERR,ERR,ERR,ERR,ERR,ERR,ERR,ERR,ERR,ERR,ERR,ERR,ERR,ERR,ERR,ERR,ERR,ERR,ERR,ERR,ERR,ERR,ERR,ERR,ERR,ERR,ERR,ERR,ERR,ERR,ERR,ERR,ERR,ERR,ERR,ERR,ERR,ERR,ERR,ERR,ERR,ERR,ERR,ERR,ERR,ERR,ERR,ERR,ERR,ERR,ERR,ERR,ERR,ERR,ERR,ERR,ERR,ERR,ERR,ERR,ERR,ERR,ERR,ERR,ERR,ERR,ERR,ERR,ERR,ERR,ERR,ERR,ERR,ERR,ERR,ERR,ERR,ERR,ERR,ERR,ERR,ERR,ERR,ERR,ERR,ERR,ERR,ERR,ERR,ERR,ERR,ERR,ERR,ERR,ERR,ERR,ERR,ERR,ERR,ERR,ERR,ERR,ERR,2.7184260577004195e+23,0.0,-109184352.0,0.0,0.0,-0.0,0.0,0.0,0,0,4,0,7670,-0.0,41,0.0,0.0,0.0,0.0,0.0,0,0,0,0,0.0,0,0,0,0,0,0,0,0,0,0,0,0,0,0,0,0,0,0,0,0,0,0,0,0,0,0,0,0,0,0,0,0,0,23,41,40,64,65476,0,300,0,0,8,21553,0.0,-107605600.0,0.0,0.0,0.0,0.0,0.0,0.0,0.0,0.0,0.0,0.0,0.0,0.0,0.0,0.0,0.0,0.0,0.0,0.0,0.0,2.004,2.004,-0.0,-0.0,-2.004,0.0,0.0,0.0,0.0,1688.5,0.0,0.0,2.7184260577004195e+23,0.0,-0.0,2.7184312818759872e+23,0.0,0.0,2.004,2.004,68,2.7184285797162108e+23,0.0,0.0,0.0,0.0,0.0,0.0,0.0,0.0,0,0,0,0.0,-0.0,-5.851722198135352e+27,-5567819508875264.0,0.0,-0.0,-5.923777397348364e+37,-1.7469624143389394e+33,-0.0,0.0,-0.0,0.657,-0.0,2873483520.0,0.0,-0.0,0,1.3516416376850534e+27,68,0.0,136,0.0,98688.258,0,39322,17071,26215,17092,26215,17065,0,0,0,105,99,100,-0.0,50.8,0.0,61.45,-107615200.0,63.0,1,47,48,180,26215,13107,0,0,0.0,0.0,0.0,0.0,-0.0,66.0,0.0,4.734342257966265e+19,0.0,727,0,697,0,0,0,878,0,982,0,847,0,632,0,613,0,509,0,586,0.032,95657511616512.0,-0.0,2.7302294518918022e+23,29072,16792,-0.0,4.734342257966265e+19,-0.0,0.127,-0.0,-0.0,70.0,60.0,66,0.0,0.0,10.0,2.0,0.0,0.0,0.0,0.0,0.0,0.0,0.0,0.0,0.0,0.0,0.0,0.0,62.4,62,18,65518,45,65476,0,300,0,0,8,20529,65476,0,0,44564,60.0,0.0,10.0,10.0,2.0,0.0
2026-02-05T00:01:16,ERR,ERR,ERR,ERR,ERR,ERR,ERR,ERR,ERR,ERR,ERR,ERR,ERR,ERR,ERR,ERR,ERR,ERR,ERR,ERR,ERR,ERR,ERR,ERR,ERR,ERR,ERR,ERR,ERR,ERR,ERR,ERR,ERR,ERR,ERR,ERR,ERR,ERR,ERR,ERR,ERR,ERR,ERR,ERR,ERR,ERR,ERR,ERR,ERR,ERR,ERR,ERR,ERR,ERR,ERR,ERR,ERR,ERR,ERR,ERR,ERR,ERR,ERR,ERR,ERR,ERR,ERR,ERR,ERR,ERR,ERR,ERR,ERR,ERR,ERR,ERR,ERR,ERR,ERR,ERR,ERR,ERR,ERR,ERR,ERR,ERR,ERR,ERR,ERR,ERR,ERR,ERR,ERR,ERR,ERR,ERR,ERR,ERR,ERR,ERR,ERR,ERR,ERR,ERR,ERR,ERR,ERR,ERR,ERR,ERR,ERR,ERR,ERR,ERR,ERR,ERR,ERR,ERR,ERR,ERR,ERR,ERR,ERR,ERR,ERR,2.7184260577004195e+23,0.0,-109184352.0,0.0,0.0,-0.0,0.0,0.0,0,0,4,0,7670,-0.0,41,0.0,0.0,0.0,0.0,0.0,0,0,0,0,0.0,0,0,0,0,0,0,0,0,0,0,0,0,0,0,0,0,0,0,0,0,0,0,0,0,0,0,0,0,0,0,0,0,0,23,41,40,64,65476,0,300,0,0,8,21553,0.0,-107605600.0,0.0,0.0,0.0,0.0,0.0,0.0,0.0,0.0,0.0,0.0,0.0,0.0,0.0,0.0,0.0,0.0,0.0,0.0,0.0,2.004,2.004,-0.0,-0.0,-2.004,0.0,0.0,0.0,0.0,1688.5,0.0,0.0,2.7184260577004195e+23,0.0,-0.0,2.7184312818759872e+23,0.0,0.0,2.004,2.004,68,2.7184285797162108e+23,0.0,0.0,0.0,0.0,0.0,0.0,0.0,0.0,0,0,0,0.0,-0.0,-5.851722198135352e+27,-5567819508875264.0,0.0,-0.0,-5.923777397348364e+37,-1.7469624143389394e+33,-0.0,0.0,-0.0,0.657,-0.0,2873483520.0,0.0,-0.0,0,1.3516416376850534e+27,68,0.0,136,0.0,98688.258,0,39322,17071,26215,17092,26215,17065,0,0,0,105,99,100,-0.0,50.8,0.0,61.45,-107615200.0,63.0,1,47,48,180,26215,13107,0,0,0.0,0.0,0.0,0.0,-0.0,66.0,0.0,4.734342257966265e+19,0.0,727,0,697,0,0,0,878,0,982,0,847,0,632,0,613,0,509,0,586,0.032,95657511616512.0,-0.0,2.7302294518918022e+23,29072,16792,-0.0,4.734342257966265e+19,-0.0,0.127,-0.0,-0.0,70.0,60.0,66,0.0,0.0,10.0,2.0,0.0,0.0,0.0,0.0,0.0,0.0,0.0,0.0,0.0,0.0,0.0,0.0,62.0,62,18,65518,45,65476,0,300,0,0,8,20529,65476,0,0,44564,60.0,0.0,10.0,10.0,2.0,0.0
2026-02-05T00:01:17,ERR,ERR,ERR,ERR,ERR,ERR,ERR,ERR,ERR,ERR,ERR,ERR,ERR,ERR,ERR,ERR,ERR,ERR,ERR,ERR,ERR,ERR,ERR,ERR,ERR,ERR,ERR,ERR,ERR,ERR,ERR,ERR,ERR,ERR,ERR,ERR,ERR,ERR,ERR,ERR,ERR,ERR,ERR,ERR,ERR,ERR,ERR,ERR,ERR,ERR,ERR,ERR,ERR,ERR,ERR,ERR,ERR,ERR,ERR,ERR,ERR,ERR,ERR,ERR,ERR,ERR,ERR,ERR,ERR,ERR,ERR,ERR,ERR,ERR,ERR,ERR,ERR,ERR,ERR,ERR,ERR,ERR,ERR,ERR,ERR,ERR,ERR,ERR,ERR,ERR,ERR,ERR,ERR,ERR,ERR,ERR,ERR,ERR,ERR,ERR,ERR,ERR,ERR,ERR,ERR,ERR,ERR,ERR,ERR,ERR,ERR,ERR,ERR,ERR,ERR,ERR,ERR,ERR,ERR,ERR,ERR,ERR,ERR,ERR,ERR,2.7184260577004195e+23,0.0,-109184352.0,0.0,0.0,-0.0,0.0,0.0,0,0,4,0,7670,-0.0,41,0.0,0.0,0.0,0.0,0.0,0,0,0,0,0.0,0,0,0,0,0,0,0,0,0,0,0,0,0,0,0,0,0,0,0,0,0,0,0,0,0,0,0,0,0,0,0,0,0,23,41,40,64,65476,0,300,0,0,8,21553,0.0,-107605600.0,0.0,0.0,0.0,0.0,0.0,0.0,0.0,0.0,0.0,0.0,0.0,0.0,0.0,0.0,0.0,0.0,0.0,0.0,0.0,2.004,2.004,-0.0,-0.0,-2.004,0.0,0.0,0.0,0.0,1688.5,0.0,0.0,2.7184260577004195e+23,0.0,-0.0,2.7184312818759872e+23,0.0,0.0,2.004,2.004,68,2.7184285797162108e+23,0.0,0.0,0.0,0.0,0.0,0.0,0.0,0.0,0,0,0,0.0,-0.0,-5.851722198135352e+27,-5567819508875264.0,0.0,-0.0,-5.923777397348364e+37,-1.7469624143389394e+33,-0.0,0.0,-0.0,0.657,-0.0,2873483520.0,0.0,-0.0,0,1.3516416376850534e+27,68,0.0,136,0.0,98688.258,0,39322,17071,26215,17092,26215,17065,0,0,0,105,99,100,-0.0,50.8,0.0,61.45,-107615200.0,63.0,1,47,48,180,26215,13107,0,0,0.0,0.0,0.0,0.0,-0.0,66.0,0.0,4.734342257966265e+19,0.0,727,0,697,0,0,0,878,0,982,0,847,0,632,0,613,0,509,0,586,0.032,95657511616512.0,-0.0,2.7302294518918022e+23,29072,16792,-0.0,4.734342257966265e+19,-0.0,0.127,-0.0,-0.0,70.0,60.0,66,0.0,0.0,10.0,2.0,0.0,0.0,0.0,0.0,0.0,0.0,0.0,0.0,0.0,0.0,0.0,0.0,62.0,62,18,65518,45,65476,0,300,0,0,8,20529,65476,0,0,44564,60.0,0.0,10.0,10.0,2.0,0.0
2026-02-05T00:01:18,ERR,ERR,ERR,ERR,ERR,ERR,ERR,ERR,ERR,ERR,ERR,ERR,ERR,ERR,ERR,ERR,ERR,ERR,ERR,ERR,ERR,ERR,ERR,ERR,ERR,ERR,ERR,ERR,ERR,ERR,ERR,ERR,ERR,ERR,ERR,ERR,ERR,ERR,ERR,ERR,ERR,ERR,ERR,ERR,ERR,ERR,ERR,ERR,ERR,ERR,ERR,ERR,ERR,ERR,ERR,ERR,ERR,ERR,ERR,ERR,ERR,ERR,ERR,ERR,ERR,ERR,ERR,ERR,ERR,ERR,ERR,ERR,ERR,ERR,ERR,ERR,ERR,ERR,ERR,ERR,ERR,ERR,ERR,ERR,ERR,ERR,ERR,ERR,ERR,ERR,ERR,ERR,ERR,ERR,ERR,ERR,ERR,ERR,ERR,ERR,ERR,ERR,ERR,ERR,ERR,ERR,ERR,ERR,ERR,ERR,ERR,ERR,ERR,ERR,ERR,ERR,ERR,ERR,ERR,ERR,ERR,ERR,ERR,ERR,ERR,2.7184260577004195e+23,0.0,-109184352.0,0.0,0.0,-0.0,0.0,0.0,0,0,4,0,7670,-0.0,41,0.0,0.0,0.0,0.0,0.0,0,0,0,0,0.0,0,0,0,0,0,0,0,0,0,0,0,0,0,0,0,0,0,0,0,0,0,0,0,0,0,0,0,0,0,0,0,0,0,23,41,40,64,65476,0,300,0,0,8,21553,0.0,-107605600.0,0.0,0.0,0.0,0.0,0.0,0.0,0.0,0.0,0.0,0.0,0.0,0.0,0.0,0.0,0.0,0.0,0.0,0.0,0.0,2.004,2.004,-0.0,-0.0,-2.004,0.0,0.0,0.0,0.0,1688.5,0.0,0.0,2.7184260577004195e+23,0.0,-0.0,2.7184312818759872e+23,0.0,0.0,2.004,2.004,68,2.7184285797162108e+23,0.0,0.0,0.0,0.0,0.0,0.0,0.0,0.0,0,0,0,0.0,-0.0,-5.851722198135352e+27,-5567819508875264.0,0.0,-0.0,-5.923777397348364e+37,-1.7469624143389394e+33,-0.0,0.0,-0.0,0.657,-0.0,2873483520.0,0.0,-0.0,0,1.3516416376850534e+27,68,0.0,136,0.0,98688.258,0,39322,17071,26215,17092,26215,17065,0,0,0,105,99,100,-0.0,50.8,0.0,61.45,-107615200.0,63.0,1,47,48,180,26215,13107,0,0,0.0,0.0,0.0,0.0,-0.0,66.0,0.0,4.734342257966265e+19,0.0,727,0,697,0,0,0,878,0,982,0,847,0,632,0,613,0,509,0,586,0.032,95657511616512.0,-0.0,2.7302294518918022e+23,29072,16792,-0.0,4.734342257966265e+19,-0.0,0.127,-0.0,-0.0,70.0,60.0,66,0.0,0.0,10.0,2.0,0.0,0.0,0.0,0.0,0.0,0.0,0.0,0.0,0.0,0.0,0.0,0.0,62.0,62,18,65518,45,65476,0,300,0,0,8,20529,65476,0,0,44564,60.0,0.0,10.0,10.0,2.0,0.0
2026-02-05T00:01:19,ERR,ERR,ERR,ERR,ERR,ERR,ERR,ERR,ERR,ERR,ERR,ERR,ERR,ERR,ERR,ERR,ERR,ERR,ERR,ERR,ERR,ERR,ERR,ERR,ERR,ERR,ERR,ERR,ERR,ERR,ERR,ERR,ERR,ERR,ERR,ERR,ERR,ERR,ERR,ERR,ERR,ERR,ERR,ERR,ERR,ERR,ERR,ERR,ERR,ERR,ERR,ERR,ERR,ERR,ERR,ERR,ERR,ERR,ERR,ERR,ERR,ERR,ERR,ERR,ERR,ERR,ERR,ERR,ERR,ERR,ERR,ERR,ERR,ERR,ERR,ERR,ERR,ERR,ERR,ERR,ERR,ERR,ERR,ERR,ERR,ERR,ERR,ERR,ERR,ERR,ERR,ERR,ERR,ERR,ERR,ERR,ERR,ERR,ERR,ERR,ERR,ERR,ERR,ERR,ERR,ERR,ERR,ERR,ERR,ERR,ERR,ERR,ERR,ERR,ERR,ERR,ERR,ERR,ERR,ERR,ERR,ERR,ERR,ERR,ERR,2.7184260577004195e+23,0.0,-109184352.0,0.0,0.0,-0.0,0.0,0.0,0,0,4,0,7670,-0.0,41,0.0,0.0,0.0,0.0,0.0,0,0,0,0,0.0,0,0,0,0,0,0,0,0,0,0,0,0,0,0,0,0,0,0,0,0,0,0,0,0,0,0,0,0,0,0,0,0,0,23,41,40,64,65476,0,300,0,0,8,21553,0.0,-107605600.0,0.0,0.0,0.0,0.0,0.0,0.0,0.0,0.0,0.0,0.0,0.0,0.0,0.0,0.0,0.0,0.0,0.0,0.0,0.0,2.004,2.004,-0.0,-0.0,-2.004,0.0,0.0,0.0,0.0,1688.5,0.0,0.0,2.7184260577004195e+23,0.0,-0.0,2.7184312818759872e+23,0.0,0.0,2.004,2.004,68,2.7184285797162108e+23,0.0,0.0,0.0,0.0,0.0,0.0,0.0,0.0,0,0,0,0.0,-0.0,-5.851722198135352e+27,-5567819508875264.0,0.0,-0.0,-5.923777397348364e+37,-1.7469624143389394e+33,-0.0,0.0,-0.0,0.657,-0.0,2873483520.0,0.0,-0.0,0,1.3516416376850534e+27,68,0.0,136,0.0,98688.258,0,39322,17071,26215,17092,26215,17065,0,0,0,105,99,100,-0.0,50.8,0.0,61.45,-107615200.0,63.0,1,47,48,180,26215,13107,0,0,0.0,0.0,0.0,0.0,-0.0,66.0,0.0,4.734342257966265e+19,0.0,727,0,697,0,0,0,878,0,982,0,847,0,632,0,613,0,509,0,586,0.032,95657511616512.0,-0.0,2.7302294518918022e+23,29072,16792,-0.0,4.734342257966265e+19,-0.0,0.127,-0.0,-0.0,70.0,60.0,66,0.0,0.0,10.0,2.0,0.0,0.0,0.0,0.0,0.0,0.0,0.0,0.0,0.0,0.0,0.0,0.0,62.0,62,18,65518,45,65476,0,300,0,0,8,20529,65476,0,0,44564,60.0,0.0,10.0,10.0,2.0,0.0
2026-02-05T00:01:20,ERR,ERR,ERR,ERR,ERR,ERR,ERR,ERR,ERR,ERR,ERR,ERR,ERR,ERR,ERR,ERR,ERR,ERR,ERR,ERR,ERR,ERR,ERR,ERR,ERR,ERR,ERR,ERR,ERR,ERR,ERR,ERR,ERR,ERR,ERR,ERR,ERR,ERR,ERR,ERR,ERR,ERR,ERR,ERR,ERR,ERR,ERR,ERR,ERR,ERR,ERR,ERR,ERR,ERR,ERR,ERR,ERR,ERR,ERR,ERR,ERR,ERR,ERR,ERR,ERR,ERR,ERR,ERR,ERR,ERR,ERR,ERR,ERR,ERR,ERR,ERR,ERR,ERR,ERR,ERR,ERR,ERR,ERR,ERR,ERR,ERR,ERR,ERR,ERR,ERR,ERR,ERR,ERR,ERR,ERR,ERR,ERR,ERR,ERR,ERR,ERR,ERR,ERR,ERR,ERR,ERR,ERR,ERR,ERR,ERR,ERR,ERR,ERR,ERR,ERR,ERR,ERR,ERR,ERR,ERR,ERR,ERR,ERR,ERR,ERR,2.7184260577004195e+23,0.0,-109184352.0,0.0,0.0,-0.0,0.0,0.0,0,0,4,0,7670,-0.0,41,0.0,0.0,0.0,0.0,0.0,0,0,0,0,0.0,0,0,0,0,0,0,0,0,0,0,0,0,0,0,0,0,0,0,0,0,0,0,0,0,0,0,0,0,0,0,0,0,0,23,41,40,64,65476,0,300,0,0,8,21553,0.0,-107605600.0,0.0,0.0,0.0,0.0,0.0,0.0,0.0,0.0,0.0,0.0,0.0,0.0,0.0,0.0,0.0,0.0,0.0,0.0,0.0,2.004,2.004,-0.0,-0.0,-2.004,0.0,0.0,0.0,0.0,1688.5,0.0,0.0,2.7184260577004195e+23,0.0,-0.0,2.7184312818759872e+23,0.0,0.0,2.004,2.004,68,2.7184285797162108e+23,0.0,0.0,0.0,0.0,0.0,0.0,0.0,0.0,0,0,0,0.0,-0.0,-5.851722198135352e+27,-5567819508875264.0,0.0,-0.0,-5.923777397348364e+37,-1.7469624143389394e+33,-0.0,0.0,-0.0,0.657,-0.0,2873483520.0,0.0,-0.0,0,1.3516416376850534e+27,68,0.0,136,0.0,98688.258,0,39322,17071,26215,17092,26215,17065,0,0,0,105,99,100,-0.0,50.8,0.0,61.45,-107615200.0,63.0,1,47,48,180,26215,26215,0,0,0.0,0.0,0.0,0.0,-0.0,66.0,0.0,0.0,0.0,727,0,697,0,0,0,878,0,982,0,847,0,632,0,613,0,509,0,586,0.032,95107755802624.0,-0.0,2.7302294518918022e+23,38032,16792,-0.0,-4.2374174453717245e+26,1.29506390563774e+26,4.4411285080893796e+21,1.634127637285921e+31,-0.0,70.0,60.0,66,0.0,0.0,10.0,2.0,0.0,0.0,0.0,0.0,0.0,0.0,0.0,0.0,0.0,0.0,0.0,0.0,62.4,62,18,65518,45,65476,0,300,0,0,8,20529,65476,0,0,44564,60.0,0.0,10.0,10.0,2.0,0.0
2026-02-05T00:01:21,ERR,ERR,ERR,ERR,ERR,ERR,ERR,ERR,ERR,ERR,ERR,ERR,ERR,ERR,ERR,ERR,ERR,ERR,ERR,ERR,ERR,ERR,ERR,ERR,ERR,ERR,ERR,ERR,ERR,ERR,ERR,ERR,ERR,ERR,ERR,ERR,ERR,ERR,ERR,ERR,ERR,ERR,ERR,ERR,ERR,ERR,ERR,ERR,ERR,ERR,ERR,ERR,ERR,ERR,ERR,ERR,ERR,ERR,ERR,ERR,ERR,ERR,ERR,ERR,ERR,ERR,ERR,ERR,ERR,ERR,ERR,ERR,ERR,ERR,ERR,ERR,ERR,ERR,ERR,ERR,ERR,ERR,ERR,ERR,ERR,ERR,ERR,ERR,ERR,ERR,ERR,ERR,ERR,ERR,ERR,ERR,ERR,ERR,ERR,ERR,ERR,ERR,ERR,ERR,ERR,ERR,ERR,ERR,ERR,ERR,ERR,ERR,ERR,ERR,ERR,ERR,ERR,ERR,ERR,ERR,ERR,ERR,ERR,ERR,ERR,2.7184260577004195e+23,-107615280.0,-0.0,0.0,0.0,-1.6174723538689886e+27,-0.0,0.0,0,0,4,0,7670,-0.0,41,0.0,0.0,0.0,0.0,0.0,0,0,0,0,0.0,0,0,0,0,0,0,0,0,0,0,0,0,0,0,0,0,0,0,0,0,0,0,0,0,0,0,0,0,0,0,0,0,0,23,41,40,64,65476,0,300,0,0,8,21553,0.0,-107605600.0,0.0,0.0,0.0,0.0,0.0,0.0,0.0,0.0,0.0,0.0,0.0,0.0,0.0,0.0,0.0,0.0,0.0,0.0,0.0,2.004,2.004,-2.004,-0.0,-2.004,0.0,0.0,0.0,0.0,1695.5,0.0,0.0,2.7184260577004195e+23,0.0,-0.0,2.7184312818759872e+23,0.0,0.0,2.004,2.004,68,1.9056965742860698e+17,-4.950326467833524e+32,0.0,0.0,0.0,0.0,0.0,0.0,0.0,0,0,0,0.0,9.937985198802047e+36,-1.3676787758141347e+26,-0.0,0.0,0.0,0.0,0.0,-3.66,0.0,-0.0,0.657,-0.0,2890260736.0,0.0,-6535.84,0,1.3516416376850534e+27,68,0.0,136,0.0,98688.258,0,39322,17071,26215,17092,26215,17065,0,0,0,105,99,100,-0.0,50.8,0.0,61.45,-107615200.0,63.0,1,47,48,180,26215,26215,0,0,0.0,0.0,0.0,0.0,-0.0,66.0,0.0,0.0,0.0,727,0,697,0,0,0,878,0,982,0,847,0,632,0,613,0,509,0,586,0.032,95107755802624.0,-0.0,2.7302294518918022e+23,38032,16792,-0.0,-4.2374174453717245e+26,1.29506390563774e+26,4.4411285080893796e+21,1.634127637285921e+31,-0.0,70.0,60.0,66,0.0,0.0,10.0,2.0,0.0,0.0,0.0,0.0,0.0,0.0,0.0,0.0,0.0,0.0,0.0,0.0,62.4,62,18,65518,45,65476,0,300,0,0,8,20529,65476,0,0,44564,60.0,0.0,10.0,10.0,2.0,0.0
2026-02-05T00:01:22,ERR,ERR,ERR,ERR,ERR,ERR,ERR,ERR,ERR,ERR,ERR,ERR,ERR,ERR,ERR,ERR,ERR,ERR,ERR,ERR,ERR,ERR,ERR,ERR,ERR,ERR,ERR,ERR,ERR,ERR,ERR,ERR,ERR,ERR,ERR,ERR,ERR,ERR,ERR,ERR,ERR,ERR,ERR,ERR,ERR,ERR,ERR,ERR,ERR,ERR,ERR,ERR,ERR,ERR,ERR,ERR,ERR,ERR,ERR,ERR,ERR,ERR,ERR,ERR,ERR,ERR,ERR,ERR,ERR,ERR,ERR,ERR,ERR,ERR,ERR,ERR,ERR,ERR,ERR,ERR,ERR,ERR,ERR,ERR,ERR,ERR,ERR,ERR,ERR,ERR,ERR,ERR,ERR,ERR,ERR,ERR,ERR,ERR,ERR,ERR,ERR,ERR,ERR,ERR,ERR,ERR,ERR,ERR,ERR,ERR,ERR,ERR,ERR,ERR,ERR,ERR,ERR,ERR,ERR,ERR,ERR,ERR,ERR,ERR,ERR,2.7184260577004195e+23,-107615280.0,-0.0,0.0,0.0,-1.6174723538689886e+27,-0.0,0.0,0,0,4,0,7670,-0.0,41,0.0,0.0,0.0,0.0,0.0,0,0,0,0,0.0,0,0,0,0,0,0,0,0,0,0,0,0,0,0,0,0,0,0,0,0,0,0,0,0,0,0,0,0,0,0,0,0,0,23,41,40,64,65476,0,300,0,0,8,21553,0.0,-107605600.0,0.0,0.0,0.0,0.0,0.0,0.0,0.0,0.0,0.0,0.0,0.0,0.0,0.0,0.0,0.0,0.0,0.0,0.0,0.0,2.004,2.004,-2.004,-0.0,-2.004,0.0,0.0,0.0,0.0,1695.5,0.0,0.0,2.7184260577004195e+23,0.0,-0.0,2.7184312818759872e+23,0.0,0.0,2.004,2.004,68,1.9056965742860698e+17,-4.950326467833524e+32,0.0,0.0,0.0,0.0,0.0,0.0,0.0,0,0,0,0.0,9.937985198802047e+36,-1.3676787758141347e+26,-0.0,0.0,0.0,0.0,0.0,-3.66,0.0,-0.0,0.657,-0.0,2890260736.0,0.0,-6535.84,0,1.3516416376850534e+27,68,0.0,136,0.0,98688.258,0,39322,17071,26215,17092,26215,17065,0,0,0,105,99,100,-0.0,50.8,0.0,61.45,-107615200.0,63.0,1,47,48,180,26215,26215,0,0,0.0,0.0,0.0,0.0,-0.0,66.0,0.0,0.0,0.0,727,0,697,0,0,0,878,0,982,0,847,0,632,0,613,0,509,0,586,0.032,95107755802624.0,-0.0,2.7302294518918022e+23,38032,16792,-0.0,-4.2374174453717245e+26,1.29506390563774e+26,4.4411285080893796e+21,1.634127637285921e+31,-0.0,70.0,60.0,66,0.0,0.0,10.0,2.0,0.0,0.0,0.0,0.0,0.0,0.0,0.0,0.0,0.0,0.0,0.0,0.0,62.0,62,18,65518,45,65476,0,300,0,0,8,20529,65476,0,0,44564,60.0,0.0,10.0,10.0,2.0,0.0
2026-02-05T00:01:23,ERR,ERR,ERR,ERR,ERR,ERR,ERR,ERR,ERR,ERR,ERR,ERR,ERR,ERR,ERR,ERR,ERR,ERR,ERR,ERR,ERR,ERR,ERR,ERR,ERR,ERR,ERR,ERR,ERR,ERR,ERR,ERR,ERR,ERR,ERR,ERR,ERR,ERR,ERR,ERR,ERR,ERR,ERR,ERR,ERR,ERR,ERR,ERR,ERR,ERR,ERR,ERR,ERR,ERR,ERR,ERR,ERR,ERR,ERR,ERR,ERR,ERR,ERR,ERR,ERR,ERR,ERR,ERR,ERR,ERR,ERR,ERR,ERR,ERR,ERR,ERR,ERR,ERR,ERR,ERR,ERR,ERR,ERR,ERR,ERR,ERR,ERR,ERR,ERR,ERR,ERR,ERR,ERR,ERR,ERR,ERR,ERR,ERR,ERR,ERR,ERR,ERR,ERR,ERR,ERR,ERR,ERR,ERR,ERR,ERR,ERR,ERR,ERR,ERR,ERR,ERR,ERR,ERR,ERR,ERR,ERR,ERR,ERR,ERR,ERR,2.7184260577004195e+23,-107615280.0,-0.0,0.0,0.0,-1.6174723538689886e+27,-0.0,0.0,0,0,4,0,7670,-0.0,41,0.0,0.0,0.0,0.0,0.0,0,0,0,0,0.0,0,0,0,0,0,0,0,0,0,0,0,0,0,0,0,0,0,0,0,0,0,0,0,0,0,0,0,0,0,0,0,0,0,23,41,40,64,65476,0,300,0,0,8,21553,0.0,-107605600.0,0.0,0.0,0.0,0.0,0.0,0.0,0.0,0.0,0.0,0.0,0.0,0.0,0.0,0.0,0.0,0.0,0.0,0.0,0.0,2.004,2.004,-2.004,-0.0,-2.004,0.0,0.0,0.0,0.0,1695.5,0.0,0.0,2.7184260577004195e+23,0.0,-0.0,2.7184312818759872e+23,0.0,0.0,2.004,2.004,68,1.9056965742860698e+17,-4.950326467833524e+32,0.0,0.0,0.0,0.0,0.0,0.0,0.0,0,0,0,0.0,9.937985198802047e+36,-1.3676787758141347e+26,-0.0,0.0,0.0,0.0,0.0,-3.66,0.0,-0.0,0.657,-0.0,2890260736.0,0.0,-6535.84,0,1.3516416376850534e+27,68,0.0,136,0.0,98688.258,0,39322,17071,26215,17092,26215,17065,0,0,0,105,99,100,-0.0,50.8,0.0,61.45,-107615200.0,63.0,1,47,48,180,26215,26215,0,0,0.0,0.0,0.0,0.0,-0.0,66.0,0.0,0.0,0.0,727,0,697,0,0,0,878,0,982,0,847,0,632,0,613,0,509,0,586,0.032,95107755802624.0,-0.0,2.7302294518918022e+23,38032,16792,-0.0,-4.2374174453717245e+26,1.29506390563774e+26,4.4411285080893796e+21,1.634127637285921e+31,-0.0,70.0,60.0,66,0.0,0.0,10.0,2.0,0.0,0.0,0.0,0.0,0.0,0.0,0.0,0.0,0.0,0.0,0.0,0.0,62.0,62,18,65518,45,65476,0,300,0,0,8,20529,65476,0,0,44564,60.0,0.0,10.0,10.0,2.0,0.0
2026-02-05T00:01:24,ERR,ERR,ERR,ERR,ERR,ERR,ERR,ERR,ERR,ERR,ERR,ERR,ERR,ERR,ERR,ERR,ERR,ERR,ERR,ERR,ERR,ERR,ERR,ERR,ERR,ERR,ERR,ERR,ERR,ERR,ERR,ERR,ERR,ERR,ERR,ERR,ERR,ERR,ERR,ERR,ERR,ERR,ERR,ERR,ERR,ERR,ERR,ERR,ERR,ERR,ERR,ERR,ERR,ERR,ERR,ERR,ERR,ERR,ERR,ERR,ERR,ERR,ERR,ERR,ERR,ERR,ERR,ERR,ERR,ERR,ERR,ERR,ERR,ERR,ERR,ERR,ERR,ERR,ERR,ERR,ERR,ERR,ERR,ERR,ERR,ERR,ERR,ERR,ERR,ERR,ERR,ERR,ERR,ERR,ERR,ERR,ERR,ERR,ERR,ERR,ERR,ERR,ERR,ERR,ERR,ERR,ERR,ERR,ERR,ERR,ERR,ERR,ERR,ERR,ERR,ERR,ERR,ERR,ERR,ERR,ERR,ERR,ERR,ERR,ERR,2.7184260577004195e+23,-107615280.0,-0.0,0.0,0.0,-1.6174723538689886e+27,-0.0,0.0,0,0,4,0,7670,-0.0,41,0.0,0.0,0.0,0.0,0.0,0,0,0,0,0.0,0,0,0,0,0,0,0,0,0,0,0,0,0,0,0,0,0,0,0,0,0,0,0,0,0,0,0,0,0,0,0,0,0,23,41,40,64,65476,0,300,0,0,8,21553,0.0,-107605600.0,0.0,0.0,0.0,0.0,0.0,0.0,0.0,0.0,0.0,0.0,0.0,0.0,0.0,0.0,0.0,0.0,0.0,0.0,0.0,2.004,2.004,-2.004,-0.0,-2.004,0.0,0.0,0.0,0.0,1695.5,0.0,0.0,2.7184260577004195e+23,0.0,-0.0,2.7184312818759872e+23,0.0,0.0,2.004,2.004,68,1.9056965742860698e+17,-4.950326467833524e+32,0.0,0.0,0.0,0.0,0.0,0.0,0.0,0,0,0,0.0,9.937985198802047e+36,-1.3676787758141347e+26,-0.0,0.0,0.0,0.0,0.0,-3.66,0.0,-0.0,0.657,-0.0,2890260736.0,0.0,-6535.84,0,1.3516416376850534e+27,68,0.0,136,0.0,98688.258,0,39322,17071,26215,17092,26215,17065,0,0,0,105,99,100,-0.0,50.8,0.0,61.45,-107615200.0,63.0,1,47,48,180,26215,13107,0,0,0.0,0.0,0.0,0.0,-0.0,66.0,0.0,0.0,0.0,727,0,696,0,0,0,878,0,982,0,847,0,632,0,613,0,509,0,587,0.032,95107755802624.0,-0.0,2.7302294518918022e+23,19856,16792,-0.0,2.922935114209952e+18,6.141776055799804e+32,3953915217313792.0,4.5953053649988945e+36,-0.0,70.0,60.0,66,0.0,0.0,10.0,2.0,0.0,0.0,0.0,0.0,0.0,0.0,0.0,0.0,0.0,0.0,0.0,0.0,62.0,62,18,65518,45,65476,0,300,0,0,8,20529,65476,0,0,44564,60.0,0.0,10.0,10.0,2.0,0.0
2026-02-05T00:01:25,ERR,ERR,ERR,ERR,ERR,ERR,ERR,ERR,ERR,ERR,ERR,ERR,ERR,ERR,ERR,ERR,ERR,ERR,ERR,ERR,ERR,ERR,ERR,ERR,ERR,ERR,ERR,ERR,ERR,ERR,ERR,ERR,ERR,ERR,ERR,ERR,ERR,ERR,ERR,ERR,ERR,ERR,ERR,ERR,ERR,ERR,ERR,ERR,ERR,ERR,ERR,ERR,ERR,ERR,ERR,ERR,ERR,ERR,ERR,ERR,ERR,ERR,ERR,ERR,ERR,ERR,ERR,ERR,ERR,ERR,ERR,ERR,ERR,ERR,ERR,ERR,ERR,ERR,ERR,ERR,ERR,ERR,ERR,ERR,ERR,ERR,ERR,ERR,ERR,ERR,ERR,ERR,ERR,ERR,ERR,ERR,ERR,ERR,ERR,ERR,ERR,ERR,ERR,ERR,ERR,ERR,ERR,ERR,ERR,ERR,ERR,ERR,ERR,ERR,ERR,ERR,ERR,ERR,ERR,ERR,ERR,ERR,ERR,ERR,ERR,2.7184260577004195e+23,-107615280.0,-0.0,0.0,0.0,-1.6174723538689886e+27,-0.0,0.0,0,0,4,0,7670,-0.0,41,0.0,0.0,0.0,0.0,0.0,0,0,0,0,0.0,0,0,0,0,0,0,0,0,0,0,0,0,0,0,0,0,0,0,0,0,0,0,0,0,0,0,0,0,0,0,0,0,0,23,41,40,64,65476,0,300,0,0,8,21553,0.0,-107605600.0,0.0,0.0,0.0,0.0,0.0,0.0,0.0,0.0,0.0,0.0,0.0,0.0,0.0,0.0,0.0,0.0,0.0,0.0,0.0,2.004,2.004,-2.004,-0.0,-2.004,0.0,0.0,0.0,0.0,1695.5,0.0,0.0,2.7184260577004195e+23,0.0,-0.0,2.7184312818759872e+23,0.0,0.0,2.004,2.004,68,1.9056965742860698e+17,-4.950326467833524e+32,0.0,0.0,0.0,0.0,0.0,0.0,0.0,0,0,0,0.0,9.937985198802047e+36,-1.3676787758141347e+26,-0.0,0.0,0.0,0.0,0.0,-3.66,0.0,-0.0,0.657,-0.0,2890260736.0,0.0,-6535.84,0,1.3516416376850534e+27,68,0.0,136,0.0,98688.258,0,39322,17071,26215,17092,26215,17065,0,0,0,105,99,100,-0.0,50.8,0.0,61.45,-107615200.0,63.0,1,47,48,180,26215,13107,0,0,0.0,0.0,0.0,0.0,-0.0,66.0,0.0,0.0,0.0,727,0,696,0,0,0,878,0,982,0,847,0,632,0,613,0,509,0,587,0.032,95107755802624.0,-0.0,2.7302294518918022e+23,19856,16792,-0.0,2.922935114209952e+18,6.141776055799804e+32,3953915217313792.0,4.5953053649988945e+36,-0.0,70.0,60.0,66,0.0,0.0,10.0,2.0,0.0,0.0,0.0,0.0,0.0,0.0,0.0,0.0,0.0,0.0,0.0,0.0,62.0,62,18,65518,45,65476,0,300,0,0,8,20529,65476,0,0,44564,60.0,0.0,10.0,10.0,2.0,0.0
2026-02-05T00:01:26,ERR,ERR,ERR,ERR,ERR,ERR,ERR,ERR,ERR,ERR,ERR,ERR,ERR,ERR,ERR,ERR,ERR,ERR,ERR,ERR,ERR,ERR,ERR,ERR,ERR,ERR,ERR,ERR,ERR,ERR,ERR,ERR,ERR,ERR,ERR,ERR,ERR,ERR,ERR,ERR,ERR,ERR,ERR,ERR,ERR,ERR,ERR,ERR,ERR,ERR,ERR,ERR,ERR,ERR,ERR,ERR,ERR,ERR,ERR,ERR,ERR,ERR,ERR,ERR,ERR,ERR,ERR,ERR,ERR,ERR,ERR,ERR,ERR,ERR,ERR,ERR,ERR,ERR,ERR,ERR,ERR,ERR,ERR,ERR,ERR,ERR,ERR,ERR,ERR,ERR,ERR,ERR,ERR,ERR,ERR,ERR,ERR,ERR,ERR,ERR,ERR,ERR,ERR,ERR,ERR,ERR,ERR,ERR,ERR,ERR,ERR,ERR,ERR,ERR,ERR,ERR,ERR,ERR,ERR,ERR,ERR,ERR,ERR,ERR,ERR,2.7184260577004195e+23,-107615280.0,-0.0,0.0,0.0,-1.6174723538689886e+27,-0.0,0.0,0,0,4,0,7670,-0.0,41,0.0,0.0,0.0,0.0,0.0,0,0,0,0,0.0,0,0,0,0,0,0,0,0,0,0,0,0,0,0,0,0,0,0,0,0,0,0,0,0,0,0,0,0,0,0,0,0,0,23,41,40,64,65476,0,300,0,0,8,21553,0.0,-107605600.0,0.0,0.0,0.0,0.0,0.0,0.0,0.0,0.0,0.0,0.0,0.0,0.0,0.0,0.0,0.0,0.0,0.0,0.0,0.0,2.004,2.004,-2.004,-0.0,-2.004,0.0,0.0,0.0,0.0,1695.5,0.0,0.0,2.7184260577004195e+23,0.0,-0.0,2.7184312818759872e+23,0.0,0.0,2.004,2.004,68,1.9056965742860698e+17,-4.950326467833524e+32,0.0,0.0,0.0,0.0,0.0,0.0,0.0,0,0,0,0.0,9.937985198802047e+36,-1.3676787758141347e+26,-0.0,0.0,0.0,0.0,0.0,-3.66,0.0,-0.0,0.657,-0.0,2890260736.0,0.0,-6535.84,0,1.3516416376850534e+27,68,0.0,136,0.0,98688.258,0,39322,17071,26215,17092,26215,17065,0,0,0,105,99,100,-0.0,50.8,0.0,61.45,-107615200.0,63.0,1,47,48,180,26215,13107,0,0,0.0,0.0,0.0,0.0,-0.0,66.0,0.0,0.0,0.0,727,0,696,0,0,0,878,0,982,0,847,0,632,0,613,0,509,0,587,0.032,95107755802624.0,-0.0,2.7302294518918022e+23,19856,16792,-0.0,2.922935114209952e+18,6.141776055799804e+32,3953915217313792.0,4.5953053649988945e+36,-0.0,70.0,60.0,66,0.0,0.0,10.0,2.0,0.0,0.0,0.0,0.0,0.0,0.0,0.0,0.0,0.0,0.0,0.0,0.0,62.0,62,18,65518,45,65476,0,300,0,0,8,20529,65476,0,0,44564,60.0,0.0,10.0,10.0,2.0,0.0
2026-02-05T00:01:27,ERR,ERR,ERR,ERR,ERR,ERR,ERR,ERR,ERR,ERR,ERR,ERR,ERR,ERR,ERR,ERR,ERR,ERR,ERR,ERR,ERR,ERR,ERR,ERR,ERR,ERR,ERR,ERR,ERR,ERR,ERR,ERR,ERR,ERR,ERR,ERR,ERR,ERR,ERR,ERR,ERR,ERR,ERR,ERR,ERR,ERR,ERR,ERR,ERR,ERR,ERR,ERR,ERR,ERR,ERR,ERR,ERR,ERR,ERR,ERR,ERR,ERR,ERR,ERR,ERR,ERR,ERR,ERR,ERR,ERR,ERR,ERR,ERR,ERR,ERR,ERR,ERR,ERR,ERR,ERR,ERR,ERR,ERR,ERR,ERR,ERR,ERR,ERR,ERR,ERR,ERR,ERR,ERR,ERR,ERR,ERR,ERR,ERR,ERR,ERR,ERR,ERR,ERR,ERR,ERR,ERR,ERR,ERR,ERR,ERR,ERR,ERR,ERR,ERR,ERR,ERR,ERR,ERR,ERR,ERR,ERR,ERR,ERR,ERR,ERR,2.7184260577004195e+23,0.0,-109184352.0,0.0,0.0,0.0,-0.409,0.0,0,0,4,0,7670,-0.0,41,0.0,0.0,0.0,0.0,0.0,0,0,0,0,0.0,0,0,0,0,0,0,0,0,0,0,0,0,0,0,0,0,0,0,0,0,0,0,0,0,0,0,0,0,0,0,0,0,0,23,41,40,64,65476,0,300,0,0,8,21553,0.0,-107605600.0,0.0,0.0,0.0,0.0,0.0,0.0,0.0,0.0,0.0,0.0,0.0,0.0,0.0,0.0,0.0,0.0,0.0,0.0,0.0,2.004,2.004,-0.0,-0.0,-2.004,0.0,0.0,0.0,0.0,1682.0,-0.0,0.0,2.7184260577004195e+23,0.0,-0.0,2.7184312818759872e+23,0.0,0.0,2.004,2.004,68,-0.0,-0.0,0.0,0.0,0.0,0.0,0.0,0.0,0.0,0,0,0,0.0,-0.841,-1.8275544153944844e+34,-0.0,0.0,0.001,2.4911909828427776e+17,0.0,-173292336.0,0.0,-0.0,0.661,-0.0,2890260736.0,0.0,-0.0,0,1.3516416376850534e+27,68,0.0,136,0.0,98688.258,0,39322,17071,26215,17092,26215,17065,0,0,0,105,99,100,-0.0,50.8,0.0,61.45,-107615200.0,63.0,1,47,48,180,26215,13107,0,0,0.0,0.0,0.0,0.0,-0.0,66.0,0.0,0.0,0.0,727,0,696,0,0,0,878,0,982,0,847,0,632,0,613,0,509,0,587,0.032,95107755802624.0,-0.0,2.7302294518918022e+23,19856,16792,-0.0,2.922935114209952e+18,6.141776055799804e+32,3953915217313792.0,4.5953053649988945e+36,-0.0,70.0,60.0,66,0.0,0.0,10.0,2.0,0.0,0.0,0.0,0.0,0.0,0.0,0.0,0.0,0.0,0.0,0.0,0.0,62.0,62,18,65518,45,65476,0,300,0,0,8,20529,65476,0,0,44564,60.0,0.0,10.0,10.0,2.0,0.0
2026-02-05T00:01:28,ERR,ERR,ERR,ERR,ERR,ERR,ERR,ERR,ERR,ERR,ERR,ERR,ERR,ERR,ERR,ERR,ERR,ERR,ERR,ERR,ERR,ERR,ERR,ERR,ERR,ERR,ERR,ERR,ERR,ERR,ERR,ERR,ERR,ERR,ERR,ERR,ERR,ERR,ERR,ERR,ERR,ERR,ERR,ERR,ERR,ERR,ERR,ERR,ERR,ERR,ERR,ERR,ERR,ERR,ERR,ERR,ERR,ERR,ERR,ERR,ERR,ERR,ERR,ERR,ERR,ERR,ERR,ERR,ERR,ERR,ERR,ERR,ERR,ERR,ERR,ERR,ERR,ERR,ERR,ERR,ERR,ERR,ERR,ERR,ERR,ERR,ERR,ERR,ERR,ERR,ERR,ERR,ERR,ERR,ERR,ERR,ERR,ERR,ERR,ERR,ERR,ERR,ERR,ERR,ERR,ERR,ERR,ERR,ERR,ERR,ERR,ERR,ERR,ERR,ERR,ERR,ERR,ERR,ERR,ERR,ERR,ERR,ERR,ERR,ERR,2.7184260577004195e+23,0.0,-109184352.0,0.0,0.0,0.0,-0.409,0.0,0,0,4,0,7670,-0.0,41,0.0,0.0,0.0,0.0,0.0,0,0,0,0,0.0,0,0,0,0,0,0,0,0,0,0,0,0,0,0,0,0,0,0,0,0,0,0,0,0,0,0,0,0,0,0,0,0,0,23,41,40,64,65476,0,300,0,0,8,21553,0.0,-107605600.0,0.0,0.0,0.0,0.0,0.0,0.0,0.0,0.0,0.0,0.0,0.0,0.0,0.0,0.0,0.0,0.0,0.0,0.0,0.0,2.004,2.004,-0.0,-0.0,-2.004,0.0,0.0,0.0,0.0,1682.0,-0.0,0.0,2.7184260577004195e+23,0.0,-0.0,2.7184312818759872e+23,0.0,0.0,2.004,2.004,68,-0.0,-0.0,0.0,0.0,0.0,0.0,0.0,0.0,0.0,0,0,0,0.0,-0.841,-1.8275544153944844e+34,-0.0,0.0,0.001,2.4911909828427776e+17,0.0,-173292336.0,0.0,-0.0,0.661,-0.0,2890260736.0,0.0,-0.0,0,1.3516416376850534e+27,68,0.0,136,0.0,98688.258,0,39322,17071,26215,17092,26215,17065,0,0,0,105,99,100,-0.0,50.8,0.0,61.45,-107615200.0,63.0,1,47,48,180,26215,13107,0,0,0.0,0.0,0.0,0.0,-0.0,66.0,0.0,0.0,0.0,727,0,697,0,0,0,878,0,982,0,847,0,632,0,613,0,509,0,588,0.032,79164837199872.0,-2.004,-107615056.0,26256,16792,-0.0,0.0,8272.022,-0.0,3.66,0.003,70.0,60.0,66,0.0,0.0,10.0,2.0,0.0,0.0,0.0,0.0,0.0,0.0,0.0,0.0,0.0,0.0,0.0,0.0,62.0,62,18,65518,45,65476,0,300,0,0,8,20529,65476,0,0,44564,60.0,0.0,10.0,10.0,2.0,0.0
2026-02-05T00:01:29,ERR,ERR,ERR,ERR,ERR,ERR,ERR,ERR,ERR,ERR,ERR,ERR,ERR,ERR,ERR,ERR,ERR,ERR,ERR,ERR,ERR,ERR,ERR,ERR,ERR,ERR,ERR,ERR,ERR,ERR,ERR,ERR,ERR,ERR,ERR,ERR,ERR,ERR,ERR,ERR,ERR,ERR,ERR,ERR,ERR,ERR,ERR,ERR,ERR,ERR,ERR,ERR,ERR,ERR,ERR,ERR,ERR,ERR,ERR,ERR,ERR,ERR,ERR,ERR,ERR,ERR,ERR,ERR,ERR,ERR,ERR,ERR,ERR,ERR,ERR,ERR,ERR,ERR,ERR,ERR,ERR,ERR,ERR,ERR,ERR,ERR,ERR,ERR,ERR,ERR,ERR,ERR,ERR,ERR,ERR,ERR,ERR,ERR,ERR,ERR,ERR,ERR,ERR,ERR,ERR,ERR,ERR,ERR,ERR,ERR,ERR,ERR,ERR,ERR,ERR,ERR,ERR,ERR,ERR,ERR,ERR,ERR,ERR,ERR,ERR,2.7184260577004195e+23,0.0,-109184352.0,0.0,0.0,0.0,-0.409,0.0,0,0,4,0,7670,-0.0,41,0.0,0.0,0.0,0.0,0.0,0,0,0,0,0.0,0,0,0,0,0,0,0,0,0,0,0,0,0,0,0,0,0,0,0,0,0,0,0,0,0,0,0,0,0,0,0,0,0,23,41,40,64,65476,0,300,0,0,8,21553,0.0,-107605600.0,0.0,0.0,0.0,0.0,0.0,0.0,0.0,0.0,0.0,0.0,0.0,0.0,0.0,0.0,0.0,0.0,0.0,0.0,0.0,2.004,2.004,-0.0,-0.0,-2.004,0.0,0.0,0.0,0.0,1682.0,-0.0,0.0,2.7184260577004195e+23,0.0,-0.0,2.7184312818759872e+23,0.0,0.0,2.004,2.004,68,-0.0,-0.0,0.0,0.0,0.0,0.0,0.0,0.0,0.0,0,0,0,0.0,-0.841,-1.8275544153944844e+34,-0.0,0.0,0.001,2.4911909828427776e+17,0.0,-173292336.0,0.0,-0.0,0.661,-0.0,2890260736.0,0.0,-0.0,0,1.3516416376850534e+27,68,0.0,136,0.0,98688.258,0,39322,17071,26215,17092,26215,17065,0,0,0,105,99,100,-0.0,50.8,0.0,61.45,-107615200.0,63.0,1,47,48,180,26215,13107,0,0,0.0,0.0,0.0,0.0,-0.0,66.0,0.0,0.0,0.0,727,0,697,0,0,0,878,0,982,0,847,0,632,0,613,0,509,0,588,0.032,79164837199872.0,-2.004,-107615056.0,26256,16792,-0.0,0.0,8272.022,-0.0,3.66,0.003,70.0,60.0,66,0.0,0.0,10.0,2.0,0.0,0.0,0.0,0.0,0.0,0.0,0.0,0.0,0.0,0.0,0.0,0.0,62.0,62,18,65518,45,65476,0,300,0,0,8,20529,65476,0,0,44564,60.0,0.0,10.0,10.0,2.0,0.0
2026-02-05T00:01:30,ERR,ERR,ERR,ERR,ERR,ERR,ERR,ERR,ERR,ERR,ERR,ERR,ERR,ERR,ERR,ERR,ERR,ERR,ERR,ERR,ERR,ERR,ERR,ERR,ERR,ERR,ERR,ERR,ERR,ERR,ERR,ERR,ERR,ERR,ERR,ERR,ERR,ERR,ERR,ERR,ERR,ERR,ERR,ERR,ERR,ERR,ERR,ERR,ERR,ERR,ERR,ERR,ERR,ERR,ERR,ERR,ERR,ERR,ERR,ERR,ERR,ERR,ERR,ERR,ERR,ERR,ERR,ERR,ERR,ERR,ERR,ERR,ERR,ERR,ERR,ERR,ERR,ERR,ERR,ERR,ERR,ERR,ERR,ERR,ERR,ERR,ERR,ERR,ERR,ERR,ERR,ERR,ERR,ERR,ERR,ERR,ERR,ERR,ERR,ERR,ERR,ERR,ERR,ERR,ERR,ERR,ERR,ERR,ERR,ERR,ERR,ERR,ERR,ERR,ERR,ERR,ERR,ERR,ERR,ERR,ERR,ERR,ERR,ERR,ERR,2.7184260577004195e+23,0.0,-109184352.0,0.0,0.0,0.0,-0.409,0.0,0,0,4,0,7670,-0.0,41,0.0,0.0,0.0,0.0,0.0,0,0,0,0,0.0,0,0,0,0,0,0,0,0,0,0,0,0,0,0,0,0,0,0,0,0,0,0,0,0,0,0,0,0,0,0,0,0,0,23,41,40,64,65476,0,300,0,0,8,21553,0.0,-107605600.0,0.0,0.0,0.0,0.0,0.0,0.0,0.0,0.0,0.0,0.0,0.0,0.0,0.0,0.0,0.0,0.0,0.0,0.0,0.0,2.004,2.004,-0.0,-0.0,-2.004,0.0,0.0,0.0,0.0,1682.0,-0.0,0.0,2.7184260577004195e+23,0.0,-0.0,2.7184312818759872e+23,0.0,0.0,2.004,2.004,68,-0.0,-0.0,0.0,0.0,0.0,0.0,0.0,0.0,0.0,0,0,0,0.0,-0.841,-1.8275544153944844e+34,-0.0,0.0,0.001,2.4911909828427776e+17,0.0,-173292336.0,0.0,-0.0,0.661,-0.0,2890260736.0,0.0,-0.0,0,1.3516416376850534e+27,68,0.0,136,0.0,98688.258,0,39322,17071,26215,17092,26215,17065,0,0,0,105,99,100,-0.0,50.8,0.0,61.45,-107615200.0,63.0,1,47,48,180,26215,13107,0,0,0.0,0.0,0.0,0.0,-0.0,66.0,0.0,0.0,0.0,727,0,697,0,0,0,878,0,982,0,847,0,632,0,613,0,509,0,588,0.032,79164837199872.0,-2.004,-107615056.0,26256,16792,-0.0,0.0,8272.022,-0.0,3.66,0.003,70.0,60.0,66,0.0,0.0,10.0,2.0,0.0,0.0,0.0,0.0,0.0,0.0,0.0,0.0,0.0,0.0,0.0,0.0,62.4,62,18,65518,45,65476,0,300,0,0,8,20529,65476,0,0,44564,60.0,0.0,10.0,10.0,2.0,0.0
2026-02-05T00:01:31,ERR,ERR,ERR,ERR,ERR,ERR,ERR,ERR,ERR,ERR,ERR,ERR,ERR,ERR,ERR,ERR,ERR,ERR,ERR,ERR,ERR,ERR,ERR,ERR,ERR,ERR,ERR,ERR,ERR,ERR,ERR,ERR,ERR,ERR,ERR,ERR,ERR,ERR,ERR,ERR,ERR,ERR,ERR,ERR,ERR,ERR,ERR,ERR,ERR,ERR,ERR,ERR,ERR,ERR,ERR,ERR,ERR,ERR,ERR,ERR,ERR,ERR,ERR,ERR,ERR,ERR,ERR,ERR,ERR,ERR,ERR,ERR,ERR,ERR,ERR,ERR,ERR,ERR,ERR,ERR,ERR,ERR,ERR,ERR,ERR,ERR,ERR,ERR,ERR,ERR,ERR,ERR,ERR,ERR,ERR,ERR,ERR,ERR,ERR,ERR,ERR,ERR,ERR,ERR,ERR,ERR,ERR,ERR,ERR,ERR,ERR,ERR,ERR,ERR,ERR,ERR,ERR,ERR,ERR,ERR,ERR,ERR,ERR,ERR,ERR,2.7184260577004195e+23,0.0,-109184352.0,0.0,0.0,0.0,-0.409,0.0,0,0,4,0,7670,-0.0,41,0.0,0.0,0.0,0.0,0.0,0,0,0,0,0.0,0,0,0,0,0,0,0,0,0,0,0,0,0,0,0,0,0,0,0,0,0,0,0,0,0,0,0,0,0,0,0,0,0,23,41,40,64,65476,0,300,0,0,8,21553,0.0,-107605600.0,0.0,0.0,0.0,0.0,0.0,0.0,0.0,0.0,0.0,0.0,0.0,0.0,0.0,0.0,0.0,0.0,0.0,0.0,0.0,2.004,2.004,-0.0,-0.0,-2.004,0.0,0.0,0.0,0.0,1682.0,-0.0,0.0,2.7184260577004195e+23,0.0,-0.0,2.7184312818759872e+23,0.0,0.0,2.004,2.004,68,-0.0,-0.0,0.0,0.0,0.0,0.0,0.0,0.0,0.0,0,0,0,0.0,-0.841,-1.8275544153944844e+34,-0.0,0.0,0.001,2.4911909828427776e+17,0.0,-173292336.0,0.0,-0.0,0.661,-0.0,2890260736.0,0.0,-0.0,0,1.3516416376850534e+27,68,0.0,136,0.0,98688.258,0,39322,17071,26215,17092,26215,17065,0,0,0,105,99,100,-0.0,50.8,0.0,61.45,-107615200.0,63.0,1,47,48,180,26215,13107,0,0,0.0,0.0,0.0,0.0,-0.0,66.0,0.0,0.0,0.0,727,0,697,0,0,0,878,0,982,0,847,0,632,0,613,0,509,0,588,0.032,79164837199872.0,-2.004,-107615056.0,26256,16792,-0.0,0.0,8272.022,-0.0,3.66,0.003,70.0,60.0,66,0.0,0.0,10.0,2.0,0.0,0.0,0.0,0.0,0.0,0.0,0.0,0.0,0.0,0.0,0.0,0.0,62.4,62,18,65518,45,65476,0,300,0,0,8,20529,65476,0,0,44564,60.0,0.0,10.0,10.0,2.0,0.0
2026-02-05T00:01:32,ERR,ERR,ERR,ERR,ERR,ERR,ERR,ERR,ERR,ERR,ERR,ERR,ERR,ERR,ERR,ERR,ERR,ERR,ERR,ERR,ERR,ERR,ERR,ERR,ERR,ERR,ERR,ERR,ERR,ERR,ERR,ERR,ERR,ERR,ERR,ERR,ERR,ERR,ERR,ERR,ERR,ERR,ERR,ERR,ERR,ERR,ERR,ERR,ERR,ERR,ERR,ERR,ERR,ERR,ERR,ERR,ERR,ERR,ERR,ERR,ERR,ERR,ERR,ERR,ERR,ERR,ERR,ERR,ERR,ERR,ERR,ERR,ERR,ERR,ERR,ERR,ERR,ERR,ERR,ERR,ERR,ERR,ERR,ERR,ERR,ERR,ERR,ERR,ERR,ERR,ERR,ERR,ERR,ERR,ERR,ERR,ERR,ERR,ERR,ERR,ERR,ERR,ERR,ERR,ERR,ERR,ERR,ERR,ERR,ERR,ERR,ERR,ERR,ERR,ERR,ERR,ERR,ERR,ERR,ERR,ERR,ERR,ERR,ERR,ERR,2.7184260577004195e+23,0.0,-109184352.0,0.0,0.0,0.0,-0.409,0.0,0,0,4,0,7670,-0.0,41,0.0,0.0,0.0,0.0,0.0,0,0,0,0,0.0,0,0,0,0,0,0,0,0,0,0,0,0,0,0,0,0,0,0,0,0,0,0,0,0,0,0,0,0,0,0,0,0,0,23,41,40,64,65476,0,300,0,0,8,21553,0.0,-107605600.0,0.0,0.0,0.0,0.0,0.0,0.0,0.0,0.0,0.0,0.0,0.0,0.0,0.0,0.0,0.0,0.0,0.0,0.0,0.0,2.004,2.004,-0.0,-0.0,-2.004,0.0,0.0,0.0,0.0,1682.0,-0.0,0.0,2.7184260577004195e+23,0.0,-0.0,2.7184312818759872e+23,0.0,0.0,2.004,2.004,68,-0.0,-0.0,0.0,0.0,0.0,0.0,0.0,0.0,0.0,0,0,0,0.0,-0.841,-1.8275544153944844e+34,-0.0,0.0,0.001,2.4911909828427776e+17,0.0,-173292336.0,0.0,-0.0,0.661,-0.0,2890260736.0,0.0,-0.0,0,1.3516416376850534e+27,68,0.0,136,0.0,98688.258,0,39322,17071,26215,17092,26215,17065,0,0,0,105,99,100,-0.0,50.8,0.0,61.45,-107615200.0,63.0,1,47,48,180,26215,13107,0,0,0.0,0.0,0.0,0.0,-0.0,66.0,0.0,0.0,0.0,727,0,697,0,0,0,878,0,982,0,847,0,632,0,613,0,509,0,588,0.032,79164837199872.0,-2.004,-107615056.0,26256,16792,-0.0,0.0,8272.022,-0.0,3.66,0.003,70.0,60.0,66,0.0,0.0,10.0,2.0,0.0,0.0,0.0,0.0,0.0,0.0,0.0,0.0,0.0,0.0,0.0,0.0,62.0,62,18,65518,45,65476,0,300,0,0,8,20529,65476,0,0,44564,60.0,0.0,10.0,10.0,2.0,0.0
2026-02-05T00:01:33,ERR,ERR,ERR,ERR,ERR,ERR,ERR,ERR,ERR,ERR,ERR,ERR,ERR,ERR,ERR,ERR,ERR,ERR,ERR,ERR,ERR,ERR,ERR,ERR,ERR,ERR,ERR,ERR,ERR,ERR,ERR,ERR,ERR,ERR,ERR,ERR,ERR,ERR,ERR,ERR,ERR,ERR,ERR,ERR,ERR,ERR,ERR,ERR,ERR,ERR,ERR,ERR,ERR,ERR,ERR,ERR,ERR,ERR,ERR,ERR,ERR,ERR,ERR,ERR,ERR,ERR,ERR,ERR,ERR,ERR,ERR,ERR,ERR,ERR,ERR,ERR,ERR,ERR,ERR,ERR,ERR,ERR,ERR,ERR,ERR,ERR,ERR,ERR,ERR,ERR,ERR,ERR,ERR,ERR,ERR,ERR,ERR,ERR,ERR,ERR,ERR,ERR,ERR,ERR,ERR,ERR,ERR,ERR,ERR,ERR,ERR,ERR,ERR,ERR,ERR,ERR,ERR,ERR,ERR,ERR,ERR,ERR,ERR,ERR,ERR,2.7184260577004195e+23,-107615280.0,-0.0,0.0,0.0,0.0,-7081408396787712.0,0.0,0,0,4,0,7670,-0.0,41,0.0,0.0,0.0,0.0,0.0,0,0,0,0,0.0,0,0,0,0,0,0,0,0,0,0,0,0,0,0,0,0,0,0,0,0,0,0,0,0,0,0,0,0,0,0,0,0,0,23,41,40,64,65476,0,300,0,0,8,21553,0.0,-107605600.0,0.0,0.0,0.0,0.0,0.0,0.0,0.0,0.0,0.0,0.0,0.0,0.0,0.0,0.0,0.0,0.0,0.0,0.0,0.0,2.004,2.004,-0.0,-0.0,-2.004,0.0,0.0,0.0,0.0,1680.0,3.697097293085173e+19,0.0,2.7184260577004195e+23,-107615280.0,-0.0,2.7184312818759872e+23,0.0,0.0,2.004,2.004,68,4.9504255030366665e+32,-0.0,0.0,0.0,0.0,0.0,0.0,0.0,0.0,0,0,0,0.0,132740415488.0,-65493364899840.0,-0.0,0.0,0.0,-7.537061925034331e+30,1.5016192748145105e+27,0.0,0.0,-0.0,0.661,-0.0,2907037952.0,0.0,-141996982272.0,0,1.3516416376850534e+27,68,0.0,136,0.0,98688.258,0,39322,17071,26215,17092,26215,17065,0,0,0,105,99,100,-0.0,50.8,0.0,61.45,-107615200.0,63.0,1,47,48,180,26215,13107,0,0,0.0,0.0,0.0,0.0,-0.0,66.0,0.0,-6.818647747931931e+18,0.0,727,0,697,0,0,0,878,0,982,0,847,0,632,0,613,0,509,0,589,0.032,95107755802624.0,0.0,0.0,38288,16792,-0.0,0.0,0.0,4.6072552614453576e+18,3.031029201848238e+18,-30.031,70.0,60.0,66,0.0,0.0,10.0,2.0,0.0,0.0,0.0,0.0,0.0,0.0,0.0,0.0,0.0,0.0,0.0,0.0,62.0,62,18,65518,45,65476,0,300,0,0,8,20529,65476,0,0,44564,60.0,0.0,10.0,10.0,2.0,0.0
2026-02-05T00:01:34,ERR,ERR,ERR,ERR,ERR,ERR,ERR,ERR,ERR,ERR,ERR,ERR,ERR,ERR,ERR,ERR,ERR,ERR,ERR,ERR,ERR,ERR,ERR,ERR,ERR,ERR,ERR,ERR,ERR,ERR,ERR,ERR,ERR,ERR,ERR,ERR,ERR,ERR,ERR,ERR,ERR,ERR,ERR,ERR,ERR,ERR,ERR,ERR,ERR,ERR,ERR,ERR,ERR,ERR,ERR,ERR,ERR,ERR,ERR,ERR,ERR,ERR,ERR,ERR,ERR,ERR,ERR,ERR,ERR,ERR,ERR,ERR,ERR,ERR,ERR,ERR,ERR,ERR,ERR,ERR,ERR,ERR,ERR,ERR,ERR,ERR,ERR,ERR,ERR,ERR,ERR,ERR,ERR,ERR,ERR,ERR,ERR,ERR,ERR,ERR,ERR,ERR,ERR,ERR,ERR,ERR,ERR,ERR,ERR,ERR,ERR,ERR,ERR,ERR,ERR,ERR,ERR,ERR,ERR,ERR,ERR,ERR,ERR,ERR,ERR,2.7184260577004195e+23,-107615280.0,-0.0,0.0,0.0,0.0,-7081408396787712.0,0.0,0,0,4,0,7670,-0.0,41,0.0,0.0,0.0,0.0,0.0,0,0,0,0,0.0,0,0,0,0,0,0,0,0,0,0,0,0,0,0,0,0,0,0,0,0,0,0,0,0,0,0,0,0,0,0,0,0,0,23,41,40,64,65476,0,300,0,0,8,21553,0.0,-107605600.0,0.0,0.0,0.0,0.0,0.0,0.0,0.0,0.0,0.0,0.0,0.0,0.0,0.0,0.0,0.0,0.0,0.0,0.0,0.0,2.004,2.004,-0.0,-0.0,-2.004,0.0,0.0,0.0,0.0,1680.0,3.697097293085173e+19,0.0,2.7184260577004195e+23,-107615280.0,-0.0,2.7184312818759872e+23,0.0,0.0,2.004,2.004,68,4.9504255030366665e+32,-0.0,0.0,0.0,0.0,0.0,0.0,0.0,0.0,0,0,0,0.0,132740415488.0,-65493364899840.0,-0.0,0.0,0.0,-7.537061925034331e+30,1.5016192748145105e+27,0.0,0.0,-0.0,0.661,-0.0,2907037952.0,0.0,-141996982272.0,0,1.3516416376850534e+27,68,0.0,136,0.0,98688.258,0,39322,17071,26215,17092,26215,17065,0,0,0,105,99,100,-0.0,50.8,0.0,61.45,-107615200.0,63.0,1,47,48,180,26215,13107,0,0,0.0,0.0,0.0,0.0,-0.0,66.0,0.0,-6.818647747931931e+18,0.0,727,0,697,0,0,0,878,0,982,0,847,0,632,0,613,0,509,0,589,0.032,95107755802624.0,0.0,0.0,38288,16792,-0.0,0.0,0.0,4.6072552614453576e+18,3.031029201848238e+18,-30.031,70.0,60.0,66,0.0,0.0,10.0,2.0,0.0,0.0,0.0,0.0,0.0,0.0,0.0,0.0,0.0,0.0,0.0,0.0,62.0,62,18,65518,45,65476,0,300,0,0,8,20529,65476,0,0,44564,60.0,0.0,10.0,10.0,2.0,0.0
2026-02-05T00:01:35,ERR,ERR,ERR,ERR,ERR,ERR,ERR,ERR,ERR,ERR,ERR,ERR,ERR,ERR,ERR,ERR,ERR,ERR,ERR,ERR,ERR,ERR,ERR,ERR,ERR,ERR,ERR,ERR,ERR,ERR,ERR,ERR,ERR,ERR,ERR,ERR,ERR,ERR,ERR,ERR,ERR,ERR,ERR,ERR,ERR,ERR,ERR,ERR,ERR,ERR,ERR,ERR,ERR,ERR,ERR,ERR,ERR,ERR,ERR,ERR,ERR,ERR,ERR,ERR,ERR,ERR,ERR,ERR,ERR,ERR,ERR,ERR,ERR,ERR,ERR,ERR,ERR,ERR,ERR,ERR,ERR,ERR,ERR,ERR,ERR,ERR,ERR,ERR,ERR,ERR,ERR,ERR,ERR,ERR,ERR,ERR,ERR,ERR,ERR,ERR,ERR,ERR,ERR,ERR,ERR,ERR,ERR,ERR,ERR,ERR,ERR,ERR,ERR,ERR,ERR,ERR,ERR,ERR,ERR,ERR,ERR,ERR,ERR,ERR,ERR,2.7184260577004195e+23,-107615280.0,-0.0,0.0,0.0,0.0,-7081408396787712.0,0.0,0,0,4,0,7670,-0.0,41,0.0,0.0,0.0,0.0,0.0,0,0,0,0,0.0,0,0,0,0,0,0,0,0,0,0,0,0,0,0,0,0,0,0,0,0,0,0,0,0,0,0,0,0,0,0,0,0,0,23,41,40,64,65476,0,300,0,0,8,21553,0.0,-107605600.0,0.0,0.0,0.0,0.0,0.0,0.0,0.0,0.0,0.0,0.0,0.0,0.0,0.0,0.0,0.0,0.0,0.0,0.0,0.0,2.004,2.004,-0.0,-0.0,-2.004,0.0,0.0,0.0,0.0,1680.0,3.697097293085173e+19,0.0,2.7184260577004195e+23,-107615280.0,-0.0,2.7184312818759872e+23,0.0,0.0,2.004,2.004,68,4.9504255030366665e+32,-0.0,0.0,0.0,0.0,0.0,0.0,0.0,0.0,0,0,0,0.0,132740415488.0,-65493364899840.0,-0.0,0.0,0.0,-7.537061925034331e+30,1.5016192748145105e+27,0.0,0.0,-0.0,0.661,-0.0,2907037952.0,0.0,-141996982272.0,0,1.3516416376850534e+27,68,0.0,136,0.0,98688.258,0,39322,17071,26215,17092,26215,17065,0,0,0,105,99,100,-0.0,50.8,0.0,61.45,-107615200.0,63.0,1,47,48,180,26215,13107,0,0,0.0,0.0,0.0,0.0,-0.0,66.0,0.0,-6.818647747931931e+18,0.0,727,0,697,0,0,0,878,0,982,0,847,0,632,0,613,0,509,0,589,0.032,95107755802624.0,0.0,0.0,38288,16792,-0.0,0.0,0.0,4.6072552614453576e+18,3.031029201848238e+18,-30.031,70.0,60.0,66,0.0,0.0,10.0,2.0,0.0,0.0,0.0,0.0,0.0,0.0,0.0,0.0,0.0,0.0,0.0,0.0,62.0,62,18,65518,45,65476,0,300,0,0,8,20529,65476,0,0,44564,60.0,0.0,10.0,10.0,2.0,0.0
2026-02-05T00:01:36,ERR,ERR,ERR,ERR,ERR,ERR,ERR,ERR,ERR,ERR,ERR,ERR,ERR,ERR,ERR,ERR,ERR,ERR,ERR,ERR,ERR,ERR,ERR,ERR,ERR,ERR,ERR,ERR,ERR,ERR,ERR,ERR,ERR,ERR,ERR,ERR,ERR,ERR,ERR,ERR,ERR,ERR,ERR,ERR,ERR,ERR,ERR,ERR,ERR,ERR,ERR,ERR,ERR,ERR,ERR,ERR,ERR,ERR,ERR,ERR,ERR,ERR,ERR,ERR,ERR,ERR,ERR,ERR,ERR,ERR,ERR,ERR,ERR,ERR,ERR,ERR,ERR,ERR,ERR,ERR,ERR,ERR,ERR,ERR,ERR,ERR,ERR,ERR,ERR,ERR,ERR,ERR,ERR,ERR,ERR,ERR,ERR,ERR,ERR,ERR,ERR,ERR,ERR,ERR,ERR,ERR,ERR,ERR,ERR,ERR,ERR,ERR,ERR,ERR,ERR,ERR,ERR,ERR,ERR,ERR,ERR,ERR,ERR,ERR,ERR,2.7184260577004195e+23,-107615280.0,-0.0,0.0,0.0,0.0,-7081408396787712.0,0.0,0,0,4,0,7670,-0.0,41,0.0,0.0,0.0,0.0,0.0,0,0,0,0,0.0,0,0,0,0,0,0,0,0,0,0,0,0,0,0,0,0,0,0,0,0,0,0,0,0,0,0,0,0,0,0,0,0,0,23,41,40,64,65476,0,300,0,0,8,21553,0.0,-107605600.0,0.0,0.0,0.0,0.0,0.0,0.0,0.0,0.0,0.0,0.0,0.0,0.0,0.0,0.0,0.0,0.0,0.0,0.0,0.0,2.004,2.004,-0.0,-0.0,-2.004,0.0,0.0,0.0,0.0,1680.0,3.697097293085173e+19,0.0,2.7184260577004195e+23,-107615280.0,-0.0,2.7184312818759872e+23,0.0,0.0,2.004,2.004,68,4.9504255030366665e+32,-0.0,0.0,0.0,0.0,0.0,0.0,0.0,0.0,0,0,0,0.0,132740415488.0,-65493364899840.0,-0.0,0.0,0.0,-7.537061925034331e+30,1.5016192748145105e+27,0.0,0.0,-0.0,0.661,-0.0,2907037952.0,0.0,-141996982272.0,0,1.3516416376850534e+27,68,0.0,136,0.0,98688.258,0,39322,17071,26215,17092,26215,17065,0,0,0,105,99,100,-0.0,50.8,0.0,61.45,-107615200.0,63.0,1,47,48,180,26215,13107,0,0,0.0,0.0,0.0,0.0,-0.0,66.0,0.0,-6.818647747931931e+18,0.0,727,0,697,0,0,0,878,0,982,0,847,0,632,0,613,0,509,0,589,0.032,95107755802624.0,0.0,0.0,38288,16792,-0.0,0.0,0.0,4.6072552614453576e+18,3.031029201848238e+18,-30.031,70.0,60.0,66,0.0,0.0,10.0,2.0,0.0,0.0,0.0,0.0,0.0,0.0,0.0,0.0,0.0,0.0,0.0,0.0,62.0,62,18,65518,45,65476,0,300,0,0,8,20529,65476,0,0,44564,60.0,0.0,10.0,10.0,2.0,0.0
2026-02-05T00:01:37,ERR,ERR,ERR,ERR,ERR,ERR,ERR,ERR,ERR,ERR,ERR,ERR,ERR,ERR,ERR,ERR,ERR,ERR,ERR,ERR,ERR,ERR,ERR,ERR,ERR,ERR,ERR,ERR,ERR,ERR,ERR,ERR,ERR,ERR,ERR,ERR,ERR,ERR,ERR,ERR,ERR,ERR,ERR,ERR,ERR,ERR,ERR,ERR,ERR,ERR,ERR,ERR,ERR,ERR,ERR,ERR,ERR,ERR,ERR,ERR,ERR,ERR,ERR,ERR,ERR,ERR,ERR,ERR,ERR,ERR,ERR,ERR,ERR,ERR,ERR,ERR,ERR,ERR,ERR,ERR,ERR,ERR,ERR,ERR,ERR,ERR,ERR,ERR,ERR,ERR,ERR,ERR,ERR,ERR,ERR,ERR,ERR,ERR,ERR,ERR,ERR,ERR,ERR,ERR,ERR,ERR,ERR,ERR,ERR,ERR,ERR,ERR,ERR,ERR,ERR,ERR,ERR,ERR,ERR,ERR,ERR,ERR,ERR,ERR,ERR,2.7184260577004195e+23,-107615280.0,-0.0,0.0,0.0,0.0,-7081408396787712.0,0.0,0,0,4,0,7670,-0.0,41,0.0,0.0,0.0,0.0,0.0,0,0,0,0,0.0,0,0,0,0,0,0,0,0,0,0,0,0,0,0,0,0,0,0,0,0,0,0,0,0,0,0,0,0,0,0,0,0,0,23,41,40,64,65476,0,300,0,0,8,21553,0.0,-107605600.0,0.0,0.0,0.0,0.0,0.0,0.0,0.0,0.0,0.0,0.0,0.0,0.0,0.0,0.0,0.0,0.0,0.0,0.0,0.0,2.004,2.004,-0.0,-0.0,-2.004,0.0,0.0,0.0,0.0,1680.0,3.697097293085173e+19,0.0,2.7184260577004195e+23,-107615280.0,-0.0,2.7184312818759872e+23,0.0,0.0,2.004,2.004,68,4.9504255030366665e+32,-0.0,0.0,0.0,0.0,0.0,0.0,0.0,0.0,0,0,0,0.0,132740415488.0,-65493364899840.0,-0.0,0.0,0.0,-7.537061925034331e+30,1.5016192748145105e+27,0.0,0.0,-0.0,0.661,-0.0,2907037952.0,0.0,-141996982272.0,0,1.3516416376850534e+27,68,0.0,136,0.0,98688.258,0,39322,17071,26215,17092,26215,17065,0,0,0,105,99,100,-0.0,50.8,0.0,61.45,-107615200.0,63.0,1,47,48,180,26215,26215,0,0,0.0,0.0,0.0,0.0,-0.0,66.0,0.0,0.0,0.0,727,0,696,0,0,0,878,0,982,0,848,0,632,0,613,0,509,0,589,0.032,69544110456832.0,2.004,-0.0,14992,16792,-0.0,-5.1924794002212605e+37,-11943959.0,-1.0708156952531121e+24,-2.2620864574466273e+21,0.0,70.0,60.0,66,0.0,0.0,10.0,2.0,0.0,0.0,0.0,0.0,0.0,0.0,0.0,0.0,0.0,0.0,0.0,0.0,62.0,62,18,65518,45,65476,0,300,0,0,8,20529,65476,0,0,44564,60.0,0.0,10.0,10.0,2.0,0.0
2026-02-05T00:01:38,ERR,ERR,ERR,ERR,ERR,ERR,ERR,ERR,ERR,ERR,ERR,ERR,ERR,ERR,ERR,ERR,ERR,ERR,ERR,ERR,ERR,ERR,ERR,ERR,ERR,ERR,ERR,ERR,ERR,ERR,ERR,ERR,ERR,ERR,ERR,ERR,ERR,ERR,ERR,ERR,ERR,ERR,ERR,ERR,ERR,ERR,ERR,ERR,ERR,ERR,ERR,ERR,ERR,ERR,ERR,ERR,ERR,ERR,ERR,ERR,ERR,ERR,ERR,ERR,ERR,ERR,ERR,ERR,ERR,ERR,ERR,ERR,ERR,ERR,ERR,ERR,ERR,ERR,ERR,ERR,ERR,ERR,ERR,ERR,ERR,ERR,ERR,ERR,ERR,ERR,ERR,ERR,ERR,ERR,ERR,ERR,ERR,ERR,ERR,ERR,ERR,ERR,ERR,ERR,ERR,ERR,ERR,ERR,ERR,ERR,ERR,ERR,ERR,ERR,ERR,ERR,ERR,ERR,ERR,ERR,ERR,ERR,ERR,ERR,ERR,2.7184260577004195e+23,-107615280.0,-0.0,0.0,0.0,0.0,-7081408396787712.0,0.0,0,0,4,0,7670,-0.0,41,0.0,0.0,0.0,0.0,0.0,0,0,0,0,0.0,0,0,0,0,0,0,0,0,0,0,0,0,0,0,0,0,0,0,0,0,0,0,0,0,0,0,0,0,0,0,0,0,0,23,41,40,64,65476,0,300,0,0,8,21553,0.0,-107605600.0,0.0,0.0,0.0,0.0,0.0,0.0,0.0,0.0,0.0,0.0,0.0,0.0,0.0,0.0,0.0,0.0,0.0,0.0,0.0,2.004,2.004,-0.0,-0.0,-2.004,0.0,0.0,0.0,0.0,1680.0,3.697097293085173e+19,0.0,2.7184260577004195e+23,-107615280.0,-0.0,2.7184312818759872e+23,0.0,0.0,2.004,2.004,68,4.9504255030366665e+32,-0.0,0.0,0.0,0.0,0.0,0.0,0.0,0.0,0,0,0,0.0,132740415488.0,-65493364899840.0,-0.0,0.0,0.0,-7.537061925034331e+30,1.5016192748145105e+27,0.0,0.0,-0.0,0.661,-0.0,2907037952.0,0.0,-141996982272.0,0,1.3516416376850534e+27,68,0.0,136,0.0,98688.258,0,39322,17071,26215,17092,26215,17065,0,0,0,105,99,100,-0.0,50.8,0.0,61.45,-107615200.0,63.0,1,47,48,180,26215,26215,0,0,0.0,0.0,0.0,0.0,-0.0,66.0,0.0,0.0,0.0,727,0,696,0,0,0,878,0,982,0,848,0,632,0,613,0,509,0,589,0.032,69544110456832.0,2.004,-0.0,14992,16792,-0.0,-5.1924794002212605e+37,-11943959.0,-1.0708156952531121e+24,-2.2620864574466273e+21,0.0,70.0,60.0,66,0.0,0.0,10.0,2.0,0.0,0.0,0.0,0.0,0.0,0.0,0.0,0.0,0.0,0.0,0.0,0.0,62.4,62,18,65518,45,65476,0,300,0,0,8,20529,65476,0,0,44564,60.0,0.0,10.0,10.0,2.0,0.0
2026-02-05T00:01:39,ERR,ERR,ERR,ERR,ERR,ERR,ERR,ERR,ERR,ERR,ERR,ERR,ERR,ERR,ERR,ERR,ERR,ERR,ERR,ERR,ERR,ERR,ERR,ERR,ERR,ERR,ERR,ERR,ERR,ERR,ERR,ERR,ERR,ERR,ERR,ERR,ERR,ERR,ERR,ERR,ERR,ERR,ERR,ERR,ERR,ERR,ERR,ERR,ERR,ERR,ERR,ERR,ERR,ERR,ERR,ERR,ERR,ERR,ERR,ERR,ERR,ERR,ERR,ERR,ERR,ERR,ERR,ERR,ERR,ERR,ERR,ERR,ERR,ERR,ERR,ERR,ERR,ERR,ERR,ERR,ERR,ERR,ERR,ERR,ERR,ERR,ERR,ERR,ERR,ERR,ERR,ERR,ERR,ERR,ERR,ERR,ERR,ERR,ERR,ERR,ERR,ERR,ERR,ERR,ERR,ERR,ERR,ERR,ERR,ERR,ERR,ERR,ERR,ERR,ERR,ERR,ERR,ERR,ERR,ERR,ERR,ERR,ERR,ERR,ERR,2.7184260577004195e+23,-107615280.0,-0.0,0.0,0.0,0.0,-0.0,0.0,0,0,4,0,7670,-0.0,41,0.0,0.0,0.0,0.0,0.0,0,0,0,0,0.0,0,0,0,0,0,0,0,0,0,0,0,0,0,0,0,0,0,0,0,0,0,0,0,0,0,0,0,0,0,0,0,0,0,23,41,40,64,65476,0,300,0,0,8,21553,0.0,-107605600.0,0.0,0.0,0.0,0.0,0.0,0.0,0.0,0.0,0.0,0.0,0.0,0.0,0.0,0.0,0.0,0.0,0.0,0.0,0.0,2.004,2.004,-0.0,-0.0,-2.004,0.0,0.0,0.0,0.0,1680.75,0.0,0.0,2.7184260577004195e+23,-107615280.0,-0.0,2.7184312818759872e+23,0.0,0.0,2.004,2.004,68,-0.0,-0.0,0.0,0.0,0.0,0.0,0.0,0.0,0.0,0,0,0,0.0,1.5103239520612326e+38,-4.088087639447392e+25,-0.0,0.0,0.0,-451437536.0,-0.0,0.0,0.0,-0.0,0.665,-0.0,2923815168.0,0.0,1.5183721060308147e+28,0,1.3516416376850534e+27,68,0.0,136,0.0,98688.258,0,39322,17071,26215,17092,26215,17065,0,0,0,105,99,100,-0.0,50.8,0.0,61.45,-107615200.0,63.0,1,47,48,180,26215,26215,0,0,0.0,0.0,0.0,0.0,-0.0,66.0,0.0,0.0,0.0,727,0,696,0,0,0,878,0,982,0,848,0,632,0,613,0,509,0,589,0.032,69544110456832.0,2.004,-0.0,14992,16792,-0.0,-5.1924794002212605e+37,-11943959.0,-1.0708156952531121e+24,-2.2620864574466273e+21,0.0,70.0,60.0,66,0.0,0.0,10.0,2.0,0.0,0.0,0.0,0.0,0.0,0.0,0.0,0.0,0.0,0.0,0.0,0.0,62.4,62,18,65518,45,65476,0,300,0,0,8,20529,65476,0,0,44564,60.0,0.0,10.0,10.0,2.0,0.0
2026-02-05T00:01:40,ERR,ERR,ERR,ERR,ERR,ERR,ERR,ERR,ERR,ERR,ERR,ERR,ERR,ERR,ERR,ERR,ERR,ERR,ERR,ERR,ERR,ERR,ERR,ERR,ERR,ERR,ERR,ERR,ERR,ERR,ERR,ERR,ERR,ERR,ERR,ERR,ERR,ERR,ERR,ERR,ERR,ERR,ERR,ERR,ERR,ERR,ERR,ERR,ERR,ERR,ERR,ERR,ERR,ERR,ERR,ERR,ERR,ERR,ERR,ERR,ERR,ERR,ERR,ERR,ERR,ERR,ERR,ERR,ERR,ERR,ERR,ERR,ERR,ERR,ERR,ERR,ERR,ERR,ERR,ERR,ERR,ERR,ERR,ERR,ERR,ERR,ERR,ERR,ERR,ERR,ERR,ERR,ERR,ERR,ERR,ERR,ERR,ERR,ERR,ERR,ERR,ERR,ERR,ERR,ERR,ERR,ERR,ERR,ERR,ERR,ERR,ERR,ERR,ERR,ERR,ERR,ERR,ERR,ERR,ERR,ERR,ERR,ERR,ERR,ERR,2.7184260577004195e+23,-107615280.0,-0.0,0.0,0.0,0.0,-0.0,0.0,0,0,4,0,7670,-0.0,41,0.0,0.0,0.0,0.0,0.0,0,0,0,0,0.0,0,0,0,0,0,0,0,0,0,0,0,0,0,0,0,0,0,0,0,0,0,0,0,0,0,0,0,0,0,0,0,0,0,23,41,40,64,65476,0,300,0,0,8,21553,0.0,-107605600.0,0.0,0.0,0.0,0.0,0.0,0.0,0.0,0.0,0.0,0.0,0.0,0.0,0.0,0.0,0.0,0.0,0.0,0.0,0.0,2.004,2.004,-0.0,-0.0,-2.004,0.0,0.0,0.0,0.0,1680.75,0.0,0.0,2.7184260577004195e+23,-107615280.0,-0.0,2.7184312818759872e+23,0.0,0.0,2.004,2.004,68,-0.0,-0.0,0.0,0.0,0.0,0.0,0.0,0.0,0.0,0,0,0,0.0,1.5103239520612326e+38,-4.088087639447392e+25,-0.0,0.0,0.0,-451437536.0,-0.0,0.0,0.0,-0.0,0.665,-0.0,2923815168.0,0.0,1.5183721060308147e+28,0,1.3516416376850534e+27,68,0.0,136,0.0,98688.258,0,39322,17071,26215,17092,26215,17065,0,0,0,105,99,100,-0.0,50.8,0.0,61.45,-107615200.0,63.0,1,47,48,180,26215,26215,0,0,0.0,0.0,0.0,0.0,-0.0,66.0,0.0,0.0,0.0,727,0,696,0,0,0,878,0,982,0,848,0,632,0,613,0,509,0,589,0.032,69544110456832.0,2.004,-0.0,14992,16792,-0.0,-5.1924794002212605e+37,-11943959.0,-1.0708156952531121e+24,-2.2620864574466273e+21,0.0,70.0,60.0,66,0.0,0.0,10.0,2.0,0.0,0.0,0.0,0.0,0.0,0.0,0.0,0.0,0.0,0.0,0.0,0.0,62.0,62,18,65518,45,65476,0,300,0,0,8,20529,65476,0,0,44564,60.0,0.0,10.0,10.0,2.0,0.0
2026-02-05T00:01:41,ERR,ERR,ERR,ERR,ERR,ERR,ERR,ERR,ERR,ERR,ERR,ERR,ERR,ERR,ERR,ERR,ERR,ERR,ERR,ERR,ERR,ERR,ERR,ERR,ERR,ERR,ERR,ERR,ERR,ERR,ERR,ERR,ERR,ERR,ERR,ERR,ERR,ERR,ERR,ERR,ERR,ERR,ERR,ERR,ERR,ERR,ERR,ERR,ERR,ERR,ERR,ERR,ERR,ERR,ERR,ERR,ERR,ERR,ERR,ERR,ERR,ERR,ERR,ERR,ERR,ERR,ERR,ERR,ERR,ERR,ERR,ERR,ERR,ERR,ERR,ERR,ERR,ERR,ERR,ERR,ERR,ERR,ERR,ERR,ERR,ERR,ERR,ERR,ERR,ERR,ERR,ERR,ERR,ERR,ERR,ERR,ERR,ERR,ERR,ERR,ERR,ERR,ERR,ERR,ERR,ERR,ERR,ERR,ERR,ERR,ERR,ERR,ERR,ERR,ERR,ERR,ERR,ERR,ERR,ERR,ERR,ERR,ERR,ERR,ERR,2.7184260577004195e+23,-107615280.0,-0.0,0.0,0.0,0.0,-0.0,0.0,0,0,4,0,7670,-0.0,41,0.0,0.0,0.0,0.0,0.0,0,0,0,0,0.0,0,0,0,0,0,0,0,0,0,0,0,0,0,0,0,0,0,0,0,0,0,0,0,0,0,0,0,0,0,0,0,0,0,23,41,40,64,65476,0,300,0,0,8,21553,0.0,-107605600.0,0.0,0.0,0.0,0.0,0.0,0.0,0.0,0.0,0.0,0.0,0.0,0.0,0.0,0.0,0.0,0.0,0.0,0.0,0.0,2.004,2.004,-0.0,-0.0,-2.004,0.0,0.0,0.0,0.0,1680.75,0.0,0.0,2.7184260577004195e+23,-107615280.0,-0.0,2.7184312818759872e+23,0.0,0.0,2.004,2.004,68,-0.0,-0.0,0.0,0.0,0.0,0.0,0.0,0.0,0.0,0,0,0,0.0,1.5103239520612326e+38,-4.088087639447392e+25,-0.0,0.0,0.0,-451437536.0,-0.0,0.0,0.0,-0.0,0.665,-0.0,2923815168.0,0.0,1.5183721060308147e+28,0,1.3516416376850534e+27,68,0.0,136,0.0,98688.258,0,39322,17071,26215,17092,26215,17065,0,0,0,105,99,100,-0.0,50.8,0.0,61.45,-107615200.0,63.0,1,47,48,180,26215,26215,0,0,0.0,0.0,0.0,0.0,-0.0,66.0,0.0,0.0,0.0,727,0,696,0,0,0,878,0,982,0,847,0,632,0,613,0,509,0,588,0.032,72018011619328.0,0.0,0.0,29584,16792,-0.0,0.0,8.494738593792177e+21,9.247613077379302e+29,5.4367638448481424e+23,1.0476062860086048e+29,70.0,60.0,66,0.0,0.0,10.0,2.0,0.0,0.0,0.0,0.0,0.0,0.0,0.0,0.0,0.0,0.0,0.0,0.0,62.0,62,18,65518,45,65476,0,300,0,0,8,20529,65476,0,0,44564,60.0,0.0,10.0,10.0,2.0,0.0
2026-02-05T00:01:42,ERR,ERR,ERR,ERR,ERR,ERR,ERR,ERR,ERR,ERR,ERR,ERR,ERR,ERR,ERR,ERR,ERR,ERR,ERR,ERR,ERR,ERR,ERR,ERR,ERR,ERR,ERR,ERR,ERR,ERR,ERR,ERR,ERR,ERR,ERR,ERR,ERR,ERR,ERR,ERR,ERR,ERR,ERR,ERR,ERR,ERR,ERR,ERR,ERR,ERR,ERR,ERR,ERR,ERR,ERR,ERR,ERR,ERR,ERR,ERR,ERR,ERR,ERR,ERR,ERR,ERR,ERR,ERR,ERR,ERR,ERR,ERR,ERR,ERR,ERR,ERR,ERR,ERR,ERR,ERR,ERR,ERR,ERR,ERR,ERR,ERR,ERR,ERR,ERR,ERR,ERR,ERR,ERR,ERR,ERR,ERR,ERR,ERR,ERR,ERR,ERR,ERR,ERR,ERR,ERR,ERR,ERR,ERR,ERR,ERR,ERR,ERR,ERR,ERR,ERR,ERR,ERR,ERR,ERR,ERR,ERR,ERR,ERR,ERR,ERR,2.7184260577004195e+23,-107615280.0,-0.0,0.0,0.0,0.0,-0.0,0.0,0,0,4,0,7670,-0.0,41,0.0,0.0,0.0,0.0,0.0,0,0,0,0,0.0,0,0,0,0,0,0,0,0,0,0,0,0,0,0,0,0,0,0,0,0,0,0,0,0,0,0,0,0,0,0,0,0,0,23,41,40,64,65476,0,300,0,0,8,21553,0.0,-107605600.0,0.0,0.0,0.0,0.0,0.0,0.0,0.0,0.0,0.0,0.0,0.0,0.0,0.0,0.0,0.0,0.0,0.0,0.0,0.0,2.004,2.004,-0.0,-0.0,-2.004,0.0,0.0,0.0,0.0,1680.75,0.0,0.0,2.7184260577004195e+23,-107615280.0,-0.0,2.7184312818759872e+23,0.0,0.0,2.004,2.004,68,-0.0,-0.0,0.0,0.0,0.0,0.0,0.0,0.0,0.0,0,0,0,0.0,1.5103239520612326e+38,-4.088087639447392e+25,-0.0,0.0,0.0,-451437536.0,-0.0,0.0,0.0,-0.0,0.665,-0.0,2923815168.0,0.0,1.5183721060308147e+28,0,1.3516416376850534e+27,68,0.0,136,0.0,98688.258,0,39322,17071,26215,17092,26215,17065,0,0,0,105,99,100,-0.0,50.8,0.0,61.45,-107615200.0,63.0,1,47,48,180,26215,26215,0,0,0.0,0.0,0.0,0.0,-0.0,66.0,0.0,0.0,0.0,727,0,696,0,0,0,878,0,982,0,847,0,632,0,613,0,509,0,588,0.032,72018011619328.0,0.0,0.0,29584,16792,-0.0,0.0,8.494738593792177e+21,9.247613077379302e+29,5.4367638448481424e+23,1.0476062860086048e+29,70.0,60.0,66,0.0,0.0,10.0,2.0,0.0,0.0,0.0,0.0,0.0,0.0,0.0,0.0,0.0,0.0,0.0,0.0,62.0,62,18,65518,45,65476,0,300,0,0,8,20529,65476,0,0,44564,60.0,0.0,10.0,10.0,2.0,0.0
2026-02-05T00:01:43,ERR,ERR,ERR,ERR,ERR,ERR,ERR,ERR,ERR,ERR,ERR,ERR,ERR,ERR,ERR,ERR,ERR,ERR,ERR,ERR,ERR,ERR,ERR,ERR,ERR,ERR,ERR,ERR,ERR,ERR,ERR,ERR,ERR,ERR,ERR,ERR,ERR,ERR,ERR,ERR,ERR,ERR,ERR,ERR,ERR,ERR,ERR,ERR,ERR,ERR,ERR,ERR,ERR,ERR,ERR,ERR,ERR,ERR,ERR,ERR,ERR,ERR,ERR,ERR,ERR,ERR,ERR,ERR,ERR,ERR,ERR,ERR,ERR,ERR,ERR,ERR,ERR,ERR,ERR,ERR,ERR,ERR,ERR,ERR,ERR,ERR,ERR,ERR,ERR,ERR,ERR,ERR,ERR,ERR,ERR,ERR,ERR,ERR,ERR,ERR,ERR,ERR,ERR,ERR,ERR,ERR,ERR,ERR,ERR,ERR,ERR,ERR,ERR,ERR,ERR,ERR,ERR,ERR,ERR,ERR,ERR,ERR,ERR,ERR,ERR,2.7184260577004195e+23,-107615280.0,-0.0,0.0,0.0,0.0,-0.0,0.0,0,0,4,0,7670,-0.0,41,0.0,0.0,0.0,0.0,0.0,0,0,0,0,0.0,0,0,0,0,0,0,0,0,0,0,0,0,0,0,0,0,0,0,0,0,0,0,0,0,0,0,0,0,0,0,0,0,0,23,41,40,64,65476,0,300,0,0,8,21553,0.0,-107605600.0,0.0,0.0,0.0,0.0,0.0,0.0,0.0,0.0,0.0,0.0,0.0,0.0,0.0,0.0,0.0,0.0,0.0,0.0,0.0,2.004,2.004,-0.0,-0.0,-2.004,0.0,0.0,0.0,0.0,1680.75,0.0,0.0,2.7184260577004195e+23,-107615280.0,-0.0,2.7184312818759872e+23,0.0,0.0,2.004,2.004,68,-0.0,-0.0,0.0,0.0,0.0,0.0,0.0,0.0,0.0,0,0,0,0.0,1.5103239520612326e+38,-4.088087639447392e+25,-0.0,0.0,0.0,-451437536.0,-0.0,0.0,0.0,-0.0,0.665,-0.0,2923815168.0,0.0,1.5183721060308147e+28,0,1.3516416376850534e+27,68,0.0,136,0.0,98688.258,0,39322,17071,26215,17092,26215,17065,0,0,0,105,99,100,-0.0,50.8,0.0,61.45,-107615200.0,63.0,1,47,48,180,26215,26215,0,0,0.0,0.0,0.0,0.0,-0.0,66.0,0.0,0.0,0.0,727,0,696,0,0,0,878,0,982,0,847,0,632,0,613,0,509,0,588,0.032,72018011619328.0,0.0,0.0,29584,16792,-0.0,0.0,8.494738593792177e+21,9.247613077379302e+29,5.4367638448481424e+23,1.0476062860086048e+29,70.0,60.0,66,0.0,0.0,10.0,2.0,0.0,0.0,0.0,0.0,0.0,0.0,0.0,0.0,0.0,0.0,0.0,0.0,62.0,62,18,65518,45,65476,0,300,0,0,8,20529,65476,0,0,44564,60.0,0.0,10.0,10.0,2.0,0.0
2026-02-05T00:01:44,ERR,ERR,ERR,ERR,ERR,ERR,ERR,ERR,ERR,ERR,ERR,ERR,ERR,ERR,ERR,ERR,ERR,ERR,ERR,ERR,ERR,ERR,ERR,ERR,ERR,ERR,ERR,ERR,ERR,ERR,ERR,ERR,ERR,ERR,ERR,ERR,ERR,ERR,ERR,ERR,ERR,ERR,ERR,ERR,ERR,ERR,ERR,ERR,ERR,ERR,ERR,ERR,ERR,ERR,ERR,ERR,ERR,ERR,ERR,ERR,ERR,ERR,ERR,ERR,ERR,ERR,ERR,ERR,ERR,ERR,ERR,ERR,ERR,ERR,ERR,ERR,ERR,ERR,ERR,ERR,ERR,ERR,ERR,ERR,ERR,ERR,ERR,ERR,ERR,ERR,ERR,ERR,ERR,ERR,ERR,ERR,ERR,ERR,ERR,ERR,ERR,ERR,ERR,ERR,ERR,ERR,ERR,ERR,ERR,ERR,ERR,ERR,ERR,ERR,ERR,ERR,ERR,ERR,ERR,ERR,ERR,ERR,ERR,ERR,ERR,2.7184260577004195e+23,-107615280.0,-0.0,0.0,0.0,0.0,-0.0,0.0,0,0,4,0,7670,-0.0,41,0.0,0.0,0.0,0.0,0.0,0,0,0,0,0.0,0,0,0,0,0,0,0,0,0,0,0,0,0,0,0,0,0,0,0,0,0,0,0,0,0,0,0,0,0,0,0,0,0,23,41,40,64,65476,0,300,0,0,8,21553,0.0,-107605600.0,0.0,0.0,0.0,0.0,0.0,0.0,0.0,0.0,0.0,0.0,0.0,0.0,0.0,0.0,0.0,0.0,0.0,0.0,0.0,2.004,2.004,-0.0,-0.0,-2.004,0.0,0.0,0.0,0.0,1680.75,0.0,0.0,2.7184260577004195e+23,-107615280.0,-0.0,2.7184312818759872e+23,0.0,0.0,2.004,2.004,68,-0.0,-0.0,0.0,0.0,0.0,0.0,0.0,0.0,0.0,0,0,0,0.0,1.5103239520612326e+38,-4.088087639447392e+25,-0.0,0.0,0.0,-451437536.0,-0.0,0.0,0.0,-0.0,0.665,-0.0,2923815168.0,0.0,1.5183721060308147e+28,0,1.3516416376850534e+27,68,0.0,136,0.0,98688.258,0,39322,17071,26215,17092,26215,17065,0,0,0,105,99,100,-0.0,50.8,0.0,61.45,-107615200.0,63.0,1,47,48,180,26215,26215,0,0,0.0,0.0,0.0,0.0,-0.0,66.0,0.0,0.0,0.0,727,0,696,0,0,0,878,0,982,0,847,0,632,0,613,0,509,0,588,0.032,72018011619328.0,0.0,0.0,29584,16792,-0.0,0.0,8.494738593792177e+21,9.247613077379302e+29,5.4367638448481424e+23,1.0476062860086048e+29,70.0,60.0,66,0.0,0.0,10.0,2.0,0.0,0.0,0.0,0.0,0.0,0.0,0.0,0.0,0.0,0.0,0.0,0.0,62.4,62,18,65518,45,65476,0,300,0,0,8,20529,65476,0,0,44564,60.0,0.0,10.0,10.0,2.0,0.0
2026-02-05T00:01:45,ERR,ERR,ERR,ERR,ERR,ERR,ERR,ERR,ERR,ERR,ERR,ERR,ERR,ERR,ERR,ERR,ERR,ERR,ERR,ERR,ERR,ERR,ERR,ERR,ERR,ERR,ERR,ERR,ERR,ERR,ERR,ERR,ERR,ERR,ERR,ERR,ERR,ERR,ERR,ERR,ERR,ERR,ERR,ERR,ERR,ERR,ERR,ERR,ERR,ERR,ERR,ERR,ERR,ERR,ERR,ERR,ERR,ERR,ERR,ERR,ERR,ERR,ERR,ERR,ERR,ERR,ERR,ERR,ERR,ERR,ERR,ERR,ERR,ERR,ERR,ERR,ERR,ERR,ERR,ERR,ERR,ERR,ERR,ERR,ERR,ERR,ERR,ERR,ERR,ERR,ERR,ERR,ERR,ERR,ERR,ERR,ERR,ERR,ERR,ERR,ERR,ERR,ERR,ERR,ERR,ERR,ERR,ERR,ERR,ERR,ERR,ERR,ERR,ERR,ERR,ERR,ERR,ERR,ERR,ERR,ERR,ERR,ERR,ERR,ERR,2.7184260577004195e+23,-107615280.0,-0.0,0.0,0.0,-0.0,10285490176.0,0.0,0,0,4,0,7670,-0.0,41,0.0,0.0,0.0,0.0,0.0,0,0,0,0,0.0,0,0,0,0,0,0,0,0,0,0,0,0,0,0,0,0,0,0,0,0,0,0,0,0,0,0,0,0,0,0,0,0,0,23,41,40,64,65476,0,300,0,0,8,21553,0.0,-107605600.0,0.0,0.0,0.0,0.0,0.0,0.0,0.0,0.0,0.0,0.0,0.0,0.0,0.0,0.0,0.0,0.0,0.0,0.0,0.0,2.004,2.004,-2.004,-0.0,-2.004,0.0,0.0,0.0,0.0,1680.75,2.004,0.0,2.7184260577004195e+23,-107615280.0,-0.0,2.7184312818759872e+23,0.0,0.0,2.004,2.004,68,3.222025641206419e+26,-0.0,0.0,0.0,0.0,0.0,0.0,0.0,0.0,0,0,0,0.0,1.1309360675568651e+35,-3.743744175098734e+31,-0.0,0.0,nan,0.0,0.0,-0.0,0.0,-0.0,0.669,-0.0,2940592384.0,0.0,-0.0,0,1.3516416376850534e+27,68,0.0,136,0.0,98688.258,0,39322,17071,26215,17092,26215,17065,0,0,0,105,99,100,-0.0,50.8,0.0,61.45,-107615200.0,63.0,1,47,48,180,26215,26215,0,0,0.0,0.0,0.0,0.0,-0.0,66.0,0.0,0.0,0.0,727,0,696,0,0,0,878,0,982,0,847,0,632,0,613,0,509,0,588,0.032,72018011619328.0,0.0,0.0,29584,16792,-0.0,0.0,8.494738593792177e+21,9.247613077379302e+29,5.4367638448481424e+23,1.0476062860086048e+29,70.0,60.0,66,0.0,0.0,10.0,2.0,0.0,0.0,0.0,0.0,0.0,0.0,0.0,0.0,0.0,0.0,0.0,0.0,62.4,62,18,65518,45,65476,0,300,0,0,8,20529,65476,0,0,44564,60.0,0.0,10.0,10.0,2.0,0.0
2026-02-05T00:01:46,ERR,ERR,ERR,ERR,ERR,ERR,ERR,ERR,ERR,ERR,ERR,ERR,ERR,ERR,ERR,ERR,ERR,ERR,ERR,ERR,ERR,ERR,ERR,ERR,ERR,ERR,ERR,ERR,ERR,ERR,ERR,ERR,ERR,ERR,ERR,ERR,ERR,ERR,ERR,ERR,ERR,ERR,ERR,ERR,ERR,ERR,ERR,ERR,ERR,ERR,ERR,ERR,ERR,ERR,ERR,ERR,ERR,ERR,ERR,ERR,ERR,ERR,ERR,ERR,ERR,ERR,ERR,ERR,ERR,ERR,ERR,ERR,ERR,ERR,ERR,ERR,ERR,ERR,ERR,ERR,ERR,ERR,ERR,ERR,ERR,ERR,ERR,ERR,ERR,ERR,ERR,ERR,ERR,ERR,ERR,ERR,ERR,ERR,ERR,ERR,ERR,ERR,ERR,ERR,ERR,ERR,ERR,ERR,ERR,ERR,ERR,ERR,ERR,ERR,ERR,ERR,ERR,ERR,ERR,ERR,ERR,ERR,ERR,ERR,ERR,2.7184260577004195e+23,-107615280.0,-0.0,0.0,0.0,-0.0,10285490176.0,0.0,0,0,4,0,7670,-0.0,41,0.0,0.0,0.0,0.0,0.0,0,0,0,0,0.0,0,0,0,0,0,0,0,0,0,0,0,0,0,0,0,0,0,0,0,0,0,0,0,0,0,0,0,0,0,0,0,0,0,23,41,40,64,65476,0,300,0,0,8,21553,0.0,-107605600.0,0.0,0.0,0.0,0.0,0.0,0.0,0.0,0.0,0.0,0.0,0.0,0.0,0.0,0.0,0.0,0.0,0.0,0.0,0.0,2.004,2.004,-2.004,-0.0,-2.004,0.0,0.0,0.0,0.0,1680.75,2.004,0.0,2.7184260577004195e+23,-107615280.0,-0.0,2.7184312818759872e+23,0.0,0.0,2.004,2.004,68,3.222025641206419e+26,-0.0,0.0,0.0,0.0,0.0,0.0,0.0,0.0,0,0,0,0.0,1.1309360675568651e+35,-3.743744175098734e+31,-0.0,0.0,nan,0.0,0.0,-0.0,0.0,-0.0,0.669,-0.0,2940592384.0,0.0,-0.0,0,1.3516416376850534e+27,68,0.0,136,0.0,98688.258,0,39322,17071,26215,17092,26215,17065,0,0,0,105,99,100,-0.0,50.8,0.0,61.45,-107615200.0,63.0,1,47,48,180,26215,13107,0,0,0.0,0.0,0.0,0.0,-0.0,66.0,0.0,0.016,0.0,727,0,696,0,0,0,878,0,982,0,847,0,632,0,613,0,509,0,588,0.032,69544110456832.0,0.0,0.0,18832,16792,-0.0,0.0,3.434110209781727e+25,6.488684886023005e+24,2.3869945160385674e+28,2.2489125865008658e+35,70.0,60.0,66,0.0,0.0,10.0,2.0,0.0,0.0,0.0,0.0,0.0,0.0,0.0,0.0,0.0,0.0,0.0,0.0,62.4,62,18,65518,45,65476,0,300,0,0,8,20529,65476,0,0,44564,60.0,0.0,10.0,10.0,2.0,0.0
2026-02-05T00:01:47,ERR,ERR,ERR,ERR,ERR,ERR,ERR,ERR,ERR,ERR,ERR,ERR,ERR,ERR,ERR,ERR,ERR,ERR,ERR,ERR,ERR,ERR,ERR,ERR,ERR,ERR,ERR,ERR,ERR,ERR,ERR,ERR,ERR,ERR,ERR,ERR,ERR,ERR,ERR,ERR,ERR,ERR,ERR,ERR,ERR,ERR,ERR,ERR,ERR,ERR,ERR,ERR,ERR,ERR,ERR,ERR,ERR,ERR,ERR,ERR,ERR,ERR,ERR,ERR,ERR,ERR,ERR,ERR,ERR,ERR,ERR,ERR,ERR,ERR,ERR,ERR,ERR,ERR,ERR,ERR,ERR,ERR,ERR,ERR,ERR,ERR,ERR,ERR,ERR,ERR,ERR,ERR,ERR,ERR,ERR,ERR,ERR,ERR,ERR,ERR,ERR,ERR,ERR,ERR,ERR,ERR,ERR,ERR,ERR,ERR,ERR,ERR,ERR,ERR,ERR,ERR,ERR,ERR,ERR,ERR,ERR,ERR,ERR,ERR,ERR,2.7184260577004195e+23,-107615280.0,-0.0,0.0,0.0,-0.0,10285490176.0,0.0,0,0,4,0,7670,-0.0,41,0.0,0.0,0.0,0.0,0.0,0,0,0,0,0.0,0,0,0,0,0,0,0,0,0,0,0,0,0,0,0,0,0,0,0,0,0,0,0,0,0,0,0,0,0,0,0,0,0,23,41,40,64,65476,0,300,0,0,8,21553,0.0,-107605600.0,0.0,0.0,0.0,0.0,0.0,0.0,0.0,0.0,0.0,0.0,0.0,0.0,0.0,0.0,0.0,0.0,0.0,0.0,0.0,2.004,2.004,-2.004,-0.0,-2.004,0.0,0.0,0.0,0.0,1680.75,2.004,0.0,2.7184260577004195e+23,-107615280.0,-0.0,2.7184312818759872e+23,0.0,0.0,2.004,2.004,68,3.222025641206419e+26,-0.0,0.0,0.0,0.0,0.0,0.0,0.0,0.0,0,0,0,0.0,1.1309360675568651e+35,-3.743744175098734e+31,-0.0,0.0,nan,0.0,0.0,-0.0,0.0,-0.0,0.669,-0.0,2940592384.0,0.0,-0.0,0,1.3516416376850534e+27,68,0.0,136,0.0,98688.258,0,39322,17071,26215,17092,26215,17065,0,0,0,105,99,100,-0.0,50.8,0.0,61.45,-107615200.0,63.0,1,47,48,180,26215,13107,0,0,0.0,0.0,0.0,0.0,-0.0,66.0,0.0,0.016,0.0,727,0,696,0,0,0,878,0,982,0,847,0,632,0,613,0,509,0,588,0.032,69544110456832.0,0.0,0.0,18832,16792,-0.0,0.0,3.434110209781727e+25,6.488684886023005e+24,2.3869945160385674e+28,2.2489125865008658e+35,70.0,60.0,66,0.0,0.0,10.0,2.0,0.0,0.0,0.0,0.0,0.0,0.0,0.0,0.0,0.0,0.0,0.0,0.0,62.4,62,18,65518,45,65476,0,300,0,0,8,20529,65476,0,0,44564,60.0,0.0,10.0,10.0,2.0,0.0
2026-02-05T00:01:48,ERR,ERR,ERR,ERR,ERR,ERR,ERR,ERR,ERR,ERR,ERR,ERR,ERR,ERR,ERR,ERR,ERR,ERR,ERR,ERR,ERR,ERR,ERR,ERR,ERR,ERR,ERR,ERR,ERR,ERR,ERR,ERR,ERR,ERR,ERR,ERR,ERR,ERR,ERR,ERR,ERR,ERR,ERR,ERR,ERR,ERR,ERR,ERR,ERR,ERR,ERR,ERR,ERR,ERR,ERR,ERR,ERR,ERR,ERR,ERR,ERR,ERR,ERR,ERR,ERR,ERR,ERR,ERR,ERR,ERR,ERR,ERR,ERR,ERR,ERR,ERR,ERR,ERR,ERR,ERR,ERR,ERR,ERR,ERR,ERR,ERR,ERR,ERR,ERR,ERR,ERR,ERR,ERR,ERR,ERR,ERR,ERR,ERR,ERR,ERR,ERR,ERR,ERR,ERR,ERR,ERR,ERR,ERR,ERR,ERR,ERR,ERR,ERR,ERR,ERR,ERR,ERR,ERR,ERR,ERR,ERR,ERR,ERR,ERR,ERR,2.7184260577004195e+23,-107615280.0,-0.0,0.0,0.0,-0.0,10285490176.0,0.0,0,0,4,0,7670,-0.0,41,0.0,0.0,0.0,0.0,0.0,0,0,0,0,0.0,0,0,0,0,0,0,0,0,0,0,0,0,0,0,0,0,0,0,0,0,0,0,0,0,0,0,0,0,0,0,0,0,0,23,41,40,64,65476,0,300,0,0,8,21553,0.0,-107605600.0,0.0,0.0,0.0,0.0,0.0,0.0,0.0,0.0,0.0,0.0,0.0,0.0,0.0,0.0,0.0,0.0,0.0,0.0,0.0,2.004,2.004,-2.004,-0.0,-2.004,0.0,0.0,0.0,0.0,1680.75,2.004,0.0,2.7184260577004195e+23,-107615280.0,-0.0,2.7184312818759872e+23,0.0,0.0,2.004,2.004,68,3.222025641206419e+26,-0.0,0.0,0.0,0.0,0.0,0.0,0.0,0.0,0,0,0,0.0,1.1309360675568651e+35,-3.743744175098734e+31,-0.0,0.0,nan,0.0,0.0,-0.0,0.0,-0.0,0.669,-0.0,2940592384.0,0.0,-0.0,0,1.3516416376850534e+27,68,0.0,136,0.0,98688.258,0,39322,17071,26215,17092,26215,17065,0,0,0,105,99,100,-0.0,50.8,0.0,61.45,-107615200.0,63.0,1,47,48,180,26215,13107,0,0,0.0,0.0,0.0,0.0,-0.0,66.0,0.0,0.016,0.0,727,0,696,0,0,0,878,0,982,0,847,0,632,0,613,0,509,0,588,0.032,69544110456832.0,0.0,0.0,18832,16792,-0.0,0.0,3.434110209781727e+25,6.488684886023005e+24,2.3869945160385674e+28,2.2489125865008658e+35,70.0,60.0,66,0.0,0.0,10.0,2.0,0.0,0.0,0.0,0.0,0.0,0.0,0.0,0.0,0.0,0.0,0.0,0.0,62.0,62,18,65518,45,65476,0,300,0,0,8,20529,65476,0,0,44564,60.0,0.0,10.0,10.0,2.0,0.0
2026-02-05T00:01:49,ERR,ERR,ERR,ERR,ERR,ERR,ERR,ERR,ERR,ERR,ERR,ERR,ERR,ERR,ERR,ERR,ERR,ERR,ERR,ERR,ERR,ERR,ERR,ERR,ERR,ERR,ERR,ERR,ERR,ERR,ERR,ERR,ERR,ERR,ERR,ERR,ERR,ERR,ERR,ERR,ERR,ERR,ERR,ERR,ERR,ERR,ERR,ERR,ERR,ERR,ERR,ERR,ERR,ERR,ERR,ERR,ERR,ERR,ERR,ERR,ERR,ERR,ERR,ERR,ERR,ERR,ERR,ERR,ERR,ERR,ERR,ERR,ERR,ERR,ERR,ERR,ERR,ERR,ERR,ERR,ERR,ERR,ERR,ERR,ERR,ERR,ERR,ERR,ERR,ERR,ERR,ERR,ERR,ERR,ERR,ERR,ERR,ERR,ERR,ERR,ERR,ERR,ERR,ERR,ERR,ERR,ERR,ERR,ERR,ERR,ERR,ERR,ERR,ERR,ERR,ERR,ERR,ERR,ERR,ERR,ERR,ERR,ERR,ERR,ERR,2.7184260577004195e+23,-107615280.0,-0.0,0.0,0.0,-0.0,10285490176.0,0.0,0,0,4,0,7670,-0.0,41,0.0,0.0,0.0,0.0,0.0,0,0,0,0,0.0,0,0,0,0,0,0,0,0,0,0,0,0,0,0,0,0,0,0,0,0,0,0,0,0,0,0,0,0,0,0,0,0,0,23,41,40,64,65476,0,300,0,0,8,21553,0.0,-107605600.0,0.0,0.0,0.0,0.0,0.0,0.0,0.0,0.0,0.0,0.0,0.0,0.0,0.0,0.0,0.0,0.0,0.0,0.0,0.0,2.004,2.004,-2.004,-0.0,-2.004,0.0,0.0,0.0,0.0,1680.75,2.004,0.0,2.7184260577004195e+23,-107615280.0,-0.0,2.7184312818759872e+23,0.0,0.0,2.004,2.004,68,3.222025641206419e+26,-0.0,0.0,0.0,0.0,0.0,0.0,0.0,0.0,0,0,0,0.0,1.1309360675568651e+35,-3.743744175098734e+31,-0.0,0.0,nan,0.0,0.0,-0.0,0.0,-0.0,0.669,-0.0,2940592384.0,0.0,-0.0,0,1.3516416376850534e+27,68,0.0,136,0.0,98688.258,0,39322,17071,26215,17092,26215,17065,0,0,0,105,99,100,-0.0,50.8,0.0,61.45,-107615200.0,63.0,1,47,48,180,26215,13107,0,0,0.0,0.0,0.0,0.0,-0.0,66.0,0.0,0.016,0.0,727,0,696,0,0,0,878,0,982,0,847,0,632,0,613,0,509,0,588,0.032,69544110456832.0,0.0,0.0,18832,16792,-0.0,0.0,3.434110209781727e+25,6.488684886023005e+24,2.3869945160385674e+28,2.2489125865008658e+35,70.0,60.0,66,0.0,0.0,10.0,2.0,0.0,0.0,0.0,0.0,0.0,0.0,0.0,0.0,0.0,0.0,0.0,0.0,62.0,62,18,65518,45,65476,0,300,0,0,8,20529,65476,0,0,44564,60.0,0.0,10.0,10.0,2.0,0.0
2026-02-05T00:01:50,ERR,ERR,ERR,ERR,ERR,ERR,ERR,ERR,ERR,ERR,ERR,ERR,ERR,ERR,ERR,ERR,ERR,ERR,ERR,ERR,ERR,ERR,ERR,ERR,ERR,ERR,ERR,ERR,ERR,ERR,ERR,ERR,ERR,ERR,ERR,ERR,ERR,ERR,ERR,ERR,ERR,ERR,ERR,ERR,ERR,ERR,ERR,ERR,ERR,ERR,ERR,ERR,ERR,ERR,ERR,ERR,ERR,ERR,ERR,ERR,ERR,ERR,ERR,ERR,ERR,ERR,ERR,ERR,ERR,ERR,ERR,ERR,ERR,ERR,ERR,ERR,ERR,ERR,ERR,ERR,ERR,ERR,ERR,ERR,ERR,ERR,ERR,ERR,ERR,ERR,ERR,ERR,ERR,ERR,ERR,ERR,ERR,ERR,ERR,ERR,ERR,ERR,ERR,ERR,ERR,ERR,ERR,ERR,ERR,ERR,ERR,ERR,ERR,ERR,ERR,ERR,ERR,ERR,ERR,ERR,ERR,ERR,ERR,ERR,ERR,2.7184260577004195e+23,-107615280.0,-0.0,0.0,0.0,-0.0,10285490176.0,0.0,0,0,4,0,7670,-0.0,41,0.0,0.0,0.0,0.0,0.0,0,0,0,0,0.0,0,0,0,0,0,0,0,0,0,0,0,0,0,0,0,0,0,0,0,0,0,0,0,0,0,0,0,0,0,0,0,0,0,23,41,40,64,65476,0,300,0,0,8,21553,0.0,-107605600.0,0.0,0.0,0.0,0.0,0.0,0.0,0.0,0.0,0.0,0.0,0.0,0.0,0.0,0.0,0.0,0.0,0.0,0.0,0.0,2.004,2.004,-2.004,-0.0,-2.004,0.0,0.0,0.0,0.0,1680.75,2.004,0.0,2.7184260577004195e+23,-107615280.0,-0.0,2.7184312818759872e+23,0.0,0.0,2.004,2.004,68,3.222025641206419e+26,-0.0,0.0,0.0,0.0,0.0,0.0,0.0,0.0,0,0,0,0.0,1.1309360675568651e+35,-3.743744175098734e+31,-0.0,0.0,nan,0.0,0.0,-0.0,0.0,-0.0,0.669,-0.0,2940592384.0,0.0,-0.0,0,1.3516416376850534e+27,68,0.0,136,0.0,98688.258,0,39322,17071,26215,17092,26215,17065,0,0,0,105,99,100,-0.0,50.8,0.0,61.45,-107615200.0,63.0,1,47,48,180,26215,13107,0,0,0.0,0.0,0.0,0.0,-0.0,66.0,0.0,-1620728457723904.0,0.0,727,0,696,0,0,0,878,0,982,0,847,0,632,0,613,0,509,0,588,0.032,95107755802624.0,0.0,0.0,22288,16792,8.52432761656001e+37,-0.0,1.686697648103495e+29,7.18515656139748e+21,1.0557620509317914e+31,-0.0,70.0,60.0,66,0.0,0.0,10.0,2.0,0.0,0.0,0.0,0.0,0.0,0.0,0.0,0.0,0.0,0.0,0.0,0.0,62.4,62,18,65518,45,65476,0,300,0,0,8,20529,65476,0,0,44564,60.0,0.0,10.0,10.0,2.0,0.0
2026-02-05T00:01:51,ERR,ERR,ERR,ERR,ERR,ERR,ERR,ERR,ERR,ERR,ERR,ERR,ERR,ERR,ERR,ERR,ERR,ERR,ERR,ERR,ERR,ERR,ERR,ERR,ERR,ERR,ERR,ERR,ERR,ERR,ERR,ERR,ERR,ERR,ERR,ERR,ERR,ERR,ERR,ERR,ERR,ERR,ERR,ERR,ERR,ERR,ERR,ERR,ERR,ERR,ERR,ERR,ERR,ERR,ERR,ERR,ERR,ERR,ERR,ERR,ERR,ERR,ERR,ERR,ERR,ERR,ERR,ERR,ERR,ERR,ERR,ERR,ERR,ERR,ERR,ERR,ERR,ERR,ERR,ERR,ERR,ERR,ERR,ERR,ERR,ERR,ERR,ERR,ERR,ERR,ERR,ERR,ERR,ERR,ERR,ERR,ERR,ERR,ERR,ERR,ERR,ERR,ERR,ERR,ERR,ERR,ERR,ERR,ERR,ERR,ERR,ERR,ERR,ERR,ERR,ERR,ERR,ERR,ERR,ERR,ERR,ERR,ERR,ERR,ERR,2.7184260577004195e+23,-107615280.0,-0.0,0.0,0.0,2.191,-234361061376.0,0.0,0,0,4,0,7670,-0.0,41,0.0,0.0,0.0,0.0,0.0,0,0,0,0,0.0,0,0,0,0,0,0,0,0,0,0,0,0,0,0,0,0,0,0,0,0,0,0,0,0,0,0,0,0,0,0,0,0,0,23,41,40,64,65476,0,300,0,0,8,21553,0.0,-107605600.0,0.0,0.0,0.0,0.0,0.0,0.0,0.0,0.0,0.0,0.0,0.0,0.0,0.0,0.0,0.0,0.0,0.0,0.0,0.0,2.004,2.004,-0.0,-0.0,-2.004,0.0,0.0,0.0,0.0,1672.0,-0.0,0.0,2.7184260577004195e+23,-107615280.0,-0.0,2.7184312818759872e+23,0.0,0.0,2.004,2.004,68,2.7184285797162108e+23,0.0,0.0,0.0,0.0,0.0,0.0,0.0,0.0,0,0,0,0.0,-42815.562,0.0,0.0,0.0,0.0,-0.0,0.0,-1.44115137900712e+28,0.0,-0.0,0.669,-0.0,2957369600.0,0.0,0.006,0,1.3516416376850534e+27,68,0.0,136,0.0,98688.258,0,39322,17071,26215,17092,26215,17065,0,0,0,105,99,100,-0.0,50.8,0.0,61.45,-107615200.0,63.0,1,47,48,180,26215,13107,0,0,0.0,0.0,0.0,0.0,-0.0,66.0,0.0,-1620728457723904.0,0.0,727,0,696,0,0,0,878,0,982,0,847,0,632,0,613,0,509,0,588,0.032,95107755802624.0,0.0,0.0,22288,16792,8.52432761656001e+37,-0.0,1.686697648103495e+29,7.18515656139748e+21,1.0557620509317914e+31,-0.0,70.0,60.0,66,0.0,0.0,10.0,2.0,0.0,0.0,0.0,0.0,0.0,0.0,0.0,0.0,0.0,0.0,0.0,0.0,62.4,62,18,65518,45,65476,0,300,0,0,8,20529,65476,0,0,44564,60.0,0.0,10.0,10.0,2.0,0.0
2026-02-05T00:01:52,ERR,ERR,ERR,ERR,ERR,ERR,ERR,ERR,ERR,ERR,ERR,ERR,ERR,ERR,ERR,ERR,ERR,ERR,ERR,ERR,ERR,ERR,ERR,ERR,ERR,ERR,ERR,ERR,ERR,ERR,ERR,ERR,ERR,ERR,ERR,ERR,ERR,ERR,ERR,ERR,ERR,ERR,ERR,ERR,ERR,ERR,ERR,ERR,ERR,ERR,ERR,ERR,ERR,ERR,ERR,ERR,ERR,ERR,ERR,ERR,ERR,ERR,ERR,ERR,ERR,ERR,ERR,ERR,ERR,ERR,ERR,ERR,ERR,ERR,ERR,ERR,ERR,ERR,ERR,ERR,ERR,ERR,ERR,ERR,ERR,ERR,ERR,ERR,ERR,ERR,ERR,ERR,ERR,ERR,ERR,ERR,ERR,ERR,ERR,ERR,ERR,ERR,ERR,ERR,ERR,ERR,ERR,ERR,ERR,ERR,ERR,ERR,ERR,ERR,ERR,ERR,ERR,ERR,ERR,ERR,ERR,ERR,ERR,ERR,ERR,2.7184260577004195e+23,-107615280.0,-0.0,0.0,0.0,2.191,-234361061376.0,0.0,0,0,4,0,7670,-0.0,41,0.0,0.0,0.0,0.0,0.0,0,0,0,0,0.0,0,0,0,0,0,0,0,0,0,0,0,0,0,0,0,0,0,0,0,0,0,0,0,0,0,0,0,0,0,0,0,0,0,23,41,40,64,65476,0,300,0,0,8,21553,0.0,-107605600.0,0.0,0.0,0.0,0.0,0.0,0.0,0.0,0.0,0.0,0.0,0.0,0.0,0.0,0.0,0.0,0.0,0.0,0.0,0.0,2.004,2.004,-0.0,-0.0,-2.004,0.0,0.0,0.0,0.0,1672.0,-0.0,0.0,2.7184260577004195e+23,-107615280.0,-0.0,2.7184312818759872e+23,0.0,0.0,2.004,2.004,68,2.7184285797162108e+23,0.0,0.0,0.0,0.0,0.0,0.0,0.0,0.0,0,0,0,0.0,-42815.562,0.0,0.0,0.0,0.0,-0.0,0.0,-1.44115137900712e+28,0.0,-0.0,0.669,-0.0,2957369600.0,0.0,0.006,0,1.3516416376850534e+27,68,0.0,136,0.0,98688.258,0,39322,17071,26215,17092,26215,17065,0,0,0,105,99,100,-0.0,50.8,0.0,61.45,-107615200.0,63.0,1,47,48,180,26215,13107,0,0,0.0,0.0,0.0,0.0,-0.0,66.0,0.0,-1620728457723904.0,0.0,727,0,696,0,0,0,878,0,982,0,847,0,632,0,613,0,509,0,588,0.032,95107755802624.0,0.0,0.0,22288,16792,8.52432761656001e+37,-0.0,1.686697648103495e+29,7.18515656139748e+21,1.0557620509317914e+31,-0.0,70.0,60.0,66,0.0,0.0,10.0,2.0,0.0,0.0,0.0,0.0,0.0,0.0,0.0,0.0,0.0,0.0,0.0,0.0,62.0,62,18,65518,45,65476,0,300,0,0,8,20529,65476,0,0,44564,60.0,0.0,10.0,10.0,2.0,0.0
2026-02-05T00:01:53,ERR,ERR,ERR,ERR,ERR,ERR,ERR,ERR,ERR,ERR,ERR,ERR,ERR,ERR,ERR,ERR,ERR,ERR,ERR,ERR,ERR,ERR,ERR,ERR,ERR,ERR,ERR,ERR,ERR,ERR,ERR,ERR,ERR,ERR,ERR,ERR,ERR,ERR,ERR,ERR,ERR,ERR,ERR,ERR,ERR,ERR,ERR,ERR,ERR,ERR,ERR,ERR,ERR,ERR,ERR,ERR,ERR,ERR,ERR,ERR,ERR,ERR,ERR,ERR,ERR,ERR,ERR,ERR,ERR,ERR,ERR,ERR,ERR,ERR,ERR,ERR,ERR,ERR,ERR,ERR,ERR,ERR,ERR,ERR,ERR,ERR,ERR,ERR,ERR,ERR,ERR,ERR,ERR,ERR,ERR,ERR,ERR,ERR,ERR,ERR,ERR,ERR,ERR,ERR,ERR,ERR,ERR,ERR,ERR,ERR,ERR,ERR,ERR,ERR,ERR,ERR,ERR,ERR,ERR,ERR,ERR,ERR,ERR,ERR,ERR,2.7184260577004195e+23,-107615280.0,-0.0,0.0,0.0,2.191,-234361061376.0,0.0,0,0,4,0,7670,-0.0,41,0.0,0.0,0.0,0.0,0.0,0,0,0,0,0.0,0,0,0,0,0,0,0,0,0,0,0,0,0,0,0,0,0,0,0,0,0,0,0,0,0,0,0,0,0,0,0,0,0,23,41,40,64,65476,0,300,0,0,8,21553,0.0,-107605600.0,0.0,0.0,0.0,0.0,0.0,0.0,0.0,0.0,0.0,0.0,0.0,0.0,0.0,0.0,0.0,0.0,0.0,0.0,0.0,2.004,2.004,-0.0,-0.0,-2.004,0.0,0.0,0.0,0.0,1672.0,-0.0,0.0,2.7184260577004195e+23,-107615280.0,-0.0,2.7184312818759872e+23,0.0,0.0,2.004,2.004,68,2.7184285797162108e+23,0.0,0.0,0.0,0.0,0.0,0.0,0.0,0.0,0,0,0,0.0,-42815.562,0.0,0.0,0.0,0.0,-0.0,0.0,-1.44115137900712e+28,0.0,-0.0,0.669,-0.0,2957369600.0,0.0,0.006,0,1.3516416376850534e+27,68,0.0,136,0.0,98688.258,0,39322,17071,26215,17092,26215,17065,0,0,0,105,99,100,-0.0,50.8,0.0,61.45,-107615200.0,63.0,1,47,48,180,26215,13107,0,0,0.0,0.0,0.0,0.0,-0.0,66.0,0.0,-1620728457723904.0,0.0,727,0,696,0,0,0,878,0,982,0,847,0,632,0,613,0,509,0,588,0.032,95107755802624.0,0.0,0.0,22288,16792,8.52432761656001e+37,-0.0,1.686697648103495e+29,7.18515656139748e+21,1.0557620509317914e+31,-0.0,70.0,60.0,66,0.0,0.0,10.0,2.0,0.0,0.0,0.0,0.0,0.0,0.0,0.0,0.0,0.0,0.0,0.0,0.0,62.0,62,18,65518,45,65476,0,300,0,0,8,20529,65476,0,0,44564,60.0,0.0,10.0,10.0,2.0,0.0
2026-02-05T00:01:54,ERR,ERR,ERR,ERR,ERR,ERR,ERR,ERR,ERR,ERR,ERR,ERR,ERR,ERR,ERR,ERR,ERR,ERR,ERR,ERR,ERR,ERR,ERR,ERR,ERR,ERR,ERR,ERR,ERR,ERR,ERR,ERR,ERR,ERR,ERR,ERR,ERR,ERR,ERR,ERR,ERR,ERR,ERR,ERR,ERR,ERR,ERR,ERR,ERR,ERR,ERR,ERR,ERR,ERR,ERR,ERR,ERR,ERR,ERR,ERR,ERR,ERR,ERR,ERR,ERR,ERR,ERR,ERR,ERR,ERR,ERR,ERR,ERR,ERR,ERR,ERR,ERR,ERR,ERR,ERR,ERR,ERR,ERR,ERR,ERR,ERR,ERR,ERR,ERR,ERR,ERR,ERR,ERR,ERR,ERR,ERR,ERR,ERR,ERR,ERR,ERR,ERR,ERR,ERR,ERR,ERR,ERR,ERR,ERR,ERR,ERR,ERR,ERR,ERR,ERR,ERR,ERR,ERR,ERR,ERR,ERR,ERR,ERR,ERR,ERR,2.7184260577004195e+23,-107615280.0,-0.0,0.0,0.0,2.191,-234361061376.0,0.0,0,0,4,0,7670,-0.0,41,0.0,0.0,0.0,0.0,0.0,0,0,0,0,0.0,0,0,0,0,0,0,0,0,0,0,0,0,0,0,0,0,0,0,0,0,0,0,0,0,0,0,0,0,0,0,0,0,0,23,41,40,64,65476,0,300,0,0,8,21553,0.0,-107605600.0,0.0,0.0,0.0,0.0,0.0,0.0,0.0,0.0,0.0,0.0,0.0,0.0,0.0,0.0,0.0,0.0,0.0,0.0,0.0,2.004,2.004,-0.0,-0.0,-2.004,0.0,0.0,0.0,0.0,1672.0,-0.0,0.0,2.7184260577004195e+23,-107615280.0,-0.0,2.7184312818759872e+23,0.0,0.0,2.004,2.004,68,2.7184285797162108e+23,0.0,0.0,0.0,0.0,0.0,0.0,0.0,0.0,0,0,0,0.0,-42815.562,0.0,0.0,0.0,0.0,-0.0,0.0,-1.44115137900712e+28,0.0,-0.0,0.669,-0.0,2957369600.0,0.0,0.006,0,1.3516416376850534e+27,68,0.0,136,0.0,98688.258,0,39322,17071,26215,17092,26215,17065,0,0,0,105,99,100,-0.0,50.8,0.0,61.45,-107615200.0,63.0,1,47,48,180,26215,13107,0,0,0.0,0.0,0.0,0.0,-0.0,66.0,0.0,0.0,0.0,727,0,696,0,0,0,878,0,982,0,847,0,632,0,613,0,509,0,588,0.032,84112639524864.0,0.0,0.0,23056,16792,-0.0,0.0,-1.4503784897576457e+21,-123778.07,-2.568811594779516e+38,1.807,70.0,60.0,66,0.0,0.0,10.0,2.0,0.0,0.0,0.0,0.0,0.0,0.0,0.0,0.0,0.0,0.0,0.0,0.0,62.0,62,18,65518,45,65476,0,300,0,0,8,20529,65476,0,0,44564,60.0,0.0,10.0,10.0,2.0,0.0
2026-02-05T00:01:55,ERR,ERR,ERR,ERR,ERR,ERR,ERR,ERR,ERR,ERR,ERR,ERR,ERR,ERR,ERR,ERR,ERR,ERR,ERR,ERR,ERR,ERR,ERR,ERR,ERR,ERR,ERR,ERR,ERR,ERR,ERR,ERR,ERR,ERR,ERR,ERR,ERR,ERR,ERR,ERR,ERR,ERR,ERR,ERR,ERR,ERR,ERR,ERR,ERR,ERR,ERR,ERR,ERR,ERR,ERR,ERR,ERR,ERR,ERR,ERR,ERR,ERR,ERR,ERR,ERR,ERR,ERR,ERR,ERR,ERR,ERR,ERR,ERR,ERR,ERR,ERR,ERR,ERR,ERR,ERR,ERR,ERR,ERR,ERR,ERR,ERR,ERR,ERR,ERR,ERR,ERR,ERR,ERR,ERR,ERR,ERR,ERR,ERR,ERR,ERR,ERR,ERR,ERR,ERR,ERR,ERR,ERR,ERR,ERR,ERR,ERR,ERR,ERR,ERR,ERR,ERR,ERR,ERR,ERR,ERR,ERR,ERR,ERR,ERR,ERR,2.7184260577004195e+23,-107615280.0,-0.0,0.0,0.0,2.191,-234361061376.0,0.0,0,0,4,0,7670,-0.0,41,0.0,0.0,0.0,0.0,0.0,0,0,0,0,0.0,0,0,0,0,0,0,0,0,0,0,0,0,0,0,0,0,0,0,0,0,0,0,0,0,0,0,0,0,0,0,0,0,0,23,41,40,64,65476,0,300,0,0,8,21553,0.0,-107605600.0,0.0,0.0,0.0,0.0,0.0,0.0,0.0,0.0,0.0,0.0,0.0,0.0,0.0,0.0,0.0,0.0,0.0,0.0,0.0,2.004,2.004,-0.0,-0.0,-2.004,0.0,0.0,0.0,0.0,1672.0,-0.0,0.0,2.7184260577004195e+23,-107615280.0,-0.0,2.7184312818759872e+23,0.0,0.0,2.004,2.004,68,2.7184285797162108e+23,0.0,0.0,0.0,0.0,0.0,0.0,0.0,0.0,0,0,0,0.0,-42815.562,0.0,0.0,0.0,0.0,-0.0,0.0,-1.44115137900712e+28,0.0,-0.0,0.669,-0.0,2957369600.0,0.0,0.006,0,1.3516416376850534e+27,68,0.0,136,0.0,98688.258,0,39322,17071,26215,17092,26215,17065,0,0,0,105,99,100,-0.0,50.8,0.0,61.45,-107615200.0,63.0,1,47,48,180,26215,13107,0,0,0.0,0.0,0.0,0.0,-0.0,66.0,0.0,0.0,0.0,727,0,696,0,0,0,878,0,982,0,847,0,632,0,613,0,509,0,588,0.032,84112639524864.0,0.0,0.0,23056,16792,-0.0,0.0,-1.4503784897576457e+21,-123778.07,-2.568811594779516e+38,1.807,70.0,60.0,66,0.0,0.0,10.0,2.0,0.0,0.0,0.0,0.0,0.0,0.0,0.0,0.0,0.0,0.0,0.0,0.0,62.0,62,18,65518,45,65476,0,300,0,0,8,20529,65476,0,0,44564,60.0,0.0,10.0,10.0,2.0,0.0
2026-02-05T00:01:56,ERR,ERR,ERR,ERR,ERR,ERR,ERR,ERR,ERR,ERR,ERR,ERR,ERR,ERR,ERR,ERR,ERR,ERR,ERR,ERR,ERR,ERR,ERR,ERR,ERR,ERR,ERR,ERR,ERR,ERR,ERR,ERR,ERR,ERR,ERR,ERR,ERR,ERR,ERR,ERR,ERR,ERR,ERR,ERR,ERR,ERR,ERR,ERR,ERR,ERR,ERR,ERR,ERR,ERR,ERR,ERR,ERR,ERR,ERR,ERR,ERR,ERR,ERR,ERR,ERR,ERR,ERR,ERR,ERR,ERR,ERR,ERR,ERR,ERR,ERR,ERR,ERR,ERR,ERR,ERR,ERR,ERR,ERR,ERR,ERR,ERR,ERR,ERR,ERR,ERR,ERR,ERR,ERR,ERR,ERR,ERR,ERR,ERR,ERR,ERR,ERR,ERR,ERR,ERR,ERR,ERR,ERR,ERR,ERR,ERR,ERR,ERR,ERR,ERR,ERR,ERR,ERR,ERR,ERR,ERR,ERR,ERR,ERR,ERR,ERR,2.7184260577004195e+23,-107615280.0,-0.0,0.0,0.0,2.191,-234361061376.0,0.0,0,0,4,0,7670,-0.0,41,0.0,0.0,0.0,0.0,0.0,0,0,0,0,0.0,0,0,0,0,0,0,0,0,0,0,0,0,0,0,0,0,0,0,0,0,0,0,0,0,0,0,0,0,0,0,0,0,0,23,41,40,64,65476,0,300,0,0,8,21553,0.0,-107605600.0,0.0,0.0,0.0,0.0,0.0,0.0,0.0,0.0,0.0,0.0,0.0,0.0,0.0,0.0,0.0,0.0,0.0,0.0,0.0,2.004,2.004,-0.0,-0.0,-2.004,0.0,0.0,0.0,0.0,1672.0,-0.0,0.0,2.7184260577004195e+23,-107615280.0,-0.0,2.7184312818759872e+23,0.0,0.0,2.004,2.004,68,2.7184285797162108e+23,0.0,0.0,0.0,0.0,0.0,0.0,0.0,0.0,0,0,0,0.0,-42815.562,0.0,0.0,0.0,0.0,-0.0,0.0,-1.44115137900712e+28,0.0,-0.0,0.669,-0.0,2957369600.0,0.0,0.006,0,1.3516416376850534e+27,68,0.0,136,0.0,98688.258,0,39322,17071,26215,17092,26215,17065,0,0,0,105,99,100,-0.0,50.8,0.0,61.45,-107615200.0,63.0,1,47,48,180,26215,13107,0,0,0.0,0.0,0.0,0.0,-0.0,66.0,0.0,0.0,0.0,727,0,696,0,0,0,878,0,982,0,847,0,632,0,613,0,509,0,588,0.032,84112639524864.0,0.0,0.0,23056,16792,-0.0,0.0,-1.4503784897576457e+21,-123778.07,-2.568811594779516e+38,1.807,70.0,60.0,66,0.0,0.0,10.0,2.0,0.0,0.0,0.0,0.0,0.0,0.0,0.0,0.0,0.0,0.0,0.0,0.0,62.0,62,18,65518,45,65476,0,300,0,0,8,20529,65476,0,0,44564,60.0,0.0,10.0,10.0,2.0,0.0
2026-02-05T00:01:57,ERR,ERR,ERR,ERR,ERR,ERR,ERR,ERR,ERR,ERR,ERR,ERR,ERR,ERR,ERR,ERR,ERR,ERR,ERR,ERR,ERR,ERR,ERR,ERR,ERR,ERR,ERR,ERR,ERR,ERR,ERR,ERR,ERR,ERR,ERR,ERR,ERR,ERR,ERR,ERR,ERR,ERR,ERR,ERR,ERR,ERR,ERR,ERR,ERR,ERR,ERR,ERR,ERR,ERR,ERR,ERR,ERR,ERR,ERR,ERR,ERR,ERR,ERR,ERR,ERR,ERR,ERR,ERR,ERR,ERR,ERR,ERR,ERR,ERR,ERR,ERR,ERR,ERR,ERR,ERR,ERR,ERR,ERR,ERR,ERR,ERR,ERR,ERR,ERR,ERR,ERR,ERR,ERR,ERR,ERR,ERR,ERR,ERR,ERR,ERR,ERR,ERR,ERR,ERR,ERR,ERR,ERR,ERR,ERR,ERR,ERR,ERR,ERR,ERR,ERR,ERR,ERR,ERR,ERR,ERR,ERR,ERR,ERR,ERR,ERR,2.7184260577004195e+23,-107615280.0,-0.0,0.0,0.0,7.41538695046093e+32,0.0,0.0,0,0,4,0,7670,-0.0,41,0.0,0.0,0.0,0.0,0.0,0,0,0,0,0.0,0,0,0,0,0,0,0,0,0,0,0,0,0,0,0,0,0,0,0,0,0,0,0,0,0,0,0,0,0,0,0,0,0,23,41,40,64,65476,0,300,0,0,8,21553,0.0,-107605600.0,0.0,0.0,0.0,0.0,0.0,0.0,0.0,0.0,0.0,0.0,0.0,0.0,0.0,0.0,0.0,0.0,0.0,0.0,0.0,2.004,2.004,-0.0,-0.0,-2.004,0.0,0.0,0.0,0.0,1665.25,0.0,0.0,2.7184260577004195e+23,-107615280.0,-0.0,2.7184312818759872e+23,0.0,0.0,2.004,2.004,68,-0.0,0.0,0.0,0.0,0.0,0.0,0.0,0.0,0.0,0,0,0,0.0,0.0,-1.0273587014776916e+34,-2082791.0,0.0,-0.0,9870074290634752.0,-0.0,3337437839360.0,0.0,-0.0,0.673,-0.0,2974146816.0,0.0,7.298696207792185e+30,0,1.3516416376850534e+27,68,0.0,136,0.0,98688.258,0,39322,17071,26215,17092,26215,17065,0,0,0,105,99,100,-0.0,50.8,0.0,61.45,-107615200.0,63.0,1,47,48,180,26215,13107,0,0,0.0,0.0,0.0,0.0,-0.0,66.0,0.0,0.0,0.0,727,0,696,0,0,0,878,0,982,0,847,0,632,0,613,0,509,0,588,0.032,84112639524864.0,0.0,0.0,23056,16792,-0.0,0.0,-1.4503784897576457e+21,-123778.07,-2.568811594779516e+38,1.807,70.0,60.0,66,0.0,0.0,10.0,2.0,0.0,0.0,0.0,0.0,0.0,0.0,0.0,0.0,0.0,0.0,0.0,0.0,62.0,62,18,65518,45,65476,0,300,0,0,8,20529,65476,0,0,44564,60.0,0.0,10.0,10.0,2.0,0.0
2026-02-05T00:01:58,ERR,ERR,ERR,ERR,ERR,ERR,ERR,ERR,ERR,ERR,ERR,ERR,ERR,ERR,ERR,ERR,ERR,ERR,ERR,ERR,ERR,ERR,ERR,ERR,ERR,ERR,ERR,ERR,ERR,ERR,ERR,ERR,ERR,ERR,ERR,ERR,ERR,ERR,ERR,ERR,ERR,ERR,ERR,ERR,ERR,ERR,ERR,ERR,ERR,ERR,ERR,ERR,ERR,ERR,ERR,ERR,ERR,ERR,ERR,ERR,ERR,ERR,ERR,ERR,ERR,ERR,ERR,ERR,ERR,ERR,ERR,ERR,ERR,ERR,ERR,ERR,ERR,ERR,ERR,ERR,ERR,ERR,ERR,ERR,ERR,ERR,ERR,ERR,ERR,ERR,ERR,ERR,ERR,ERR,ERR,ERR,ERR,ERR,ERR,ERR,ERR,ERR,ERR,ERR,ERR,ERR,ERR,ERR,ERR,ERR,ERR,ERR,ERR,ERR,ERR,ERR,ERR,ERR,ERR,ERR,ERR,ERR,ERR,ERR,ERR,2.7184260577004195e+23,-107615280.0,-0.0,0.0,0.0,7.41538695046093e+32,0.0,0.0,0,0,4,0,7670,-0.0,41,0.0,0.0,0.0,0.0,0.0,0,0,0,0,0.0,0,0,0,0,0,0,0,0,0,0,0,0,0,0,0,0,0,0,0,0,0,0,0,0,0,0,0,0,0,0,0,0,0,23,41,40,64,65476,0,300,0,0,8,21553,0.0,-107605600.0,0.0,0.0,0.0,0.0,0.0,0.0,0.0,0.0,0.0,0.0,0.0,0.0,0.0,0.0,0.0,0.0,0.0,0.0,0.0,2.004,2.004,-0.0,-0.0,-2.004,0.0,0.0,0.0,0.0,1665.25,0.0,0.0,2.7184260577004195e+23,-107615280.0,-0.0,2.7184312818759872e+23,0.0,0.0,2.004,2.004,68,-0.0,0.0,0.0,0.0,0.0,0.0,0.0,0.0,0.0,0,0,0,0.0,0.0,-1.0273587014776916e+34,-2082791.0,0.0,-0.0,9870074290634752.0,-0.0,3337437839360.0,0.0,-0.0,0.673,-0.0,2974146816.0,0.0,7.298696207792185e+30,0,1.3516416376850534e+27,68,0.0,136,0.0,98688.258,0,39322,17071,26215,17092,26215,17065,0,0,0,105,99,100,-0.0,50.8,0.0,61.45,-107615200.0,63.0,1,47,48,180,26215,13107,0,0,0.0,0.0,0.0,0.0,-0.0,66.0,0.0,0.0,0.0,727,0,696,0,0,0,878,0,982,0,847,0,632,0,613,0,509,0,588,0.032,84112639524864.0,0.0,0.0,23056,16792,-0.0,0.0,-1.4503784897576457e+21,-123778.07,-2.568811594779516e+38,1.807,70.0,60.0,66,0.0,0.0,10.0,2.0,0.0,0.0,0.0,0.0,0.0,0.0,0.0,0.0,0.0,0.0,0.0,0.0,62.0,62,18,65518,45,65476,0,300,0,0,8,20529,65476,0,0,44564,60.0,0.0,10.0,10.0,2.0,0.0
2026-02-05T00:01:59,ERR,ERR,ERR,ERR,ERR,ERR,ERR,ERR,ERR,ERR,ERR,ERR,ERR,ERR,ERR,ERR,ERR,ERR,ERR,ERR,ERR,ERR,ERR,ERR,ERR,ERR,ERR,ERR,ERR,ERR,ERR,ERR,ERR,ERR,ERR,ERR,ERR,ERR,ERR,ERR,ERR,ERR,ERR,ERR,ERR,ERR,ERR,ERR,ERR,ERR,ERR,ERR,ERR,ERR,ERR,ERR,ERR,ERR,ERR,ERR,ERR,ERR,ERR,ERR,ERR,ERR,ERR,ERR,ERR,ERR,ERR,ERR,ERR,ERR,ERR,ERR,ERR,ERR,ERR,ERR,ERR,ERR,ERR,ERR,ERR,ERR,ERR,ERR,ERR,ERR,ERR,ERR,ERR,ERR,ERR,ERR,ERR,ERR,ERR,ERR,ERR,ERR,ERR,ERR,ERR,ERR,ERR,ERR,ERR,ERR,ERR,ERR,ERR,ERR,ERR,ERR,ERR,ERR,ERR,ERR,ERR,ERR,ERR,ERR,ERR,2.7184260577004195e+23,-107615280.0,-0.0,0.0,0.0,7.41538695046093e+32,0.0,0.0,0,0,4,0,7670,-0.0,41,0.0,0.0,0.0,0.0,0.0,0,0,0,0,0.0,0,0,0,0,0,0,0,0,0,0,0,0,0,0,0,0,0,0,0,0,0,0,0,0,0,0,0,0,0,0,0,0,0,23,41,40,64,65476,0,300,0,0,8,21553,0.0,-107605600.0,0.0,0.0,0.0,0.0,0.0,0.0,0.0,0.0,0.0,0.0,0.0,0.0,0.0,0.0,0.0,0.0,0.0,0.0,0.0,2.004,2.004,-0.0,-0.0,-2.004,0.0,0.0,0.0,0.0,1665.25,0.0,0.0,2.7184260577004195e+23,-107615280.0,-0.0,2.7184312818759872e+23,0.0,0.0,2.004,2.004,68,-0.0,0.0,0.0,0.0,0.0,0.0,0.0,0.0,0.0,0,0,0,0.0,0.0,-1.0273587014776916e+34,-2082791.0,0.0,-0.0,9870074290634752.0,-0.0,3337437839360.0,0.0,-0.0,0.673,-0.0,2974146816.0,0.0,7.298696207792185e+30,0,1.3516416376850534e+27,68,0.0,136,0.0,98688.258,0,39322,17071,26215,17092,26215,17065,0,0,0,105,99,100,-0.0,50.8,0.0,61.45,-107615200.0,63.0,1,47,48,180,13107,13107,0,0,0.0,0.0,0.0,0.0,-0.0,66.0,0.0,-0.0,0.0,727,0,696,0,0,0,878,0,982,0,847,0,632,0,613,0,509,0,587,0.032,76416058130432.0,0.0,0.0,25232,16792,-0.0,-0.0,-0.0,0.0,-0.24,-9.314864284580673e+23,70.0,60.0,66,0.0,0.0,10.0,2.0,0.0,0.0,0.0,0.0,0.0,0.0,0.0,0.0,0.0,0.0,0.0,0.0,62.0,62,18,65518,45,65476,0,300,0,0,8,20529,65476,0,0,44564,60.0,0.0,10.0,10.0,2.0,0.0
2026-02-05T00:02:00,ERR,ERR,ERR,ERR,ERR,ERR,ERR,ERR,ERR,ERR,ERR,ERR,ERR,ERR,ERR,ERR,ERR,ERR,ERR,ERR,ERR,ERR,ERR,ERR,ERR,ERR,ERR,ERR,ERR,ERR,ERR,ERR,ERR,ERR,ERR,ERR,ERR,ERR,ERR,ERR,ERR,ERR,ERR,ERR,ERR,ERR,ERR,ERR,ERR,ERR,ERR,ERR,ERR,ERR,ERR,ERR,ERR,ERR,ERR,ERR,ERR,ERR,ERR,ERR,ERR,ERR,ERR,ERR,ERR,ERR,ERR,ERR,ERR,ERR,ERR,ERR,ERR,ERR,ERR,ERR,ERR,ERR,ERR,ERR,ERR,ERR,ERR,ERR,ERR,ERR,ERR,ERR,ERR,ERR,ERR,ERR,ERR,ERR,ERR,ERR,ERR,ERR,ERR,ERR,ERR,ERR,ERR,ERR,ERR,ERR,ERR,ERR,ERR,ERR,ERR,ERR,ERR,ERR,ERR,ERR,ERR,ERR,ERR,ERR,ERR,2.7184260577004195e+23,-107615280.0,-0.0,0.0,0.0,7.41538695046093e+32,0.0,0.0,0,0,4,0,7670,-0.0,41,0.0,0.0,0.0,0.0,0.0,0,0,0,0,0.0,0,0,0,0,0,0,0,0,0,0,0,0,0,0,0,0,0,0,0,0,0,0,0,0,0,0,0,0,0,0,0,0,0,23,41,40,64,65476,0,300,0,0,8,21553,0.0,-107605600.0,0.0,0.0,0.0,0.0,0.0,0.0,0.0,0.0,0.0,0.0,0.0,0.0,0.0,0.0,0.0,0.0,0.0,0.0,0.0,2.004,2.004,-0.0,-0.0,-2.004,0.0,0.0,0.0,0.0,1665.25,0.0,0.0,2.7184260577004195e+23,-107615280.0,-0.0,2.7184312818759872e+23,0.0,0.0,2.004,2.004,68,-0.0,0.0,0.0,0.0,0.0,0.0,0.0,0.0,0.0,0,0,0,0.0,0.0,-1.0273587014776916e+34,-2082791.0,0.0,-0.0,9870074290634752.0,-0.0,3337437839360.0,0.0,-0.0,0.673,-0.0,2974146816.0,0.0,7.298696207792185e+30,0,1.3516416376850534e+27,68,0.0,136,0.0,98688.258,0,39322,17071,26215,17092,26215,17065,0,0,0,105,99,100,-0.0,50.8,0.0,61.45,-107615200.0,63.0,1,47,48,180,13107,13107,0,0,0.0,0.0,0.0,0.0,-0.0,66.0,0.0,-0.0,0.0,727,0,696,0,0,0,878,0,982,0,847,0,632,0,613,0,509,0,587,0.032,76416058130432.0,0.0,0.0,25232,16792,-0.0,-0.0,-0.0,0.0,-0.24,-9.314864284580673e+23,70.0,60.0,66,0.0,0.0,10.0,2.0,0.0,0.0,0.0,0.0,0.0,0.0,0.0,0.0,0.0,0.0,0.0,0.0,62.4,62,18,65518,45,65476,0,300,0,0,8,20529,65476,0,0,44564,60.0,0.0,10.0,10.0,2.0,0.0
2026-02-05T00:02:01,ERR,ERR,ERR,ERR,ERR,ERR,ERR,ERR,ERR,ERR,ERR,ERR,ERR,ERR,ERR,ERR,ERR,ERR,ERR,ERR,ERR,ERR,ERR,ERR,ERR,ERR,ERR,ERR,ERR,ERR,ERR,ERR,ERR,ERR,ERR,ERR,ERR,ERR,ERR,ERR,ERR,ERR,ERR,ERR,ERR,ERR,ERR,ERR,ERR,ERR,ERR,ERR,ERR,ERR,ERR,ERR,ERR,ERR,ERR,ERR,ERR,ERR,ERR,ERR,ERR,ERR,ERR,ERR,ERR,ERR,ERR,ERR,ERR,ERR,ERR,ERR,ERR,ERR,ERR,ERR,ERR,ERR,ERR,ERR,ERR,ERR,ERR,ERR,ERR,ERR,ERR,ERR,ERR,ERR,ERR,ERR,ERR,ERR,ERR,ERR,ERR,ERR,ERR,ERR,ERR,ERR,ERR,ERR,ERR,ERR,ERR,ERR,ERR,ERR,ERR,ERR,ERR,ERR,ERR,ERR,ERR,ERR,ERR,ERR,ERR,2.7184260577004195e+23,-107615280.0,-0.0,0.0,0.0,7.41538695046093e+32,0.0,0.0,0,0,4,0,7670,-0.0,41,0.0,0.0,0.0,0.0,0.0,0,0,0,0,0.0,0,0,0,0,0,0,0,0,0,0,0,0,0,0,0,0,0,0,0,0,0,0,0,0,0,0,0,0,0,0,0,0,0,23,41,40,64,65476,0,300,0,0,8,21553,0.0,-107605600.0,0.0,0.0,0.0,0.0,0.0,0.0,0.0,0.0,0.0,0.0,0.0,0.0,0.0,0.0,0.0,0.0,0.0,0.0,0.0,2.004,2.004,-0.0,-0.0,-2.004,0.0,0.0,0.0,0.0,1665.25,0.0,0.0,2.7184260577004195e+23,-107615280.0,-0.0,2.7184312818759872e+23,0.0,0.0,2.004,2.004,68,-0.0,0.0,0.0,0.0,0.0,0.0,0.0,0.0,0.0,0,0,0,0.0,0.0,-1.0273587014776916e+34,-2082791.0,0.0,-0.0,9870074290634752.0,-0.0,3337437839360.0,0.0,-0.0,0.673,-0.0,2974146816.0,0.0,7.298696207792185e+30,0,1.3516416376850534e+27,68,0.0,136,0.0,98688.258,0,39322,17071,26215,17092,26215,17065,0,0,0,105,99,100,-0.0,50.8,0.0,61.45,-107615200.0,63.0,1,47,48,180,13107,13107,0,0,0.0,0.0,0.0,0.0,-0.0,66.0,0.0,-0.0,0.0,727,0,696,0,0,0,878,0,982,0,847,0,632,0,613,0,509,0,587,0.032,76416058130432.0,0.0,0.0,25232,16792,-0.0,-0.0,-0.0,0.0,-0.24,-9.314864284580673e+23,70.0,60.0,66,0.0,0.0,10.0,2.0,0.0,0.0,0.0,0.0,0.0,0.0,0.0,0.0,0.0,0.0,0.0,0.0,62.4,62,18,65518,45,65476,0,300,0,0,8,20529,65476,0,0,44564,60.0,0.0,10.0,10.0,2.0,0.0
2026-02-05T00:02:02,ERR,ERR,ERR,ERR,ERR,ERR,ERR,ERR,ERR,ERR,ERR,ERR,ERR,ERR,ERR,ERR,ERR,ERR,ERR,ERR,ERR,ERR,ERR,ERR,ERR,ERR,ERR,ERR,ERR,ERR,ERR,ERR,ERR,ERR,ERR,ERR,ERR,ERR,ERR,ERR,ERR,ERR,ERR,ERR,ERR,ERR,ERR,ERR,ERR,ERR,ERR,ERR,ERR,ERR,ERR,ERR,ERR,ERR,ERR,ERR,ERR,ERR,ERR,ERR,ERR,ERR,ERR,ERR,ERR,ERR,ERR,ERR,ERR,ERR,ERR,ERR,ERR,ERR,ERR,ERR,ERR,ERR,ERR,ERR,ERR,ERR,ERR,ERR,ERR,ERR,ERR,ERR,ERR,ERR,ERR,ERR,ERR,ERR,ERR,ERR,ERR,ERR,ERR,ERR,ERR,ERR,ERR,ERR,ERR,ERR,ERR,ERR,ERR,ERR,ERR,ERR,ERR,ERR,ERR,ERR,ERR,ERR,ERR,ERR,ERR,2.7184260577004195e+23,-107615280.0,-0.0,0.0,0.0,7.41538695046093e+32,0.0,0.0,0,0,4,0,7670,-0.0,41,0.0,0.0,0.0,0.0,0.0,0,0,0,0,0.0,0,0,0,0,0,0,0,0,0,0,0,0,0,0,0,0,0,0,0,0,0,0,0,0,0,0,0,0,0,0,0,0,0,23,41,40,64,65476,0,300,0,0,8,21553,0.0,-107605600.0,0.0,0.0,0.0,0.0,0.0,0.0,0.0,0.0,0.0,0.0,0.0,0.0,0.0,0.0,0.0,0.0,0.0,0.0,0.0,2.004,2.004,-0.0,-0.0,-2.004,0.0,0.0,0.0,0.0,1665.25,0.0,0.0,2.7184260577004195e+23,-107615280.0,-0.0,2.7184312818759872e+23,0.0,0.0,2.004,2.004,68,-0.0,0.0,0.0,0.0,0.0,0.0,0.0,0.0,0.0,0,0,0,0.0,0.0,-1.0273587014776916e+34,-2082791.0,0.0,-0.0,9870074290634752.0,-0.0,3337437839360.0,0.0,-0.0,0.673,-0.0,2974146816.0,0.0,7.298696207792185e+30,0,1.3516416376850534e+27,68,0.0,136,0.0,98688.258,0,39322,17071,26215,17092,26215,17065,0,0,0,105,99,100,-0.0,50.8,0.0,61.45,-107615200.0,63.0,1,47,48,180,13107,13107,0,0,0.0,0.0,0.0,0.0,-0.0,66.0,0.0,-0.0,0.0,727,0,696,0,0,0,878,0,982,0,847,0,632,0,613,0,509,0,587,0.032,76416058130432.0,0.0,0.0,25232,16792,-0.0,-0.0,-0.0,0.0,-0.24,-9.314864284580673e+23,70.0,60.0,66,0.0,0.0,10.0,2.0,0.0,0.0,0.0,0.0,0.0,0.0,0.0,0.0,0.0,0.0,0.0,0.0,62.4,62,18,65518,45,65476,0,300,0,0,8,20529,65476,0,0,44564,60.0,0.0,10.0,10.0,2.0,0.0
2026-02-05T00:02:03,ERR,ERR,ERR,ERR,ERR,ERR,ERR,ERR,ERR,ERR,ERR,ERR,ERR,ERR,ERR,ERR,ERR,ERR,ERR,ERR,ERR,ERR,ERR,ERR,ERR,ERR,ERR,ERR,ERR,ERR,ERR,ERR,ERR,ERR,ERR,ERR,ERR,ERR,ERR,ERR,ERR,ERR,ERR,ERR,ERR,ERR,ERR,ERR,ERR,ERR,ERR,ERR,ERR,ERR,ERR,ERR,ERR,ERR,ERR,ERR,ERR,ERR,ERR,ERR,ERR,ERR,ERR,ERR,ERR,ERR,ERR,ERR,ERR,ERR,ERR,ERR,ERR,ERR,ERR,ERR,ERR,ERR,ERR,ERR,ERR,ERR,ERR,ERR,ERR,ERR,ERR,ERR,ERR,ERR,ERR,ERR,ERR,ERR,ERR,ERR,ERR,ERR,ERR,ERR,ERR,ERR,ERR,ERR,ERR,ERR,ERR,ERR,ERR,ERR,ERR,ERR,ERR,ERR,ERR,ERR,ERR,ERR,ERR,ERR,ERR,2.7184260577004195e+23,-107615280.0,-0.0,0.0,0.0,-0.0,392010523475968.0,0.0,0,0,4,0,7670,-0.0,41,0.0,0.0,0.0,0.0,0.0,0,0,0,0,0.0,0,0,0,0,0,0,0,0,0,0,0,0,0,0,0,0,0,0,0,0,0,0,0,0,0,0,0,0,0,0,0,0,0,23,41,40,64,65476,0,300,0,0,8,21553,0.0,-107605600.0,0.0,0.0,0.0,0.0,0.0,0.0,0.0,0.0,0.0,0.0,0.0,0.0,0.0,0.0,0.0,0.0,0.0,0.0,0.0,2.004,2.004,-0.0,-0.0,-2.004,0.0,0.0,0.0,0.0,1656.0,-3.69709597367122e+19,0.0,2.7184260577004195e+23,-107615280.0,-0.0,2.7184312818759872e+23,0.0,0.0,2.004,2.004,68,2.7184285797162108e+23,0.0,0.0,0.0,0.0,0.0,0.0,0.0,0.0,0,0,0,0.0,-175372528.0,-3.5322061670663193e+28,0.0,0.0,2.9567553722654617e+32,nan,-0.0,-6.32004128924729e+29,0.0,-0.0,0.673,-0.0,2990924032.0,0.0,1.0232272622875825e+34,0,1.3516416376850534e+27,68,0.0,136,0.0,98688.258,0,39322,17071,26215,17092,26215,17065,0,0,0,105,99,100,-0.0,50.8,0.0,61.45,-107615200.0,63.0,1,47,48,180,26215,13107,0,0,0.0,0.0,0.0,0.0,-0.0,66.0,0.0,-0.0,0.0,727,0,696,0,0,0,878,0,982,0,847,0,632,0,613,0,509,0,587,0.032,79714593013760.0,-2.004,-107615056.0,20880,16792,-0.0,-0.0,-0.0,0.0,-0.029,-5.083920414914539e+22,70.0,60.0,66,0.0,0.0,10.0,2.0,0.0,0.0,0.0,0.0,0.0,0.0,0.0,0.0,0.0,0.0,0.0,0.0,62.0,62,18,65518,45,65476,0,300,0,0,8,20529,65476,0,0,44564,60.0,0.0,10.0,10.0,2.0,0.0
2026-02-05T00:02:04,ERR,ERR,ERR,ERR,ERR,ERR,ERR,ERR,ERR,ERR,ERR,ERR,ERR,ERR,ERR,ERR,ERR,ERR,ERR,ERR,ERR,ERR,ERR,ERR,ERR,ERR,ERR,ERR,ERR,ERR,ERR,ERR,ERR,ERR,ERR,ERR,ERR,ERR,ERR,ERR,ERR,ERR,ERR,ERR,ERR,ERR,ERR,ERR,ERR,ERR,ERR,ERR,ERR,ERR,ERR,ERR,ERR,ERR,ERR,ERR,ERR,ERR,ERR,ERR,ERR,ERR,ERR,ERR,ERR,ERR,ERR,ERR,ERR,ERR,ERR,ERR,ERR,ERR,ERR,ERR,ERR,ERR,ERR,ERR,ERR,ERR,ERR,ERR,ERR,ERR,ERR,ERR,ERR,ERR,ERR,ERR,ERR,ERR,ERR,ERR,ERR,ERR,ERR,ERR,ERR,ERR,ERR,ERR,ERR,ERR,ERR,ERR,ERR,ERR,ERR,ERR,ERR,ERR,ERR,ERR,ERR,ERR,ERR,ERR,ERR,2.7184260577004195e+23,-107615280.0,-0.0,0.0,0.0,-0.0,392010523475968.0,0.0,0,0,4,0,7670,-0.0,41,0.0,0.0,0.0,0.0,0.0,0,0,0,0,0.0,0,0,0,0,0,0,0,0,0,0,0,0,0,0,0,0,0,0,0,0,0,0,0,0,0,0,0,0,0,0,0,0,0,23,41,40,64,65476,0,300,0,0,8,21553,0.0,-107605600.0,0.0,0.0,0.0,0.0,0.0,0.0,0.0,0.0,0.0,0.0,0.0,0.0,0.0,0.0,0.0,0.0,0.0,0.0,0.0,2.004,2.004,-0.0,-0.0,-2.004,0.0,0.0,0.0,0.0,1656.0,-3.69709597367122e+19,0.0,2.7184260577004195e+23,-107615280.0,-0.0,2.7184312818759872e+23,0.0,0.0,2.004,2.004,68,2.7184285797162108e+23,0.0,0.0,0.0,0.0,0.0,0.0,0.0,0.0,0,0,0,0.0,-175372528.0,-3.5322061670663193e+28,0.0,0.0,2.9567553722654617e+32,nan,-0.0,-6.32004128924729e+29,0.0,-0.0,0.673,-0.0,2990924032.0,0.0,1.0232272622875825e+34,0,1.3516416376850534e+27,68,0.0,136,0.0,98688.258,0,39322,17071,26215,17092,26215,17065,0,0,0,105,99,100,-0.0,50.8,0.0,61.45,-107615200.0,63.0,1,47,48,180,26215,13107,0,0,0.0,0.0,0.0,0.0,-0.0,66.0,0.0,-0.0,0.0,727,0,696,0,0,0,878,0,982,0,847,0,632,0,613,0,509,0,587,0.032,79714593013760.0,-2.004,-107615056.0,20880,16792,-0.0,-0.0,-0.0,0.0,-0.029,-5.083920414914539e+22,70.0,60.0,66,0.0,0.0,10.0,2.0,0.0,0.0,0.0,0.0,0.0,0.0,0.0,0.0,0.0,0.0,0.0,0.0,62.0,62,18,65518,45,65476,0,300,0,0,8,20529,65476,0,0,44564,60.0,0.0,10.0,10.0,2.0,0.0
2026-02-05T00:02:05,ERR,ERR,ERR,ERR,ERR,ERR,ERR,ERR,ERR,ERR,ERR,ERR,ERR,ERR,ERR,ERR,ERR,ERR,ERR,ERR,ERR,ERR,ERR,ERR,ERR,ERR,ERR,ERR,ERR,ERR,ERR,ERR,ERR,ERR,ERR,ERR,ERR,ERR,ERR,ERR,ERR,ERR,ERR,ERR,ERR,ERR,ERR,ERR,ERR,ERR,ERR,ERR,ERR,ERR,ERR,ERR,ERR,ERR,ERR,ERR,ERR,ERR,ERR,ERR,ERR,ERR,ERR,ERR,ERR,ERR,ERR,ERR,ERR,ERR,ERR,ERR,ERR,ERR,ERR,ERR,ERR,ERR,ERR,ERR,ERR,ERR,ERR,ERR,ERR,ERR,ERR,ERR,ERR,ERR,ERR,ERR,ERR,ERR,ERR,ERR,ERR,ERR,ERR,ERR,ERR,ERR,ERR,ERR,ERR,ERR,ERR,ERR,ERR,ERR,ERR,ERR,ERR,ERR,ERR,ERR,ERR,ERR,ERR,ERR,ERR,2.7184260577004195e+23,-107615280.0,-0.0,0.0,0.0,-0.0,392010523475968.0,0.0,0,0,4,0,7670,-0.0,41,0.0,0.0,0.0,0.0,0.0,0,0,0,0,0.0,0,0,0,0,0,0,0,0,0,0,0,0,0,0,0,0,0,0,0,0,0,0,0,0,0,0,0,0,0,0,0,0,0,23,41,40,64,65476,0,300,0,0,8,21553,0.0,-107605600.0,0.0,0.0,0.0,0.0,0.0,0.0,0.0,0.0,0.0,0.0,0.0,0.0,0.0,0.0,0.0,0.0,0.0,0.0,0.0,2.004,2.004,-0.0,-0.0,-2.004,0.0,0.0,0.0,0.0,1656.0,-3.69709597367122e+19,0.0,2.7184260577004195e+23,-107615280.0,-0.0,2.7184312818759872e+23,0.0,0.0,2.004,2.004,68,2.7184285797162108e+23,0.0,0.0,0.0,0.0,0.0,0.0,0.0,0.0,0,0,0,0.0,-175372528.0,-3.5322061670663193e+28,0.0,0.0,2.9567553722654617e+32,nan,-0.0,-6.32004128924729e+29,0.0,-0.0,0.673,-0.0,2990924032.0,0.0,1.0232272622875825e+34,0,1.3516416376850534e+27,68,0.0,136,0.0,98688.258,0,39322,17071,26215,17092,26215,17065,0,0,0,105,99,100,-0.0,50.8,0.0,61.45,-107615200.0,63.0,1,47,48,180,26215,13107,0,0,0.0,0.0,0.0,0.0,-0.0,66.0,0.0,-0.0,0.0,727,0,696,0,0,0,878,0,982,0,847,0,632,0,613,0,509,0,587,0.032,79714593013760.0,-2.004,-107615056.0,20880,16792,-0.0,-0.0,-0.0,0.0,-0.029,-5.083920414914539e+22,70.0,60.0,66,0.0,0.0,10.0,2.0,0.0,0.0,0.0,0.0,0.0,0.0,0.0,0.0,0.0,0.0,0.0,0.0,62.0,62,18,65518,45,65476,0,300,0,0,8,20529,65476,0,0,44564,60.0,0.0,10.0,10.0,2.0,0.0
2026-02-05T00:02:06,ERR,ERR,ERR,ERR,ERR,ERR,ERR,ERR,ERR,ERR,ERR,ERR,ERR,ERR,ERR,ERR,ERR,ERR,ERR,ERR,ERR,ERR,ERR,ERR,ERR,ERR,ERR,ERR,ERR,ERR,ERR,ERR,ERR,ERR,ERR,ERR,ERR,ERR,ERR,ERR,ERR,ERR,ERR,ERR,ERR,ERR,ERR,ERR,ERR,ERR,ERR,ERR,ERR,ERR,ERR,ERR,ERR,ERR,ERR,ERR,ERR,ERR,ERR,ERR,ERR,ERR,ERR,ERR,ERR,ERR,ERR,ERR,ERR,ERR,ERR,ERR,ERR,ERR,ERR,ERR,ERR,ERR,ERR,ERR,ERR,ERR,ERR,ERR,ERR,ERR,ERR,ERR,ERR,ERR,ERR,ERR,ERR,ERR,ERR,ERR,ERR,ERR,ERR,ERR,ERR,ERR,ERR,ERR,ERR,ERR,ERR,ERR,ERR,ERR,ERR,ERR,ERR,ERR,ERR,ERR,ERR,ERR,ERR,ERR,ERR,2.7184260577004195e+23,-107615280.0,-0.0,0.0,0.0,-0.0,392010523475968.0,0.0,0,0,4,0,7670,-0.0,41,0.0,0.0,0.0,0.0,0.0,0,0,0,0,0.0,0,0,0,0,0,0,0,0,0,0,0,0,0,0,0,0,0,0,0,0,0,0,0,0,0,0,0,0,0,0,0,0,0,23,41,40,64,65476,0,300,0,0,8,21553,0.0,-107605600.0,0.0,0.0,0.0,0.0,0.0,0.0,0.0,0.0,0.0,0.0,0.0,0.0,0.0,0.0,0.0,0.0,0.0,0.0,0.0,2.004,2.004,-0.0,-0.0,-2.004,0.0,0.0,0.0,0.0,1656.0,-3.69709597367122e+19,0.0,2.7184260577004195e+23,-107615280.0,-0.0,2.7184312818759872e+23,0.0,0.0,2.004,2.004,68,2.7184285797162108e+23,0.0,0.0,0.0,0.0,0.0,0.0,0.0,0.0,0,0,0,0.0,-175372528.0,-3.5322061670663193e+28,0.0,0.0,2.9567553722654617e+32,nan,-0.0,-6.32004128924729e+29,0.0,-0.0,0.673,-0.0,2990924032.0,0.0,1.0232272622875825e+34,0,1.3516416376850534e+27,68,0.0,136,0.0,98688.258,0,39322,17071,26215,17092,26215,17065,0,0,0,105,99,100,-0.0,50.8,0.0,61.45,-107615200.0,63.0,1,47,48,180,26215,13107,0,0,0.0,0.0,0.0,0.0,-0.0,66.0,0.0,-0.0,0.0,727,0,696,0,0,0,878,0,982,0,847,0,632,0,613,0,509,0,587,0.032,79714593013760.0,-2.004,-107615056.0,20880,16792,-0.0,-0.0,-0.0,0.0,-0.029,-5.083920414914539e+22,70.0,60.0,66,0.0,0.0,10.0,2.0,0.0,0.0,0.0,0.0,0.0,0.0,0.0,0.0,0.0,0.0,0.0,0.0,62.0,62,18,65518,45,65476,0,300,0,0,8,20529,65476,0,0,44564,60.0,0.0,10.0,10.0,2.0,0.0
2026-02-05T00:02:07,ERR,ERR,ERR,ERR,ERR,ERR,ERR,ERR,ERR,ERR,ERR,ERR,ERR,ERR,ERR,ERR,ERR,ERR,ERR,ERR,ERR,ERR,ERR,ERR,ERR,ERR,ERR,ERR,ERR,ERR,ERR,ERR,ERR,ERR,ERR,ERR,ERR,ERR,ERR,ERR,ERR,ERR,ERR,ERR,ERR,ERR,ERR,ERR,ERR,ERR,ERR,ERR,ERR,ERR,ERR,ERR,ERR,ERR,ERR,ERR,ERR,ERR,ERR,ERR,ERR,ERR,ERR,ERR,ERR,ERR,ERR,ERR,ERR,ERR,ERR,ERR,ERR,ERR,ERR,ERR,ERR,ERR,ERR,ERR,ERR,ERR,ERR,ERR,ERR,ERR,ERR,ERR,ERR,ERR,ERR,ERR,ERR,ERR,ERR,ERR,ERR,ERR,ERR,ERR,ERR,ERR,ERR,ERR,ERR,ERR,ERR,ERR,ERR,ERR,ERR,ERR,ERR,ERR,ERR,ERR,ERR,ERR,ERR,ERR,ERR,2.7184260577004195e+23,-107615280.0,-0.0,0.0,0.0,-0.0,392010523475968.0,0.0,0,0,4,0,7670,-0.0,41,0.0,0.0,0.0,0.0,0.0,0,0,0,0,0.0,0,0,0,0,0,0,0,0,0,0,0,0,0,0,0,0,0,0,0,0,0,0,0,0,0,0,0,0,0,0,0,0,0,23,41,40,64,65476,0,300,0,0,8,21553,0.0,-107605600.0,0.0,0.0,0.0,0.0,0.0,0.0,0.0,0.0,0.0,0.0,0.0,0.0,0.0,0.0,0.0,0.0,0.0,0.0,0.0,2.004,2.004,-0.0,-0.0,-2.004,0.0,0.0,0.0,0.0,1656.0,-3.69709597367122e+19,0.0,2.7184260577004195e+23,-107615280.0,-0.0,2.7184312818759872e+23,0.0,0.0,2.004,2.004,68,2.7184285797162108e+23,0.0,0.0,0.0,0.0,0.0,0.0,0.0,0.0,0,0,0,0.0,-175372528.0,-3.5322061670663193e+28,0.0,0.0,2.9567553722654617e+32,nan,-0.0,-6.32004128924729e+29,0.0,-0.0,0.673,-0.0,2990924032.0,0.0,1.0232272622875825e+34,0,1.3516416376850534e+27,68,0.0,136,0.0,98688.258,0,39322,17071,26215,17092,26215,17065,0,0,0,105,99,100,-0.0,50.8,0.0,61.45,-107615200.0,63.0,1,47,48,180,13107,13107,0,0,0.0,0.0,0.0,0.0,-0.0,66.0,0.0,-1.20510339874816e+16,0.0,726,0,696,0,0,0,878,0,982,0,846,0,632,0,613,0,509,0,587,0.032,87960930222080.0,-2.004,-107615056.0,17424,16792,-0.0,-1.20510339874816e+16,-3.428373119075615e+17,-89000008.0,-6.763273271230543e+35,0.001,70.0,60.0,66,0.0,0.0,10.0,2.0,0.0,0.0,0.0,0.0,0.0,0.0,0.0,0.0,0.0,0.0,0.0,0.0,62.4,62,18,65518,45,65476,0,300,0,0,8,20529,65476,0,0,44564,60.0,0.0,10.0,10.0,2.0,0.0
2026-02-05T00:02:08,ERR,ERR,ERR,ERR,ERR,ERR,ERR,ERR,ERR,ERR,ERR,ERR,ERR,ERR,ERR,ERR,ERR,ERR,ERR,ERR,ERR,ERR,ERR,ERR,ERR,ERR,ERR,ERR,ERR,ERR,ERR,ERR,ERR,ERR,ERR,ERR,ERR,ERR,ERR,ERR,ERR,ERR,ERR,ERR,ERR,ERR,ERR,ERR,ERR,ERR,ERR,ERR,ERR,ERR,ERR,ERR,ERR,ERR,ERR,ERR,ERR,ERR,ERR,ERR,ERR,ERR,ERR,ERR,ERR,ERR,ERR,ERR,ERR,ERR,ERR,ERR,ERR,ERR,ERR,ERR,ERR,ERR,ERR,ERR,ERR,ERR,ERR,ERR,ERR,ERR,ERR,ERR,ERR,ERR,ERR,ERR,ERR,ERR,ERR,ERR,ERR,ERR,ERR,ERR,ERR,ERR,ERR,ERR,ERR,ERR,ERR,ERR,ERR,ERR,ERR,ERR,ERR,ERR,ERR,ERR,ERR,ERR,ERR,ERR,ERR,2.7184260577004195e+23,-107615280.0,-0.0,0.0,0.0,-0.0,392010523475968.0,0.0,0,0,4,0,7670,-0.0,41,0.0,0.0,0.0,0.0,0.0,0,0,0,0,0.0,0,0,0,0,0,0,0,0,0,0,0,0,0,0,0,0,0,0,0,0,0,0,0,0,0,0,0,0,0,0,0,0,0,23,41,40,64,65476,0,300,0,0,8,21553,0.0,-107605600.0,0.0,0.0,0.0,0.0,0.0,0.0,0.0,0.0,0.0,0.0,0.0,0.0,0.0,0.0,0.0,0.0,0.0,0.0,0.0,2.004,2.004,-0.0,-0.0,-2.004,0.0,0.0,0.0,0.0,1656.0,-3.69709597367122e+19,0.0,2.7184260577004195e+23,-107615280.0,-0.0,2.7184312818759872e+23,0.0,0.0,2.004,2.004,68,2.7184285797162108e+23,0.0,0.0,0.0,0.0,0.0,0.0,0.0,0.0,0,0,0,0.0,-175372528.0,-3.5322061670663193e+28,0.0,0.0,2.9567553722654617e+32,nan,-0.0,-6.32004128924729e+29,0.0,-0.0,0.673,-0.0,2990924032.0,0.0,1.0232272622875825e+34,0,1.3516416376850534e+27,68,0.0,136,0.0,98688.258,0,39322,17071,26215,17092,26215,17065,0,0,0,105,99,100,-0.0,50.8,0.0,61.45,-107615200.0,63.0,1,47,48,180,13107,13107,0,0,0.0,0.0,0.0,0.0,-0.0,66.0,0.0,-1.20510339874816e+16,0.0,726,0,696,0,0,0,878,0,982,0,846,0,632,0,613,0,509,0,587,0.032,87960930222080.0,-2.004,-107615056.0,17424,16792,-0.0,-1.20510339874816e+16,-3.428373119075615e+17,-89000008.0,-6.763273271230543e+35,0.001,70.0,60.0,66,0.0,0.0,10.0,2.0,0.0,0.0,0.0,0.0,0.0,0.0,0.0,0.0,0.0,0.0,0.0,0.0,62.4,62,18,65518,45,65476,0,300,0,0,8,20529,65476,0,0,44564,60.0,0.0,10.0,10.0,2.0,0.0
2026-02-05T00:02:09,ERR,ERR,ERR,ERR,ERR,ERR,ERR,ERR,ERR,ERR,ERR,ERR,ERR,ERR,ERR,ERR,ERR,ERR,ERR,ERR,ERR,ERR,ERR,ERR,ERR,ERR,ERR,ERR,ERR,ERR,ERR,ERR,ERR,ERR,ERR,ERR,ERR,ERR,ERR,ERR,ERR,ERR,ERR,ERR,ERR,ERR,ERR,ERR,ERR,ERR,ERR,ERR,ERR,ERR,ERR,ERR,ERR,ERR,ERR,ERR,ERR,ERR,ERR,ERR,ERR,ERR,ERR,ERR,ERR,ERR,ERR,ERR,ERR,ERR,ERR,ERR,ERR,ERR,ERR,ERR,ERR,ERR,ERR,ERR,ERR,ERR,ERR,ERR,ERR,ERR,ERR,ERR,ERR,ERR,ERR,ERR,ERR,ERR,ERR,ERR,ERR,ERR,ERR,ERR,ERR,ERR,ERR,ERR,ERR,ERR,ERR,ERR,ERR,ERR,ERR,ERR,ERR,ERR,ERR,ERR,ERR,ERR,ERR,ERR,ERR,2.7184260577004195e+23,-107615280.0,-0.0,0.0,0.0,1.0445324716549958e+25,0.0,0.0,0,0,4,0,7670,-0.0,41,0.0,0.0,0.0,0.0,0.0,0,0,0,0,0.0,0,0,0,0,0,0,0,0,0,0,0,0,0,0,0,0,0,0,0,0,0,0,0,0,0,0,0,0,0,0,0,0,0,23,41,40,64,65476,0,300,0,0,8,21553,0.0,-107605600.0,0.0,0.0,0.0,0.0,0.0,0.0,0.0,0.0,0.0,0.0,0.0,0.0,0.0,0.0,0.0,0.0,0.0,0.0,0.0,2.004,2.004,-0.0,-0.0,-2.004,0.0,0.0,0.0,0.0,1664.0,-0.0,0.0,2.7184260577004195e+23,-107615280.0,-0.0,2.7184312818759872e+23,0.0,0.0,2.004,2.004,68,2.7184285797162108e+23,4.066779989097421e+29,0.0,0.0,0.0,0.0,0.0,0.0,0.0,0,0,0,0.0,-1.505699581680358e+21,-1.180693423686268e+25,0.0,0.0,-0.0,0.0,0.0,-6024.462,0.0,-0.0,0.677,-0.0,3007701248.0,0.0,-0.0,0,1.3516416376850534e+27,68,0.0,136,0.0,98688.258,0,39322,17071,26215,17092,26215,17065,0,0,0,105,99,100,-0.0,50.8,0.0,61.45,-107615200.0,63.0,1,47,48,180,13107,13107,0,0,0.0,0.0,0.0,0.0,-0.0,66.0,0.0,-1.20510339874816e+16,0.0,726,0,696,0,0,0,878,0,982,0,846,0,632,0,613,0,509,0,587,0.032,87960930222080.0,-2.004,-107615056.0,17424,16792,-0.0,-1.20510339874816e+16,-3.428373119075615e+17,-89000008.0,-6.763273271230543e+35,0.001,70.0,60.0,66,0.0,0.0,10.0,2.0,0.0,0.0,0.0,0.0,0.0,0.0,0.0,0.0,0.0,0.0,0.0,0.0,62.0,62,18,65518,45,65476,0,300,0,0,8,20529,65476,0,0,44564,60.0,0.0,10.0,10.0,2.0,0.0
2026-02-05T00:02:10,ERR,ERR,ERR,ERR,ERR,ERR,ERR,ERR,ERR,ERR,ERR,ERR,ERR,ERR,ERR,ERR,ERR,ERR,ERR,ERR,ERR,ERR,ERR,ERR,ERR,ERR,ERR,ERR,ERR,ERR,ERR,ERR,ERR,ERR,ERR,ERR,ERR,ERR,ERR,ERR,ERR,ERR,ERR,ERR,ERR,ERR,ERR,ERR,ERR,ERR,ERR,ERR,ERR,ERR,ERR,ERR,ERR,ERR,ERR,ERR,ERR,ERR,ERR,ERR,ERR,ERR,ERR,ERR,ERR,ERR,ERR,ERR,ERR,ERR,ERR,ERR,ERR,ERR,ERR,ERR,ERR,ERR,ERR,ERR,ERR,ERR,ERR,ERR,ERR,ERR,ERR,ERR,ERR,ERR,ERR,ERR,ERR,ERR,ERR,ERR,ERR,ERR,ERR,ERR,ERR,ERR,ERR,ERR,ERR,ERR,ERR,ERR,ERR,ERR,ERR,ERR,ERR,ERR,ERR,ERR,ERR,ERR,ERR,ERR,ERR,2.7184260577004195e+23,-107615280.0,-0.0,0.0,0.0,1.0445324716549958e+25,0.0,0.0,0,0,4,0,7670,-0.0,41,0.0,0.0,0.0,0.0,0.0,0,0,0,0,0.0,0,0,0,0,0,0,0,0,0,0,0,0,0,0,0,0,0,0,0,0,0,0,0,0,0,0,0,0,0,0,0,0,0,23,41,40,64,65476,0,300,0,0,8,21553,0.0,-107605600.0,0.0,0.0,0.0,0.0,0.0,0.0,0.0,0.0,0.0,0.0,0.0,0.0,0.0,0.0,0.0,0.0,0.0,0.0,0.0,2.004,2.004,-0.0,-0.0,-2.004,0.0,0.0,0.0,0.0,1664.0,-0.0,0.0,2.7184260577004195e+23,-107615280.0,-0.0,2.7184312818759872e+23,0.0,0.0,2.004,2.004,68,2.7184285797162108e+23,4.066779989097421e+29,0.0,0.0,0.0,0.0,0.0,0.0,0.0,0,0,0,0.0,-1.505699581680358e+21,-1.180693423686268e+25,0.0,0.0,-0.0,0.0,0.0,-6024.462,0.0,-0.0,0.677,-0.0,3007701248.0,0.0,-0.0,0,1.3516416376850534e+27,68,0.0,136,0.0,98688.258,0,39322,17071,26215,17092,26215,17065,0,0,0,105,99,100,-0.0,50.8,0.0,61.45,-107615200.0,63.0,1,47,48,180,13107,13107,0,0,0.0,0.0,0.0,0.0,-0.0,66.0,0.0,-1.20510339874816e+16,0.0,726,0,696,0,0,0,878,0,982,0,846,0,632,0,613,0,509,0,587,0.032,87960930222080.0,-2.004,-107615056.0,17424,16792,-0.0,-1.20510339874816e+16,-3.428373119075615e+17,-89000008.0,-6.763273271230543e+35,0.001,70.0,60.0,66,0.0,0.0,10.0,2.0,0.0,0.0,0.0,0.0,0.0,0.0,0.0,0.0,0.0,0.0,0.0,0.0,62.0,62,18,65518,45,65476,0,300,0,0,8,20529,65476,0,0,44564,60.0,0.0,10.0,10.0,2.0,0.0
2026-02-05T00:02:11,ERR,ERR,ERR,ERR,ERR,ERR,ERR,ERR,ERR,ERR,ERR,ERR,ERR,ERR,ERR,ERR,ERR,ERR,ERR,ERR,ERR,ERR,ERR,ERR,ERR,ERR,ERR,ERR,ERR,ERR,ERR,ERR,ERR,ERR,ERR,ERR,ERR,ERR,ERR,ERR,ERR,ERR,ERR,ERR,ERR,ERR,ERR,ERR,ERR,ERR,ERR,ERR,ERR,ERR,ERR,ERR,ERR,ERR,ERR,ERR,ERR,ERR,ERR,ERR,ERR,ERR,ERR,ERR,ERR,ERR,ERR,ERR,ERR,ERR,ERR,ERR,ERR,ERR,ERR,ERR,ERR,ERR,ERR,ERR,ERR,ERR,ERR,ERR,ERR,ERR,ERR,ERR,ERR,ERR,ERR,ERR,ERR,ERR,ERR,ERR,ERR,ERR,ERR,ERR,ERR,ERR,ERR,ERR,ERR,ERR,ERR,ERR,ERR,ERR,ERR,ERR,ERR,ERR,ERR,ERR,ERR,ERR,ERR,ERR,ERR,2.7184260577004195e+23,-107615280.0,-0.0,0.0,0.0,1.0445324716549958e+25,0.0,0.0,0,0,4,0,7670,-0.0,41,0.0,0.0,0.0,0.0,0.0,0,0,0,0,0.0,0,0,0,0,0,0,0,0,0,0,0,0,0,0,0,0,0,0,0,0,0,0,0,0,0,0,0,0,0,0,0,0,0,23,41,40,64,65476,0,300,0,0,8,21553,0.0,-107605600.0,0.0,0.0,0.0,0.0,0.0,0.0,0.0,0.0,0.0,0.0,0.0,0.0,0.0,0.0,0.0,0.0,0.0,0.0,0.0,2.004,2.004,-0.0,-0.0,-2.004,0.0,0.0,0.0,0.0,1664.0,-0.0,0.0,2.7184260577004195e+23,-107615280.0,-0.0,2.7184312818759872e+23,0.0,0.0,2.004,2.004,68,2.7184285797162108e+23,4.066779989097421e+29,0.0,0.0,0.0,0.0,0.0,0.0,0.0,0,0,0,0.0,-1.505699581680358e+21,-1.180693423686268e+25,0.0,0.0,-0.0,0.0,0.0,-6024.462,0.0,-0.0,0.677,-0.0,3007701248.0,0.0,-0.0,0,1.3516416376850534e+27,68,0.0,136,0.0,98688.258,0,39322,17071,26215,17092,13107,17065,0,0,0,105,99,100,-0.0,50.8,0.0,61.45,-107615200.0,63.0,1,47,48,180,26215,13107,0,0,0.0,0.0,0.0,0.0,-0.0,66.0,0.0,-1339253481013248.0,0.0,727,0,696,0,0,0,878,0,982,0,846,0,632,0,613,0,509,0,587,0.032,91809220919296.0,-2.004,-107615056.0,7568,16792,-0.0,-1339253481013248.0,-317194976.0,-6.583368268477167e+20,-1.815805685241164e+24,0.0,70.0,60.0,66,0.0,0.0,10.0,2.0,0.0,0.0,0.0,0.0,0.0,0.0,0.0,0.0,0.0,0.0,0.0,0.0,62.0,62,18,65518,45,65476,0,300,0,0,8,20529,65476,0,0,44564,60.0,0.0,10.0,10.0,2.0,0.0
2026-02-05T00:02:12,ERR,ERR,ERR,ERR,ERR,ERR,ERR,ERR,ERR,ERR,ERR,ERR,ERR,ERR,ERR,ERR,ERR,ERR,ERR,ERR,ERR,ERR,ERR,ERR,ERR,ERR,ERR,ERR,ERR,ERR,ERR,ERR,ERR,ERR,ERR,ERR,ERR,ERR,ERR,ERR,ERR,ERR,ERR,ERR,ERR,ERR,ERR,ERR,ERR,ERR,ERR,ERR,ERR,ERR,ERR,ERR,ERR,ERR,ERR,ERR,ERR,ERR,ERR,ERR,ERR,ERR,ERR,ERR,ERR,ERR,ERR,ERR,ERR,ERR,ERR,ERR,ERR,ERR,ERR,ERR,ERR,ERR,ERR,ERR,ERR,ERR,ERR,ERR,ERR,ERR,ERR,ERR,ERR,ERR,ERR,ERR,ERR,ERR,ERR,ERR,ERR,ERR,ERR,ERR,ERR,ERR,ERR,ERR,ERR,ERR,ERR,ERR,ERR,ERR,ERR,ERR,ERR,ERR,ERR,ERR,ERR,ERR,ERR,ERR,ERR,2.7184260577004195e+23,-107615280.0,-0.0,0.0,0.0,1.0445324716549958e+25,0.0,0.0,0,0,4,0,7670,-0.0,41,0.0,0.0,0.0,0.0,0.0,0,0,0,0,0.0,0,0,0,0,0,0,0,0,0,0,0,0,0,0,0,0,0,0,0,0,0,0,0,0,0,0,0,0,0,0,0,0,0,23,41,40,64,65476,0,300,0,0,8,21553,0.0,-107605600.0,0.0,0.0,0.0,0.0,0.0,0.0,0.0,0.0,0.0,0.0,0.0,0.0,0.0,0.0,0.0,0.0,0.0,0.0,0.0,2.004,2.004,-0.0,-0.0,-2.004,0.0,0.0,0.0,0.0,1664.0,-0.0,0.0,2.7184260577004195e+23,-107615280.0,-0.0,2.7184312818759872e+23,0.0,0.0,2.004,2.004,68,2.7184285797162108e+23,4.066779989097421e+29,0.0,0.0,0.0,0.0,0.0,0.0,0.0,0,0,0,0.0,-1.505699581680358e+21,-1.180693423686268e+25,0.0,0.0,-0.0,0.0,0.0,-6024.462,0.0,-0.0,0.677,-0.0,3007701248.0,0.0,-0.0,0,1.3516416376850534e+27,68,0.0,136,0.0,98688.258,0,39322,17071,26215,17092,13107,17065,0,0,0,105,99,100,-0.0,50.8,0.0,61.45,-107615200.0,63.0,1,47,48,180,26215,13107,0,0,0.0,0.0,0.0,0.0,-0.0,66.0,0.0,-1339253481013248.0,0.0,727,0,696,0,0,0,878,0,982,0,846,0,632,0,613,0,509,0,587,0.032,91809220919296.0,-2.004,-107615056.0,7568,16792,-0.0,-1339253481013248.0,-317194976.0,-6.583368268477167e+20,-1.815805685241164e+24,0.0,70.0,60.0,66,0.0,0.0,10.0,2.0,0.0,0.0,0.0,0.0,0.0,0.0,0.0,0.0,0.0,0.0,0.0,0.0,62.0,62,18,65518,45,65476,0,300,0,0,8,20529,65476,0,0,44564,60.0,0.0,10.0,10.0,2.0,0.0
2026-02-05T00:02:13,ERR,ERR,ERR,ERR,ERR,ERR,ERR,ERR,ERR,ERR,ERR,ERR,ERR,ERR,ERR,ERR,ERR,ERR,ERR,ERR,ERR,ERR,ERR,ERR,ERR,ERR,ERR,ERR,ERR,ERR,ERR,ERR,ERR,ERR,ERR,ERR,ERR,ERR,ERR,ERR,ERR,ERR,ERR,ERR,ERR,ERR,ERR,ERR,ERR,ERR,ERR,ERR,ERR,ERR,ERR,ERR,ERR,ERR,ERR,ERR,ERR,ERR,ERR,ERR,ERR,ERR,ERR,ERR,ERR,ERR,ERR,ERR,ERR,ERR,ERR,ERR,ERR,ERR,ERR,ERR,ERR,ERR,ERR,ERR,ERR,ERR,ERR,ERR,ERR,ERR,ERR,ERR,ERR,ERR,ERR,ERR,ERR,ERR,ERR,ERR,ERR,ERR,ERR,ERR,ERR,ERR,ERR,ERR,ERR,ERR,ERR,ERR,ERR,ERR,ERR,ERR,ERR,ERR,ERR,ERR,ERR,ERR,ERR,ERR,ERR,2.7184260577004195e+23,-107615280.0,-0.0,0.0,0.0,1.0445324716549958e+25,0.0,0.0,0,0,4,0,7670,-0.0,41,0.0,0.0,0.0,0.0,0.0,0,0,0,0,0.0,0,0,0,0,0,0,0,0,0,0,0,0,0,0,0,0,0,0,0,0,0,0,0,0,0,0,0,0,0,0,0,0,0,23,41,40,64,65476,0,300,0,0,8,21553,0.0,-107605600.0,0.0,0.0,0.0,0.0,0.0,0.0,0.0,0.0,0.0,0.0,0.0,0.0,0.0,0.0,0.0,0.0,0.0,0.0,0.0,2.004,2.004,-0.0,-0.0,-2.004,0.0,0.0,0.0,0.0,1664.0,-0.0,0.0,2.7184260577004195e+23,-107615280.0,-0.0,2.7184312818759872e+23,0.0,0.0,2.004,2.004,68,2.7184285797162108e+23,4.066779989097421e+29,0.0,0.0,0.0,0.0,0.0,0.0,0.0,0,0,0,0.0,-1.505699581680358e+21,-1.180693423686268e+25,0.0,0.0,-0.0,0.0,0.0,-6024.462,0.0,-0.0,0.677,-0.0,3007701248.0,0.0,-0.0,0,1.3516416376850534e+27,68,0.0,136,0.0,98688.258,0,39322,17071,26215,17092,13107,17065,0,0,0,105,99,100,-0.0,50.8,0.0,61.45,-107615200.0,63.0,1,47,48,180,26215,13107,0,0,0.0,0.0,0.0,0.0,-0.0,66.0,0.0,-1339253481013248.0,0.0,727,0,696,0,0,0,878,0,982,0,846,0,632,0,613,0,509,0,587,0.032,91809220919296.0,-2.004,-107615056.0,7568,16792,-0.0,-1339253481013248.0,-317194976.0,-6.583368268477167e+20,-1.815805685241164e+24,0.0,70.0,60.0,66,0.0,0.0,10.0,2.0,0.0,0.0,0.0,0.0,0.0,0.0,0.0,0.0,0.0,0.0,0.0,0.0,62.0,62,18,65518,45,65476,0,300,0,0,8,20529,65476,0,0,44564,60.0,0.0,10.0,10.0,2.0,0.0
2026-02-05T00:02:14,ERR,ERR,ERR,ERR,ERR,ERR,ERR,ERR,ERR,ERR,ERR,ERR,ERR,ERR,ERR,ERR,ERR,ERR,ERR,ERR,ERR,ERR,ERR,ERR,ERR,ERR,ERR,ERR,ERR,ERR,ERR,ERR,ERR,ERR,ERR,ERR,ERR,ERR,ERR,ERR,ERR,ERR,ERR,ERR,ERR,ERR,ERR,ERR,ERR,ERR,ERR,ERR,ERR,ERR,ERR,ERR,ERR,ERR,ERR,ERR,ERR,ERR,ERR,ERR,ERR,ERR,ERR,ERR,ERR,ERR,ERR,ERR,ERR,ERR,ERR,ERR,ERR,ERR,ERR,ERR,ERR,ERR,ERR,ERR,ERR,ERR,ERR,ERR,ERR,ERR,ERR,ERR,ERR,ERR,ERR,ERR,ERR,ERR,ERR,ERR,ERR,ERR,ERR,ERR,ERR,ERR,ERR,ERR,ERR,ERR,ERR,ERR,ERR,ERR,ERR,ERR,ERR,ERR,ERR,ERR,ERR,ERR,ERR,ERR,ERR,2.7184260577004195e+23,-107615280.0,-0.0,0.0,0.0,1.0445324716549958e+25,0.0,0.0,0,0,4,0,7670,-0.0,41,0.0,0.0,0.0,0.0,0.0,0,0,0,0,0.0,0,0,0,0,0,0,0,0,0,0,0,0,0,0,0,0,0,0,0,0,0,0,0,0,0,0,0,0,0,0,0,0,0,23,41,40,64,65476,0,300,0,0,8,21553,0.0,-107605600.0,0.0,0.0,0.0,0.0,0.0,0.0,0.0,0.0,0.0,0.0,0.0,0.0,0.0,0.0,0.0,0.0,0.0,0.0,0.0,2.004,2.004,-0.0,-0.0,-2.004,0.0,0.0,0.0,0.0,1664.0,-0.0,0.0,2.7184260577004195e+23,-107615280.0,-0.0,2.7184312818759872e+23,0.0,0.0,2.004,2.004,68,2.7184285797162108e+23,4.066779989097421e+29,0.0,0.0,0.0,0.0,0.0,0.0,0.0,0,0,0,0.0,-1.505699581680358e+21,-1.180693423686268e+25,0.0,0.0,-0.0,0.0,0.0,-6024.462,0.0,-0.0,0.677,-0.0,3007701248.0,0.0,-0.0,0,1.3516416376850534e+27,68,0.0,136,0.0,98688.258,0,39322,17071,26215,17092,13107,17065,0,0,0,105,99,100,-0.0,50.8,0.0,61.45,-107615200.0,63.0,1,47,48,180,26215,13107,0,0,0.0,0.0,0.0,0.0,-0.0,66.0,0.0,-1339253481013248.0,0.0,727,0,696,0,0,0,878,0,982,0,846,0,632,0,613,0,509,0,587,0.032,91809220919296.0,-2.004,-107615056.0,7568,16792,-0.0,-1339253481013248.0,-317194976.0,-6.583368268477167e+20,-1.815805685241164e+24,0.0,70.0,60.0,66,0.0,0.0,10.0,2.0,0.0,0.0,0.0,0.0,0.0,0.0,0.0,0.0,0.0,0.0,0.0,0.0,62.0,62,18,65518,45,65476,0,300,0,0,8,20529,65476,0,0,44564,60.0,0.0,10.0,10.0,2.0,0.0
2026-02-05T00:02:15,ERR,ERR,ERR,ERR,ERR,ERR,ERR,ERR,ERR,ERR,ERR,ERR,ERR,ERR,ERR,ERR,ERR,ERR,ERR,ERR,ERR,ERR,ERR,ERR,ERR,ERR,ERR,ERR,ERR,ERR,ERR,ERR,ERR,ERR,ERR,ERR,ERR,ERR,ERR,ERR,ERR,ERR,ERR,ERR,ERR,ERR,ERR,ERR,ERR,ERR,ERR,ERR,ERR,ERR,ERR,ERR,ERR,ERR,ERR,ERR,ERR,ERR,ERR,ERR,ERR,ERR,ERR,ERR,ERR,ERR,ERR,ERR,ERR,ERR,ERR,ERR,ERR,ERR,ERR,ERR,ERR,ERR,ERR,ERR,ERR,ERR,ERR,ERR,ERR,ERR,ERR,ERR,ERR,ERR,ERR,ERR,ERR,ERR,ERR,ERR,ERR,ERR,ERR,ERR,ERR,ERR,ERR,ERR,ERR,ERR,ERR,ERR,ERR,ERR,ERR,ERR,ERR,ERR,ERR,ERR,ERR,ERR,ERR,ERR,ERR,2.7184260577004195e+23,-107615280.0,-0.0,0.0,0.0,2.564838290305843e+16,0.0,0.0,0,0,4,0,7670,-0.0,41,0.0,0.0,0.0,0.0,0.0,0,0,0,0,0.0,0,0,0,0,0,0,0,0,0,0,0,0,0,0,0,0,0,0,0,0,0,0,0,0,0,0,0,0,0,0,0,0,0,23,41,40,64,65476,0,300,0,0,8,21553,0.0,-107605600.0,0.0,0.0,0.0,0.0,0.0,0.0,0.0,0.0,0.0,0.0,0.0,0.0,0.0,0.0,0.0,0.0,0.0,0.0,0.0,2.004,2.004,-0.0,-0.0,-2.004,0.0,0.0,0.0,0.0,1664.25,2.004,0.0,2.7184260577004195e+23,-107615280.0,-0.0,2.7184312818759872e+23,0.0,0.0,2.004,2.004,68,2.308838958497058e+20,-3.22193082494188e+26,0.0,0.0,0.0,0.0,0.0,0.0,0.0,0,0,0,0.0,2740196.0,-3.0806036039783485e+27,4.091478964971315e+37,0.0,nan,0.0,58621505306624.0,0.0,0.0,-0.0,0.677,-0.0,3024478464.0,0.0,7303.84,0,1.3516416376850534e+27,68,0.0,136,0.0,98688.258,0,39322,17071,26215,17092,13107,17065,0,0,0,105,99,100,-0.0,50.8,0.0,61.45,-107615200.0,63.0,1,47,48,180,26215,13107,0,0,0.0,0.0,0.0,0.0,-0.0,66.0,0.0,-1339253481013248.0,0.0,727,0,696,0,0,0,878,0,982,0,846,0,632,0,613,0,509,0,587,0.032,91809220919296.0,-2.004,-107615056.0,7568,16792,-0.0,-1339253481013248.0,-317194976.0,-6.583368268477167e+20,-1.815805685241164e+24,0.0,70.0,60.0,66,0.0,0.0,10.0,2.0,0.0,0.0,0.0,0.0,0.0,0.0,0.0,0.0,0.0,0.0,0.0,0.0,62.4,62,18,65518,45,65476,0,300,0,0,8,20529,65476,0,0,44564,60.0,0.0,10.0,10.0,2.0,0.0
2026-02-05T00:02:16,ERR,ERR,ERR,ERR,ERR,ERR,ERR,ERR,ERR,ERR,ERR,ERR,ERR,ERR,ERR,ERR,ERR,ERR,ERR,ERR,ERR,ERR,ERR,ERR,ERR,ERR,ERR,ERR,ERR,ERR,ERR,ERR,ERR,ERR,ERR,ERR,ERR,ERR,ERR,ERR,ERR,ERR,ERR,ERR,ERR,ERR,ERR,ERR,ERR,ERR,ERR,ERR,ERR,ERR,ERR,ERR,ERR,ERR,ERR,ERR,ERR,ERR,ERR,ERR,ERR,ERR,ERR,ERR,ERR,ERR,ERR,ERR,ERR,ERR,ERR,ERR,ERR,ERR,ERR,ERR,ERR,ERR,ERR,ERR,ERR,ERR,ERR,ERR,ERR,ERR,ERR,ERR,ERR,ERR,ERR,ERR,ERR,ERR,ERR,ERR,ERR,ERR,ERR,ERR,ERR,ERR,ERR,ERR,ERR,ERR,ERR,ERR,ERR,ERR,ERR,ERR,ERR,ERR,ERR,ERR,ERR,ERR,ERR,ERR,ERR,2.7184260577004195e+23,-107615280.0,-0.0,0.0,0.0,2.564838290305843e+16,0.0,0.0,0,0,4,0,7670,-0.0,41,0.0,0.0,0.0,0.0,0.0,0,0,0,0,0.0,0,0,0,0,0,0,0,0,0,0,0,0,0,0,0,0,0,0,0,0,0,0,0,0,0,0,0,0,0,0,0,0,0,23,41,40,64,65476,0,300,0,0,8,21553,0.0,-107605600.0,0.0,0.0,0.0,0.0,0.0,0.0,0.0,0.0,0.0,0.0,0.0,0.0,0.0,0.0,0.0,0.0,0.0,0.0,0.0,2.004,2.004,-0.0,-0.0,-2.004,0.0,0.0,0.0,0.0,1664.25,2.004,0.0,2.7184260577004195e+23,-107615280.0,-0.0,2.7184312818759872e+23,0.0,0.0,2.004,2.004,68,2.308838958497058e+20,-3.22193082494188e+26,0.0,0.0,0.0,0.0,0.0,0.0,0.0,0,0,0,0.0,2740196.0,-3.0806036039783485e+27,4.091478964971315e+37,0.0,nan,0.0,58621505306624.0,0.0,0.0,-0.0,0.677,-0.0,3024478464.0,0.0,7303.84,0,1.3516416376850534e+27,68,0.0,136,0.0,98688.258,0,39322,17071,26215,17092,13107,17065,0,0,0,105,99,100,-0.0,50.8,0.0,61.45,-107615200.0,63.0,1,47,48,180,13107,13107,0,0,0.0,0.0,0.0,0.0,6.0038483573641904e+35,66.0,0.0,387589961940992.0,0.0,726,0,696,0,0,0,878,0,982,0,846,0,632,0,613,0,509,0,587,0.032,94008244174848.0,-2.004,-107615056.0,11024,16792,-0.0,1.3810253665665024e+16,0.0,-0.0,0.0,-0.0,70.0,60.0,66,0.0,0.0,10.0,2.0,0.0,0.0,0.0,0.0,0.0,0.0,0.0,0.0,0.0,0.0,0.0,0.0,62.4,62,18,65518,45,65476,0,300,0,0,8,20529,65476,0,0,44564,60.0,0.0,10.0,10.0,2.0,0.0
2026-02-05T00:02:17,ERR,ERR,ERR,ERR,ERR,ERR,ERR,ERR,ERR,ERR,ERR,ERR,ERR,ERR,ERR,ERR,ERR,ERR,ERR,ERR,ERR,ERR,ERR,ERR,ERR,ERR,ERR,ERR,ERR,ERR,ERR,ERR,ERR,ERR,ERR,ERR,ERR,ERR,ERR,ERR,ERR,ERR,ERR,ERR,ERR,ERR,ERR,ERR,ERR,ERR,ERR,ERR,ERR,ERR,ERR,ERR,ERR,ERR,ERR,ERR,ERR,ERR,ERR,ERR,ERR,ERR,ERR,ERR,ERR,ERR,ERR,ERR,ERR,ERR,ERR,ERR,ERR,ERR,ERR,ERR,ERR,ERR,ERR,ERR,ERR,ERR,ERR,ERR,ERR,ERR,ERR,ERR,ERR,ERR,ERR,ERR,ERR,ERR,ERR,ERR,ERR,ERR,ERR,ERR,ERR,ERR,ERR,ERR,ERR,ERR,ERR,ERR,ERR,ERR,ERR,ERR,ERR,ERR,ERR,ERR,ERR,ERR,ERR,ERR,ERR,2.7184260577004195e+23,-107615280.0,-0.0,0.0,0.0,2.564838290305843e+16,0.0,0.0,0,0,4,0,7670,-0.0,41,0.0,0.0,0.0,0.0,0.0,0,0,0,0,0.0,0,0,0,0,0,0,0,0,0,0,0,0,0,0,0,0,0,0,0,0,0,0,0,0,0,0,0,0,0,0,0,0,0,23,41,40,64,65476,0,300,0,0,8,21553,0.0,-107605600.0,0.0,0.0,0.0,0.0,0.0,0.0,0.0,0.0,0.0,0.0,0.0,0.0,0.0,0.0,0.0,0.0,0.0,0.0,0.0,2.004,2.004,-0.0,-0.0,-2.004,0.0,0.0,0.0,0.0,1664.25,2.004,0.0,2.7184260577004195e+23,-107615280.0,-0.0,2.7184312818759872e+23,0.0,0.0,2.004,2.004,68,2.308838958497058e+20,-3.22193082494188e+26,0.0,0.0,0.0,0.0,0.0,0.0,0.0,0,0,0,0.0,2740196.0,-3.0806036039783485e+27,4.091478964971315e+37,0.0,nan,0.0,58621505306624.0,0.0,0.0,-0.0,0.677,-0.0,3024478464.0,0.0,7303.84,0,1.3516416376850534e+27,68,0.0,136,0.0,98688.258,0,39322,17071,26215,17092,13107,17065,0,0,0,105,99,100,-0.0,50.8,0.0,61.45,-107615200.0,63.0,1,47,48,180,13107,13107,0,0,0.0,0.0,0.0,0.0,6.0038483573641904e+35,66.0,0.0,387589961940992.0,0.0,726,0,696,0,0,0,878,0,982,0,846,0,632,0,613,0,509,0,587,0.032,94008244174848.0,-2.004,-107615056.0,11024,16792,-0.0,1.3810253665665024e+16,0.0,-0.0,0.0,-0.0,70.0,60.0,66,0.0,0.0,10.0,2.0,0.0,0.0,0.0,0.0,0.0,0.0,0.0,0.0,0.0,0.0,0.0,0.0,62.4,62,18,65518,45,65476,0,300,0,0,8,20529,65476,0,0,44564,60.0,0.0,10.0,10.0,2.0,0.0
2026-02-05T00:02:18,ERR,ERR,ERR,ERR,ERR,ERR,ERR,ERR,ERR,ERR,ERR,ERR,ERR,ERR,ERR,ERR,ERR,ERR,ERR,ERR,ERR,ERR,ERR,ERR,ERR,ERR,ERR,ERR,ERR,ERR,ERR,ERR,ERR,ERR,ERR,ERR,ERR,ERR,ERR,ERR,ERR,ERR,ERR,ERR,ERR,ERR,ERR,ERR,ERR,ERR,ERR,ERR,ERR,ERR,ERR,ERR,ERR,ERR,ERR,ERR,ERR,ERR,ERR,ERR,ERR,ERR,ERR,ERR,ERR,ERR,ERR,ERR,ERR,ERR,ERR,ERR,ERR,ERR,ERR,ERR,ERR,ERR,ERR,ERR,ERR,ERR,ERR,ERR,ERR,ERR,ERR,ERR,ERR,ERR,ERR,ERR,ERR,ERR,ERR,ERR,ERR,ERR,ERR,ERR,ERR,ERR,ERR,ERR,ERR,ERR,ERR,ERR,ERR,ERR,ERR,ERR,ERR,ERR,ERR,ERR,ERR,ERR,ERR,ERR,ERR,2.7184260577004195e+23,-107615280.0,-0.0,0.0,0.0,2.564838290305843e+16,0.0,0.0,0,0,4,0,7670,-0.0,41,0.0,0.0,0.0,0.0,0.0,0,0,0,0,0.0,0,0,0,0,0,0,0,0,0,0,0,0,0,0,0,0,0,0,0,0,0,0,0,0,0,0,0,0,0,0,0,0,0,23,41,40,64,65476,0,300,0,0,8,21553,0.0,-107605600.0,0.0,0.0,0.0,0.0,0.0,0.0,0.0,0.0,0.0,0.0,0.0,0.0,0.0,0.0,0.0,0.0,0.0,0.0,0.0,2.004,2.004,-0.0,-0.0,-2.004,0.0,0.0,0.0,0.0,1664.25,2.004,0.0,2.7184260577004195e+23,-107615280.0,-0.0,2.7184312818759872e+23,0.0,0.0,2.004,2.004,68,2.308838958497058e+20,-3.22193082494188e+26,0.0,0.0,0.0,0.0,0.0,0.0,0.0,0,0,0,0.0,2740196.0,-3.0806036039783485e+27,4.091478964971315e+37,0.0,nan,0.0,58621505306624.0,0.0,0.0,-0.0,0.677,-0.0,3024478464.0,0.0,7303.84,0,1.3516416376850534e+27,68,0.0,136,0.0,98688.258,0,39322,17071,26215,17092,13107,17065,0,0,0,105,99,100,-0.0,50.8,0.0,61.45,-107615200.0,63.0,1,47,48,180,13107,13107,0,0,0.0,0.0,0.0,0.0,6.0038483573641904e+35,66.0,0.0,387589961940992.0,0.0,726,0,696,0,0,0,878,0,982,0,846,0,632,0,613,0,509,0,587,0.032,94008244174848.0,-2.004,-107615056.0,11024,16792,-0.0,1.3810253665665024e+16,0.0,-0.0,0.0,-0.0,70.0,60.0,66,0.0,0.0,10.0,2.0,0.0,0.0,0.0,0.0,0.0,0.0,0.0,0.0,0.0,0.0,0.0,0.0,62.4,62,18,65518,45,65476,0,300,0,0,8,20529,65476,0,0,44564,60.0,0.0,10.0,10.0,2.0,0.0
2026-02-05T00:02:19,ERR,ERR,ERR,ERR,ERR,ERR,ERR,ERR,ERR,ERR,ERR,ERR,ERR,ERR,ERR,ERR,ERR,ERR,ERR,ERR,ERR,ERR,ERR,ERR,ERR,ERR,ERR,ERR,ERR,ERR,ERR,ERR,ERR,ERR,ERR,ERR,ERR,ERR,ERR,ERR,ERR,ERR,ERR,ERR,ERR,ERR,ERR,ERR,ERR,ERR,ERR,ERR,ERR,ERR,ERR,ERR,ERR,ERR,ERR,ERR,ERR,ERR,ERR,ERR,ERR,ERR,ERR,ERR,ERR,ERR,ERR,ERR,ERR,ERR,ERR,ERR,ERR,ERR,ERR,ERR,ERR,ERR,ERR,ERR,ERR,ERR,ERR,ERR,ERR,ERR,ERR,ERR,ERR,ERR,ERR,ERR,ERR,ERR,ERR,ERR,ERR,ERR,ERR,ERR,ERR,ERR,ERR,ERR,ERR,ERR,ERR,ERR,ERR,ERR,ERR,ERR,ERR,ERR,ERR,ERR,ERR,ERR,ERR,ERR,ERR,2.7184260577004195e+23,-107615280.0,-0.0,0.0,0.0,2.564838290305843e+16,0.0,0.0,0,0,4,0,7670,-0.0,41,0.0,0.0,0.0,0.0,0.0,0,0,0,0,0.0,0,0,0,0,0,0,0,0,0,0,0,0,0,0,0,0,0,0,0,0,0,0,0,0,0,0,0,0,0,0,0,0,0,23,41,40,64,65476,0,300,0,0,8,21553,0.0,-107605600.0,0.0,0.0,0.0,0.0,0.0,0.0,0.0,0.0,0.0,0.0,0.0,0.0,0.0,0.0,0.0,0.0,0.0,0.0,0.0,2.004,2.004,-0.0,-0.0,-2.004,0.0,0.0,0.0,0.0,1664.25,2.004,0.0,2.7184260577004195e+23,-107615280.0,-0.0,2.7184312818759872e+23,0.0,0.0,2.004,2.004,68,2.308838958497058e+20,-3.22193082494188e+26,0.0,0.0,0.0,0.0,0.0,0.0,0.0,0,0,0,0.0,2740196.0,-3.0806036039783485e+27,4.091478964971315e+37,0.0,nan,0.0,58621505306624.0,0.0,0.0,-0.0,0.677,-0.0,3024478464.0,0.0,7303.84,0,1.3516416376850534e+27,68,0.0,136,0.0,98688.258,0,39322,17071,26215,17092,13107,17065,0,0,0,105,99,100,-0.0,50.8,0.0,61.45,-107615200.0,63.0,1,47,48,180,13107,13107,0,0,0.0,0.0,0.0,0.0,6.0038483573641904e+35,66.0,0.0,387589961940992.0,0.0,726,0,696,0,0,0,878,0,982,0,846,0,632,0,613,0,509,0,587,0.032,94008244174848.0,-2.004,-107615056.0,11024,16792,-0.0,1.3810253665665024e+16,0.0,-0.0,0.0,-0.0,70.0,60.0,66,0.0,0.0,10.0,2.0,0.0,0.0,0.0,0.0,0.0,0.0,0.0,0.0,0.0,0.0,0.0,0.0,62.0,62,18,65518,45,65476,0,300,0,0,8,20529,65476,0,0,44564,60.0,0.0,10.0,10.0,2.0,0.0
2026-02-05T00:02:20,ERR,ERR,ERR,ERR,ERR,ERR,ERR,ERR,ERR,ERR,ERR,ERR,ERR,ERR,ERR,ERR,ERR,ERR,ERR,ERR,ERR,ERR,ERR,ERR,ERR,ERR,ERR,ERR,ERR,ERR,ERR,ERR,ERR,ERR,ERR,ERR,ERR,ERR,ERR,ERR,ERR,ERR,ERR,ERR,ERR,ERR,ERR,ERR,ERR,ERR,ERR,ERR,ERR,ERR,ERR,ERR,ERR,ERR,ERR,ERR,ERR,ERR,ERR,ERR,ERR,ERR,ERR,ERR,ERR,ERR,ERR,ERR,ERR,ERR,ERR,ERR,ERR,ERR,ERR,ERR,ERR,ERR,ERR,ERR,ERR,ERR,ERR,ERR,ERR,ERR,ERR,ERR,ERR,ERR,ERR,ERR,ERR,ERR,ERR,ERR,ERR,ERR,ERR,ERR,ERR,ERR,ERR,ERR,ERR,ERR,ERR,ERR,ERR,ERR,ERR,ERR,ERR,ERR,ERR,ERR,ERR,ERR,ERR,ERR,ERR,2.7184260577004195e+23,-107615280.0,-0.0,0.0,0.0,2.564838290305843e+16,0.0,0.0,0,0,4,0,7670,-0.0,41,0.0,0.0,0.0,0.0,0.0,0,0,0,0,0.0,0,0,0,0,0,0,0,0,0,0,0,0,0,0,0,0,0,0,0,0,0,0,0,0,0,0,0,0,0,0,0,0,0,23,41,40,64,65476,0,300,0,0,8,21553,0.0,-107605600.0,0.0,0.0,0.0,0.0,0.0,0.0,0.0,0.0,0.0,0.0,0.0,0.0,0.0,0.0,0.0,0.0,0.0,0.0,0.0,2.004,2.004,-0.0,-0.0,-2.004,0.0,0.0,0.0,0.0,1664.25,2.004,0.0,2.7184260577004195e+23,-107615280.0,-0.0,2.7184312818759872e+23,0.0,0.0,2.004,2.004,68,2.308838958497058e+20,-3.22193082494188e+26,0.0,0.0,0.0,0.0,0.0,0.0,0.0,0,0,0,0.0,2740196.0,-3.0806036039783485e+27,4.091478964971315e+37,0.0,nan,0.0,58621505306624.0,0.0,0.0,-0.0,0.677,-0.0,3024478464.0,0.0,7303.84,0,1.3516416376850534e+27,68,0.0,136,0.0,98688.258,0,39322,17071,26215,17092,13107,17065,0,0,0,105,99,100,-0.0,50.8,0.0,61.45,-107615200.0,63.0,1,47,48,180,13107,13107,0,0,0.0,0.0,0.0,0.0,-0.0,66.0,0.0,8558792321007616.0,0.0,726,0,696,0,0,0,878,0,982,0,846,0,632,0,613,0,509,0,587,0.032,69818988363776.0,-2.004,-107615056.0,13968,16792,-0.0,0.0,0.0,-0.0,0.0,3.3490302061043636e+36,70.0,60.0,66,0.0,0.0,10.0,2.0,0.0,0.0,0.0,0.0,0.0,0.0,0.0,0.0,0.0,0.0,0.0,0.0,62.0,62,18,65518,45,65476,0,300,0,0,8,20529,65476,0,0,44564,60.0,0.0,10.0,10.0,2.0,0.0
2026-02-05T00:02:21,ERR,ERR,ERR,ERR,ERR,ERR,ERR,ERR,ERR,ERR,ERR,ERR,ERR,ERR,ERR,ERR,ERR,ERR,ERR,ERR,ERR,ERR,ERR,ERR,ERR,ERR,ERR,ERR,ERR,ERR,ERR,ERR,ERR,ERR,ERR,ERR,ERR,ERR,ERR,ERR,ERR,ERR,ERR,ERR,ERR,ERR,ERR,ERR,ERR,ERR,ERR,ERR,ERR,ERR,ERR,ERR,ERR,ERR,ERR,ERR,ERR,ERR,ERR,ERR,ERR,ERR,ERR,ERR,ERR,ERR,ERR,ERR,ERR,ERR,ERR,ERR,ERR,ERR,ERR,ERR,ERR,ERR,ERR,ERR,ERR,ERR,ERR,ERR,ERR,ERR,ERR,ERR,ERR,ERR,ERR,ERR,ERR,ERR,ERR,ERR,ERR,ERR,ERR,ERR,ERR,ERR,ERR,ERR,ERR,ERR,ERR,ERR,ERR,ERR,ERR,ERR,ERR,ERR,ERR,ERR,ERR,ERR,ERR,ERR,ERR,2.7184260577004195e+23,-107615280.0,-0.0,0.0,0.0,678366663409664.0,0.0,0.0,0,0,4,0,7670,-0.0,41,0.0,0.0,0.0,0.0,0.0,0,0,0,0,0.0,0,0,0,0,0,0,0,0,0,0,0,0,0,0,0,0,0,0,0,0,0,0,0,0,0,0,0,0,0,0,0,0,0,23,41,40,64,65476,0,300,0,0,8,21553,0.0,-107605600.0,0.0,0.0,0.0,0.0,0.0,0.0,0.0,0.0,0.0,0.0,0.0,0.0,-2.600982585120823e+33,0.0,0.0,0.0,0.0,0.0,0.0,2.004,2.004,-0.0,-0.0,-2.004,0.0,0.0,0.0,0.0,1681.0,-3.697096853280522e+19,0.0,2.7184260577004195e+23,-107615280.0,-0.0,2.7184312818759872e+23,0.0,0.0,2.004,2.004,68,4.9504255030366665e+32,126838947840.0,0.0,0.0,0.0,0.0,0.0,0.0,0.0,0,0,0,0.0,-0.0,-1.0730487781386423e+34,-453541802016768.0,0.0,0.0,0.0,-0.0,2.0341923821679916e+26,0.0,-0.0,0.681,-0.0,3024478464.0,0.0,0.0,0,1.3516416376850534e+27,68,0.0,136,0.0,98688.258,0,39322,17071,26215,17092,13107,17065,0,0,0,105,99,100,-0.0,50.8,0.0,61.45,-107615200.0,63.0,1,47,48,180,13107,13107,0,0,0.0,0.0,0.0,0.0,-0.0,66.0,0.0,8558792321007616.0,0.0,726,0,696,0,0,0,878,0,982,0,846,0,632,0,613,0,509,0,587,0.032,69818988363776.0,-2.004,-107615056.0,13968,16792,-0.0,0.0,0.0,-0.0,0.0,3.3490302061043636e+36,70.0,60.0,66,0.0,0.0,10.0,2.0,0.0,0.0,0.0,0.0,0.0,0.0,0.0,0.0,0.0,0.0,0.0,0.0,62.0,62,18,65518,45,65476,0,300,0,0,8,20529,65476,0,0,44564,60.0,0.0,10.0,10.0,2.0,0.0
2026-02-05T00:02:22,ERR,ERR,ERR,ERR,ERR,ERR,ERR,ERR,ERR,ERR,ERR,ERR,ERR,ERR,ERR,ERR,ERR,ERR,ERR,ERR,ERR,ERR,ERR,ERR,ERR,ERR,ERR,ERR,ERR,ERR,ERR,ERR,ERR,ERR,ERR,ERR,ERR,ERR,ERR,ERR,ERR,ERR,ERR,ERR,ERR,ERR,ERR,ERR,ERR,ERR,ERR,ERR,ERR,ERR,ERR,ERR,ERR,ERR,ERR,ERR,ERR,ERR,ERR,ERR,ERR,ERR,ERR,ERR,ERR,ERR,ERR,ERR,ERR,ERR,ERR,ERR,ERR,ERR,ERR,ERR,ERR,ERR,ERR,ERR,ERR,ERR,ERR,ERR,ERR,ERR,ERR,ERR,ERR,ERR,ERR,ERR,ERR,ERR,ERR,ERR,ERR,ERR,ERR,ERR,ERR,ERR,ERR,ERR,ERR,ERR,ERR,ERR,ERR,ERR,ERR,ERR,ERR,ERR,ERR,ERR,ERR,ERR,ERR,ERR,ERR,2.7184260577004195e+23,-107615280.0,-0.0,0.0,0.0,678366663409664.0,0.0,0.0,0,0,4,0,7670,-0.0,41,0.0,0.0,0.0,0.0,0.0,0,0,0,0,0.0,0,0,0,0,0,0,0,0,0,0,0,0,0,0,0,0,0,0,0,0,0,0,0,0,0,0,0,0,0,0,0,0,0,23,41,40,64,65476,0,300,0,0,8,21553,0.0,-107605600.0,0.0,0.0,0.0,0.0,0.0,0.0,0.0,0.0,0.0,0.0,0.0,0.0,-2.600982585120823e+33,0.0,0.0,0.0,0.0,0.0,0.0,2.004,2.004,-0.0,-0.0,-2.004,0.0,0.0,0.0,0.0,1681.0,-3.697096853280522e+19,0.0,2.7184260577004195e+23,-107615280.0,-0.0,2.7184312818759872e+23,0.0,0.0,2.004,2.004,68,4.9504255030366665e+32,126838947840.0,0.0,0.0,0.0,0.0,0.0,0.0,0.0,0,0,0,0.0,-0.0,-1.0730487781386423e+34,-453541802016768.0,0.0,0.0,0.0,-0.0,2.0341923821679916e+26,0.0,-0.0,0.681,-0.0,3024478464.0,0.0,0.0,0,1.3516416376850534e+27,68,0.0,136,0.0,98688.258,0,39322,17071,26215,17092,13107,17065,0,0,0,105,99,100,-0.0,50.8,0.0,61.45,-107615200.0,63.0,1,47,48,180,13107,13107,0,0,0.0,0.0,0.0,0.0,-0.0,66.0,0.0,8558792321007616.0,0.0,726,0,696,0,0,0,878,0,982,0,846,0,632,0,613,0,509,0,587,0.032,69818988363776.0,-2.004,-107615056.0,13968,16792,-0.0,0.0,0.0,-0.0,0.0,3.3490302061043636e+36,70.0,60.0,66,0.0,0.0,10.0,2.0,0.0,0.0,0.0,0.0,0.0,0.0,0.0,0.0,0.0,0.0,0.0,0.0,62.0,62,18,65518,45,65476,0,300,0,0,8,20529,65476,0,0,44564,60.0,0.0,10.0,10.0,2.0,0.0
2026-02-05T00:02:23,ERR,ERR,ERR,ERR,ERR,ERR,ERR,ERR,ERR,ERR,ERR,ERR,ERR,ERR,ERR,ERR,ERR,ERR,ERR,ERR,ERR,ERR,ERR,ERR,ERR,ERR,ERR,ERR,ERR,ERR,ERR,ERR,ERR,ERR,ERR,ERR,ERR,ERR,ERR,ERR,ERR,ERR,ERR,ERR,ERR,ERR,ERR,ERR,ERR,ERR,ERR,ERR,ERR,ERR,ERR,ERR,ERR,ERR,ERR,ERR,ERR,ERR,ERR,ERR,ERR,ERR,ERR,ERR,ERR,ERR,ERR,ERR,ERR,ERR,ERR,ERR,ERR,ERR,ERR,ERR,ERR,ERR,ERR,ERR,ERR,ERR,ERR,ERR,ERR,ERR,ERR,ERR,ERR,ERR,ERR,ERR,ERR,ERR,ERR,ERR,ERR,ERR,ERR,ERR,ERR,ERR,ERR,ERR,ERR,ERR,ERR,ERR,ERR,ERR,ERR,ERR,ERR,ERR,ERR,ERR,ERR,ERR,ERR,ERR,ERR,2.7184260577004195e+23,-107615280.0,-0.0,0.0,0.0,678366663409664.0,0.0,0.0,0,0,4,0,7670,-0.0,41,0.0,0.0,0.0,0.0,0.0,0,0,0,0,0.0,0,0,0,0,0,0,0,0,0,0,0,0,0,0,0,0,0,0,0,0,0,0,0,0,0,0,0,0,0,0,0,0,0,23,41,40,64,65476,0,300,0,0,8,21553,0.0,-107605600.0,0.0,0.0,0.0,0.0,0.0,0.0,0.0,0.0,0.0,0.0,0.0,0.0,-2.600982585120823e+33,0.0,0.0,0.0,0.0,0.0,0.0,2.004,2.004,-0.0,-0.0,-2.004,0.0,0.0,0.0,0.0,1681.0,-3.697096853280522e+19,0.0,2.7184260577004195e+23,-107615280.0,-0.0,2.7184312818759872e+23,0.0,0.0,2.004,2.004,68,4.9504255030366665e+32,126838947840.0,0.0,0.0,0.0,0.0,0.0,0.0,0.0,0,0,0,0.0,-0.0,-1.0730487781386423e+34,-453541802016768.0,0.0,0.0,0.0,-0.0,2.0341923821679916e+26,0.0,-0.0,0.681,-0.0,3024478464.0,0.0,0.0,0,1.3516416376850534e+27,68,0.0,136,0.0,98688.258,0,39322,17071,26215,17092,13107,17065,0,0,0,105,99,100,-0.0,50.8,0.0,61.45,-107615200.0,63.0,1,47,48,180,13107,13107,0,0,0.0,0.0,0.0,0.0,-0.0,66.0,0.0,8558792321007616.0,0.0,726,0,696,0,0,0,878,0,982,0,846,0,632,0,613,0,509,0,587,0.032,69818988363776.0,-2.004,-107615056.0,13968,16792,-0.0,0.0,0.0,-0.0,0.0,3.3490302061043636e+36,70.0,60.0,66,0.0,0.0,10.0,2.0,0.0,0.0,0.0,0.0,0.0,0.0,0.0,0.0,0.0,0.0,0.0,0.0,62.4,62,18,65518,45,65476,0,300,0,0,8,20529,65476,0,0,44564,60.0,0.0,10.0,10.0,2.0,0.0
2026-02-05T00:02:24,ERR,ERR,ERR,ERR,ERR,ERR,ERR,ERR,ERR,ERR,ERR,ERR,ERR,ERR,ERR,ERR,ERR,ERR,ERR,ERR,ERR,ERR,ERR,ERR,ERR,ERR,ERR,ERR,ERR,ERR,ERR,ERR,ERR,ERR,ERR,ERR,ERR,ERR,ERR,ERR,ERR,ERR,ERR,ERR,ERR,ERR,ERR,ERR,ERR,ERR,ERR,ERR,ERR,ERR,ERR,ERR,ERR,ERR,ERR,ERR,ERR,ERR,ERR,ERR,ERR,ERR,ERR,ERR,ERR,ERR,ERR,ERR,ERR,ERR,ERR,ERR,ERR,ERR,ERR,ERR,ERR,ERR,ERR,ERR,ERR,ERR,ERR,ERR,ERR,ERR,ERR,ERR,ERR,ERR,ERR,ERR,ERR,ERR,ERR,ERR,ERR,ERR,ERR,ERR,ERR,ERR,ERR,ERR,ERR,ERR,ERR,ERR,ERR,ERR,ERR,ERR,ERR,ERR,ERR,ERR,ERR,ERR,ERR,ERR,ERR,2.7184260577004195e+23,-107615280.0,-0.0,0.0,0.0,678366663409664.0,0.0,0.0,0,0,4,0,7670,-0.0,41,0.0,0.0,0.0,0.0,0.0,0,0,0,0,0.0,0,0,0,0,0,0,0,0,0,0,0,0,0,0,0,0,0,0,0,0,0,0,0,0,0,0,0,0,0,0,0,0,0,23,41,40,64,65476,0,300,0,0,8,21553,0.0,-107605600.0,0.0,0.0,0.0,0.0,0.0,0.0,0.0,0.0,0.0,0.0,0.0,0.0,-2.600982585120823e+33,0.0,0.0,0.0,0.0,0.0,0.0,2.004,2.004,-0.0,-0.0,-2.004,0.0,0.0,0.0,0.0,1681.0,-3.697096853280522e+19,0.0,2.7184260577004195e+23,-107615280.0,-0.0,2.7184312818759872e+23,0.0,0.0,2.004,2.004,68,4.9504255030366665e+32,126838947840.0,0.0,0.0,0.0,0.0,0.0,0.0,0.0,0,0,0,0.0,-0.0,-1.0730487781386423e+34,-453541802016768.0,0.0,0.0,0.0,-0.0,2.0341923821679916e+26,0.0,-0.0,0.681,-0.0,3024478464.0,0.0,0.0,0,1.3516416376850534e+27,68,0.0,136,0.0,98688.258,0,39322,17071,26215,17092,13107,17065,0,0,0,105,99,100,-0.0,50.8,0.0,61.45,-107615200.0,63.0,1,47,48,180,13107,13107,0,0,0.0,0.0,0.0,0.0,-0.0,66.0,0.0,0.0,0.0,726,0,696,0,0,0,878,0,981,0,846,0,632,0,613,0,509,0,587,0.032,69544110456832.0,-2.004,-107615056.0,16272,16792,7.107077596820644e+31,0.0,-0.0,0.0,-0.0,-7.097670813712646e+19,70.0,60.0,66,0.0,0.0,10.0,2.0,0.0,0.0,0.0,0.0,0.0,0.0,0.0,0.0,0.0,0.0,0.0,0.0,62.4,62,18,65518,45,65476,0,300,0,0,8,20529,65476,0,0,44564,60.0,0.0,10.0,10.0,2.0,0.0
2026-02-05T00:02:25,ERR,ERR,ERR,ERR,ERR,ERR,ERR,ERR,ERR,ERR,ERR,ERR,ERR,ERR,ERR,ERR,ERR,ERR,ERR,ERR,ERR,ERR,ERR,ERR,ERR,ERR,ERR,ERR,ERR,ERR,ERR,ERR,ERR,ERR,ERR,ERR,ERR,ERR,ERR,ERR,ERR,ERR,ERR,ERR,ERR,ERR,ERR,ERR,ERR,ERR,ERR,ERR,ERR,ERR,ERR,ERR,ERR,ERR,ERR,ERR,ERR,ERR,ERR,ERR,ERR,ERR,ERR,ERR,ERR,ERR,ERR,ERR,ERR,ERR,ERR,ERR,ERR,ERR,ERR,ERR,ERR,ERR,ERR,ERR,ERR,ERR,ERR,ERR,ERR,ERR,ERR,ERR,ERR,ERR,ERR,ERR,ERR,ERR,ERR,ERR,ERR,ERR,ERR,ERR,ERR,ERR,ERR,ERR,ERR,ERR,ERR,ERR,ERR,ERR,ERR,ERR,ERR,ERR,ERR,ERR,ERR,ERR,ERR,ERR,ERR,2.7184260577004195e+23,-107615280.0,-0.0,0.0,0.0,678366663409664.0,0.0,0.0,0,0,4,0,7670,-0.0,41,0.0,0.0,0.0,0.0,0.0,0,0,0,0,0.0,0,0,0,0,0,0,0,0,0,0,0,0,0,0,0,0,0,0,0,0,0,0,0,0,0,0,0,0,0,0,0,0,0,23,41,40,64,65476,0,300,0,0,8,21553,0.0,-107605600.0,0.0,0.0,0.0,0.0,0.0,0.0,0.0,0.0,0.0,0.0,0.0,0.0,-2.600982585120823e+33,0.0,0.0,0.0,0.0,0.0,0.0,2.004,2.004,-0.0,-0.0,-2.004,0.0,0.0,0.0,0.0,1681.0,-3.697096853280522e+19,0.0,2.7184260577004195e+23,-107615280.0,-0.0,2.7184312818759872e+23,0.0,0.0,2.004,2.004,68,4.9504255030366665e+32,126838947840.0,0.0,0.0,0.0,0.0,0.0,0.0,0.0,0,0,0,0.0,-0.0,-1.0730487781386423e+34,-453541802016768.0,0.0,0.0,0.0,-0.0,2.0341923821679916e+26,0.0,-0.0,0.681,-0.0,3024478464.0,0.0,0.0,0,1.3516416376850534e+27,68,0.0,136,0.0,98688.258,0,39322,17071,26215,17092,13107,17065,0,0,0,105,99,100,-0.0,50.8,0.0,61.45,-107615200.0,63.0,1,47,48,180,13107,13107,0,0,0.0,0.0,0.0,0.0,-0.0,66.0,0.0,0.0,0.0,726,0,696,0,0,0,878,0,981,0,846,0,632,0,613,0,509,0,587,0.032,69544110456832.0,-2.004,-107615056.0,16272,16792,7.107077596820644e+31,0.0,-0.0,0.0,-0.0,-7.097670813712646e+19,70.0,60.0,66,0.0,0.0,10.0,2.0,0.0,0.0,0.0,0.0,0.0,0.0,0.0,0.0,0.0,0.0,0.0,0.0,62.4,62,18,65518,45,65476,0,300,0,0,8,20529,65476,0,0,44564,60.0,0.0,10.0,10.0,2.0,0.0
2026-02-05T00:02:26,ERR,ERR,ERR,ERR,ERR,ERR,ERR,ERR,ERR,ERR,ERR,ERR,ERR,ERR,ERR,ERR,ERR,ERR,ERR,ERR,ERR,ERR,ERR,ERR,ERR,ERR,ERR,ERR,ERR,ERR,ERR,ERR,ERR,ERR,ERR,ERR,ERR,ERR,ERR,ERR,ERR,ERR,ERR,ERR,ERR,ERR,ERR,ERR,ERR,ERR,ERR,ERR,ERR,ERR,ERR,ERR,ERR,ERR,ERR,ERR,ERR,ERR,ERR,ERR,ERR,ERR,ERR,ERR,ERR,ERR,ERR,ERR,ERR,ERR,ERR,ERR,ERR,ERR,ERR,ERR,ERR,ERR,ERR,ERR,ERR,ERR,ERR,ERR,ERR,ERR,ERR,ERR,ERR,ERR,ERR,ERR,ERR,ERR,ERR,ERR,ERR,ERR,ERR,ERR,ERR,ERR,ERR,ERR,ERR,ERR,ERR,ERR,ERR,ERR,ERR,ERR,ERR,ERR,ERR,ERR,ERR,ERR,ERR,ERR,ERR,2.7184260577004195e+23,-107615280.0,-0.0,0.0,0.0,678366663409664.0,0.0,0.0,0,0,4,0,7670,-0.0,41,0.0,0.0,0.0,0.0,0.0,0,0,0,0,0.0,0,0,0,0,0,0,0,0,0,0,0,0,0,0,0,0,0,0,0,0,0,0,0,0,0,0,0,0,0,0,0,0,0,23,41,40,64,65476,0,300,0,0,8,21553,0.0,-107605600.0,0.0,0.0,0.0,0.0,0.0,0.0,0.0,0.0,0.0,0.0,0.0,0.0,-2.600982585120823e+33,0.0,0.0,0.0,0.0,0.0,0.0,2.004,2.004,-0.0,-0.0,-2.004,0.0,0.0,0.0,0.0,1681.0,-3.697096853280522e+19,0.0,2.7184260577004195e+23,-107615280.0,-0.0,2.7184312818759872e+23,0.0,0.0,2.004,2.004,68,4.9504255030366665e+32,126838947840.0,0.0,0.0,0.0,0.0,0.0,0.0,0.0,0,0,0,0.0,-0.0,-1.0730487781386423e+34,-453541802016768.0,0.0,0.0,0.0,-0.0,2.0341923821679916e+26,0.0,-0.0,0.681,-0.0,3024478464.0,0.0,0.0,0,1.3516416376850534e+27,68,0.0,136,0.0,98688.258,0,39322,17071,26215,17092,13107,17065,0,0,0,105,99,100,-0.0,50.8,0.0,61.45,-107615200.0,63.0,1,47,48,180,13107,13107,0,0,0.0,0.0,0.0,0.0,-0.0,66.0,0.0,0.0,0.0,726,0,696,0,0,0,878,0,981,0,846,0,632,0,613,0,509,0,587,0.032,69544110456832.0,-2.004,-107615056.0,16272,16792,7.107077596820644e+31,0.0,-0.0,0.0,-0.0,-7.097670813712646e+19,70.0,60.0,66,0.0,0.0,10.0,2.0,0.0,0.0,0.0,0.0,0.0,0.0,0.0,0.0,0.0,0.0,0.0,0.0,62.4,62,18,65518,45,65476,0,300,0,0,8,20529,65476,0,0,44564,60.0,0.0,10.0,10.0,2.0,0.0
2026-02-05T00:02:27,ERR,ERR,ERR,ERR,ERR,ERR,ERR,ERR,ERR,ERR,ERR,ERR,ERR,ERR,ERR,ERR,ERR,ERR,ERR,ERR,ERR,ERR,ERR,ERR,ERR,ERR,ERR,ERR,ERR,ERR,ERR,ERR,ERR,ERR,ERR,ERR,ERR,ERR,ERR,ERR,ERR,ERR,ERR,ERR,ERR,ERR,ERR,ERR,ERR,ERR,ERR,ERR,ERR,ERR,ERR,ERR,ERR,ERR,ERR,ERR,ERR,ERR,ERR,ERR,ERR,ERR,ERR,ERR,ERR,ERR,ERR,ERR,ERR,ERR,ERR,ERR,ERR,ERR,ERR,ERR,ERR,ERR,ERR,ERR,ERR,ERR,ERR,ERR,ERR,ERR,ERR,ERR,ERR,ERR,ERR,ERR,ERR,ERR,ERR,ERR,ERR,ERR,ERR,ERR,ERR,ERR,ERR,ERR,ERR,ERR,ERR,ERR,ERR,ERR,ERR,ERR,ERR,ERR,ERR,ERR,ERR,ERR,ERR,ERR,ERR,2.7184260577004195e+23,-107615280.0,-0.0,0.0,0.0,0.0,-0.0,0.0,0,0,4,0,7670,-0.0,41,0.0,0.0,0.0,0.0,0.0,0,0,0,0,0.0,0,0,0,0,0,0,0,0,0,0,0,0,0,0,0,0,0,0,0,0,0,0,0,0,0,0,0,0,0,0,0,0,0,23,41,40,64,65476,0,300,0,0,8,21553,0.0,-107605600.0,0.0,0.0,0.0,0.0,0.0,0.0,0.0,0.0,0.0,0.0,0.0,0.0,0.0,0.0,0.0,0.0,0.0,0.0,0.0,2.004,2.004,-0.0,-0.0,-2.004,0.0,0.0,0.0,0.0,1664.75,-3.697096413475871e+19,0.0,2.7184260577004195e+23,-107615280.0,-0.0,2.7184312818759872e+23,0.0,0.0,2.004,2.004,68,4.066877080952309e+29,-0.0,0.0,0.0,0.0,0.0,0.0,0.0,0.0,0,0,0,0.0,-0.0,-9.240518193975438e+30,0.0,0.0,-1.4201399091963042e+31,-1.5732822696500413e+23,-0.0,478705248.0,0.0,-0.0,0.681,-0.0,3041255680.0,0.0,-0.0,0,1.3516416376850534e+27,68,0.0,136,0.0,98688.258,0,39322,17071,26215,17092,13107,17065,0,0,0,105,99,100,-0.0,50.8,0.0,61.45,-107615200.0,63.0,1,47,48,180,13107,13107,0,0,0.0,0.0,0.0,0.0,-0.0,66.0,0.0,0.0,0.0,726,0,696,0,0,0,878,0,981,0,846,0,632,0,613,0,509,0,587,0.032,69544110456832.0,-2.004,-107615056.0,16272,16792,7.107077596820644e+31,0.0,-0.0,0.0,-0.0,-7.097670813712646e+19,70.0,60.0,66,0.0,0.0,10.0,2.0,0.0,0.0,0.0,0.0,0.0,0.0,0.0,0.0,0.0,0.0,0.0,0.0,62.0,62,18,65518,45,65476,0,300,0,0,8,20529,65476,0,0,44564,60.0,0.0,10.0,10.0,2.0,0.0
2026-02-05T00:02:28,ERR,ERR,ERR,ERR,ERR,ERR,ERR,ERR,ERR,ERR,ERR,ERR,ERR,ERR,ERR,ERR,ERR,ERR,ERR,ERR,ERR,ERR,ERR,ERR,ERR,ERR,ERR,ERR,ERR,ERR,ERR,ERR,ERR,ERR,ERR,ERR,ERR,ERR,ERR,ERR,ERR,ERR,ERR,ERR,ERR,ERR,ERR,ERR,ERR,ERR,ERR,ERR,ERR,ERR,ERR,ERR,ERR,ERR,ERR,ERR,ERR,ERR,ERR,ERR,ERR,ERR,ERR,ERR,ERR,ERR,ERR,ERR,ERR,ERR,ERR,ERR,ERR,ERR,ERR,ERR,ERR,ERR,ERR,ERR,ERR,ERR,ERR,ERR,ERR,ERR,ERR,ERR,ERR,ERR,ERR,ERR,ERR,ERR,ERR,ERR,ERR,ERR,ERR,ERR,ERR,ERR,ERR,ERR,ERR,ERR,ERR,ERR,ERR,ERR,ERR,ERR,ERR,ERR,ERR,ERR,ERR,ERR,ERR,ERR,ERR,2.7184260577004195e+23,-107615280.0,-0.0,0.0,0.0,0.0,-0.0,0.0,0,0,4,0,7670,-0.0,41,0.0,0.0,0.0,0.0,0.0,0,0,0,0,0.0,0,0,0,0,0,0,0,0,0,0,0,0,0,0,0,0,0,0,0,0,0,0,0,0,0,0,0,0,0,0,0,0,0,23,41,40,64,65476,0,300,0,0,8,21553,0.0,-107605600.0,0.0,0.0,0.0,0.0,0.0,0.0,0.0,0.0,0.0,0.0,0.0,0.0,0.0,0.0,0.0,0.0,0.0,0.0,0.0,2.004,2.004,-0.0,-0.0,-2.004,0.0,0.0,0.0,0.0,1664.75,-3.697096413475871e+19,0.0,2.7184260577004195e+23,-107615280.0,-0.0,2.7184312818759872e+23,0.0,0.0,2.004,2.004,68,4.066877080952309e+29,-0.0,0.0,0.0,0.0,0.0,0.0,0.0,0.0,0,0,0,0.0,-0.0,-9.240518193975438e+30,0.0,0.0,-1.4201399091963042e+31,-1.5732822696500413e+23,-0.0,478705248.0,0.0,-0.0,0.681,-0.0,3041255680.0,0.0,-0.0,0,1.3516416376850534e+27,68,0.0,136,0.0,98688.258,0,39322,17071,26215,17092,13107,17065,0,0,0,105,99,100,-0.0,50.8,0.0,61.45,-107615200.0,63.0,1,47,48,180,13107,13107,0,0,0.0,0.0,0.0,0.0,-0.0,66.0,0.0,0.0,0.0,726,0,696,0,0,0,878,0,981,0,846,0,632,0,613,0,509,0,587,0.032,69544110456832.0,-2.004,-107615056.0,16272,16792,7.107077596820644e+31,0.0,-0.0,0.0,-0.0,-7.097670813712646e+19,70.0,60.0,66,0.0,0.0,10.0,2.0,0.0,0.0,0.0,0.0,0.0,0.0,0.0,0.0,0.0,0.0,0.0,0.0,62.0,62,18,65518,45,65476,0,300,0,0,8,20529,65476,0,0,44564,60.0,0.0,10.0,10.0,2.0,0.0
2026-02-05T00:02:29,ERR,ERR,ERR,ERR,ERR,ERR,ERR,ERR,ERR,ERR,ERR,ERR,ERR,ERR,ERR,ERR,ERR,ERR,ERR,ERR,ERR,ERR,ERR,ERR,ERR,ERR,ERR,ERR,ERR,ERR,ERR,ERR,ERR,ERR,ERR,ERR,ERR,ERR,ERR,ERR,ERR,ERR,ERR,ERR,ERR,ERR,ERR,ERR,ERR,ERR,ERR,ERR,ERR,ERR,ERR,ERR,ERR,ERR,ERR,ERR,ERR,ERR,ERR,ERR,ERR,ERR,ERR,ERR,ERR,ERR,ERR,ERR,ERR,ERR,ERR,ERR,ERR,ERR,ERR,ERR,ERR,ERR,ERR,ERR,ERR,ERR,ERR,ERR,ERR,ERR,ERR,ERR,ERR,ERR,ERR,ERR,ERR,ERR,ERR,ERR,ERR,ERR,ERR,ERR,ERR,ERR,ERR,ERR,ERR,ERR,ERR,ERR,ERR,ERR,ERR,ERR,ERR,ERR,ERR,ERR,ERR,ERR,ERR,ERR,ERR,2.7184260577004195e+23,-107615280.0,-0.0,0.0,0.0,0.0,-0.0,0.0,0,0,4,0,7670,-0.0,41,0.0,0.0,0.0,0.0,0.0,0,0,0,0,0.0,0,0,0,0,0,0,0,0,0,0,0,0,0,0,0,0,0,0,0,0,0,0,0,0,0,0,0,0,0,0,0,0,0,23,41,40,64,65476,0,300,0,0,8,21553,0.0,-107605600.0,0.0,0.0,0.0,0.0,0.0,0.0,0.0,0.0,0.0,0.0,0.0,0.0,0.0,0.0,0.0,0.0,0.0,0.0,0.0,2.004,2.004,-0.0,-0.0,-2.004,0.0,0.0,0.0,0.0,1664.75,-3.697096413475871e+19,0.0,2.7184260577004195e+23,-107615280.0,-0.0,2.7184312818759872e+23,0.0,0.0,2.004,2.004,68,4.066877080952309e+29,-0.0,0.0,0.0,0.0,0.0,0.0,0.0,0.0,0,0,0,0.0,-0.0,-9.240518193975438e+30,0.0,0.0,-1.4201399091963042e+31,-1.5732822696500413e+23,-0.0,478705248.0,0.0,-0.0,0.681,-0.0,3041255680.0,0.0,-0.0,0,1.3516416376850534e+27,68,0.0,136,0.0,98688.258,0,26215,17071,26215,17092,13107,17065,0,0,0,105,99,100,-0.0,50.8,0.0,61.45,-107615200.0,63.0,1,47,48,180,13107,13107,0,0,0.0,0.0,0.0,0.0,1.523239279159515e+31,66.0,0.0,-3.254,0.0,726,0,696,0,0,0,878,0,982,0,847,0,632,0,613,0,509,0,587,0.032,69269232549888.0,-2.004,-107615056.0,7440,16792,3.6388237295721696e+34,-0.0,-1673218.75,22880.521,-0.0,3.5398845320532805e+25,70.0,60.0,66,0.0,0.0,10.0,2.0,0.0,0.0,0.0,0.0,0.0,0.0,0.0,0.0,0.0,0.0,0.0,0.0,62.4,62,18,65518,45,65476,0,300,0,0,8,20529,65476,0,0,44564,60.0,0.0,10.0,10.0,2.0,0.0
2026-02-05T00:02:30,ERR,ERR,ERR,ERR,ERR,ERR,ERR,ERR,ERR,ERR,ERR,ERR,ERR,ERR,ERR,ERR,ERR,ERR,ERR,ERR,ERR,ERR,ERR,ERR,ERR,ERR,ERR,ERR,ERR,ERR,ERR,ERR,ERR,ERR,ERR,ERR,ERR,ERR,ERR,ERR,ERR,ERR,ERR,ERR,ERR,ERR,ERR,ERR,ERR,ERR,ERR,ERR,ERR,ERR,ERR,ERR,ERR,ERR,ERR,ERR,ERR,ERR,ERR,ERR,ERR,ERR,ERR,ERR,ERR,ERR,ERR,ERR,ERR,ERR,ERR,ERR,ERR,ERR,ERR,ERR,ERR,ERR,ERR,ERR,ERR,ERR,ERR,ERR,ERR,ERR,ERR,ERR,ERR,ERR,ERR,ERR,ERR,ERR,ERR,ERR,ERR,ERR,ERR,ERR,ERR,ERR,ERR,ERR,ERR,ERR,ERR,ERR,ERR,ERR,ERR,ERR,ERR,ERR,ERR,ERR,ERR,ERR,ERR,ERR,ERR,2.7184260577004195e+23,-107615280.0,-0.0,0.0,0.0,0.0,-0.0,0.0,0,0,4,0,7670,-0.0,41,0.0,0.0,0.0,0.0,0.0,0,0,0,0,0.0,0,0,0,0,0,0,0,0,0,0,0,0,0,0,0,0,0,0,0,0,0,0,0,0,0,0,0,0,0,0,0,0,0,23,41,40,64,65476,0,300,0,0,8,21553,0.0,-107605600.0,0.0,0.0,0.0,0.0,0.0,0.0,0.0,0.0,0.0,0.0,0.0,0.0,0.0,0.0,0.0,0.0,0.0,0.0,0.0,2.004,2.004,-0.0,-0.0,-2.004,0.0,0.0,0.0,0.0,1664.75,-3.697096413475871e+19,0.0,2.7184260577004195e+23,-107615280.0,-0.0,2.7184312818759872e+23,0.0,0.0,2.004,2.004,68,4.066877080952309e+29,-0.0,0.0,0.0,0.0,0.0,0.0,0.0,0.0,0,0,0,0.0,-0.0,-9.240518193975438e+30,0.0,0.0,-1.4201399091963042e+31,-1.5732822696500413e+23,-0.0,478705248.0,0.0,-0.0,0.681,-0.0,3041255680.0,0.0,-0.0,0,1.3516416376850534e+27,68,0.0,136,0.0,98688.258,0,26215,17071,26215,17092,13107,17065,0,0,0,105,99,100,-0.0,50.8,0.0,61.45,-107615200.0,63.0,1,47,48,180,13107,13107,0,0,0.0,0.0,0.0,0.0,1.523239279159515e+31,66.0,0.0,-3.254,0.0,726,0,696,0,0,0,878,0,982,0,847,0,632,0,613,0,509,0,587,0.032,69269232549888.0,-2.004,-107615056.0,7440,16792,3.6388237295721696e+34,-0.0,-1673218.75,22880.521,-0.0,3.5398845320532805e+25,70.0,60.0,66,0.0,0.0,10.0,2.0,0.0,0.0,0.0,0.0,0.0,0.0,0.0,0.0,0.0,0.0,0.0,0.0,62.4,62,18,65518,45,65476,0,300,0,0,8,20529,65476,0,0,44564,60.0,0.0,10.0,10.0,2.0,0.0
2026-02-05T00:02:31,ERR,ERR,ERR,ERR,ERR,ERR,ERR,ERR,ERR,ERR,ERR,ERR,ERR,ERR,ERR,ERR,ERR,ERR,ERR,ERR,ERR,ERR,ERR,ERR,ERR,ERR,ERR,ERR,ERR,ERR,ERR,ERR,ERR,ERR,ERR,ERR,ERR,ERR,ERR,ERR,ERR,ERR,ERR,ERR,ERR,ERR,ERR,ERR,ERR,ERR,ERR,ERR,ERR,ERR,ERR,ERR,ERR,ERR,ERR,ERR,ERR,ERR,ERR,ERR,ERR,ERR,ERR,ERR,ERR,ERR,ERR,ERR,ERR,ERR,ERR,ERR,ERR,ERR,ERR,ERR,ERR,ERR,ERR,ERR,ERR,ERR,ERR,ERR,ERR,ERR,ERR,ERR,ERR,ERR,ERR,ERR,ERR,ERR,ERR,ERR,ERR,ERR,ERR,ERR,ERR,ERR,ERR,ERR,ERR,ERR,ERR,ERR,ERR,ERR,ERR,ERR,ERR,ERR,ERR,ERR,ERR,ERR,ERR,ERR,ERR,2.7184260577004195e+23,-107615280.0,-0.0,0.0,0.0,0.0,-0.0,0.0,0,0,4,0,7670,-0.0,41,0.0,0.0,0.0,0.0,0.0,0,0,0,0,0.0,0,0,0,0,0,0,0,0,0,0,0,0,0,0,0,0,0,0,0,0,0,0,0,0,0,0,0,0,0,0,0,0,0,23,41,40,64,65476,0,300,0,0,8,21553,0.0,-107605600.0,0.0,0.0,0.0,0.0,0.0,0.0,0.0,0.0,0.0,0.0,0.0,0.0,0.0,0.0,0.0,0.0,0.0,0.0,0.0,2.004,2.004,-0.0,-0.0,-2.004,0.0,0.0,0.0,0.0,1664.75,-3.697096413475871e+19,0.0,2.7184260577004195e+23,-107615280.0,-0.0,2.7184312818759872e+23,0.0,0.0,2.004,2.004,68,4.066877080952309e+29,-0.0,0.0,0.0,0.0,0.0,0.0,0.0,0.0,0,0,0,0.0,-0.0,-9.240518193975438e+30,0.0,0.0,-1.4201399091963042e+31,-1.5732822696500413e+23,-0.0,478705248.0,0.0,-0.0,0.681,-0.0,3041255680.0,0.0,-0.0,0,1.3516416376850534e+27,68,0.0,136,0.0,98688.258,0,26215,17071,26215,17092,13107,17065,0,0,0,105,99,100,-0.0,50.8,0.0,61.45,-107615200.0,63.0,1,47,48,180,13107,13107,0,0,0.0,0.0,0.0,0.0,1.523239279159515e+31,66.0,0.0,-3.254,0.0,726,0,696,0,0,0,878,0,982,0,847,0,632,0,613,0,509,0,587,0.032,69269232549888.0,-2.004,-107615056.0,7440,16792,3.6388237295721696e+34,-0.0,-1673218.75,22880.521,-0.0,3.5398845320532805e+25,70.0,60.0,66,0.0,0.0,10.0,2.0,0.0,0.0,0.0,0.0,0.0,0.0,0.0,0.0,0.0,0.0,0.0,0.0,62.0,62,18,65518,45,65476,0,300,0,0,8,20529,65476,0,0,44564,60.0,0.0,10.0,10.0,2.0,0.0
2026-02-05T00:02:32,ERR,ERR,ERR,ERR,ERR,ERR,ERR,ERR,ERR,ERR,ERR,ERR,ERR,ERR,ERR,ERR,ERR,ERR,ERR,ERR,ERR,ERR,ERR,ERR,ERR,ERR,ERR,ERR,ERR,ERR,ERR,ERR,ERR,ERR,ERR,ERR,ERR,ERR,ERR,ERR,ERR,ERR,ERR,ERR,ERR,ERR,ERR,ERR,ERR,ERR,ERR,ERR,ERR,ERR,ERR,ERR,ERR,ERR,ERR,ERR,ERR,ERR,ERR,ERR,ERR,ERR,ERR,ERR,ERR,ERR,ERR,ERR,ERR,ERR,ERR,ERR,ERR,ERR,ERR,ERR,ERR,ERR,ERR,ERR,ERR,ERR,ERR,ERR,ERR,ERR,ERR,ERR,ERR,ERR,ERR,ERR,ERR,ERR,ERR,ERR,ERR,ERR,ERR,ERR,ERR,ERR,ERR,ERR,ERR,ERR,ERR,ERR,ERR,ERR,ERR,ERR,ERR,ERR,ERR,ERR,ERR,ERR,ERR,ERR,ERR,2.7184260577004195e+23,-107615280.0,-0.0,0.0,0.0,0.0,-0.0,0.0,0,0,4,0,7670,-0.0,41,0.0,0.0,0.0,0.0,0.0,0,0,0,0,0.0,0,0,0,0,0,0,0,0,0,0,0,0,0,0,0,0,0,0,0,0,0,0,0,0,0,0,0,0,0,0,0,0,0,23,41,40,64,65476,0,300,0,0,8,21553,0.0,-107605600.0,0.0,0.0,0.0,0.0,0.0,0.0,0.0,0.0,0.0,0.0,0.0,0.0,0.0,0.0,0.0,0.0,0.0,0.0,0.0,2.004,2.004,-0.0,-0.0,-2.004,0.0,0.0,0.0,0.0,1664.75,-3.697096413475871e+19,0.0,2.7184260577004195e+23,-107615280.0,-0.0,2.7184312818759872e+23,0.0,0.0,2.004,2.004,68,4.066877080952309e+29,-0.0,0.0,0.0,0.0,0.0,0.0,0.0,0.0,0,0,0,0.0,-0.0,-9.240518193975438e+30,0.0,0.0,-1.4201399091963042e+31,-1.5732822696500413e+23,-0.0,478705248.0,0.0,-0.0,0.681,-0.0,3041255680.0,0.0,-0.0,0,1.3516416376850534e+27,68,0.0,136,0.0,98688.258,0,26215,17071,26215,17092,13107,17065,0,0,0,105,99,100,-0.0,50.8,0.0,61.45,-107615200.0,63.0,1,47,48,180,13107,13107,0,0,0.0,0.0,0.0,0.0,1.523239279159515e+31,66.0,0.0,-3.254,0.0,726,0,696,0,0,0,878,0,982,0,847,0,632,0,613,0,509,0,587,0.032,69269232549888.0,-2.004,-107615056.0,7440,16792,3.6388237295721696e+34,-0.0,-1673218.75,22880.521,-0.0,3.5398845320532805e+25,70.0,60.0,66,0.0,0.0,10.0,2.0,0.0,0.0,0.0,0.0,0.0,0.0,0.0,0.0,0.0,0.0,0.0,0.0,62.0,62,18,65518,45,65476,0,300,0,0,8,20529,65476,0,0,44564,60.0,0.0,10.0,10.0,2.0,0.0
2026-02-05T00:02:33,ERR,ERR,ERR,ERR,ERR,ERR,ERR,ERR,ERR,ERR,ERR,ERR,ERR,ERR,ERR,ERR,ERR,ERR,ERR,ERR,ERR,ERR,ERR,ERR,ERR,ERR,ERR,ERR,ERR,ERR,ERR,ERR,ERR,ERR,ERR,ERR,ERR,ERR,ERR,ERR,ERR,ERR,ERR,ERR,ERR,ERR,ERR,ERR,ERR,ERR,ERR,ERR,ERR,ERR,ERR,ERR,ERR,ERR,ERR,ERR,ERR,ERR,ERR,ERR,ERR,ERR,ERR,ERR,ERR,ERR,ERR,ERR,ERR,ERR,ERR,ERR,ERR,ERR,ERR,ERR,ERR,ERR,ERR,ERR,ERR,ERR,ERR,ERR,ERR,ERR,ERR,ERR,ERR,ERR,ERR,ERR,ERR,ERR,ERR,ERR,ERR,ERR,ERR,ERR,ERR,ERR,ERR,ERR,ERR,ERR,ERR,ERR,ERR,ERR,ERR,ERR,ERR,ERR,ERR,ERR,ERR,ERR,ERR,ERR,ERR,2.7184260577004195e+23,-107615280.0,-0.0,0.0,0.0,2.8362854400926904e+23,0.0,0.0,0,0,4,0,7670,-0.0,41,0.0,0.0,0.0,0.0,0.0,0,0,0,0,0.0,0,0,0,0,0,0,0,0,0,0,0,0,0,0,0,0,0,0,0,0,0,0,0,0,0,0,0,0,0,0,0,0,0,23,41,40,64,65476,0,300,0,0,8,21553,0.0,-107605600.0,0.0,0.0,0.0,0.0,0.0,0.0,0.0,0.0,0.0,0.0,0.0,0.0,0.0,0.0,0.0,0.0,0.0,0.0,0.0,2.004,2.004,-0.0,-0.0,-2.004,0.0,0.0,0.0,0.0,1680.5,-0.0,0.0,2.7184260577004195e+23,-107615280.0,-0.0,2.7184312818759872e+23,0.0,0.0,2.004,2.004,68,5.848080243889771e+35,-4.950326467833524e+32,0.0,0.0,0.0,0.0,0.0,0.0,0.0,0,0,0,0.0,0.098,-3.946819715616472e+30,-0.0,0.0,0.0,217991601979392.0,-13392.883,3.4192116969305957e+25,0.0,-0.0,0.685,-0.0,3058032896.0,0.0,-295413.75,0,1.3516416376850534e+27,68,0.0,136,0.0,98688.258,0,26215,17071,26215,17092,26215,17065,0,0,0,105,99,100,-0.0,50.8,0.0,61.45,-107615200.0,63.0,1,47,48,180,13107,13107,0,0,0.0,0.0,0.0,0.0,3.220946531177689e+22,66.0,0.0,-0.0,0.0,726,0,696,0,0,0,877,0,982,0,847,0,632,0,613,0,509,0,587,0.032,70093866270720.0,-2.004,-107615056.0,13968,16792,1.0896037934436019e+26,2.2172229322222096e+27,-0.0,-0.0,33707712839680.0,-3.1413373810250203e+36,70.0,60.0,66,0.0,0.0,10.0,2.0,0.0,0.0,0.0,0.0,0.0,0.0,0.0,0.0,0.0,0.0,0.0,0.0,62.0,62,18,65518,45,65476,0,300,0,0,8,20529,65476,0,0,44564,60.0,0.0,10.0,10.0,2.0,0.0
2026-02-05T00:02:34,ERR,ERR,ERR,ERR,ERR,ERR,ERR,ERR,ERR,ERR,ERR,ERR,ERR,ERR,ERR,ERR,ERR,ERR,ERR,ERR,ERR,ERR,ERR,ERR,ERR,ERR,ERR,ERR,ERR,ERR,ERR,ERR,ERR,ERR,ERR,ERR,ERR,ERR,ERR,ERR,ERR,ERR,ERR,ERR,ERR,ERR,ERR,ERR,ERR,ERR,ERR,ERR,ERR,ERR,ERR,ERR,ERR,ERR,ERR,ERR,ERR,ERR,ERR,ERR,ERR,ERR,ERR,ERR,ERR,ERR,ERR,ERR,ERR,ERR,ERR,ERR,ERR,ERR,ERR,ERR,ERR,ERR,ERR,ERR,ERR,ERR,ERR,ERR,ERR,ERR,ERR,ERR,ERR,ERR,ERR,ERR,ERR,ERR,ERR,ERR,ERR,ERR,ERR,ERR,ERR,ERR,ERR,ERR,ERR,ERR,ERR,ERR,ERR,ERR,ERR,ERR,ERR,ERR,ERR,ERR,ERR,ERR,ERR,ERR,ERR,2.7184260577004195e+23,-107615280.0,-0.0,0.0,0.0,2.8362854400926904e+23,0.0,0.0,0,0,4,0,7670,-0.0,41,0.0,0.0,0.0,0.0,0.0,0,0,0,0,0.0,0,0,0,0,0,0,0,0,0,0,0,0,0,0,0,0,0,0,0,0,0,0,0,0,0,0,0,0,0,0,0,0,0,23,41,40,64,65476,0,300,0,0,8,21553,0.0,-107605600.0,0.0,0.0,0.0,0.0,0.0,0.0,0.0,0.0,0.0,0.0,0.0,0.0,0.0,0.0,0.0,0.0,0.0,0.0,0.0,2.004,2.004,-0.0,-0.0,-2.004,0.0,0.0,0.0,0.0,1680.5,-0.0,0.0,2.7184260577004195e+23,-107615280.0,-0.0,2.7184312818759872e+23,0.0,0.0,2.004,2.004,68,5.848080243889771e+35,-4.950326467833524e+32,0.0,0.0,0.0,0.0,0.0,0.0,0.0,0,0,0,0.0,0.098,-3.946819715616472e+30,-0.0,0.0,0.0,217991601979392.0,-13392.883,3.4192116969305957e+25,0.0,-0.0,0.685,-0.0,3058032896.0,0.0,-295413.75,0,1.3516416376850534e+27,68,0.0,136,0.0,98688.258,0,26215,17071,26215,17092,26215,17065,0,0,0,105,99,100,-0.0,50.8,0.0,61.45,-107615200.0,63.0,1,47,48,180,13107,13107,0,0,0.0,0.0,0.0,0.0,3.220946531177689e+22,66.0,0.0,-0.0,0.0,726,0,696,0,0,0,877,0,982,0,847,0,632,0,613,0,509,0,587,0.032,70093866270720.0,-2.004,-107615056.0,13968,16792,1.0896037934436019e+26,2.2172229322222096e+27,-0.0,-0.0,33707712839680.0,-3.1413373810250203e+36,70.0,60.0,66,0.0,0.0,10.0,2.0,0.0,0.0,0.0,0.0,0.0,0.0,0.0,0.0,0.0,0.0,0.0,0.0,62.0,62,18,65518,45,65476,0,300,0,0,8,20529,65476,0,0,44564,60.0,0.0,10.0,10.0,2.0,0.0
2026-02-05T00:02:35,ERR,ERR,ERR,ERR,ERR,ERR,ERR,ERR,ERR,ERR,ERR,ERR,ERR,ERR,ERR,ERR,ERR,ERR,ERR,ERR,ERR,ERR,ERR,ERR,ERR,ERR,ERR,ERR,ERR,ERR,ERR,ERR,ERR,ERR,ERR,ERR,ERR,ERR,ERR,ERR,ERR,ERR,ERR,ERR,ERR,ERR,ERR,ERR,ERR,ERR,ERR,ERR,ERR,ERR,ERR,ERR,ERR,ERR,ERR,ERR,ERR,ERR,ERR,ERR,ERR,ERR,ERR,ERR,ERR,ERR,ERR,ERR,ERR,ERR,ERR,ERR,ERR,ERR,ERR,ERR,ERR,ERR,ERR,ERR,ERR,ERR,ERR,ERR,ERR,ERR,ERR,ERR,ERR,ERR,ERR,ERR,ERR,ERR,ERR,ERR,ERR,ERR,ERR,ERR,ERR,ERR,ERR,ERR,ERR,ERR,ERR,ERR,ERR,ERR,ERR,ERR,ERR,ERR,ERR,ERR,ERR,ERR,ERR,ERR,ERR,2.7184260577004195e+23,-107615280.0,-0.0,0.0,0.0,2.8362854400926904e+23,0.0,0.0,0,0,4,0,7670,-0.0,41,0.0,0.0,0.0,0.0,0.0,0,0,0,0,0.0,0,0,0,0,0,0,0,0,0,0,0,0,0,0,0,0,0,0,0,0,0,0,0,0,0,0,0,0,0,0,0,0,0,23,41,40,64,65476,0,300,0,0,8,21553,0.0,-107605600.0,0.0,0.0,0.0,0.0,0.0,0.0,0.0,0.0,0.0,0.0,0.0,0.0,0.0,0.0,0.0,0.0,0.0,0.0,0.0,2.004,2.004,-0.0,-0.0,-2.004,0.0,0.0,0.0,0.0,1680.5,-0.0,0.0,2.7184260577004195e+23,-107615280.0,-0.0,2.7184312818759872e+23,0.0,0.0,2.004,2.004,68,5.848080243889771e+35,-4.950326467833524e+32,0.0,0.0,0.0,0.0,0.0,0.0,0.0,0,0,0,0.0,0.098,-3.946819715616472e+30,-0.0,0.0,0.0,217991601979392.0,-13392.883,3.4192116969305957e+25,0.0,-0.0,0.685,-0.0,3058032896.0,0.0,-295413.75,0,1.3516416376850534e+27,68,0.0,136,0.0,98688.258,0,26215,17071,26215,17092,26215,17065,0,0,0,105,99,100,-0.0,50.8,0.0,61.45,-107615200.0,63.0,1,47,48,180,13107,13107,0,0,0.0,0.0,0.0,0.0,3.220946531177689e+22,66.0,0.0,-0.0,0.0,726,0,696,0,0,0,877,0,982,0,847,0,632,0,613,0,509,0,587,0.032,70093866270720.0,-2.004,-107615056.0,13968,16792,1.0896037934436019e+26,2.2172229322222096e+27,-0.0,-0.0,33707712839680.0,-3.1413373810250203e+36,70.0,60.0,66,0.0,0.0,10.0,2.0,0.0,0.0,0.0,0.0,0.0,0.0,0.0,0.0,0.0,0.0,0.0,0.0,62.4,62,18,65518,45,65476,0,300,0,0,8,20529,65476,0,0,44564,60.0,0.0,10.0,10.0,2.0,0.0
2026-02-05T00:02:36,ERR,ERR,ERR,ERR,ERR,ERR,ERR,ERR,ERR,ERR,ERR,ERR,ERR,ERR,ERR,ERR,ERR,ERR,ERR,ERR,ERR,ERR,ERR,ERR,ERR,ERR,ERR,ERR,ERR,ERR,ERR,ERR,ERR,ERR,ERR,ERR,ERR,ERR,ERR,ERR,ERR,ERR,ERR,ERR,ERR,ERR,ERR,ERR,ERR,ERR,ERR,ERR,ERR,ERR,ERR,ERR,ERR,ERR,ERR,ERR,ERR,ERR,ERR,ERR,ERR,ERR,ERR,ERR,ERR,ERR,ERR,ERR,ERR,ERR,ERR,ERR,ERR,ERR,ERR,ERR,ERR,ERR,ERR,ERR,ERR,ERR,ERR,ERR,ERR,ERR,ERR,ERR,ERR,ERR,ERR,ERR,ERR,ERR,ERR,ERR,ERR,ERR,ERR,ERR,ERR,ERR,ERR,ERR,ERR,ERR,ERR,ERR,ERR,ERR,ERR,ERR,ERR,ERR,ERR,ERR,ERR,ERR,ERR,ERR,ERR,2.7184260577004195e+23,-107615280.0,-0.0,0.0,0.0,2.8362854400926904e+23,0.0,0.0,0,0,4,0,7670,-0.0,41,0.0,0.0,0.0,0.0,0.0,0,0,0,0,0.0,0,0,0,0,0,0,0,0,0,0,0,0,0,0,0,0,0,0,0,0,0,0,0,0,0,0,0,0,0,0,0,0,0,23,41,40,64,65476,0,300,0,0,8,21553,0.0,-107605600.0,0.0,0.0,0.0,0.0,0.0,0.0,0.0,0.0,0.0,0.0,0.0,0.0,0.0,0.0,0.0,0.0,0.0,0.0,0.0,2.004,2.004,-0.0,-0.0,-2.004,0.0,0.0,0.0,0.0,1680.5,-0.0,0.0,2.7184260577004195e+23,-107615280.0,-0.0,2.7184312818759872e+23,0.0,0.0,2.004,2.004,68,5.848080243889771e+35,-4.950326467833524e+32,0.0,0.0,0.0,0.0,0.0,0.0,0.0,0,0,0,0.0,0.098,-3.946819715616472e+30,-0.0,0.0,0.0,217991601979392.0,-13392.883,3.4192116969305957e+25,0.0,-0.0,0.685,-0.0,3058032896.0,0.0,-295413.75,0,1.3516416376850534e+27,68,0.0,136,0.0,98688.258,0,26215,17071,26215,17092,26215,17065,0,0,0,105,99,100,-0.0,50.8,0.0,61.45,-107615200.0,63.0,1,47,48,180,13107,13107,0,0,0.0,0.0,0.0,0.0,3.220946531177689e+22,66.0,0.0,-0.0,0.0,726,0,696,0,0,0,877,0,982,0,847,0,632,0,613,0,509,0,587,0.032,70093866270720.0,-2.004,-107615056.0,13968,16792,1.0896037934436019e+26,2.2172229322222096e+27,-0.0,-0.0,33707712839680.0,-3.1413373810250203e+36,70.0,60.0,66,0.0,0.0,10.0,2.0,0.0,0.0,0.0,0.0,0.0,0.0,0.0,0.0,0.0,0.0,0.0,0.0,62.4,62,18,65518,45,65476,0,300,0,0,8,20529,65476,0,0,44564,60.0,0.0,10.0,10.0,2.0,0.0
2026-02-05T00:02:37,ERR,ERR,ERR,ERR,ERR,ERR,ERR,ERR,ERR,ERR,ERR,ERR,ERR,ERR,ERR,ERR,ERR,ERR,ERR,ERR,ERR,ERR,ERR,ERR,ERR,ERR,ERR,ERR,ERR,ERR,ERR,ERR,ERR,ERR,ERR,ERR,ERR,ERR,ERR,ERR,ERR,ERR,ERR,ERR,ERR,ERR,ERR,ERR,ERR,ERR,ERR,ERR,ERR,ERR,ERR,ERR,ERR,ERR,ERR,ERR,ERR,ERR,ERR,ERR,ERR,ERR,ERR,ERR,ERR,ERR,ERR,ERR,ERR,ERR,ERR,ERR,ERR,ERR,ERR,ERR,ERR,ERR,ERR,ERR,ERR,ERR,ERR,ERR,ERR,ERR,ERR,ERR,ERR,ERR,ERR,ERR,ERR,ERR,ERR,ERR,ERR,ERR,ERR,ERR,ERR,ERR,ERR,ERR,ERR,ERR,ERR,ERR,ERR,ERR,ERR,ERR,ERR,ERR,ERR,ERR,ERR,ERR,ERR,ERR,ERR,2.7184260577004195e+23,-107615280.0,-0.0,0.0,0.0,2.8362854400926904e+23,0.0,0.0,0,0,4,0,7670,-0.0,41,0.0,0.0,0.0,0.0,0.0,0,0,0,0,0.0,0,0,0,0,0,0,0,0,0,0,0,0,0,0,0,0,0,0,0,0,0,0,0,0,0,0,0,0,0,0,0,0,0,23,41,40,64,65476,0,300,0,0,8,21553,0.0,-107605600.0,0.0,0.0,0.0,0.0,0.0,0.0,0.0,0.0,0.0,0.0,0.0,0.0,0.0,0.0,0.0,0.0,0.0,0.0,0.0,2.004,2.004,-0.0,-0.0,-2.004,0.0,0.0,0.0,0.0,1680.5,-0.0,0.0,2.7184260577004195e+23,-107615280.0,-0.0,2.7184312818759872e+23,0.0,0.0,2.004,2.004,68,5.848080243889771e+35,-4.950326467833524e+32,0.0,0.0,0.0,0.0,0.0,0.0,0.0,0,0,0,0.0,0.098,-3.946819715616472e+30,-0.0,0.0,0.0,217991601979392.0,-13392.883,3.4192116969305957e+25,0.0,-0.0,0.685,-0.0,3058032896.0,0.0,-295413.75,0,1.3516416376850534e+27,68,0.0,136,0.0,98688.258,0,39322,17071,26215,17092,26215,17065,0,0,0,105,99,100,-0.0,50.8,0.0,61.45,-107615200.0,63.0,1,47,48,180,13107,13107,0,0,0.0,0.0,0.0,0.0,-0.0,66.0,0.0,-726946676736.0,0.0,726,0,696,0,0,0,878,0,982,0,847,0,632,0,613,0,509,0,586,0.032,69544110456832.0,-2.004,-107615056.0,22160,16792,-0.0,-726946676736.0,1.785732662351666e+29,-0.106,0.004,-823533739442176.0,70.0,60.0,66,0.0,0.0,10.0,2.0,0.0,0.0,0.0,0.0,0.0,0.0,0.0,0.0,0.0,0.0,0.0,0.0,62.0,62,18,65518,45,65476,0,300,0,0,8,20529,65476,0,0,44564,60.0,0.0,10.0,10.0,2.0,0.0
2026-02-05T00:02:38,ERR,ERR,ERR,ERR,ERR,ERR,ERR,ERR,ERR,ERR,ERR,ERR,ERR,ERR,ERR,ERR,ERR,ERR,ERR,ERR,ERR,ERR,ERR,ERR,ERR,ERR,ERR,ERR,ERR,ERR,ERR,ERR,ERR,ERR,ERR,ERR,ERR,ERR,ERR,ERR,ERR,ERR,ERR,ERR,ERR,ERR,ERR,ERR,ERR,ERR,ERR,ERR,ERR,ERR,ERR,ERR,ERR,ERR,ERR,ERR,ERR,ERR,ERR,ERR,ERR,ERR,ERR,ERR,ERR,ERR,ERR,ERR,ERR,ERR,ERR,ERR,ERR,ERR,ERR,ERR,ERR,ERR,ERR,ERR,ERR,ERR,ERR,ERR,ERR,ERR,ERR,ERR,ERR,ERR,ERR,ERR,ERR,ERR,ERR,ERR,ERR,ERR,ERR,ERR,ERR,ERR,ERR,ERR,ERR,ERR,ERR,ERR,ERR,ERR,ERR,ERR,ERR,ERR,ERR,ERR,ERR,ERR,ERR,ERR,ERR,2.7184260577004195e+23,-107615280.0,-0.0,0.0,0.0,-0.0,392010523475968.0,0.0,0,0,4,0,7670,-0.0,41,0.0,0.0,0.0,0.0,0.0,0,0,0,0,0.0,0,0,0,0,0,0,0,0,0,0,0,0,0,0,0,0,0,0,0,0,0,0,0,0,0,0,0,0,0,0,0,0,0,23,41,40,64,65476,0,300,0,0,8,21553,0.0,-107605600.0,0.0,0.0,0.0,0.0,0.0,0.0,0.0,0.0,0.0,0.0,0.0,0.0,0.0,0.0,0.0,0.0,0.0,0.0,0.0,2.004,2.004,-0.0,-0.0,-2.004,0.0,0.0,0.0,0.0,1696.75,0.0,0.0,2.7184260577004195e+23,-107615280.0,-0.0,2.7184312818759872e+23,-107612256.0,0.0,2.004,2.004,68,-0.0,-0.0,0.0,0.0,0.0,0.0,0.0,0.0,0.0,0,0,0,0.0,-0.0,0.0,-0.0,0.0,32648042496.0,0.0,-121091301310464.0,-0.0,0.0,-0.0,0.685,-0.0,3074810112.0,0.0,-0.0,0,1.3516416376850534e+27,68,0.0,136,0.0,98688.258,0,39322,17071,26215,17092,26215,17065,0,0,0,105,99,100,-0.0,50.8,0.0,61.45,-107615200.0,63.0,1,47,48,180,13107,13107,0,0,0.0,0.0,0.0,0.0,-0.0,66.0,0.0,-726946676736.0,0.0,726,0,696,0,0,0,878,0,982,0,847,0,632,0,613,0,509,0,586,0.032,69544110456832.0,-2.004,-107615056.0,22160,16792,-0.0,-726946676736.0,1.785732662351666e+29,-0.106,0.004,-823533739442176.0,70.0,60.0,66,0.0,0.0,10.0,2.0,0.0,0.0,0.0,0.0,0.0,0.0,0.0,0.0,0.0,0.0,0.0,0.0,62.0,62,18,65518,45,65476,0,300,0,0,8,20529,65476,0,0,44564,60.0,0.0,10.0,10.0,2.0,0.0
2026-02-05T00:02:39,ERR,ERR,ERR,ERR,ERR,ERR,ERR,ERR,ERR,ERR,ERR,ERR,ERR,ERR,ERR,ERR,ERR,ERR,ERR,ERR,ERR,ERR,ERR,ERR,ERR,ERR,ERR,ERR,ERR,ERR,ERR,ERR,ERR,ERR,ERR,ERR,ERR,ERR,ERR,ERR,ERR,ERR,ERR,ERR,ERR,ERR,ERR,ERR,ERR,ERR,ERR,ERR,ERR,ERR,ERR,ERR,ERR,ERR,ERR,ERR,ERR,ERR,ERR,ERR,ERR,ERR,ERR,ERR,ERR,ERR,ERR,ERR,ERR,ERR,ERR,ERR,ERR,ERR,ERR,ERR,ERR,ERR,ERR,ERR,ERR,ERR,ERR,ERR,ERR,ERR,ERR,ERR,ERR,ERR,ERR,ERR,ERR,ERR,ERR,ERR,ERR,ERR,ERR,ERR,ERR,ERR,ERR,ERR,ERR,ERR,ERR,ERR,ERR,ERR,ERR,ERR,ERR,ERR,ERR,ERR,ERR,ERR,ERR,ERR,ERR,2.7184260577004195e+23,-107615280.0,-0.0,0.0,0.0,-0.0,392010523475968.0,0.0,0,0,4,0,7670,-0.0,41,0.0,0.0,0.0,0.0,0.0,0,0,0,0,0.0,0,0,0,0,0,0,0,0,0,0,0,0,0,0,0,0,0,0,0,0,0,0,0,0,0,0,0,0,0,0,0,0,0,23,41,40,64,65476,0,300,0,0,8,21553,0.0,-107605600.0,0.0,0.0,0.0,0.0,0.0,0.0,0.0,0.0,0.0,0.0,0.0,0.0,0.0,0.0,0.0,0.0,0.0,0.0,0.0,2.004,2.004,-0.0,-0.0,-2.004,0.0,0.0,0.0,0.0,1696.75,0.0,0.0,2.7184260577004195e+23,-107615280.0,-0.0,2.7184312818759872e+23,-107612256.0,0.0,2.004,2.004,68,-0.0,-0.0,0.0,0.0,0.0,0.0,0.0,0.0,0.0,0,0,0,0.0,-0.0,0.0,-0.0,0.0,32648042496.0,0.0,-121091301310464.0,-0.0,0.0,-0.0,0.685,-0.0,3074810112.0,0.0,-0.0,0,1.3516416376850534e+27,68,0.0,136,0.0,98688.258,0,39322,17071,26215,17092,26215,17065,0,0,0,105,99,100,-0.0,50.8,0.0,61.45,-107615200.0,63.0,1,47,48,180,13107,13107,0,0,0.0,0.0,0.0,0.0,-0.0,66.0,0.0,-726946676736.0,0.0,726,0,696,0,0,0,878,0,982,0,847,0,632,0,613,0,509,0,586,0.032,69544110456832.0,-2.004,-107615056.0,22160,16792,-0.0,-726946676736.0,1.785732662351666e+29,-0.106,0.004,-823533739442176.0,70.0,60.0,66,0.0,0.0,10.0,2.0,0.0,0.0,0.0,0.0,0.0,0.0,0.0,0.0,0.0,0.0,0.0,0.0,62.4,62,18,65518,45,65476,0,300,0,0,8,20529,65476,0,0,44564,60.0,0.0,10.0,10.0,2.0,0.0
2026-02-05T00:02:40,ERR,ERR,ERR,ERR,ERR,ERR,ERR,ERR,ERR,ERR,ERR,ERR,ERR,ERR,ERR,ERR,ERR,ERR,ERR,ERR,ERR,ERR,ERR,ERR,ERR,ERR,ERR,ERR,ERR,ERR,ERR,ERR,ERR,ERR,ERR,ERR,ERR,ERR,ERR,ERR,ERR,ERR,ERR,ERR,ERR,ERR,ERR,ERR,ERR,ERR,ERR,ERR,ERR,ERR,ERR,ERR,ERR,ERR,ERR,ERR,ERR,ERR,ERR,ERR,ERR,ERR,ERR,ERR,ERR,ERR,ERR,ERR,ERR,ERR,ERR,ERR,ERR,ERR,ERR,ERR,ERR,ERR,ERR,ERR,ERR,ERR,ERR,ERR,ERR,ERR,ERR,ERR,ERR,ERR,ERR,ERR,ERR,ERR,ERR,ERR,ERR,ERR,ERR,ERR,ERR,ERR,ERR,ERR,ERR,ERR,ERR,ERR,ERR,ERR,ERR,ERR,ERR,ERR,ERR,ERR,ERR,ERR,ERR,ERR,ERR,2.7184260577004195e+23,-107615280.0,-0.0,0.0,0.0,-0.0,392010523475968.0,0.0,0,0,4,0,7670,-0.0,41,0.0,0.0,0.0,0.0,0.0,0,0,0,0,0.0,0,0,0,0,0,0,0,0,0,0,0,0,0,0,0,0,0,0,0,0,0,0,0,0,0,0,0,0,0,0,0,0,0,23,41,40,64,65476,0,300,0,0,8,21553,0.0,-107605600.0,0.0,0.0,0.0,0.0,0.0,0.0,0.0,0.0,0.0,0.0,0.0,0.0,0.0,0.0,0.0,0.0,0.0,0.0,0.0,2.004,2.004,-0.0,-0.0,-2.004,0.0,0.0,0.0,0.0,1696.75,0.0,0.0,2.7184260577004195e+23,-107615280.0,-0.0,2.7184312818759872e+23,-107612256.0,0.0,2.004,2.004,68,-0.0,-0.0,0.0,0.0,0.0,0.0,0.0,0.0,0.0,0,0,0,0.0,-0.0,0.0,-0.0,0.0,32648042496.0,0.0,-121091301310464.0,-0.0,0.0,-0.0,0.685,-0.0,3074810112.0,0.0,-0.0,0,1.3516416376850534e+27,68,0.0,136,0.0,98688.258,0,39322,17071,26215,17092,26215,17065,0,0,0,105,99,100,-0.0,50.8,0.0,61.45,-107615200.0,63.0,1,47,48,180,13107,13107,0,0,0.0,0.0,0.0,0.0,-0.0,66.0,0.0,-726946676736.0,0.0,726,0,696,0,0,0,878,0,982,0,847,0,632,0,613,0,509,0,586,0.032,69544110456832.0,-2.004,-107615056.0,22160,16792,-0.0,-726946676736.0,1.785732662351666e+29,-0.106,0.004,-823533739442176.0,70.0,60.0,66,0.0,0.0,10.0,2.0,0.0,0.0,0.0,0.0,0.0,0.0,0.0,0.0,0.0,0.0,0.0,0.0,62.4,62,18,65518,45,65476,0,300,0,0,8,20529,65476,0,0,44564,60.0,0.0,10.0,10.0,2.0,0.0
2026-02-05T00:02:41,ERR,ERR,ERR,ERR,ERR,ERR,ERR,ERR,ERR,ERR,ERR,ERR,ERR,ERR,ERR,ERR,ERR,ERR,ERR,ERR,ERR,ERR,ERR,ERR,ERR,ERR,ERR,ERR,ERR,ERR,ERR,ERR,ERR,ERR,ERR,ERR,ERR,ERR,ERR,ERR,ERR,ERR,ERR,ERR,ERR,ERR,ERR,ERR,ERR,ERR,ERR,ERR,ERR,ERR,ERR,ERR,ERR,ERR,ERR,ERR,ERR,ERR,ERR,ERR,ERR,ERR,ERR,ERR,ERR,ERR,ERR,ERR,ERR,ERR,ERR,ERR,ERR,ERR,ERR,ERR,ERR,ERR,ERR,ERR,ERR,ERR,ERR,ERR,ERR,ERR,ERR,ERR,ERR,ERR,ERR,ERR,ERR,ERR,ERR,ERR,ERR,ERR,ERR,ERR,ERR,ERR,ERR,ERR,ERR,ERR,ERR,ERR,ERR,ERR,ERR,ERR,ERR,ERR,ERR,ERR,ERR,ERR,ERR,ERR,ERR,2.7184260577004195e+23,-107615280.0,-0.0,0.0,0.0,-0.0,392010523475968.0,0.0,0,0,4,0,7670,-0.0,41,0.0,0.0,0.0,0.0,0.0,0,0,0,0,0.0,0,0,0,0,0,0,0,0,0,0,0,0,0,0,0,0,0,0,0,0,0,0,0,0,0,0,0,0,0,0,0,0,0,23,41,40,64,65476,0,300,0,0,8,21553,0.0,-107605600.0,0.0,0.0,0.0,0.0,0.0,0.0,0.0,0.0,0.0,0.0,0.0,0.0,0.0,0.0,0.0,0.0,0.0,0.0,0.0,2.004,2.004,-0.0,-0.0,-2.004,0.0,0.0,0.0,0.0,1696.75,0.0,0.0,2.7184260577004195e+23,-107615280.0,-0.0,2.7184312818759872e+23,-107612256.0,0.0,2.004,2.004,68,-0.0,-0.0,0.0,0.0,0.0,0.0,0.0,0.0,0.0,0,0,0,0.0,-0.0,0.0,-0.0,0.0,32648042496.0,0.0,-121091301310464.0,-0.0,0.0,-0.0,0.685,-0.0,3074810112.0,0.0,-0.0,0,1.3516416376850534e+27,68,0.0,136,0.0,98688.258,0,39322,17071,26215,17092,26215,17065,0,0,0,105,99,100,-0.0,50.8,0.0,61.45,-107615200.0,63.0,1,47,48,180,13107,13107,0,0,0.0,0.0,0.0,0.0,-0.0,66.0,0.0,-726946676736.0,0.0,726,0,696,0,0,0,878,0,982,0,847,0,632,0,613,0,509,0,586,0.032,69544110456832.0,-2.004,-107615056.0,22160,16792,-0.0,-726946676736.0,1.785732662351666e+29,-0.106,0.004,-823533739442176.0,70.0,60.0,66,0.0,0.0,10.0,2.0,0.0,0.0,0.0,0.0,0.0,0.0,0.0,0.0,0.0,0.0,0.0,0.0,62.4,62,18,65518,45,65476,0,300,0,0,8,20529,65476,0,0,44564,60.0,0.0,10.0,10.0,2.0,0.0
2026-02-05T00:02:42,ERR,ERR,ERR,ERR,ERR,ERR,ERR,ERR,ERR,ERR,ERR,ERR,ERR,ERR,ERR,ERR,ERR,ERR,ERR,ERR,ERR,ERR,ERR,ERR,ERR,ERR,ERR,ERR,ERR,ERR,ERR,ERR,ERR,ERR,ERR,ERR,ERR,ERR,ERR,ERR,ERR,ERR,ERR,ERR,ERR,ERR,ERR,ERR,ERR,ERR,ERR,ERR,ERR,ERR,ERR,ERR,ERR,ERR,ERR,ERR,ERR,ERR,ERR,ERR,ERR,ERR,ERR,ERR,ERR,ERR,ERR,ERR,ERR,ERR,ERR,ERR,ERR,ERR,ERR,ERR,ERR,ERR,ERR,ERR,ERR,ERR,ERR,ERR,ERR,ERR,ERR,ERR,ERR,ERR,ERR,ERR,ERR,ERR,ERR,ERR,ERR,ERR,ERR,ERR,ERR,ERR,ERR,ERR,ERR,ERR,ERR,ERR,ERR,ERR,ERR,ERR,ERR,ERR,ERR,ERR,ERR,ERR,ERR,ERR,ERR,2.7184260577004195e+23,-107615280.0,-0.0,0.0,0.0,-0.0,392010523475968.0,0.0,0,0,4,0,7670,-0.0,41,0.0,0.0,0.0,0.0,0.0,0,0,0,0,0.0,0,0,0,0,0,0,0,0,0,0,0,0,0,0,0,0,0,0,0,0,0,0,0,0,0,0,0,0,0,0,0,0,0,23,41,40,64,65476,0,300,0,0,8,21553,0.0,-107605600.0,0.0,0.0,0.0,0.0,0.0,0.0,0.0,0.0,0.0,0.0,0.0,0.0,0.0,0.0,0.0,0.0,0.0,0.0,0.0,2.004,2.004,-0.0,-0.0,-2.004,0.0,0.0,0.0,0.0,1696.75,0.0,0.0,2.7184260577004195e+23,-107615280.0,-0.0,2.7184312818759872e+23,-107612256.0,0.0,2.004,2.004,68,-0.0,-0.0,0.0,0.0,0.0,0.0,0.0,0.0,0.0,0,0,0,0.0,-0.0,0.0,-0.0,0.0,32648042496.0,0.0,-121091301310464.0,-0.0,0.0,-0.0,0.685,-0.0,3074810112.0,0.0,-0.0,0,1.3516416376850534e+27,68,0.0,136,0.0,98688.258,0,26215,17071,26215,17092,26215,17065,0,0,0,105,99,100,-0.0,50.8,0.0,61.45,-107615200.0,63.0,1,47,48,180,13107,13107,0,0,0.0,0.0,0.0,0.0,-0.0,66.0,0.0,0.0,0.0,726,0,696,0,0,0,877,0,981,0,847,0,632,0,613,0,509,0,586,0.032,69544110456832.0,-0.0,2.7302294518918022e+23,20112,16792,-0.0,0.0,0.0,0.0,-369635360.0,205.25,70.0,60.0,66,0.0,0.0,10.0,2.0,0.0,0.0,0.0,0.0,0.0,0.0,0.0,0.0,0.0,0.0,0.0,0.0,62.4,62,18,65518,45,65476,0,300,0,0,8,20529,65476,0,0,44564,60.0,0.0,10.0,10.0,2.0,0.0
2026-02-05T00:02:43,ERR,ERR,ERR,ERR,ERR,ERR,ERR,ERR,ERR,ERR,ERR,ERR,ERR,ERR,ERR,ERR,ERR,ERR,ERR,ERR,ERR,ERR,ERR,ERR,ERR,ERR,ERR,ERR,ERR,ERR,ERR,ERR,ERR,ERR,ERR,ERR,ERR,ERR,ERR,ERR,ERR,ERR,ERR,ERR,ERR,ERR,ERR,ERR,ERR,ERR,ERR,ERR,ERR,ERR,ERR,ERR,ERR,ERR,ERR,ERR,ERR,ERR,ERR,ERR,ERR,ERR,ERR,ERR,ERR,ERR,ERR,ERR,ERR,ERR,ERR,ERR,ERR,ERR,ERR,ERR,ERR,ERR,ERR,ERR,ERR,ERR,ERR,ERR,ERR,ERR,ERR,ERR,ERR,ERR,ERR,ERR,ERR,ERR,ERR,ERR,ERR,ERR,ERR,ERR,ERR,ERR,ERR,ERR,ERR,ERR,ERR,ERR,ERR,ERR,ERR,ERR,ERR,ERR,ERR,ERR,ERR,ERR,ERR,ERR,ERR,2.7184260577004195e+23,-107615280.0,-0.0,0.0,0.0,-0.0,392010523475968.0,0.0,0,0,4,0,7670,-0.0,41,0.0,0.0,0.0,0.0,0.0,0,0,0,0,0.0,0,0,0,0,0,0,0,0,0,0,0,0,0,0,0,0,0,0,0,0,0,0,0,0,0,0,0,0,0,0,0,0,0,23,41,40,64,65476,0,300,0,0,8,21553,0.0,-107605600.0,0.0,0.0,0.0,0.0,0.0,0.0,0.0,0.0,0.0,0.0,0.0,0.0,0.0,0.0,0.0,0.0,0.0,0.0,0.0,2.004,2.004,-0.0,-0.0,-2.004,0.0,0.0,0.0,0.0,1696.75,0.0,0.0,2.7184260577004195e+23,-107615280.0,-0.0,2.7184312818759872e+23,-107612256.0,0.0,2.004,2.004,68,-0.0,-0.0,0.0,0.0,0.0,0.0,0.0,0.0,0.0,0,0,0,0.0,-0.0,0.0,-0.0,0.0,32648042496.0,0.0,-121091301310464.0,-0.0,0.0,-0.0,0.685,-0.0,3074810112.0,0.0,-0.0,0,1.3516416376850534e+27,68,0.0,136,0.0,98688.258,0,26215,17071,26215,17092,26215,17065,0,0,0,105,99,100,-0.0,50.8,0.0,61.45,-107615200.0,63.0,1,47,48,180,13107,13107,0,0,0.0,0.0,0.0,0.0,-0.0,66.0,0.0,0.0,0.0,726,0,696,0,0,0,877,0,981,0,847,0,632,0,613,0,509,0,586,0.032,69544110456832.0,-0.0,2.7302294518918022e+23,20112,16792,-0.0,0.0,0.0,0.0,-369635360.0,205.25,70.0,60.0,66,0.0,0.0,10.0,2.0,0.0,0.0,0.0,0.0,0.0,0.0,0.0,0.0,0.0,0.0,0.0,0.0,62.0,62,18,65518,45,65476,0,300,0,0,8,20529,65476,0,0,44564,60.0,0.0,10.0,10.0,2.0,0.0
2026-02-05T00:02:44,ERR,ERR,ERR,ERR,ERR,ERR,ERR,ERR,ERR,ERR,ERR,ERR,ERR,ERR,ERR,ERR,ERR,ERR,ERR,ERR,ERR,ERR,ERR,ERR,ERR,ERR,ERR,ERR,ERR,ERR,ERR,ERR,ERR,ERR,ERR,ERR,ERR,ERR,ERR,ERR,ERR,ERR,ERR,ERR,ERR,ERR,ERR,ERR,ERR,ERR,ERR,ERR,ERR,ERR,ERR,ERR,ERR,ERR,ERR,ERR,ERR,ERR,ERR,ERR,ERR,ERR,ERR,ERR,ERR,ERR,ERR,ERR,ERR,ERR,ERR,ERR,ERR,ERR,ERR,ERR,ERR,ERR,ERR,ERR,ERR,ERR,ERR,ERR,ERR,ERR,ERR,ERR,ERR,ERR,ERR,ERR,ERR,ERR,ERR,ERR,ERR,ERR,ERR,ERR,ERR,ERR,ERR,ERR,ERR,ERR,ERR,ERR,ERR,ERR,ERR,ERR,ERR,ERR,ERR,ERR,ERR,ERR,ERR,ERR,ERR,2.7184260577004195e+23,-107615280.0,-0.0,0.0,0.0,3.372004502609387e+30,0.0,0.0,0,0,4,0,7670,-0.0,41,0.0,0.0,0.0,0.0,0.0,0,0,0,0,0.0,0,0,0,0,0,0,0,0,0,0,0,0,0,0,0,0,0,0,0,0,0,0,0,0,0,0,0,0,0,0,0,0,0,23,41,40,64,65476,0,300,0,0,8,21553,0.0,-107605600.0,0.0,0.0,0.0,0.0,0.0,0.0,0.0,0.0,0.0,0.0,0.0,0.0,0.0,0.0,0.0,0.0,0.0,0.0,0.0,2.004,2.004,-0.0,-0.0,-2.004,0.0,0.0,0.0,0.0,1697.25,2.004,0.0,2.7184260577004195e+23,-107615280.0,-0.0,2.7184312818759872e+23,0.0,0.0,2.004,2.004,68,5.848080243889771e+35,0.0,0.0,0.0,0.0,0.0,0.0,0.0,0.0,0,0,0,0.0,0.0,-2.6619581552360943e+38,-0.095,0.0,13.203,-0.0,-0.0,0.0,0.0,-0.0,0.689,-0.0,3108364544.0,0.0,4.986270102684162e+20,0,1.3516416376850534e+27,68,0.0,136,0.0,98688.258,0,26215,17071,26215,17092,26215,17065,0,0,0,105,99,100,-0.0,50.8,0.0,61.45,-107615200.0,63.0,1,47,48,180,13107,13107,0,0,0.0,0.0,0.0,0.0,-0.0,66.0,0.0,0.0,0.0,726,0,696,0,0,0,877,0,981,0,847,0,632,0,613,0,509,0,586,0.032,69544110456832.0,-0.0,2.7302294518918022e+23,20112,16792,-0.0,0.0,0.0,0.0,-369635360.0,205.25,70.0,60.0,66,0.0,0.0,10.0,2.0,0.0,0.0,0.0,0.0,0.0,0.0,0.0,0.0,0.0,0.0,0.0,0.0,62.0,62,18,65518,45,65476,0,300,0,0,8,20529,65476,0,0,44564,60.0,0.0,10.0,10.0,2.0,0.0
2026-02-05T00:02:45,ERR,ERR,ERR,ERR,ERR,ERR,ERR,ERR,ERR,ERR,ERR,ERR,ERR,ERR,ERR,ERR,ERR,ERR,ERR,ERR,ERR,ERR,ERR,ERR,ERR,ERR,ERR,ERR,ERR,ERR,ERR,ERR,ERR,ERR,ERR,ERR,ERR,ERR,ERR,ERR,ERR,ERR,ERR,ERR,ERR,ERR,ERR,ERR,ERR,ERR,ERR,ERR,ERR,ERR,ERR,ERR,ERR,ERR,ERR,ERR,ERR,ERR,ERR,ERR,ERR,ERR,ERR,ERR,ERR,ERR,ERR,ERR,ERR,ERR,ERR,ERR,ERR,ERR,ERR,ERR,ERR,ERR,ERR,ERR,ERR,ERR,ERR,ERR,ERR,ERR,ERR,ERR,ERR,ERR,ERR,ERR,ERR,ERR,ERR,ERR,ERR,ERR,ERR,ERR,ERR,ERR,ERR,ERR,ERR,ERR,ERR,ERR,ERR,ERR,ERR,ERR,ERR,ERR,ERR,ERR,ERR,ERR,ERR,ERR,ERR,2.7184260577004195e+23,-107615280.0,-0.0,0.0,0.0,3.372004502609387e+30,0.0,0.0,0,0,4,0,7670,-0.0,41,0.0,0.0,0.0,0.0,0.0,0,0,0,0,0.0,0,0,0,0,0,0,0,0,0,0,0,0,0,0,0,0,0,0,0,0,0,0,0,0,0,0,0,0,0,0,0,0,0,23,41,40,64,65476,0,300,0,0,8,21553,0.0,-107605600.0,0.0,0.0,0.0,0.0,0.0,0.0,0.0,0.0,0.0,0.0,0.0,0.0,0.0,0.0,0.0,0.0,0.0,0.0,0.0,2.004,2.004,-0.0,-0.0,-2.004,0.0,0.0,0.0,0.0,1697.25,2.004,0.0,2.7184260577004195e+23,-107615280.0,-0.0,2.7184312818759872e+23,0.0,0.0,2.004,2.004,68,5.848080243889771e+35,0.0,0.0,0.0,0.0,0.0,0.0,0.0,0.0,0,0,0,0.0,0.0,-2.6619581552360943e+38,-0.095,0.0,13.203,-0.0,-0.0,0.0,0.0,-0.0,0.689,-0.0,3108364544.0,0.0,4.986270102684162e+20,0,1.3516416376850534e+27,68,0.0,136,0.0,98688.258,0,26215,17071,26215,17092,26215,17065,0,0,0,105,99,100,-0.0,50.8,0.0,61.45,-107615200.0,63.0,1,47,48,180,13107,13107,0,0,0.0,0.0,0.0,0.0,-0.0,66.0,0.0,0.0,0.0,726,0,696,0,0,0,877,0,981,0,847,0,632,0,613,0,509,0,586,0.032,69544110456832.0,-0.0,2.7302294518918022e+23,20112,16792,-0.0,0.0,0.0,0.0,-369635360.0,205.25,70.0,60.0,66,0.0,0.0,10.0,2.0,0.0,0.0,0.0,0.0,0.0,0.0,0.0,0.0,0.0,0.0,0.0,0.0,62.0,62,18,65518,45,65476,0,300,0,0,8,20529,65476,0,0,44564,60.0,0.0,10.0,10.0,2.0,0.0
2026-02-05T00:02:46,ERR,ERR,ERR,ERR,ERR,ERR,ERR,ERR,ERR,ERR,ERR,ERR,ERR,ERR,ERR,ERR,ERR,ERR,ERR,ERR,ERR,ERR,ERR,ERR,ERR,ERR,ERR,ERR,ERR,ERR,ERR,ERR,ERR,ERR,ERR,ERR,ERR,ERR,ERR,ERR,ERR,ERR,ERR,ERR,ERR,ERR,ERR,ERR,ERR,ERR,ERR,ERR,ERR,ERR,ERR,ERR,ERR,ERR,ERR,ERR,ERR,ERR,ERR,ERR,ERR,ERR,ERR,ERR,ERR,ERR,ERR,ERR,ERR,ERR,ERR,ERR,ERR,ERR,ERR,ERR,ERR,ERR,ERR,ERR,ERR,ERR,ERR,ERR,ERR,ERR,ERR,ERR,ERR,ERR,ERR,ERR,ERR,ERR,ERR,ERR,ERR,ERR,ERR,ERR,ERR,ERR,ERR,ERR,ERR,ERR,ERR,ERR,ERR,ERR,ERR,ERR,ERR,ERR,ERR,ERR,ERR,ERR,ERR,ERR,ERR,2.7184260577004195e+23,-107615280.0,-0.0,0.0,0.0,3.372004502609387e+30,0.0,0.0,0,0,4,0,7670,-0.0,41,0.0,0.0,0.0,0.0,0.0,0,0,0,0,0.0,0,0,0,0,0,0,0,0,0,0,0,0,0,0,0,0,0,0,0,0,0,0,0,0,0,0,0,0,0,0,0,0,0,23,41,40,64,65476,0,300,0,0,8,21553,0.0,-107605600.0,0.0,0.0,0.0,0.0,0.0,0.0,0.0,0.0,0.0,0.0,0.0,0.0,0.0,0.0,0.0,0.0,0.0,0.0,0.0,2.004,2.004,-0.0,-0.0,-2.004,0.0,0.0,0.0,0.0,1697.25,2.004,0.0,2.7184260577004195e+23,-107615280.0,-0.0,2.7184312818759872e+23,0.0,0.0,2.004,2.004,68,5.848080243889771e+35,0.0,0.0,0.0,0.0,0.0,0.0,0.0,0.0,0,0,0,0.0,0.0,-2.6619581552360943e+38,-0.095,0.0,13.203,-0.0,-0.0,0.0,0.0,-0.0,0.689,-0.0,3108364544.0,0.0,4.986270102684162e+20,0,1.3516416376850534e+27,68,0.0,136,0.0,98688.258,0,26215,17071,13107,17092,26215,17065,0,0,0,105,99,100,-0.0,50.8,0.0,61.45,-107615200.0,63.0,1,47,48,180,13107,13107,0,0,0.0,0.0,0.0,0.0,-0.0,66.0,0.0,-0.0,0.0,726,0,696,0,0,0,877,0,981,0,847,0,632,0,613,0,509,0,586,0.032,69544110456832.0,-0.0,2.7302294518918022e+23,2960,16792,2.975076717108428e+28,-0.0,0.0,2220.065,-27.782,0.0,70.0,60.0,66,0.0,0.0,10.0,2.0,0.0,0.0,0.0,0.0,0.0,0.0,0.0,0.0,0.0,0.0,0.0,0.0,62.0,62,18,65518,45,65476,0,300,0,0,8,20529,65476,0,0,44564,60.0,0.0,10.0,10.0,2.0,0.0
2026-02-05T00:02:47,ERR,ERR,ERR,ERR,ERR,ERR,ERR,ERR,ERR,ERR,ERR,ERR,ERR,ERR,ERR,ERR,ERR,ERR,ERR,ERR,ERR,ERR,ERR,ERR,ERR,ERR,ERR,ERR,ERR,ERR,ERR,ERR,ERR,ERR,ERR,ERR,ERR,ERR,ERR,ERR,ERR,ERR,ERR,ERR,ERR,ERR,ERR,ERR,ERR,ERR,ERR,ERR,ERR,ERR,ERR,ERR,ERR,ERR,ERR,ERR,ERR,ERR,ERR,ERR,ERR,ERR,ERR,ERR,ERR,ERR,ERR,ERR,ERR,ERR,ERR,ERR,ERR,ERR,ERR,ERR,ERR,ERR,ERR,ERR,ERR,ERR,ERR,ERR,ERR,ERR,ERR,ERR,ERR,ERR,ERR,ERR,ERR,ERR,ERR,ERR,ERR,ERR,ERR,ERR,ERR,ERR,ERR,ERR,ERR,ERR,ERR,ERR,ERR,ERR,ERR,ERR,ERR,ERR,ERR,ERR,ERR,ERR,ERR,ERR,ERR,2.7184260577004195e+23,-107615280.0,-0.0,0.0,0.0,3.372004502609387e+30,0.0,0.0,0,0,4,0,7670,-0.0,41,0.0,0.0,0.0,0.0,0.0,0,0,0,0,0.0,0,0,0,0,0,0,0,0,0,0,0,0,0,0,0,0,0,0,0,0,0,0,0,0,0,0,0,0,0,0,0,0,0,23,41,40,64,65476,0,300,0,0,8,21553,0.0,-107605600.0,0.0,0.0,0.0,0.0,0.0,0.0,0.0,0.0,0.0,0.0,0.0,0.0,0.0,0.0,0.0,0.0,0.0,0.0,0.0,2.004,2.004,-0.0,-0.0,-2.004,0.0,0.0,0.0,0.0,1697.25,2.004,0.0,2.7184260577004195e+23,-107615280.0,-0.0,2.7184312818759872e+23,0.0,0.0,2.004,2.004,68,5.848080243889771e+35,0.0,0.0,0.0,0.0,0.0,0.0,0.0,0.0,0,0,0,0.0,0.0,-2.6619581552360943e+38,-0.095,0.0,13.203,-0.0,-0.0,0.0,0.0,-0.0,0.689,-0.0,3108364544.0,0.0,4.986270102684162e+20,0,1.3516416376850534e+27,68,0.0,136,0.0,98688.258,0,26215,17071,13107,17092,26215,17065,0,0,0,105,99,100,-0.0,50.8,0.0,61.45,-107615200.0,63.0,1,47,48,180,13107,13107,0,0,0.0,0.0,0.0,0.0,-0.0,66.0,0.0,-0.0,0.0,726,0,696,0,0,0,877,0,981,0,847,0,632,0,613,0,509,0,586,0.032,69544110456832.0,-0.0,2.7302294518918022e+23,2960,16792,2.975076717108428e+28,-0.0,0.0,2220.065,-27.782,0.0,70.0,60.0,66,0.0,0.0,10.0,2.0,0.0,0.0,0.0,0.0,0.0,0.0,0.0,0.0,0.0,0.0,0.0,0.0,62.0,62,18,65518,45,65476,0,300,0,0,8,20529,65476,0,0,44564,60.0,0.0,10.0,10.0,2.0,0.0
2026-02-05T00:02:48,ERR,ERR,ERR,ERR,ERR,ERR,ERR,ERR,ERR,ERR,ERR,ERR,ERR,ERR,ERR,ERR,ERR,ERR,ERR,ERR,ERR,ERR,ERR,ERR,ERR,ERR,ERR,ERR,ERR,ERR,ERR,ERR,ERR,ERR,ERR,ERR,ERR,ERR,ERR,ERR,ERR,ERR,ERR,ERR,ERR,ERR,ERR,ERR,ERR,ERR,ERR,ERR,ERR,ERR,ERR,ERR,ERR,ERR,ERR,ERR,ERR,ERR,ERR,ERR,ERR,ERR,ERR,ERR,ERR,ERR,ERR,ERR,ERR,ERR,ERR,ERR,ERR,ERR,ERR,ERR,ERR,ERR,ERR,ERR,ERR,ERR,ERR,ERR,ERR,ERR,ERR,ERR,ERR,ERR,ERR,ERR,ERR,ERR,ERR,ERR,ERR,ERR,ERR,ERR,ERR,ERR,ERR,ERR,ERR,ERR,ERR,ERR,ERR,ERR,ERR,ERR,ERR,ERR,ERR,ERR,ERR,ERR,ERR,ERR,ERR,2.7184260577004195e+23,-107615280.0,-0.0,0.0,0.0,3.372004502609387e+30,0.0,0.0,0,0,4,0,7670,-0.0,41,0.0,0.0,0.0,0.0,0.0,0,0,0,0,0.0,0,0,0,0,0,0,0,0,0,0,0,0,0,0,0,0,0,0,0,0,0,0,0,0,0,0,0,0,0,0,0,0,0,23,41,40,64,65476,0,300,0,0,8,21553,0.0,-107605600.0,0.0,0.0,0.0,0.0,0.0,0.0,0.0,0.0,0.0,0.0,0.0,0.0,0.0,0.0,0.0,0.0,0.0,0.0,0.0,2.004,2.004,-0.0,-0.0,-2.004,0.0,0.0,0.0,0.0,1697.25,2.004,0.0,2.7184260577004195e+23,-107615280.0,-0.0,2.7184312818759872e+23,0.0,0.0,2.004,2.004,68,5.848080243889771e+35,0.0,0.0,0.0,0.0,0.0,0.0,0.0,0.0,0,0,0,0.0,0.0,-2.6619581552360943e+38,-0.095,0.0,13.203,-0.0,-0.0,0.0,0.0,-0.0,0.689,-0.0,3108364544.0,0.0,4.986270102684162e+20,0,1.3516416376850534e+27,68,0.0,136,0.0,98688.258,0,26215,17071,13107,17092,26215,17065,0,0,0,105,99,100,-0.0,50.8,0.0,61.45,-107615200.0,63.0,1,47,48,180,13107,13107,0,0,0.0,0.0,0.0,0.0,-0.0,66.0,0.0,-0.0,0.0,726,0,696,0,0,0,877,0,981,0,847,0,632,0,613,0,509,0,586,0.032,69544110456832.0,-0.0,2.7302294518918022e+23,2960,16792,2.975076717108428e+28,-0.0,0.0,2220.065,-27.782,0.0,70.0,60.0,66,0.0,0.0,10.0,2.0,0.0,0.0,0.0,0.0,0.0,0.0,0.0,0.0,0.0,0.0,0.0,0.0,62.0,62,18,65518,45,65476,0,300,0,0,8,20529,65476,0,0,44564,60.0,0.0,10.0,10.0,2.0,0.0
2026-02-05T00:02:49,ERR,ERR,ERR,ERR,ERR,ERR,ERR,ERR,ERR,ERR,ERR,ERR,ERR,ERR,ERR,ERR,ERR,ERR,ERR,ERR,ERR,ERR,ERR,ERR,ERR,ERR,ERR,ERR,ERR,ERR,ERR,ERR,ERR,ERR,ERR,ERR,ERR,ERR,ERR,ERR,ERR,ERR,ERR,ERR,ERR,ERR,ERR,ERR,ERR,ERR,ERR,ERR,ERR,ERR,ERR,ERR,ERR,ERR,ERR,ERR,ERR,ERR,ERR,ERR,ERR,ERR,ERR,ERR,ERR,ERR,ERR,ERR,ERR,ERR,ERR,ERR,ERR,ERR,ERR,ERR,ERR,ERR,ERR,ERR,ERR,ERR,ERR,ERR,ERR,ERR,ERR,ERR,ERR,ERR,ERR,ERR,ERR,ERR,ERR,ERR,ERR,ERR,ERR,ERR,ERR,ERR,ERR,ERR,ERR,ERR,ERR,ERR,ERR,ERR,ERR,ERR,ERR,ERR,ERR,ERR,ERR,ERR,ERR,ERR,ERR,2.7184260577004195e+23,-107615280.0,-0.0,0.0,0.0,3.372004502609387e+30,0.0,0.0,0,0,4,0,7670,-0.0,41,0.0,0.0,0.0,0.0,0.0,0,0,0,0,0.0,0,0,0,0,0,0,0,0,0,0,0,0,0,0,0,0,0,0,0,0,0,0,0,0,0,0,0,0,0,0,0,0,0,23,41,40,64,65476,0,300,0,0,8,21553,0.0,-107605600.0,0.0,0.0,0.0,0.0,0.0,0.0,0.0,0.0,0.0,0.0,0.0,0.0,0.0,0.0,0.0,0.0,0.0,0.0,0.0,2.004,2.004,-0.0,-0.0,-2.004,0.0,0.0,0.0,0.0,1697.25,2.004,0.0,2.7184260577004195e+23,-107615280.0,-0.0,2.7184312818759872e+23,0.0,0.0,2.004,2.004,68,5.848080243889771e+35,0.0,0.0,0.0,0.0,0.0,0.0,0.0,0.0,0,0,0,0.0,0.0,-2.6619581552360943e+38,-0.095,0.0,13.203,-0.0,-0.0,0.0,0.0,-0.0,0.689,-0.0,3108364544.0,0.0,4.986270102684162e+20,0,1.3516416376850534e+27,68,0.0,136,0.0,98688.258,0,26215,17071,13107,17092,26215,17065,0,0,0,105,99,100,-0.0,50.8,0.0,61.45,-107615200.0,63.0,1,47,48,180,13107,13107,0,0,0.0,0.0,0.0,0.0,-0.0,66.0,0.0,-0.0,0.0,726,0,696,0,0,0,877,0,981,0,847,0,632,0,613,0,509,0,586,0.032,69544110456832.0,-0.0,2.7302294518918022e+23,2960,16792,2.975076717108428e+28,-0.0,0.0,2220.065,-27.782,0.0,70.0,60.0,66,0.0,0.0,10.0,2.0,0.0,0.0,0.0,0.0,0.0,0.0,0.0,0.0,0.0,0.0,0.0,0.0,62.4,62,18,65518,45,65476,0,300,0,0,8,20529,65476,0,0,44564,60.0,0.0,10.0,10.0,2.0,0.0
2026-02-05T00:02:50,ERR,ERR,ERR,ERR,ERR,ERR,ERR,ERR,ERR,ERR,ERR,ERR,ERR,ERR,ERR,ERR,ERR,ERR,ERR,ERR,ERR,ERR,ERR,ERR,ERR,ERR,ERR,ERR,ERR,ERR,ERR,ERR,ERR,ERR,ERR,ERR,ERR,ERR,ERR,ERR,ERR,ERR,ERR,ERR,ERR,ERR,ERR,ERR,ERR,ERR,ERR,ERR,ERR,ERR,ERR,ERR,ERR,ERR,ERR,ERR,ERR,ERR,ERR,ERR,ERR,ERR,ERR,ERR,ERR,ERR,ERR,ERR,ERR,ERR,ERR,ERR,ERR,ERR,ERR,ERR,ERR,ERR,ERR,ERR,ERR,ERR,ERR,ERR,ERR,ERR,ERR,ERR,ERR,ERR,ERR,ERR,ERR,ERR,ERR,ERR,ERR,ERR,ERR,ERR,ERR,ERR,ERR,ERR,ERR,ERR,ERR,ERR,ERR,ERR,ERR,ERR,ERR,ERR,ERR,ERR,ERR,ERR,ERR,ERR,ERR,2.7184260577004195e+23,-107615280.0,-0.0,0.0,0.0,0.0,-0.0,0.0,0,0,4,0,7670,-0.0,41,0.0,0.0,0.0,0.0,0.0,0,0,0,0,0.0,0,0,0,0,0,0,0,0,0,0,0,0,0,0,0,0,0,0,0,0,0,0,0,0,0,0,0,0,0,0,0,0,0,23,41,40,64,65476,0,300,0,0,8,21553,0.0,-107605600.0,0.0,0.0,0.0,0.0,0.0,0.0,0.0,0.0,0.0,0.0,0.0,0.0,0.0,0.0,0.0,0.0,0.0,0.0,0.0,2.004,2.004,-0.0,-0.0,-2.004,0.0,0.0,0.0,0.0,1697.5,-0.0,0.0,2.7184260577004195e+23,-107615280.0,-0.0,2.7184312818759872e+23,0.0,0.0,2.004,2.004,68,-0.0,0.0,0.0,0.0,0.0,0.0,0.0,0.0,0.0,0,0,0,0.0,0.0,-5.577086493806406e+36,1.657655353964003e+28,0.0,-0.0,-0.0,0.0,-6889945.0,0.0,-0.0,0.689,-0.0,3125141760.0,0.0,-0.0,0,1.3516416376850534e+27,68,0.0,136,0.0,98688.258,0,26215,17071,13107,17092,26215,17065,0,0,0,105,99,100,-0.0,50.8,0.0,61.45,-107615200.0,63.0,1,47,48,180,13107,13107,0,0,0.0,0.0,0.0,0.0,5.87317682048376e+30,66.0,0.0,0.0,0.0,726,0,696,0,0,0,877,0,981,0,847,0,632,0,613,0,509,0,587,0.032,69818988363776.0,-2.004,-107615056.0,11920,16792,2.8563309682847957e+31,0.0,2.3912585178246935e+27,-11440.261,0.0,-575667776.0,70.0,60.0,66,0.0,0.0,10.0,2.0,0.0,0.0,0.0,0.0,0.0,0.0,0.0,0.0,0.0,0.0,0.0,0.0,62.4,62,18,65518,45,65476,0,300,0,0,8,20529,65476,0,0,44564,60.0,0.0,10.0,10.0,2.0,0.0
2026-02-05T00:02:51,ERR,ERR,ERR,ERR,ERR,ERR,ERR,ERR,ERR,ERR,ERR,ERR,ERR,ERR,ERR,ERR,ERR,ERR,ERR,ERR,ERR,ERR,ERR,ERR,ERR,ERR,ERR,ERR,ERR,ERR,ERR,ERR,ERR,ERR,ERR,ERR,ERR,ERR,ERR,ERR,ERR,ERR,ERR,ERR,ERR,ERR,ERR,ERR,ERR,ERR,ERR,ERR,ERR,ERR,ERR,ERR,ERR,ERR,ERR,ERR,ERR,ERR,ERR,ERR,ERR,ERR,ERR,ERR,ERR,ERR,ERR,ERR,ERR,ERR,ERR,ERR,ERR,ERR,ERR,ERR,ERR,ERR,ERR,ERR,ERR,ERR,ERR,ERR,ERR,ERR,ERR,ERR,ERR,ERR,ERR,ERR,ERR,ERR,ERR,ERR,ERR,ERR,ERR,ERR,ERR,ERR,ERR,ERR,ERR,ERR,ERR,ERR,ERR,ERR,ERR,ERR,ERR,ERR,ERR,ERR,ERR,ERR,ERR,ERR,ERR,2.7184260577004195e+23,-107615280.0,-0.0,0.0,0.0,0.0,-0.0,0.0,0,0,4,0,7670,-0.0,41,0.0,0.0,0.0,0.0,0.0,0,0,0,0,0.0,0,0,0,0,0,0,0,0,0,0,0,0,0,0,0,0,0,0,0,0,0,0,0,0,0,0,0,0,0,0,0,0,0,23,41,40,64,65476,0,300,0,0,8,21553,0.0,-107605600.0,0.0,0.0,0.0,0.0,0.0,0.0,0.0,0.0,0.0,0.0,0.0,0.0,0.0,0.0,0.0,0.0,0.0,0.0,0.0,2.004,2.004,-0.0,-0.0,-2.004,0.0,0.0,0.0,0.0,1697.5,-0.0,0.0,2.7184260577004195e+23,-107615280.0,-0.0,2.7184312818759872e+23,0.0,0.0,2.004,2.004,68,-0.0,0.0,0.0,0.0,0.0,0.0,0.0,0.0,0.0,0,0,0,0.0,0.0,-5.577086493806406e+36,1.657655353964003e+28,0.0,-0.0,-0.0,0.0,-6889945.0,0.0,-0.0,0.689,-0.0,3125141760.0,0.0,-0.0,0,1.3516416376850534e+27,68,0.0,136,0.0,98688.258,0,26215,17071,13107,17092,26215,17065,0,0,0,105,99,100,-0.0,50.8,0.0,61.45,-107615200.0,63.0,1,47,48,180,13107,13107,0,0,0.0,0.0,0.0,0.0,5.87317682048376e+30,66.0,0.0,0.0,0.0,726,0,696,0,0,0,877,0,981,0,847,0,632,0,613,0,509,0,587,0.032,69818988363776.0,-2.004,-107615056.0,11920,16792,2.8563309682847957e+31,0.0,2.3912585178246935e+27,-11440.261,0.0,-575667776.0,70.0,60.0,66,0.0,0.0,10.0,2.0,0.0,0.0,0.0,0.0,0.0,0.0,0.0,0.0,0.0,0.0,0.0,0.0,62.0,62,18,65518,45,65476,0,300,0,0,8,20529,65476,0,0,44564,60.0,0.0,10.0,10.0,2.0,0.0
2026-02-05T00:02:52,ERR,ERR,ERR,ERR,ERR,ERR,ERR,ERR,ERR,ERR,ERR,ERR,ERR,ERR,ERR,ERR,ERR,ERR,ERR,ERR,ERR,ERR,ERR,ERR,ERR,ERR,ERR,ERR,ERR,ERR,ERR,ERR,ERR,ERR,ERR,ERR,ERR,ERR,ERR,ERR,ERR,ERR,ERR,ERR,ERR,ERR,ERR,ERR,ERR,ERR,ERR,ERR,ERR,ERR,ERR,ERR,ERR,ERR,ERR,ERR,ERR,ERR,ERR,ERR,ERR,ERR,ERR,ERR,ERR,ERR,ERR,ERR,ERR,ERR,ERR,ERR,ERR,ERR,ERR,ERR,ERR,ERR,ERR,ERR,ERR,ERR,ERR,ERR,ERR,ERR,ERR,ERR,ERR,ERR,ERR,ERR,ERR,ERR,ERR,ERR,ERR,ERR,ERR,ERR,ERR,ERR,ERR,ERR,ERR,ERR,ERR,ERR,ERR,ERR,ERR,ERR,ERR,ERR,ERR,ERR,ERR,ERR,ERR,ERR,ERR,2.7184260577004195e+23,-107615280.0,-0.0,0.0,0.0,0.0,-0.0,0.0,0,0,4,0,7670,-0.0,41,0.0,0.0,0.0,0.0,0.0,0,0,0,0,0.0,0,0,0,0,0,0,0,0,0,0,0,0,0,0,0,0,0,0,0,0,0,0,0,0,0,0,0,0,0,0,0,0,0,23,41,40,64,65476,0,300,0,0,8,21553,0.0,-107605600.0,0.0,0.0,0.0,0.0,0.0,0.0,0.0,0.0,0.0,0.0,0.0,0.0,0.0,0.0,0.0,0.0,0.0,0.0,0.0,2.004,2.004,-0.0,-0.0,-2.004,0.0,0.0,0.0,0.0,1697.5,-0.0,0.0,2.7184260577004195e+23,-107615280.0,-0.0,2.7184312818759872e+23,0.0,0.0,2.004,2.004,68,-0.0,0.0,0.0,0.0,0.0,0.0,0.0,0.0,0.0,0,0,0,0.0,0.0,-5.577086493806406e+36,1.657655353964003e+28,0.0,-0.0,-0.0,0.0,-6889945.0,0.0,-0.0,0.689,-0.0,3125141760.0,0.0,-0.0,0,1.3516416376850534e+27,68,0.0,136,0.0,98688.258,0,26215,17071,13107,17092,26215,17065,0,0,0,105,99,100,-0.0,50.8,0.0,61.45,-107615200.0,63.0,1,47,48,180,13107,13107,0,0,0.0,0.0,0.0,0.0,5.87317682048376e+30,66.0,0.0,0.0,0.0,726,0,696,0,0,0,877,0,981,0,847,0,632,0,613,0,509,0,587,0.032,69818988363776.0,-2.004,-107615056.0,11920,16792,2.8563309682847957e+31,0.0,2.3912585178246935e+27,-11440.261,0.0,-575667776.0,70.0,60.0,66,0.0,0.0,10.0,2.0,0.0,0.0,0.0,0.0,0.0,0.0,0.0,0.0,0.0,0.0,0.0,0.0,62.0,62,18,65518,45,65476,0,300,0,0,8,20529,65476,0,0,44564,60.0,0.0,10.0,10.0,2.0,0.0
2026-02-05T00:02:53,ERR,ERR,ERR,ERR,ERR,ERR,ERR,ERR,ERR,ERR,ERR,ERR,ERR,ERR,ERR,ERR,ERR,ERR,ERR,ERR,ERR,ERR,ERR,ERR,ERR,ERR,ERR,ERR,ERR,ERR,ERR,ERR,ERR,ERR,ERR,ERR,ERR,ERR,ERR,ERR,ERR,ERR,ERR,ERR,ERR,ERR,ERR,ERR,ERR,ERR,ERR,ERR,ERR,ERR,ERR,ERR,ERR,ERR,ERR,ERR,ERR,ERR,ERR,ERR,ERR,ERR,ERR,ERR,ERR,ERR,ERR,ERR,ERR,ERR,ERR,ERR,ERR,ERR,ERR,ERR,ERR,ERR,ERR,ERR,ERR,ERR,ERR,ERR,ERR,ERR,ERR,ERR,ERR,ERR,ERR,ERR,ERR,ERR,ERR,ERR,ERR,ERR,ERR,ERR,ERR,ERR,ERR,ERR,ERR,ERR,ERR,ERR,ERR,ERR,ERR,ERR,ERR,ERR,ERR,ERR,ERR,ERR,ERR,ERR,ERR,2.7184260577004195e+23,-107615280.0,-0.0,0.0,0.0,0.0,-0.0,0.0,0,0,4,0,7670,-0.0,41,0.0,0.0,0.0,0.0,0.0,0,0,0,0,0.0,0,0,0,0,0,0,0,0,0,0,0,0,0,0,0,0,0,0,0,0,0,0,0,0,0,0,0,0,0,0,0,0,0,23,41,40,64,65476,0,300,0,0,8,21553,0.0,-107605600.0,0.0,0.0,0.0,0.0,0.0,0.0,0.0,0.0,0.0,0.0,0.0,0.0,0.0,0.0,0.0,0.0,0.0,0.0,0.0,2.004,2.004,-0.0,-0.0,-2.004,0.0,0.0,0.0,0.0,1697.5,-0.0,0.0,2.7184260577004195e+23,-107615280.0,-0.0,2.7184312818759872e+23,0.0,0.0,2.004,2.004,68,-0.0,0.0,0.0,0.0,0.0,0.0,0.0,0.0,0.0,0,0,0,0.0,0.0,-5.577086493806406e+36,1.657655353964003e+28,0.0,-0.0,-0.0,0.0,-6889945.0,0.0,-0.0,0.689,-0.0,3125141760.0,0.0,-0.0,0,1.3516416376850534e+27,68,0.0,136,0.0,98688.258,0,26215,17071,13107,17092,26215,17065,0,0,0,105,99,100,-0.0,50.8,0.0,61.45,-107615200.0,63.0,1,47,48,180,13107,13107,0,0,0.0,0.0,0.0,0.0,5.87317682048376e+30,66.0,0.0,0.0,0.0,726,0,696,0,0,0,877,0,981,0,847,0,632,0,613,0,509,0,587,0.032,69818988363776.0,-2.004,-107615056.0,11920,16792,2.8563309682847957e+31,0.0,2.3912585178246935e+27,-11440.261,0.0,-575667776.0,70.0,60.0,66,0.0,0.0,10.0,2.0,0.0,0.0,0.0,0.0,0.0,0.0,0.0,0.0,0.0,0.0,0.0,0.0,62.0,62,18,65518,45,65476,0,300,0,0,8,20529,65476,0,0,44564,60.0,0.0,10.0,10.0,2.0,0.0
2026-02-05T00:02:54,ERR,ERR,ERR,ERR,ERR,ERR,ERR,ERR,ERR,ERR,ERR,ERR,ERR,ERR,ERR,ERR,ERR,ERR,ERR,ERR,ERR,ERR,ERR,ERR,ERR,ERR,ERR,ERR,ERR,ERR,ERR,ERR,ERR,ERR,ERR,ERR,ERR,ERR,ERR,ERR,ERR,ERR,ERR,ERR,ERR,ERR,ERR,ERR,ERR,ERR,ERR,ERR,ERR,ERR,ERR,ERR,ERR,ERR,ERR,ERR,ERR,ERR,ERR,ERR,ERR,ERR,ERR,ERR,ERR,ERR,ERR,ERR,ERR,ERR,ERR,ERR,ERR,ERR,ERR,ERR,ERR,ERR,ERR,ERR,ERR,ERR,ERR,ERR,ERR,ERR,ERR,ERR,ERR,ERR,ERR,ERR,ERR,ERR,ERR,ERR,ERR,ERR,ERR,ERR,ERR,ERR,ERR,ERR,ERR,ERR,ERR,ERR,ERR,ERR,ERR,ERR,ERR,ERR,ERR,ERR,ERR,ERR,ERR,ERR,ERR,2.7184260577004195e+23,-107615280.0,-0.0,0.0,0.0,0.0,-0.0,0.0,0,0,4,0,7670,-0.0,41,0.0,0.0,0.0,0.0,0.0,0,0,0,0,0.0,0,0,0,0,0,0,0,0,0,0,0,0,0,0,0,0,0,0,0,0,0,0,0,0,0,0,0,0,0,0,0,0,0,23,41,40,64,65476,0,300,0,0,8,21553,0.0,-107605600.0,0.0,0.0,0.0,0.0,0.0,0.0,0.0,0.0,0.0,0.0,0.0,0.0,0.0,0.0,0.0,0.0,0.0,0.0,0.0,2.004,2.004,-0.0,-0.0,-2.004,0.0,0.0,0.0,0.0,1697.5,-0.0,0.0,2.7184260577004195e+23,-107615280.0,-0.0,2.7184312818759872e+23,0.0,0.0,2.004,2.004,68,-0.0,0.0,0.0,0.0,0.0,0.0,0.0,0.0,0.0,0,0,0,0.0,0.0,-5.577086493806406e+36,1.657655353964003e+28,0.0,-0.0,-0.0,0.0,-6889945.0,0.0,-0.0,0.689,-0.0,3125141760.0,0.0,-0.0,0,1.3516416376850534e+27,68,0.0,136,0.0,98688.258,0,26215,17071,13107,17092,26215,17065,0,0,0,105,99,100,-0.0,50.8,0.0,61.45,-107615200.0,63.0,1,47,48,180,13107,13107,0,0,0.0,0.0,0.0,0.0,5.87317682048376e+30,66.0,0.0,0.0,0.0,726,0,696,0,0,0,877,0,981,0,847,0,632,0,613,0,509,0,587,0.032,69818988363776.0,-2.004,-107615056.0,11920,16792,2.8563309682847957e+31,0.0,2.3912585178246935e+27,-11440.261,0.0,-575667776.0,70.0,60.0,66,0.0,0.0,10.0,2.0,0.0,0.0,0.0,0.0,0.0,0.0,0.0,0.0,0.0,0.0,0.0,0.0,62.0,62,18,65518,45,65476,0,300,0,0,8,20529,65476,0,0,44564,60.0,0.0,10.0,10.0,2.0,0.0
2026-02-05T00:02:55,ERR,ERR,ERR,ERR,ERR,ERR,ERR,ERR,ERR,ERR,ERR,ERR,ERR,ERR,ERR,ERR,ERR,ERR,ERR,ERR,ERR,ERR,ERR,ERR,ERR,ERR,ERR,ERR,ERR,ERR,ERR,ERR,ERR,ERR,ERR,ERR,ERR,ERR,ERR,ERR,ERR,ERR,ERR,ERR,ERR,ERR,ERR,ERR,ERR,ERR,ERR,ERR,ERR,ERR,ERR,ERR,ERR,ERR,ERR,ERR,ERR,ERR,ERR,ERR,ERR,ERR,ERR,ERR,ERR,ERR,ERR,ERR,ERR,ERR,ERR,ERR,ERR,ERR,ERR,ERR,ERR,ERR,ERR,ERR,ERR,ERR,ERR,ERR,ERR,ERR,ERR,ERR,ERR,ERR,ERR,ERR,ERR,ERR,ERR,ERR,ERR,ERR,ERR,ERR,ERR,ERR,ERR,ERR,ERR,ERR,ERR,ERR,ERR,ERR,ERR,ERR,ERR,ERR,ERR,ERR,ERR,ERR,ERR,ERR,ERR,2.7184260577004195e+23,-107615280.0,-0.0,0.0,0.0,0.0,-0.0,0.0,0,0,4,0,7670,-0.0,41,0.0,0.0,0.0,0.0,0.0,0,0,0,0,0.0,0,0,0,0,0,0,0,0,0,0,0,0,0,0,0,0,0,0,0,0,0,0,0,0,0,0,0,0,0,0,0,0,0,23,41,40,64,65476,0,300,0,0,8,21553,0.0,-107605600.0,0.0,0.0,0.0,0.0,0.0,0.0,0.0,0.0,0.0,0.0,0.0,0.0,0.0,0.0,0.0,0.0,0.0,0.0,0.0,2.004,2.004,-0.0,-0.0,-2.004,0.0,0.0,0.0,0.0,1697.5,-0.0,0.0,2.7184260577004195e+23,-107615280.0,-0.0,2.7184312818759872e+23,0.0,0.0,2.004,2.004,68,-0.0,0.0,0.0,0.0,0.0,0.0,0.0,0.0,0.0,0,0,0,0.0,0.0,-5.577086493806406e+36,1.657655353964003e+28,0.0,-0.0,-0.0,0.0,-6889945.0,0.0,-0.0,0.689,-0.0,3125141760.0,0.0,-0.0,0,1.3516416376850534e+27,68,0.0,136,0.0,98688.258,0,26215,17071,13107,17092,26215,17065,0,0,0,105,99,100,-0.0,50.8,0.0,61.45,-107615200.0,63.0,1,47,48,180,13107,13107,0,0,0.0,0.0,0.0,0.0,2.3623360891524532e+27,66.0,0.0,-0.0,0.0,726,0,696,0,0,0,878,0,981,0,847,0,632,0,613,0,509,0,588,0.032,69544110456832.0,0.0,0.0,59280,16791,2.3623360891524532e+27,-0.0,-0.0,4.302218337802088e+31,4.1580891869410276e+37,0.0,70.0,60.0,66,0.0,0.0,10.0,2.0,0.0,0.0,0.0,0.0,0.0,0.0,0.0,0.0,0.0,0.0,0.0,0.0,62.4,62,18,65518,45,65476,0,300,0,0,8,20529,65476,0,0,44564,60.0,0.0,10.0,10.0,2.0,0.0
2026-02-05T00:02:56,ERR,ERR,ERR,ERR,ERR,ERR,ERR,ERR,ERR,ERR,ERR,ERR,ERR,ERR,ERR,ERR,ERR,ERR,ERR,ERR,ERR,ERR,ERR,ERR,ERR,ERR,ERR,ERR,ERR,ERR,ERR,ERR,ERR,ERR,ERR,ERR,ERR,ERR,ERR,ERR,ERR,ERR,ERR,ERR,ERR,ERR,ERR,ERR,ERR,ERR,ERR,ERR,ERR,ERR,ERR,ERR,ERR,ERR,ERR,ERR,ERR,ERR,ERR,ERR,ERR,ERR,ERR,ERR,ERR,ERR,ERR,ERR,ERR,ERR,ERR,ERR,ERR,ERR,ERR,ERR,ERR,ERR,ERR,ERR,ERR,ERR,ERR,ERR,ERR,ERR,ERR,ERR,ERR,ERR,ERR,ERR,ERR,ERR,ERR,ERR,ERR,ERR,ERR,ERR,ERR,ERR,ERR,ERR,ERR,ERR,ERR,ERR,ERR,ERR,ERR,ERR,ERR,ERR,ERR,ERR,ERR,ERR,ERR,ERR,ERR,2.7184260577004195e+23,-107615280.0,-0.0,0.0,0.0,-0.002,5.98654941627068e+21,0.0,0,0,4,0,7670,-0.0,41,0.0,0.0,0.0,0.0,0.0,0,0,0,0,0.0,0,0,0,0,0,0,0,0,0,0,0,0,0,0,0,0,0,0,0,0,0,0,0,0,0,0,0,0,0,0,0,0,0,23,41,40,63,65476,0,300,0,0,8,21553,0.0,-107605600.0,0.0,0.0,0.0,0.0,0.0,0.0,0.0,0.0,0.0,0.0,0.0,0.0,0.0,0.0,0.0,0.0,0.0,0.0,0.0,2.004,2.004,-0.0,-0.0,-2.004,0.0,0.0,0.0,0.0,1688.75,3.6970977328898245e+19,0.0,2.7184260577004195e+23,-107615280.0,-0.0,2.7184312818759872e+23,0.0,0.0,2.004,2.004,68,4.9504255030366665e+32,89219.055,0.0,0.0,0.0,0.0,0.0,0.0,0.0,0,0,0,0.0,8.641,-4.191445891305313e+37,0.0,0.0,-4.619930269164784e+30,0.0,-2228.221,8.866632762434016e+20,0.0,-0.0,0.692,-0.0,3141918976.0,0.0,0.0,0,1.3516416376850534e+27,68,0.0,136,0.0,98688.258,0,26215,17071,13107,17092,26215,17065,0,0,0,105,99,100,-0.0,50.8,0.0,61.45,-107615200.0,63.0,1,47,48,180,13107,13107,0,0,0.0,0.0,0.0,0.0,2.3623360891524532e+27,66.0,0.0,-0.0,0.0,726,0,696,0,0,0,878,0,981,0,847,0,632,0,613,0,509,0,588,0.032,69544110456832.0,0.0,0.0,59280,16791,2.3623360891524532e+27,-0.0,-0.0,4.302218337802088e+31,4.1580891869410276e+37,0.0,70.0,60.0,66,0.0,0.0,10.0,2.0,0.0,0.0,0.0,0.0,0.0,0.0,0.0,0.0,0.0,0.0,0.0,0.0,62.4,62,18,65518,45,65476,0,300,0,0,8,20529,65476,0,0,44564,60.0,0.0,10.0,10.0,2.0,0.0
2026-02-05T00:02:57,ERR,ERR,ERR,ERR,ERR,ERR,ERR,ERR,ERR,ERR,ERR,ERR,ERR,ERR,ERR,ERR,ERR,ERR,ERR,ERR,ERR,ERR,ERR,ERR,ERR,ERR,ERR,ERR,ERR,ERR,ERR,ERR,ERR,ERR,ERR,ERR,ERR,ERR,ERR,ERR,ERR,ERR,ERR,ERR,ERR,ERR,ERR,ERR,ERR,ERR,ERR,ERR,ERR,ERR,ERR,ERR,ERR,ERR,ERR,ERR,ERR,ERR,ERR,ERR,ERR,ERR,ERR,ERR,ERR,ERR,ERR,ERR,ERR,ERR,ERR,ERR,ERR,ERR,ERR,ERR,ERR,ERR,ERR,ERR,ERR,ERR,ERR,ERR,ERR,ERR,ERR,ERR,ERR,ERR,ERR,ERR,ERR,ERR,ERR,ERR,ERR,ERR,ERR,ERR,ERR,ERR,ERR,ERR,ERR,ERR,ERR,ERR,ERR,ERR,ERR,ERR,ERR,ERR,ERR,ERR,ERR,ERR,ERR,ERR,ERR,2.7184260577004195e+23,-107615280.0,-0.0,0.0,0.0,-0.002,5.98654941627068e+21,0.0,0,0,4,0,7670,-0.0,41,0.0,0.0,0.0,0.0,0.0,0,0,0,0,0.0,0,0,0,0,0,0,0,0,0,0,0,0,0,0,0,0,0,0,0,0,0,0,0,0,0,0,0,0,0,0,0,0,0,23,41,40,63,65476,0,300,0,0,8,21553,0.0,-107605600.0,0.0,0.0,0.0,0.0,0.0,0.0,0.0,0.0,0.0,0.0,0.0,0.0,0.0,0.0,0.0,0.0,0.0,0.0,0.0,2.004,2.004,-0.0,-0.0,-2.004,0.0,0.0,0.0,0.0,1688.75,3.6970977328898245e+19,0.0,2.7184260577004195e+23,-107615280.0,-0.0,2.7184312818759872e+23,0.0,0.0,2.004,2.004,68,4.9504255030366665e+32,89219.055,0.0,0.0,0.0,0.0,0.0,0.0,0.0,0,0,0,0.0,8.641,-4.191445891305313e+37,0.0,0.0,-4.619930269164784e+30,0.0,-2228.221,8.866632762434016e+20,0.0,-0.0,0.692,-0.0,3141918976.0,0.0,0.0,0,1.3516416376850534e+27,68,0.0,136,0.0,98688.258,0,26215,17071,13107,17092,26215,17065,0,0,0,105,99,100,-0.0,50.8,0.0,61.45,-107615200.0,63.0,1,47,48,180,13107,13107,0,0,0.0,0.0,0.0,0.0,2.3623360891524532e+27,66.0,0.0,-0.0,0.0,726,0,696,0,0,0,878,0,981,0,847,0,632,0,613,0,509,0,588,0.032,69544110456832.0,0.0,0.0,59280,16791,2.3623360891524532e+27,-0.0,-0.0,4.302218337802088e+31,4.1580891869410276e+37,0.0,70.0,60.0,66,0.0,0.0,10.0,2.0,0.0,0.0,0.0,0.0,0.0,0.0,0.0,0.0,0.0,0.0,0.0,0.0,62.4,62,18,65518,45,65476,0,300,0,0,8,20529,65476,0,0,44564,60.0,0.0,10.0,10.0,2.0,0.0
2026-02-05T00:02:58,ERR,ERR,ERR,ERR,ERR,ERR,ERR,ERR,ERR,ERR,ERR,ERR,ERR,ERR,ERR,ERR,ERR,ERR,ERR,ERR,ERR,ERR,ERR,ERR,ERR,ERR,ERR,ERR,ERR,ERR,ERR,ERR,ERR,ERR,ERR,ERR,ERR,ERR,ERR,ERR,ERR,ERR,ERR,ERR,ERR,ERR,ERR,ERR,ERR,ERR,ERR,ERR,ERR,ERR,ERR,ERR,ERR,ERR,ERR,ERR,ERR,ERR,ERR,ERR,ERR,ERR,ERR,ERR,ERR,ERR,ERR,ERR,ERR,ERR,ERR,ERR,ERR,ERR,ERR,ERR,ERR,ERR,ERR,ERR,ERR,ERR,ERR,ERR,ERR,ERR,ERR,ERR,ERR,ERR,ERR,ERR,ERR,ERR,ERR,ERR,ERR,ERR,ERR,ERR,ERR,ERR,ERR,ERR,ERR,ERR,ERR,ERR,ERR,ERR,ERR,ERR,ERR,ERR,ERR,ERR,ERR,ERR,ERR,ERR,ERR,2.7184260577004195e+23,-107615280.0,-0.0,0.0,0.0,-0.002,5.98654941627068e+21,0.0,0,0,4,0,7670,-0.0,41,0.0,0.0,0.0,0.0,0.0,0,0,0,0,0.0,0,0,0,0,0,0,0,0,0,0,0,0,0,0,0,0,0,0,0,0,0,0,0,0,0,0,0,0,0,0,0,0,0,23,41,40,63,65476,0,300,0,0,8,21553,0.0,-107605600.0,0.0,0.0,0.0,0.0,0.0,0.0,0.0,0.0,0.0,0.0,0.0,0.0,0.0,0.0,0.0,0.0,0.0,0.0,0.0,2.004,2.004,-0.0,-0.0,-2.004,0.0,0.0,0.0,0.0,1688.75,3.6970977328898245e+19,0.0,2.7184260577004195e+23,-107615280.0,-0.0,2.7184312818759872e+23,0.0,0.0,2.004,2.004,68,4.9504255030366665e+32,89219.055,0.0,0.0,0.0,0.0,0.0,0.0,0.0,0,0,0,0.0,8.641,-4.191445891305313e+37,0.0,0.0,-4.619930269164784e+30,0.0,-2228.221,8.866632762434016e+20,0.0,-0.0,0.692,-0.0,3141918976.0,0.0,0.0,0,1.3516416376850534e+27,68,0.0,136,0.0,98688.258,0,26215,17071,13107,17092,26215,17065,0,0,0,105,99,100,-0.0,50.8,0.0,61.45,-107615200.0,63.0,1,47,48,180,13107,13107,0,0,0.0,0.0,0.0,0.0,2.3623360891524532e+27,66.0,0.0,-0.0,0.0,726,0,696,0,0,0,878,0,981,0,847,0,632,0,613,0,509,0,588,0.032,69544110456832.0,0.0,0.0,59280,16791,2.3623360891524532e+27,-0.0,-0.0,4.302218337802088e+31,4.1580891869410276e+37,0.0,70.0,60.0,66,0.0,0.0,10.0,2.0,0.0,0.0,0.0,0.0,0.0,0.0,0.0,0.0,0.0,0.0,0.0,0.0,62.4,62,18,65518,45,65476,0,300,0,0,8,20529,65476,0,0,44564,60.0,0.0,10.0,10.0,2.0,0.0
2026-02-05T00:02:59,ERR,ERR,ERR,ERR,ERR,ERR,ERR,ERR,ERR,ERR,ERR,ERR,ERR,ERR,ERR,ERR,ERR,ERR,ERR,ERR,ERR,ERR,ERR,ERR,ERR,ERR,ERR,ERR,ERR,ERR,ERR,ERR,ERR,ERR,ERR,ERR,ERR,ERR,ERR,ERR,ERR,ERR,ERR,ERR,ERR,ERR,ERR,ERR,ERR,ERR,ERR,ERR,ERR,ERR,ERR,ERR,ERR,ERR,ERR,ERR,ERR,ERR,ERR,ERR,ERR,ERR,ERR,ERR,ERR,ERR,ERR,ERR,ERR,ERR,ERR,ERR,ERR,ERR,ERR,ERR,ERR,ERR,ERR,ERR,ERR,ERR,ERR,ERR,ERR,ERR,ERR,ERR,ERR,ERR,ERR,ERR,ERR,ERR,ERR,ERR,ERR,ERR,ERR,ERR,ERR,ERR,ERR,ERR,ERR,ERR,ERR,ERR,ERR,ERR,ERR,ERR,ERR,ERR,ERR,ERR,ERR,ERR,ERR,ERR,ERR,2.7184260577004195e+23,-107615280.0,-0.0,0.0,0.0,-0.002,5.98654941627068e+21,0.0,0,0,4,0,7670,-0.0,41,0.0,0.0,0.0,0.0,0.0,0,0,0,0,0.0,0,0,0,0,0,0,0,0,0,0,0,0,0,0,0,0,0,0,0,0,0,0,0,0,0,0,0,0,0,0,0,0,0,23,41,40,63,65476,0,300,0,0,8,21553,0.0,-107605600.0,0.0,0.0,0.0,0.0,0.0,0.0,0.0,0.0,0.0,0.0,0.0,0.0,0.0,0.0,0.0,0.0,0.0,0.0,0.0,2.004,2.004,-0.0,-0.0,-2.004,0.0,0.0,0.0,0.0,1688.75,3.6970977328898245e+19,0.0,2.7184260577004195e+23,-107615280.0,-0.0,2.7184312818759872e+23,0.0,0.0,2.004,2.004,68,4.9504255030366665e+32,89219.055,0.0,0.0,0.0,0.0,0.0,0.0,0.0,0,0,0,0.0,8.641,-4.191445891305313e+37,0.0,0.0,-4.619930269164784e+30,0.0,-2228.221,8.866632762434016e+20,0.0,-0.0,0.692,-0.0,3141918976.0,0.0,0.0,0,1.3516416376850534e+27,68,0.0,136,0.0,98688.258,0,26215,17071,13107,17092,26215,17065,0,0,0,105,99,100,-0.0,50.8,0.0,61.45,-107615200.0,63.0,1,47,48,180,13107,13107,0,0,0.0,0.0,0.0,0.0,2.128132409069535e+23,66.0,0.0,0.0,0.0,726,0,696,0,0,0,877,0,981,0,847,0,632,0,613,0,509,0,588,0.032,69818988363776.0,0.0,0.0,64400,16791,35255792697344.0,7.756745634875988e+23,765579362304.0,-5.191737126938156e+28,0.0,-0.0,70.0,60.0,66,0.0,0.0,10.0,2.0,0.0,0.0,0.0,0.0,0.0,0.0,0.0,0.0,0.0,0.0,0.0,0.0,62.4,62,18,65518,45,65476,0,300,0,0,8,20529,65476,0,0,44564,60.0,0.0,10.0,10.0,2.0,0.0
2026-02-05T00:03:00,ERR,ERR,ERR,ERR,ERR,ERR,ERR,ERR,ERR,ERR,ERR,ERR,ERR,ERR,ERR,ERR,ERR,ERR,ERR,ERR,ERR,ERR,ERR,ERR,ERR,ERR,ERR,ERR,ERR,ERR,ERR,ERR,ERR,ERR,ERR,ERR,ERR,ERR,ERR,ERR,ERR,ERR,ERR,ERR,ERR,ERR,ERR,ERR,ERR,ERR,ERR,ERR,ERR,ERR,ERR,ERR,ERR,ERR,ERR,ERR,ERR,ERR,ERR,ERR,ERR,ERR,ERR,ERR,ERR,ERR,ERR,ERR,ERR,ERR,ERR,ERR,ERR,ERR,ERR,ERR,ERR,ERR,ERR,ERR,ERR,ERR,ERR,ERR,ERR,ERR,ERR,ERR,ERR,ERR,ERR,ERR,ERR,ERR,ERR,ERR,ERR,ERR,ERR,ERR,ERR,ERR,ERR,ERR,ERR,ERR,ERR,ERR,ERR,ERR,ERR,ERR,ERR,ERR,ERR,ERR,ERR,ERR,ERR,ERR,ERR,2.7184260577004195e+23,-107615280.0,-0.0,0.0,0.0,-0.002,5.98654941627068e+21,0.0,0,0,4,0,7670,-0.0,41,0.0,0.0,0.0,0.0,0.0,0,0,0,0,0.0,0,0,0,0,0,0,0,0,0,0,0,0,0,0,0,0,0,0,0,0,0,0,0,0,0,0,0,0,0,0,0,0,0,23,41,40,63,65476,0,300,0,0,8,21553,0.0,-107605600.0,0.0,0.0,0.0,0.0,0.0,0.0,0.0,0.0,0.0,0.0,0.0,0.0,0.0,0.0,0.0,0.0,0.0,0.0,0.0,2.004,2.004,-0.0,-0.0,-2.004,0.0,0.0,0.0,0.0,1688.75,3.6970977328898245e+19,0.0,2.7184260577004195e+23,-107615280.0,-0.0,2.7184312818759872e+23,0.0,0.0,2.004,2.004,68,4.9504255030366665e+32,89219.055,0.0,0.0,0.0,0.0,0.0,0.0,0.0,0,0,0,0.0,8.641,-4.191445891305313e+37,0.0,0.0,-4.619930269164784e+30,0.0,-2228.221,8.866632762434016e+20,0.0,-0.0,0.692,-0.0,3141918976.0,0.0,0.0,0,1.3516416376850534e+27,68,0.0,136,0.0,98688.258,0,26215,17071,13107,17092,26215,17065,0,0,0,105,99,100,-0.0,50.8,0.0,61.45,-107615200.0,63.0,1,47,48,180,13107,13107,0,0,0.0,0.0,0.0,0.0,2.128132409069535e+23,66.0,0.0,0.0,0.0,726,0,696,0,0,0,877,0,981,0,847,0,632,0,613,0,509,0,588,0.032,69818988363776.0,0.0,0.0,64400,16791,35255792697344.0,7.756745634875988e+23,765579362304.0,-5.191737126938156e+28,0.0,-0.0,70.0,60.0,66,0.0,0.0,10.0,2.0,0.0,0.0,0.0,0.0,0.0,0.0,0.0,0.0,0.0,0.0,0.0,0.0,62.4,62,18,65518,45,65476,0,300,0,0,8,20529,65476,0,0,44564,60.0,0.0,10.0,10.0,2.0,0.0
2026-02-05T00:03:01,ERR,ERR,ERR,ERR,ERR,ERR,ERR,ERR,ERR,ERR,ERR,ERR,ERR,ERR,ERR,ERR,ERR,ERR,ERR,ERR,ERR,ERR,ERR,ERR,ERR,ERR,ERR,ERR,ERR,ERR,ERR,ERR,ERR,ERR,ERR,ERR,ERR,ERR,ERR,ERR,ERR,ERR,ERR,ERR,ERR,ERR,ERR,ERR,ERR,ERR,ERR,ERR,ERR,ERR,ERR,ERR,ERR,ERR,ERR,ERR,ERR,ERR,ERR,ERR,ERR,ERR,ERR,ERR,ERR,ERR,ERR,ERR,ERR,ERR,ERR,ERR,ERR,ERR,ERR,ERR,ERR,ERR,ERR,ERR,ERR,ERR,ERR,ERR,ERR,ERR,ERR,ERR,ERR,ERR,ERR,ERR,ERR,ERR,ERR,ERR,ERR,ERR,ERR,ERR,ERR,ERR,ERR,ERR,ERR,ERR,ERR,ERR,ERR,ERR,ERR,ERR,ERR,ERR,ERR,ERR,ERR,ERR,ERR,ERR,ERR,2.7184260577004195e+23,-107615280.0,-0.0,0.0,0.0,-0.002,5.98654941627068e+21,0.0,0,0,4,0,7670,-0.0,41,0.0,0.0,0.0,0.0,0.0,0,0,0,0,0.0,0,0,0,0,0,0,0,0,0,0,0,0,0,0,0,0,0,0,0,0,0,0,0,0,0,0,0,0,0,0,0,0,0,23,41,40,63,65476,0,300,0,0,8,21553,0.0,-107605600.0,0.0,0.0,0.0,0.0,0.0,0.0,0.0,0.0,0.0,0.0,0.0,0.0,0.0,0.0,0.0,0.0,0.0,0.0,0.0,2.004,2.004,-0.0,-0.0,-2.004,0.0,0.0,0.0,0.0,1688.75,3.6970977328898245e+19,0.0,2.7184260577004195e+23,-107615280.0,-0.0,2.7184312818759872e+23,0.0,0.0,2.004,2.004,68,4.9504255030366665e+32,89219.055,0.0,0.0,0.0,0.0,0.0,0.0,0.0,0,0,0,0.0,8.641,-4.191445891305313e+37,0.0,0.0,-4.619930269164784e+30,0.0,-2228.221,8.866632762434016e+20,0.0,-0.0,0.692,-0.0,3141918976.0,0.0,0.0,0,1.3516416376850534e+27,68,0.0,136,0.0,98688.258,0,26215,17071,13107,17092,26215,17065,0,0,0,105,99,100,-0.0,50.8,0.0,61.45,-107615200.0,63.0,1,47,48,180,13107,13107,0,0,0.0,0.0,0.0,0.0,2.128132409069535e+23,66.0,0.0,0.0,0.0,726,0,696,0,0,0,877,0,981,0,847,0,632,0,613,0,509,0,588,0.032,69818988363776.0,0.0,0.0,64400,16791,35255792697344.0,7.756745634875988e+23,765579362304.0,-5.191737126938156e+28,0.0,-0.0,70.0,60.0,66,0.0,0.0,10.0,2.0,0.0,0.0,0.0,0.0,0.0,0.0,0.0,0.0,0.0,0.0,0.0,0.0,62.0,62,18,65518,45,65476,0,300,0,0,8,20529,65476,0,0,44564,60.0,0.0,10.0,10.0,2.0,0.0
2026-02-05T00:03:02,ERR,ERR,ERR,ERR,ERR,ERR,ERR,ERR,ERR,ERR,ERR,ERR,ERR,ERR,ERR,ERR,ERR,ERR,ERR,ERR,ERR,ERR,ERR,ERR,ERR,ERR,ERR,ERR,ERR,ERR,ERR,ERR,ERR,ERR,ERR,ERR,ERR,ERR,ERR,ERR,ERR,ERR,ERR,ERR,ERR,ERR,ERR,ERR,ERR,ERR,ERR,ERR,ERR,ERR,ERR,ERR,ERR,ERR,ERR,ERR,ERR,ERR,ERR,ERR,ERR,ERR,ERR,ERR,ERR,ERR,ERR,ERR,ERR,ERR,ERR,ERR,ERR,ERR,ERR,ERR,ERR,ERR,ERR,ERR,ERR,ERR,ERR,ERR,ERR,ERR,ERR,ERR,ERR,ERR,ERR,ERR,ERR,ERR,ERR,ERR,ERR,ERR,ERR,ERR,ERR,ERR,ERR,ERR,ERR,ERR,ERR,ERR,ERR,ERR,ERR,ERR,ERR,ERR,ERR,ERR,ERR,ERR,ERR,ERR,ERR,2.7184260577004195e+23,-107615280.0,-0.0,0.0,0.0,253176.547,0.0,0.0,0,0,4,0,7670,-0.0,41,0.0,0.0,0.0,0.0,0.0,0,0,0,0,0.0,0,0,0,0,0,0,0,0,0,0,0,0,0,0,0,0,0,0,0,0,0,0,0,0,0,0,0,0,0,0,0,0,0,23,41,40,64,65476,0,300,0,0,8,21553,0.0,-107605600.0,0.0,0.0,0.0,0.0,0.0,0.0,0.0,0.0,0.0,0.0,0.0,0.0,0.0,0.0,0.0,0.0,0.0,0.0,0.0,2.004,2.004,-0.0,-0.0,-2.004,0.0,0.0,0.0,0.0,1680.75,2.004,0.0,2.7184260577004195e+23,-107615280.0,-0.0,2.7184312818759872e+23,0.0,0.0,2.004,2.004,68,4.9504255030366665e+32,-0.0,0.0,0.0,0.0,0.0,0.0,0.0,0.0,0,0,0,0.0,0.0,0.0,0.0,0.0,-726909779968.0,0.0,-0.0,0.009,0.0,-0.0,0.692,-0.0,3158696192.0,0.0,-3.3936020688589884e+37,0,1.3516416376850534e+27,68,0.0,136,0.0,98688.258,0,26215,17071,13107,17092,26215,17065,0,0,0,105,99,100,-0.0,50.8,0.0,61.45,-107615200.0,63.0,1,47,48,180,13107,13107,0,0,0.0,0.0,0.0,0.0,2.128132409069535e+23,66.0,0.0,0.0,0.0,726,0,696,0,0,0,877,0,981,0,847,0,632,0,613,0,509,0,588,0.032,69818988363776.0,0.0,0.0,64400,16791,35255792697344.0,7.756745634875988e+23,765579362304.0,-5.191737126938156e+28,0.0,-0.0,70.0,60.0,66,0.0,0.0,10.0,2.0,0.0,0.0,0.0,0.0,0.0,0.0,0.0,0.0,0.0,0.0,0.0,0.0,62.0,62,18,65518,45,65476,0,300,0,0,8,20529,65476,0,0,44564,60.0,0.0,10.0,10.0,2.0,0.0
2026-02-05T00:03:03,ERR,ERR,ERR,ERR,ERR,ERR,ERR,ERR,ERR,ERR,ERR,ERR,ERR,ERR,ERR,ERR,ERR,ERR,ERR,ERR,ERR,ERR,ERR,ERR,ERR,ERR,ERR,ERR,ERR,ERR,ERR,ERR,ERR,ERR,ERR,ERR,ERR,ERR,ERR,ERR,ERR,ERR,ERR,ERR,ERR,ERR,ERR,ERR,ERR,ERR,ERR,ERR,ERR,ERR,ERR,ERR,ERR,ERR,ERR,ERR,ERR,ERR,ERR,ERR,ERR,ERR,ERR,ERR,ERR,ERR,ERR,ERR,ERR,ERR,ERR,ERR,ERR,ERR,ERR,ERR,ERR,ERR,ERR,ERR,ERR,ERR,ERR,ERR,ERR,ERR,ERR,ERR,ERR,ERR,ERR,ERR,ERR,ERR,ERR,ERR,ERR,ERR,ERR,ERR,ERR,ERR,ERR,ERR,ERR,ERR,ERR,ERR,ERR,ERR,ERR,ERR,ERR,ERR,ERR,ERR,ERR,ERR,ERR,ERR,ERR,2.7184260577004195e+23,-107615280.0,-0.0,0.0,0.0,253176.547,0.0,0.0,0,0,4,0,7670,-0.0,41,0.0,0.0,0.0,0.0,0.0,0,0,0,0,0.0,0,0,0,0,0,0,0,0,0,0,0,0,0,0,0,0,0,0,0,0,0,0,0,0,0,0,0,0,0,0,0,0,0,23,41,40,64,65476,0,300,0,0,8,21553,0.0,-107605600.0,0.0,0.0,0.0,0.0,0.0,0.0,0.0,0.0,0.0,0.0,0.0,0.0,0.0,0.0,0.0,0.0,0.0,0.0,0.0,2.004,2.004,-0.0,-0.0,-2.004,0.0,0.0,0.0,0.0,1680.75,2.004,0.0,2.7184260577004195e+23,-107615280.0,-0.0,2.7184312818759872e+23,0.0,0.0,2.004,2.004,68,4.9504255030366665e+32,-0.0,0.0,0.0,0.0,0.0,0.0,0.0,0.0,0,0,0,0.0,0.0,0.0,0.0,0.0,-726909779968.0,0.0,-0.0,0.009,0.0,-0.0,0.692,-0.0,3158696192.0,0.0,-3.3936020688589884e+37,0,1.3516416376850534e+27,68,0.0,136,0.0,98688.258,0,26215,17071,13107,17092,26215,17065,0,0,0,105,99,100,-0.0,50.8,0.0,61.45,-107615200.0,63.0,1,47,48,180,13107,13107,0,0,0.0,0.0,0.0,0.0,1.0896037934436019e+26,66.0,0.0,-0.0,0.0,726,0,696,0,0,0,877,0,981,0,847,0,632,0,613,0,509,0,589,0.032,69818988363776.0,0.0,0.0,53136,16791,845567659868160.0,-5608.175,-1.3137658500855326e+29,1.2866860947273109e+33,-0.0,-2.905452699843023e+33,70.0,60.0,66,0.0,0.0,10.0,2.0,0.0,0.0,0.0,0.0,0.0,0.0,0.0,0.0,0.0,0.0,0.0,0.0,62.0,62,18,65518,45,65476,0,300,0,0,8,20529,65476,0,0,44564,60.0,0.0,10.0,10.0,2.0,0.0
2026-02-05T00:03:04,ERR,ERR,ERR,ERR,ERR,ERR,ERR,ERR,ERR,ERR,ERR,ERR,ERR,ERR,ERR,ERR,ERR,ERR,ERR,ERR,ERR,ERR,ERR,ERR,ERR,ERR,ERR,ERR,ERR,ERR,ERR,ERR,ERR,ERR,ERR,ERR,ERR,ERR,ERR,ERR,ERR,ERR,ERR,ERR,ERR,ERR,ERR,ERR,ERR,ERR,ERR,ERR,ERR,ERR,ERR,ERR,ERR,ERR,ERR,ERR,ERR,ERR,ERR,ERR,ERR,ERR,ERR,ERR,ERR,ERR,ERR,ERR,ERR,ERR,ERR,ERR,ERR,ERR,ERR,ERR,ERR,ERR,ERR,ERR,ERR,ERR,ERR,ERR,ERR,ERR,ERR,ERR,ERR,ERR,ERR,ERR,ERR,ERR,ERR,ERR,ERR,ERR,ERR,ERR,ERR,ERR,ERR,ERR,ERR,ERR,ERR,ERR,ERR,ERR,ERR,ERR,ERR,ERR,ERR,ERR,ERR,ERR,ERR,ERR,ERR,2.7184260577004195e+23,-107615280.0,-0.0,0.0,0.0,253176.547,0.0,0.0,0,0,4,0,7670,-0.0,41,0.0,0.0,0.0,0.0,0.0,0,0,0,0,0.0,0,0,0,0,0,0,0,0,0,0,0,0,0,0,0,0,0,0,0,0,0,0,0,0,0,0,0,0,0,0,0,0,0,23,41,40,64,65476,0,300,0,0,8,21553,0.0,-107605600.0,0.0,0.0,0.0,0.0,0.0,0.0,0.0,0.0,0.0,0.0,0.0,0.0,0.0,0.0,0.0,0.0,0.0,0.0,0.0,2.004,2.004,-0.0,-0.0,-2.004,0.0,0.0,0.0,0.0,1680.75,2.004,0.0,2.7184260577004195e+23,-107615280.0,-0.0,2.7184312818759872e+23,0.0,0.0,2.004,2.004,68,4.9504255030366665e+32,-0.0,0.0,0.0,0.0,0.0,0.0,0.0,0.0,0,0,0,0.0,0.0,0.0,0.0,0.0,-726909779968.0,0.0,-0.0,0.009,0.0,-0.0,0.692,-0.0,3158696192.0,0.0,-3.3936020688589884e+37,0,1.3516416376850534e+27,68,0.0,136,0.0,98688.258,0,26215,17071,13107,17092,26215,17065,0,0,0,105,99,100,-0.0,50.8,0.0,61.45,-107615200.0,63.0,1,47,48,180,13107,13107,0,0,0.0,0.0,0.0,0.0,1.0896037934436019e+26,66.0,0.0,-0.0,0.0,726,0,696,0,0,0,877,0,981,0,847,0,632,0,613,0,509,0,589,0.032,69818988363776.0,0.0,0.0,53136,16791,845567659868160.0,-5608.175,-1.3137658500855326e+29,1.2866860947273109e+33,-0.0,-2.905452699843023e+33,70.0,60.0,66,0.0,0.0,10.0,2.0,0.0,0.0,0.0,0.0,0.0,0.0,0.0,0.0,0.0,0.0,0.0,0.0,62.0,62,18,65518,45,65476,0,300,0,0,8,20529,65476,0,0,44564,60.0,0.0,10.0,10.0,2.0,0.0
2026-02-05T00:03:05,ERR,ERR,ERR,ERR,ERR,ERR,ERR,ERR,ERR,ERR,ERR,ERR,ERR,ERR,ERR,ERR,ERR,ERR,ERR,ERR,ERR,ERR,ERR,ERR,ERR,ERR,ERR,ERR,ERR,ERR,ERR,ERR,ERR,ERR,ERR,ERR,ERR,ERR,ERR,ERR,ERR,ERR,ERR,ERR,ERR,ERR,ERR,ERR,ERR,ERR,ERR,ERR,ERR,ERR,ERR,ERR,ERR,ERR,ERR,ERR,ERR,ERR,ERR,ERR,ERR,ERR,ERR,ERR,ERR,ERR,ERR,ERR,ERR,ERR,ERR,ERR,ERR,ERR,ERR,ERR,ERR,ERR,ERR,ERR,ERR,ERR,ERR,ERR,ERR,ERR,ERR,ERR,ERR,ERR,ERR,ERR,ERR,ERR,ERR,ERR,ERR,ERR,ERR,ERR,ERR,ERR,ERR,ERR,ERR,ERR,ERR,ERR,ERR,ERR,ERR,ERR,ERR,ERR,ERR,ERR,ERR,ERR,ERR,ERR,ERR,2.7184260577004195e+23,-107615280.0,-0.0,0.0,0.0,253176.547,0.0,0.0,0,0,4,0,7670,-0.0,41,0.0,0.0,0.0,0.0,0.0,0,0,0,0,0.0,0,0,0,0,0,0,0,0,0,0,0,0,0,0,0,0,0,0,0,0,0,0,0,0,0,0,0,0,0,0,0,0,0,23,41,40,64,65476,0,300,0,0,8,21553,0.0,-107605600.0,0.0,0.0,0.0,0.0,0.0,0.0,0.0,0.0,0.0,0.0,0.0,0.0,0.0,0.0,0.0,0.0,0.0,0.0,0.0,2.004,2.004,-0.0,-0.0,-2.004,0.0,0.0,0.0,0.0,1680.75,2.004,0.0,2.7184260577004195e+23,-107615280.0,-0.0,2.7184312818759872e+23,0.0,0.0,2.004,2.004,68,4.9504255030366665e+32,-0.0,0.0,0.0,0.0,0.0,0.0,0.0,0.0,0,0,0,0.0,0.0,0.0,0.0,0.0,-726909779968.0,0.0,-0.0,0.009,0.0,-0.0,0.692,-0.0,3158696192.0,0.0,-3.3936020688589884e+37,0,1.3516416376850534e+27,68,0.0,136,0.0,98688.258,0,26215,17071,13107,17092,26215,17065,0,0,0,105,99,100,-0.0,50.8,0.0,61.45,-107615200.0,63.0,1,47,48,180,13107,13107,0,0,0.0,0.0,0.0,0.0,1.0896037934436019e+26,66.0,0.0,-0.0,0.0,726,0,696,0,0,0,877,0,981,0,847,0,632,0,613,0,509,0,589,0.032,69818988363776.0,0.0,0.0,53136,16791,845567659868160.0,-5608.175,-1.3137658500855326e+29,1.2866860947273109e+33,-0.0,-2.905452699843023e+33,70.0,60.0,66,0.0,0.0,10.0,2.0,0.0,0.0,0.0,0.0,0.0,0.0,0.0,0.0,0.0,0.0,0.0,0.0,62.0,62,18,65518,45,65476,0,300,0,0,8,20529,65476,0,0,44564,60.0,0.0,10.0,10.0,2.0,0.0
2026-02-05T00:03:06,ERR,ERR,ERR,ERR,ERR,ERR,ERR,ERR,ERR,ERR,ERR,ERR,ERR,ERR,ERR,ERR,ERR,ERR,ERR,ERR,ERR,ERR,ERR,ERR,ERR,ERR,ERR,ERR,ERR,ERR,ERR,ERR,ERR,ERR,ERR,ERR,ERR,ERR,ERR,ERR,ERR,ERR,ERR,ERR,ERR,ERR,ERR,ERR,ERR,ERR,ERR,ERR,ERR,ERR,ERR,ERR,ERR,ERR,ERR,ERR,ERR,ERR,ERR,ERR,ERR,ERR,ERR,ERR,ERR,ERR,ERR,ERR,ERR,ERR,ERR,ERR,ERR,ERR,ERR,ERR,ERR,ERR,ERR,ERR,ERR,ERR,ERR,ERR,ERR,ERR,ERR,ERR,ERR,ERR,ERR,ERR,ERR,ERR,ERR,ERR,ERR,ERR,ERR,ERR,ERR,ERR,ERR,ERR,ERR,ERR,ERR,ERR,ERR,ERR,ERR,ERR,ERR,ERR,ERR,ERR,ERR,ERR,ERR,ERR,ERR,2.7184260577004195e+23,-107615280.0,-0.0,0.0,0.0,253176.547,0.0,0.0,0,0,4,0,7670,-0.0,41,0.0,0.0,0.0,0.0,0.0,0,0,0,0,0.0,0,0,0,0,0,0,0,0,0,0,0,0,0,0,0,0,0,0,0,0,0,0,0,0,0,0,0,0,0,0,0,0,0,23,41,40,64,65476,0,300,0,0,8,21553,0.0,-107605600.0,0.0,0.0,0.0,0.0,0.0,0.0,0.0,0.0,0.0,0.0,0.0,0.0,0.0,0.0,0.0,0.0,0.0,0.0,0.0,2.004,2.004,-0.0,-0.0,-2.004,0.0,0.0,0.0,0.0,1680.75,2.004,0.0,2.7184260577004195e+23,-107615280.0,-0.0,2.7184312818759872e+23,0.0,0.0,2.004,2.004,68,4.9504255030366665e+32,-0.0,0.0,0.0,0.0,0.0,0.0,0.0,0.0,0,0,0,0.0,0.0,0.0,0.0,0.0,-726909779968.0,0.0,-0.0,0.009,0.0,-0.0,0.692,-0.0,3158696192.0,0.0,-3.3936020688589884e+37,0,1.3516416376850534e+27,68,0.0,136,0.0,98688.258,0,26215,17071,13107,17092,26215,17065,0,0,0,105,99,100,-0.0,50.8,0.0,61.45,-107615200.0,63.0,1,47,48,180,13107,13107,0,0,0.0,0.0,0.0,0.0,1.0896037934436019e+26,66.0,0.0,-0.0,0.0,726,0,696,0,0,0,877,0,981,0,847,0,632,0,613,0,509,0,589,0.032,69818988363776.0,0.0,0.0,53136,16791,845567659868160.0,-5608.175,-1.3137658500855326e+29,1.2866860947273109e+33,-0.0,-2.905452699843023e+33,70.0,60.0,66,0.0,0.0,10.0,2.0,0.0,0.0,0.0,0.0,0.0,0.0,0.0,0.0,0.0,0.0,0.0,0.0,62.0,62,18,65518,45,65476,0,300,0,0,8,20529,65476,0,0,44564,60.0,0.0,10.0,10.0,2.0,0.0
2026-02-05T00:03:07,ERR,ERR,ERR,ERR,ERR,ERR,ERR,ERR,ERR,ERR,ERR,ERR,ERR,ERR,ERR,ERR,ERR,ERR,ERR,ERR,ERR,ERR,ERR,ERR,ERR,ERR,ERR,ERR,ERR,ERR,ERR,ERR,ERR,ERR,ERR,ERR,ERR,ERR,ERR,ERR,ERR,ERR,ERR,ERR,ERR,ERR,ERR,ERR,ERR,ERR,ERR,ERR,ERR,ERR,ERR,ERR,ERR,ERR,ERR,ERR,ERR,ERR,ERR,ERR,ERR,ERR,ERR,ERR,ERR,ERR,ERR,ERR,ERR,ERR,ERR,ERR,ERR,ERR,ERR,ERR,ERR,ERR,ERR,ERR,ERR,ERR,ERR,ERR,ERR,ERR,ERR,ERR,ERR,ERR,ERR,ERR,ERR,ERR,ERR,ERR,ERR,ERR,ERR,ERR,ERR,ERR,ERR,ERR,ERR,ERR,ERR,ERR,ERR,ERR,ERR,ERR,ERR,ERR,ERR,ERR,ERR,ERR,ERR,ERR,ERR,2.7184260577004195e+23,-107615280.0,-0.0,0.0,0.0,253176.547,0.0,0.0,0,0,4,0,7670,-0.0,41,0.0,0.0,0.0,0.0,0.0,0,0,0,0,0.0,0,0,0,0,0,0,0,0,0,0,0,0,0,0,0,0,0,0,0,0,0,0,0,0,0,0,0,0,0,0,0,0,0,23,41,40,64,65476,0,300,0,0,8,21553,0.0,-107605600.0,0.0,0.0,0.0,0.0,0.0,0.0,0.0,0.0,0.0,0.0,0.0,0.0,0.0,0.0,0.0,0.0,0.0,0.0,0.0,2.004,2.004,-0.0,-0.0,-2.004,0.0,0.0,0.0,0.0,1680.75,2.004,0.0,2.7184260577004195e+23,-107615280.0,-0.0,2.7184312818759872e+23,0.0,0.0,2.004,2.004,68,4.9504255030366665e+32,-0.0,0.0,0.0,0.0,0.0,0.0,0.0,0.0,0,0,0,0.0,0.0,0.0,0.0,0.0,-726909779968.0,0.0,-0.0,0.009,0.0,-0.0,0.692,-0.0,3158696192.0,0.0,-3.3936020688589884e+37,0,1.3516416376850534e+27,68,0.0,136,0.0,98688.258,0,26215,17071,13107,17092,26215,17065,0,0,0,105,99,100,-0.0,50.8,0.0,61.45,-107615200.0,63.0,1,47,48,180,13107,13107,0,0,0.0,0.0,0.0,0.0,1.0896037934436019e+26,66.0,0.0,-0.0,0.0,726,0,696,0,0,0,877,0,981,0,847,0,632,0,613,0,509,0,589,0.032,69818988363776.0,0.0,0.0,53136,16791,845567659868160.0,-5608.175,-1.3137658500855326e+29,1.2866860947273109e+33,-0.0,-2.905452699843023e+33,70.0,60.0,66,0.0,0.0,10.0,2.0,0.0,0.0,0.0,0.0,0.0,0.0,0.0,0.0,0.0,0.0,0.0,0.0,62.0,62,18,65518,45,65476,0,300,0,0,8,20529,65476,0,0,44564,60.0,0.0,10.0,10.0,2.0,0.0
2026-02-05T00:03:08,ERR,ERR,ERR,ERR,ERR,ERR,ERR,ERR,ERR,ERR,ERR,ERR,ERR,ERR,ERR,ERR,ERR,ERR,ERR,ERR,ERR,ERR,ERR,ERR,ERR,ERR,ERR,ERR,ERR,ERR,ERR,ERR,ERR,ERR,ERR,ERR,ERR,ERR,ERR,ERR,ERR,ERR,ERR,ERR,ERR,ERR,ERR,ERR,ERR,ERR,ERR,ERR,ERR,ERR,ERR,ERR,ERR,ERR,ERR,ERR,ERR,ERR,ERR,ERR,ERR,ERR,ERR,ERR,ERR,ERR,ERR,ERR,ERR,ERR,ERR,ERR,ERR,ERR,ERR,ERR,ERR,ERR,ERR,ERR,ERR,ERR,ERR,ERR,ERR,ERR,ERR,ERR,ERR,ERR,ERR,ERR,ERR,ERR,ERR,ERR,ERR,ERR,ERR,ERR,ERR,ERR,ERR,ERR,ERR,ERR,ERR,ERR,ERR,ERR,ERR,ERR,ERR,ERR,ERR,ERR,ERR,ERR,ERR,ERR,ERR,2.7184260577004195e+23,-107615280.0,-0.0,0.0,0.0,-0.015,2.734039857464528e+22,0.0,0,0,4,0,7670,-0.0,41,0.0,0.0,0.0,0.0,0.0,0,0,0,0,0.0,0,0,0,0,0,0,0,0,0,0,0,0,0,0,0,0,0,0,0,0,0,0,0,0,0,0,0,0,0,0,0,0,0,23,41,40,64,65476,0,300,0,0,8,21553,0.0,-107605600.0,0.0,0.0,0.0,0.0,0.0,0.0,0.0,0.0,0.0,0.0,0.0,0.0,0.0,0.0,0.0,0.0,0.0,0.0,0.0,2.004,2.004,-0.0,-0.0,-2.004,0.0,0.0,0.0,0.0,1687.25,0.0,0.0,2.7184260577004195e+23,-107615280.0,-0.0,2.7184312818759872e+23,0.0,0.0,2.004,2.004,68,152018320621568.0,2.7183824628560265e+23,0.0,0.0,0.0,0.0,0.0,0.0,0.0,0,0,0,0.0,-1.2561364564303236e+25,0.0,-0.0,0.0,-0.0,-1.5850881858572154e+23,3.23198188430337e+19,-1.6965231654179242e+38,0.0,-0.0,0.696,-0.0,3158696192.0,0.0,0.0,0,1.3516416376850534e+27,68,0.0,136,0.0,98688.258,0,26215,17071,13107,17092,26215,17065,0,0,0,105,99,100,-0.0,50.8,0.0,61.45,-107615200.0,63.0,1,47,48,180,13107,0,0,0,0.0,0.0,0.0,0.0,8.118180881765499e+17,66.0,0.0,-2.9770458701448082e+26,0.0,726,0,696,0,0,0,877,0,981,0,847,0,632,0,613,0,509,0,589,0.032,69544110456832.0,2.004,-0.0,62608,16791,915448064.0,-2.9770458701448082e+26,-1.7981118738498605e+29,1.2474013674176306e+34,-0.0,-1.92999649142243e+32,70.0,60.0,66,0.0,0.0,10.0,2.0,0.0,0.0,0.0,0.0,0.0,0.0,0.0,0.0,0.0,0.0,0.0,0.0,62.0,62,18,65518,45,65476,0,300,0,0,8,20529,65476,0,0,44564,60.0,0.0,10.0,10.0,2.0,0.0
2026-02-05T00:03:09,ERR,ERR,ERR,ERR,ERR,ERR,ERR,ERR,ERR,ERR,ERR,ERR,ERR,ERR,ERR,ERR,ERR,ERR,ERR,ERR,ERR,ERR,ERR,ERR,ERR,ERR,ERR,ERR,ERR,ERR,ERR,ERR,ERR,ERR,ERR,ERR,ERR,ERR,ERR,ERR,ERR,ERR,ERR,ERR,ERR,ERR,ERR,ERR,ERR,ERR,ERR,ERR,ERR,ERR,ERR,ERR,ERR,ERR,ERR,ERR,ERR,ERR,ERR,ERR,ERR,ERR,ERR,ERR,ERR,ERR,ERR,ERR,ERR,ERR,ERR,ERR,ERR,ERR,ERR,ERR,ERR,ERR,ERR,ERR,ERR,ERR,ERR,ERR,ERR,ERR,ERR,ERR,ERR,ERR,ERR,ERR,ERR,ERR,ERR,ERR,ERR,ERR,ERR,ERR,ERR,ERR,ERR,ERR,ERR,ERR,ERR,ERR,ERR,ERR,ERR,ERR,ERR,ERR,ERR,ERR,ERR,ERR,ERR,ERR,ERR,2.7184260577004195e+23,-107615280.0,-0.0,0.0,0.0,-0.015,2.734039857464528e+22,0.0,0,0,4,0,7670,-0.0,41,0.0,0.0,0.0,0.0,0.0,0,0,0,0,0.0,0,0,0,0,0,0,0,0,0,0,0,0,0,0,0,0,0,0,0,0,0,0,0,0,0,0,0,0,0,0,0,0,0,23,41,40,64,65476,0,300,0,0,8,21553,0.0,-107605600.0,0.0,0.0,0.0,0.0,0.0,0.0,0.0,0.0,0.0,0.0,0.0,0.0,0.0,0.0,0.0,0.0,0.0,0.0,0.0,2.004,2.004,-0.0,-0.0,-2.004,0.0,0.0,0.0,0.0,1687.25,0.0,0.0,2.7184260577004195e+23,-107615280.0,-0.0,2.7184312818759872e+23,0.0,0.0,2.004,2.004,68,152018320621568.0,2.7183824628560265e+23,0.0,0.0,0.0,0.0,0.0,0.0,0.0,0,0,0,0.0,-1.2561364564303236e+25,0.0,-0.0,0.0,-0.0,-1.5850881858572154e+23,3.23198188430337e+19,-1.6965231654179242e+38,0.0,-0.0,0.696,-0.0,3158696192.0,0.0,0.0,0,1.3516416376850534e+27,68,0.0,136,0.0,98688.258,0,26215,17071,13107,17092,26215,17065,0,0,0,105,99,100,-0.0,50.8,0.0,61.45,-107615200.0,63.0,1,47,48,180,13107,0,0,0,0.0,0.0,0.0,0.0,8.118180881765499e+17,66.0,0.0,-2.9770458701448082e+26,0.0,726,0,696,0,0,0,877,0,981,0,847,0,632,0,613,0,509,0,589,0.032,69544110456832.0,2.004,-0.0,62608,16791,915448064.0,-2.9770458701448082e+26,-1.7981118738498605e+29,1.2474013674176306e+34,-0.0,-1.92999649142243e+32,70.0,60.0,66,0.0,0.0,10.0,2.0,0.0,0.0,0.0,0.0,0.0,0.0,0.0,0.0,0.0,0.0,0.0,0.0,62.4,62,18,65518,45,65476,0,300,0,0,8,20529,65476,0,0,44564,60.0,0.0,10.0,10.0,2.0,0.0
2026-02-05T00:03:10,ERR,ERR,ERR,ERR,ERR,ERR,ERR,ERR,ERR,ERR,ERR,ERR,ERR,ERR,ERR,ERR,ERR,ERR,ERR,ERR,ERR,ERR,ERR,ERR,ERR,ERR,ERR,ERR,ERR,ERR,ERR,ERR,ERR,ERR,ERR,ERR,ERR,ERR,ERR,ERR,ERR,ERR,ERR,ERR,ERR,ERR,ERR,ERR,ERR,ERR,ERR,ERR,ERR,ERR,ERR,ERR,ERR,ERR,ERR,ERR,ERR,ERR,ERR,ERR,ERR,ERR,ERR,ERR,ERR,ERR,ERR,ERR,ERR,ERR,ERR,ERR,ERR,ERR,ERR,ERR,ERR,ERR,ERR,ERR,ERR,ERR,ERR,ERR,ERR,ERR,ERR,ERR,ERR,ERR,ERR,ERR,ERR,ERR,ERR,ERR,ERR,ERR,ERR,ERR,ERR,ERR,ERR,ERR,ERR,ERR,ERR,ERR,ERR,ERR,ERR,ERR,ERR,ERR,ERR,ERR,ERR,ERR,ERR,ERR,ERR,2.7184260577004195e+23,-107615280.0,-0.0,0.0,0.0,-0.015,2.734039857464528e+22,0.0,0,0,4,0,7670,-0.0,41,0.0,0.0,0.0,0.0,0.0,0,0,0,0,0.0,0,0,0,0,0,0,0,0,0,0,0,0,0,0,0,0,0,0,0,0,0,0,0,0,0,0,0,0,0,0,0,0,0,23,41,40,64,65476,0,300,0,0,8,21553,0.0,-107605600.0,0.0,0.0,0.0,0.0,0.0,0.0,0.0,0.0,0.0,0.0,0.0,0.0,0.0,0.0,0.0,0.0,0.0,0.0,0.0,2.004,2.004,-0.0,-0.0,-2.004,0.0,0.0,0.0,0.0,1687.25,0.0,0.0,2.7184260577004195e+23,-107615280.0,-0.0,2.7184312818759872e+23,0.0,0.0,2.004,2.004,68,152018320621568.0,2.7183824628560265e+23,0.0,0.0,0.0,0.0,0.0,0.0,0.0,0,0,0,0.0,-1.2561364564303236e+25,0.0,-0.0,0.0,-0.0,-1.5850881858572154e+23,3.23198188430337e+19,-1.6965231654179242e+38,0.0,-0.0,0.696,-0.0,3158696192.0,0.0,0.0,0,1.3516416376850534e+27,68,0.0,136,0.0,98688.258,0,26215,17071,13107,17092,26215,17065,0,0,0,105,99,100,-0.0,50.8,0.0,61.45,-107615200.0,63.0,1,47,48,180,13107,0,0,0,0.0,0.0,0.0,0.0,8.118180881765499e+17,66.0,0.0,-2.9770458701448082e+26,0.0,726,0,696,0,0,0,877,0,981,0,847,0,632,0,613,0,509,0,589,0.032,69544110456832.0,2.004,-0.0,62608,16791,915448064.0,-2.9770458701448082e+26,-1.7981118738498605e+29,1.2474013674176306e+34,-0.0,-1.92999649142243e+32,70.0,60.0,66,0.0,0.0,10.0,2.0,0.0,0.0,0.0,0.0,0.0,0.0,0.0,0.0,0.0,0.0,0.0,0.0,62.4,62,18,65518,45,65476,0,300,0,0,8,20529,65476,0,0,44564,60.0,0.0,10.0,10.0,2.0,0.0
2026-02-05T00:03:11,ERR,ERR,ERR,ERR,ERR,ERR,ERR,ERR,ERR,ERR,ERR,ERR,ERR,ERR,ERR,ERR,ERR,ERR,ERR,ERR,ERR,ERR,ERR,ERR,ERR,ERR,ERR,ERR,ERR,ERR,ERR,ERR,ERR,ERR,ERR,ERR,ERR,ERR,ERR,ERR,ERR,ERR,ERR,ERR,ERR,ERR,ERR,ERR,ERR,ERR,ERR,ERR,ERR,ERR,ERR,ERR,ERR,ERR,ERR,ERR,ERR,ERR,ERR,ERR,ERR,ERR,ERR,ERR,ERR,ERR,ERR,ERR,ERR,ERR,ERR,ERR,ERR,ERR,ERR,ERR,ERR,ERR,ERR,ERR,ERR,ERR,ERR,ERR,ERR,ERR,ERR,ERR,ERR,ERR,ERR,ERR,ERR,ERR,ERR,ERR,ERR,ERR,ERR,ERR,ERR,ERR,ERR,ERR,ERR,ERR,ERR,ERR,ERR,ERR,ERR,ERR,ERR,ERR,ERR,ERR,ERR,ERR,ERR,ERR,ERR,2.7184260577004195e+23,-107615280.0,-0.0,0.0,0.0,-0.015,2.734039857464528e+22,0.0,0,0,4,0,7670,-0.0,41,0.0,0.0,0.0,0.0,0.0,0,0,0,0,0.0,0,0,0,0,0,0,0,0,0,0,0,0,0,0,0,0,0,0,0,0,0,0,0,0,0,0,0,0,0,0,0,0,0,23,41,40,64,65476,0,300,0,0,8,21553,0.0,-107605600.0,0.0,0.0,0.0,0.0,0.0,0.0,0.0,0.0,0.0,0.0,0.0,0.0,0.0,0.0,0.0,0.0,0.0,0.0,0.0,2.004,2.004,-0.0,-0.0,-2.004,0.0,0.0,0.0,0.0,1687.25,0.0,0.0,2.7184260577004195e+23,-107615280.0,-0.0,2.7184312818759872e+23,0.0,0.0,2.004,2.004,68,152018320621568.0,2.7183824628560265e+23,0.0,0.0,0.0,0.0,0.0,0.0,0.0,0,0,0,0.0,-1.2561364564303236e+25,0.0,-0.0,0.0,-0.0,-1.5850881858572154e+23,3.23198188430337e+19,-1.6965231654179242e+38,0.0,-0.0,0.696,-0.0,3158696192.0,0.0,0.0,0,1.3516416376850534e+27,68,0.0,136,0.0,98688.258,0,26215,17071,13107,17092,26215,17065,0,0,0,105,99,100,-0.0,50.8,0.0,61.45,-107615200.0,63.0,1,47,48,180,13107,0,0,0,0.0,0.0,0.0,0.0,8.118180881765499e+17,66.0,0.0,-2.9770458701448082e+26,0.0,726,0,696,0,0,0,877,0,981,0,847,0,632,0,613,0,509,0,589,0.032,69544110456832.0,2.004,-0.0,62608,16791,915448064.0,-2.9770458701448082e+26,-1.7981118738498605e+29,1.2474013674176306e+34,-0.0,-1.92999649142243e+32,70.0,60.0,66,0.0,0.0,10.0,2.0,0.0,0.0,0.0,0.0,0.0,0.0,0.0,0.0,0.0,0.0,0.0,0.0,62.4,62,18,65518,45,65476,0,300,0,0,8,20529,65476,0,0,44564,60.0,0.0,10.0,10.0,2.0,0.0
2026-02-05T00:03:12,ERR,ERR,ERR,ERR,ERR,ERR,ERR,ERR,ERR,ERR,ERR,ERR,ERR,ERR,ERR,ERR,ERR,ERR,ERR,ERR,ERR,ERR,ERR,ERR,ERR,ERR,ERR,ERR,ERR,ERR,ERR,ERR,ERR,ERR,ERR,ERR,ERR,ERR,ERR,ERR,ERR,ERR,ERR,ERR,ERR,ERR,ERR,ERR,ERR,ERR,ERR,ERR,ERR,ERR,ERR,ERR,ERR,ERR,ERR,ERR,ERR,ERR,ERR,ERR,ERR,ERR,ERR,ERR,ERR,ERR,ERR,ERR,ERR,ERR,ERR,ERR,ERR,ERR,ERR,ERR,ERR,ERR,ERR,ERR,ERR,ERR,ERR,ERR,ERR,ERR,ERR,ERR,ERR,ERR,ERR,ERR,ERR,ERR,ERR,ERR,ERR,ERR,ERR,ERR,ERR,ERR,ERR,ERR,ERR,ERR,ERR,ERR,ERR,ERR,ERR,ERR,ERR,ERR,ERR,ERR,ERR,ERR,ERR,ERR,ERR,2.7184260577004195e+23,-107615280.0,-0.0,0.0,0.0,-0.015,2.734039857464528e+22,0.0,0,0,4,0,7670,-0.0,41,0.0,0.0,0.0,0.0,0.0,0,0,0,0,0.0,0,0,0,0,0,0,0,0,0,0,0,0,0,0,0,0,0,0,0,0,0,0,0,0,0,0,0,0,0,0,0,0,0,23,41,40,64,65476,0,300,0,0,8,21553,0.0,-107605600.0,0.0,0.0,0.0,0.0,0.0,0.0,0.0,0.0,0.0,0.0,0.0,0.0,0.0,0.0,0.0,0.0,0.0,0.0,0.0,2.004,2.004,-0.0,-0.0,-2.004,0.0,0.0,0.0,0.0,1687.25,0.0,0.0,2.7184260577004195e+23,-107615280.0,-0.0,2.7184312818759872e+23,0.0,0.0,2.004,2.004,68,152018320621568.0,2.7183824628560265e+23,0.0,0.0,0.0,0.0,0.0,0.0,0.0,0,0,0,0.0,-1.2561364564303236e+25,0.0,-0.0,0.0,-0.0,-1.5850881858572154e+23,3.23198188430337e+19,-1.6965231654179242e+38,0.0,-0.0,0.696,-0.0,3158696192.0,0.0,0.0,0,1.3516416376850534e+27,68,0.0,136,0.0,98688.258,0,26215,17071,13107,17092,26215,17065,0,0,0,105,99,100,-0.0,50.8,0.0,61.45,-107615200.0,63.0,1,47,48,180,13107,13107,0,0,0.0,0.0,0.0,0.0,6.290911193706424e+19,66.0,0.0,-0.0,0.0,726,0,696,0,0,0,877,0,981,0,847,0,632,0,613,0,509,0,589,0.032,69544110456832.0,2.004,-0.0,50192,16791,8.736749234033327e+24,25401438208.0,-87687336.0,-0.0,2.3622978674987324e+27,-3.645,70.0,60.0,66,0.0,0.0,10.0,2.0,0.0,0.0,0.0,0.0,0.0,0.0,0.0,0.0,0.0,0.0,0.0,0.0,62.0,62,18,65518,45,65476,0,300,0,0,8,20529,65476,0,0,44564,60.0,0.0,10.0,10.0,2.0,0.0
2026-02-05T00:03:13,ERR,ERR,ERR,ERR,ERR,ERR,ERR,ERR,ERR,ERR,ERR,ERR,ERR,ERR,ERR,ERR,ERR,ERR,ERR,ERR,ERR,ERR,ERR,ERR,ERR,ERR,ERR,ERR,ERR,ERR,ERR,ERR,ERR,ERR,ERR,ERR,ERR,ERR,ERR,ERR,ERR,ERR,ERR,ERR,ERR,ERR,ERR,ERR,ERR,ERR,ERR,ERR,ERR,ERR,ERR,ERR,ERR,ERR,ERR,ERR,ERR,ERR,ERR,ERR,ERR,ERR,ERR,ERR,ERR,ERR,ERR,ERR,ERR,ERR,ERR,ERR,ERR,ERR,ERR,ERR,ERR,ERR,ERR,ERR,ERR,ERR,ERR,ERR,ERR,ERR,ERR,ERR,ERR,ERR,ERR,ERR,ERR,ERR,ERR,ERR,ERR,ERR,ERR,ERR,ERR,ERR,ERR,ERR,ERR,ERR,ERR,ERR,ERR,ERR,ERR,ERR,ERR,ERR,ERR,ERR,ERR,ERR,ERR,ERR,ERR,2.7184260577004195e+23,-107615280.0,-0.0,0.0,0.0,-0.015,2.734039857464528e+22,0.0,0,0,4,0,7670,-0.0,41,0.0,0.0,0.0,0.0,0.0,0,0,0,0,0.0,0,0,0,0,0,0,0,0,0,0,0,0,0,0,0,0,0,0,0,0,0,0,0,0,0,0,0,0,0,0,0,0,0,23,41,40,64,65476,0,300,0,0,8,21553,0.0,-107605600.0,0.0,0.0,0.0,0.0,0.0,0.0,0.0,0.0,0.0,0.0,0.0,0.0,0.0,0.0,0.0,0.0,0.0,0.0,0.0,2.004,2.004,-0.0,-0.0,-2.004,0.0,0.0,0.0,0.0,1687.25,0.0,0.0,2.7184260577004195e+23,-107615280.0,-0.0,2.7184312818759872e+23,0.0,0.0,2.004,2.004,68,152018320621568.0,2.7183824628560265e+23,0.0,0.0,0.0,0.0,0.0,0.0,0.0,0,0,0,0.0,-1.2561364564303236e+25,0.0,-0.0,0.0,-0.0,-1.5850881858572154e+23,3.23198188430337e+19,-1.6965231654179242e+38,0.0,-0.0,0.696,-0.0,3158696192.0,0.0,0.0,0,1.3516416376850534e+27,68,0.0,136,0.0,98688.258,0,26215,17071,13107,17092,26215,17065,0,0,0,105,99,100,-0.0,50.8,0.0,61.45,-107615200.0,63.0,1,47,48,180,13107,13107,0,0,0.0,0.0,0.0,0.0,6.290911193706424e+19,66.0,0.0,-0.0,0.0,726,0,696,0,0,0,877,0,981,0,847,0,632,0,613,0,509,0,589,0.032,69544110456832.0,2.004,-0.0,50192,16791,8.736749234033327e+24,25401438208.0,-87687336.0,-0.0,2.3622978674987324e+27,-3.645,70.0,60.0,66,0.0,0.0,10.0,2.0,0.0,0.0,0.0,0.0,0.0,0.0,0.0,0.0,0.0,0.0,0.0,0.0,62.0,62,18,65518,45,65476,0,300,0,0,8,20529,65476,0,0,44564,60.0,0.0,10.0,10.0,2.0,0.0
2026-02-05T00:03:14,ERR,ERR,ERR,ERR,ERR,ERR,ERR,ERR,ERR,ERR,ERR,ERR,ERR,ERR,ERR,ERR,ERR,ERR,ERR,ERR,ERR,ERR,ERR,ERR,ERR,ERR,ERR,ERR,ERR,ERR,ERR,ERR,ERR,ERR,ERR,ERR,ERR,ERR,ERR,ERR,ERR,ERR,ERR,ERR,ERR,ERR,ERR,ERR,ERR,ERR,ERR,ERR,ERR,ERR,ERR,ERR,ERR,ERR,ERR,ERR,ERR,ERR,ERR,ERR,ERR,ERR,ERR,ERR,ERR,ERR,ERR,ERR,ERR,ERR,ERR,ERR,ERR,ERR,ERR,ERR,ERR,ERR,ERR,ERR,ERR,ERR,ERR,ERR,ERR,ERR,ERR,ERR,ERR,ERR,ERR,ERR,ERR,ERR,ERR,ERR,ERR,ERR,ERR,ERR,ERR,ERR,ERR,ERR,ERR,ERR,ERR,ERR,ERR,ERR,ERR,ERR,ERR,ERR,ERR,ERR,ERR,ERR,ERR,ERR,ERR,2.7184260577004195e+23,-107615280.0,-0.0,0.0,0.0,0.0,-0.0,0.0,0,0,4,0,7670,-0.0,41,0.0,0.0,0.0,0.0,0.0,0,0,0,0,0.0,0,0,0,0,0,0,0,0,0,0,0,0,0,0,0,0,0,0,0,0,0,0,0,0,0,0,0,0,0,0,0,0,0,23,41,40,63,65476,0,300,0,0,8,21553,0.0,-107605600.0,0.0,0.0,0.0,0.0,0.0,0.0,0.0,0.0,0.0,0.0,0.0,0.0,0.0,0.0,0.0,0.0,0.0,0.0,0.0,2.004,2.004,-0.0,-0.0,-2.004,0.0,0.0,0.0,0.0,1681.0,2.004,0.0,2.7184260577004195e+23,-107615280.0,-0.0,2.7184312818759872e+23,0.0,0.0,2.004,2.004,68,4.066877080952309e+29,-0.0,0.0,0.0,0.0,0.0,0.0,0.0,0.0,0,0,0,0.03,0.015,0.0,-3.4475870737567395e+29,0.0,-4.619930269164784e+30,1.4615280302445036e+18,-0.0,1.2793851158305178e+17,0.0,-0.0,0.696,-0.0,3175473408.0,0.0,6168412.5,0,1.3516416376850534e+27,68,0.0,136,0.0,98688.258,0,26215,17071,13107,17092,26215,17065,0,0,0,105,99,100,-0.0,50.8,0.0,61.45,-107615200.0,63.0,1,47,48,180,13107,13107,0,0,0.0,0.0,0.0,0.0,6.290911193706424e+19,66.0,0.0,-0.0,0.0,726,0,696,0,0,0,877,0,981,0,847,0,632,0,613,0,509,0,589,0.032,69544110456832.0,2.004,-0.0,50192,16791,8.736749234033327e+24,25401438208.0,-87687336.0,-0.0,2.3622978674987324e+27,-3.645,70.0,60.0,66,0.0,0.0,10.0,2.0,0.0,0.0,0.0,0.0,0.0,0.0,0.0,0.0,0.0,0.0,0.0,0.0,62.0,62,18,65518,45,65476,0,300,0,0,8,20529,65476,0,0,44564,60.0,0.0,10.0,10.0,2.0,0.0
2026-02-05T00:03:15,ERR,ERR,ERR,ERR,ERR,ERR,ERR,ERR,ERR,ERR,ERR,ERR,ERR,ERR,ERR,ERR,ERR,ERR,ERR,ERR,ERR,ERR,ERR,ERR,ERR,ERR,ERR,ERR,ERR,ERR,ERR,ERR,ERR,ERR,ERR,ERR,ERR,ERR,ERR,ERR,ERR,ERR,ERR,ERR,ERR,ERR,ERR,ERR,ERR,ERR,ERR,ERR,ERR,ERR,ERR,ERR,ERR,ERR,ERR,ERR,ERR,ERR,ERR,ERR,ERR,ERR,ERR,ERR,ERR,ERR,ERR,ERR,ERR,ERR,ERR,ERR,ERR,ERR,ERR,ERR,ERR,ERR,ERR,ERR,ERR,ERR,ERR,ERR,ERR,ERR,ERR,ERR,ERR,ERR,ERR,ERR,ERR,ERR,ERR,ERR,ERR,ERR,ERR,ERR,ERR,ERR,ERR,ERR,ERR,ERR,ERR,ERR,ERR,ERR,ERR,ERR,ERR,ERR,ERR,ERR,ERR,ERR,ERR,ERR,ERR,2.7184260577004195e+23,-107615280.0,-0.0,0.0,0.0,0.0,-0.0,0.0,0,0,4,0,7670,-0.0,41,0.0,0.0,0.0,0.0,0.0,0,0,0,0,0.0,0,0,0,0,0,0,0,0,0,0,0,0,0,0,0,0,0,0,0,0,0,0,0,0,0,0,0,0,0,0,0,0,0,23,41,40,63,65476,0,300,0,0,8,21553,0.0,-107605600.0,0.0,0.0,0.0,0.0,0.0,0.0,0.0,0.0,0.0,0.0,0.0,0.0,0.0,0.0,0.0,0.0,0.0,0.0,0.0,2.004,2.004,-0.0,-0.0,-2.004,0.0,0.0,0.0,0.0,1681.0,2.004,0.0,2.7184260577004195e+23,-107615280.0,-0.0,2.7184312818759872e+23,0.0,0.0,2.004,2.004,68,4.066877080952309e+29,-0.0,0.0,0.0,0.0,0.0,0.0,0.0,0.0,0,0,0,0.03,0.015,0.0,-3.4475870737567395e+29,0.0,-4.619930269164784e+30,1.4615280302445036e+18,-0.0,1.2793851158305178e+17,0.0,-0.0,0.696,-0.0,3175473408.0,0.0,6168412.5,0,1.3516416376850534e+27,68,0.0,136,0.0,98688.258,0,26215,17071,13107,17092,26215,17065,0,0,0,105,99,100,-0.0,50.8,0.0,61.45,-107615200.0,63.0,1,47,48,180,13107,13107,0,0,0.0,0.0,0.0,0.0,6.290911193706424e+19,66.0,0.0,-0.0,0.0,726,0,696,0,0,0,877,0,981,0,847,0,632,0,613,0,509,0,589,0.032,69544110456832.0,2.004,-0.0,50192,16791,8.736749234033327e+24,25401438208.0,-87687336.0,-0.0,2.3622978674987324e+27,-3.645,70.0,60.0,66,0.0,0.0,10.0,2.0,0.0,0.0,0.0,0.0,0.0,0.0,0.0,0.0,0.0,0.0,0.0,0.0,62.0,62,18,65518,45,65476,0,300,0,0,8,20529,65476,0,0,44564,60.0,0.0,10.0,10.0,2.0,0.0
2026-02-05T00:03:16,ERR,ERR,ERR,ERR,ERR,ERR,ERR,ERR,ERR,ERR,ERR,ERR,ERR,ERR,ERR,ERR,ERR,ERR,ERR,ERR,ERR,ERR,ERR,ERR,ERR,ERR,ERR,ERR,ERR,ERR,ERR,ERR,ERR,ERR,ERR,ERR,ERR,ERR,ERR,ERR,ERR,ERR,ERR,ERR,ERR,ERR,ERR,ERR,ERR,ERR,ERR,ERR,ERR,ERR,ERR,ERR,ERR,ERR,ERR,ERR,ERR,ERR,ERR,ERR,ERR,ERR,ERR,ERR,ERR,ERR,ERR,ERR,ERR,ERR,ERR,ERR,ERR,ERR,ERR,ERR,ERR,ERR,ERR,ERR,ERR,ERR,ERR,ERR,ERR,ERR,ERR,ERR,ERR,ERR,ERR,ERR,ERR,ERR,ERR,ERR,ERR,ERR,ERR,ERR,ERR,ERR,ERR,ERR,ERR,ERR,ERR,ERR,ERR,ERR,ERR,ERR,ERR,ERR,ERR,ERR,ERR,ERR,ERR,ERR,ERR,2.7184260577004195e+23,-107615280.0,-0.0,0.0,0.0,0.0,-0.0,0.0,0,0,4,0,7670,-0.0,41,0.0,0.0,0.0,0.0,0.0,0,0,0,0,0.0,0,0,0,0,0,0,0,0,0,0,0,0,0,0,0,0,0,0,0,0,0,0,0,0,0,0,0,0,0,0,0,0,0,23,41,40,63,65476,0,300,0,0,8,21553,0.0,-107605600.0,0.0,0.0,0.0,0.0,0.0,0.0,0.0,0.0,0.0,0.0,0.0,0.0,0.0,0.0,0.0,0.0,0.0,0.0,0.0,2.004,2.004,-0.0,-0.0,-2.004,0.0,0.0,0.0,0.0,1681.0,2.004,0.0,2.7184260577004195e+23,-107615280.0,-0.0,2.7184312818759872e+23,0.0,0.0,2.004,2.004,68,4.066877080952309e+29,-0.0,0.0,0.0,0.0,0.0,0.0,0.0,0.0,0,0,0,0.03,0.015,0.0,-3.4475870737567395e+29,0.0,-4.619930269164784e+30,1.4615280302445036e+18,-0.0,1.2793851158305178e+17,0.0,-0.0,0.696,-0.0,3175473408.0,0.0,6168412.5,0,1.3516416376850534e+27,68,0.0,136,0.0,98688.258,0,26215,17071,13107,17092,26215,17065,0,0,0,105,99,100,-0.0,50.8,0.0,61.45,-107615200.0,63.0,1,47,48,180,13107,0,0,0,0.0,0.0,0.0,0.0,845567659868160.0,66.0,0.0,0.0,0.0,726,0,696,0,0,0,877,0,981,0,847,0,632,0,613,0,509,0,589,0.032,68994354642944.0,2.004,-0.0,46992,16791,1.957751349764927e+21,-2.044288683527373e+16,5.923551021556236e+29,0.0,-5.0172089576313046e+35,0.0,70.0,60.0,66,0.0,0.0,10.0,2.0,0.0,0.0,0.0,0.0,0.0,0.0,0.0,0.0,0.0,0.0,0.0,0.0,62.0,62,18,65518,45,65476,0,300,0,0,8,20529,65476,0,0,44564,60.0,0.0,10.0,10.0,2.0,0.0
2026-02-05T00:03:17,ERR,ERR,ERR,ERR,ERR,ERR,ERR,ERR,ERR,ERR,ERR,ERR,ERR,ERR,ERR,ERR,ERR,ERR,ERR,ERR,ERR,ERR,ERR,ERR,ERR,ERR,ERR,ERR,ERR,ERR,ERR,ERR,ERR,ERR,ERR,ERR,ERR,ERR,ERR,ERR,ERR,ERR,ERR,ERR,ERR,ERR,ERR,ERR,ERR,ERR,ERR,ERR,ERR,ERR,ERR,ERR,ERR,ERR,ERR,ERR,ERR,ERR,ERR,ERR,ERR,ERR,ERR,ERR,ERR,ERR,ERR,ERR,ERR,ERR,ERR,ERR,ERR,ERR,ERR,ERR,ERR,ERR,ERR,ERR,ERR,ERR,ERR,ERR,ERR,ERR,ERR,ERR,ERR,ERR,ERR,ERR,ERR,ERR,ERR,ERR,ERR,ERR,ERR,ERR,ERR,ERR,ERR,ERR,ERR,ERR,ERR,ERR,ERR,ERR,ERR,ERR,ERR,ERR,ERR,ERR,ERR,ERR,ERR,ERR,ERR,2.7184260577004195e+23,-107615280.0,-0.0,0.0,0.0,0.0,-0.0,0.0,0,0,4,0,7670,-0.0,41,0.0,0.0,0.0,0.0,0.0,0,0,0,0,0.0,0,0,0,0,0,0,0,0,0,0,0,0,0,0,0,0,0,0,0,0,0,0,0,0,0,0,0,0,0,0,0,0,0,23,41,40,63,65476,0,300,0,0,8,21553,0.0,-107605600.0,0.0,0.0,0.0,0.0,0.0,0.0,0.0,0.0,0.0,0.0,0.0,0.0,0.0,0.0,0.0,0.0,0.0,0.0,0.0,2.004,2.004,-0.0,-0.0,-2.004,0.0,0.0,0.0,0.0,1681.0,2.004,0.0,2.7184260577004195e+23,-107615280.0,-0.0,2.7184312818759872e+23,0.0,0.0,2.004,2.004,68,4.066877080952309e+29,-0.0,0.0,0.0,0.0,0.0,0.0,0.0,0.0,0,0,0,0.03,0.015,0.0,-3.4475870737567395e+29,0.0,-4.619930269164784e+30,1.4615280302445036e+18,-0.0,1.2793851158305178e+17,0.0,-0.0,0.696,-0.0,3175473408.0,0.0,6168412.5,0,1.3516416376850534e+27,68,0.0,136,0.0,98688.258,0,26215,17071,13107,17092,26215,17065,0,0,0,105,99,100,-0.0,50.8,0.0,61.45,-107615200.0,63.0,1,47,48,180,13107,0,0,0,0.0,0.0,0.0,0.0,845567659868160.0,66.0,0.0,0.0,0.0,726,0,696,0,0,0,877,0,981,0,847,0,632,0,613,0,509,0,589,0.032,68994354642944.0,2.004,-0.0,46992,16791,1.957751349764927e+21,-2.044288683527373e+16,5.923551021556236e+29,0.0,-5.0172089576313046e+35,0.0,70.0,60.0,66,0.0,0.0,10.0,2.0,0.0,0.0,0.0,0.0,0.0,0.0,0.0,0.0,0.0,0.0,0.0,0.0,62.0,62,18,65518,45,65476,0,300,0,0,8,20529,65476,0,0,44564,60.0,0.0,10.0,10.0,2.0,0.0
2026-02-05T00:03:18,ERR,ERR,ERR,ERR,ERR,ERR,ERR,ERR,ERR,ERR,ERR,ERR,ERR,ERR,ERR,ERR,ERR,ERR,ERR,ERR,ERR,ERR,ERR,ERR,ERR,ERR,ERR,ERR,ERR,ERR,ERR,ERR,ERR,ERR,ERR,ERR,ERR,ERR,ERR,ERR,ERR,ERR,ERR,ERR,ERR,ERR,ERR,ERR,ERR,ERR,ERR,ERR,ERR,ERR,ERR,ERR,ERR,ERR,ERR,ERR,ERR,ERR,ERR,ERR,ERR,ERR,ERR,ERR,ERR,ERR,ERR,ERR,ERR,ERR,ERR,ERR,ERR,ERR,ERR,ERR,ERR,ERR,ERR,ERR,ERR,ERR,ERR,ERR,ERR,ERR,ERR,ERR,ERR,ERR,ERR,ERR,ERR,ERR,ERR,ERR,ERR,ERR,ERR,ERR,ERR,ERR,ERR,ERR,ERR,ERR,ERR,ERR,ERR,ERR,ERR,ERR,ERR,ERR,ERR,ERR,ERR,ERR,ERR,ERR,ERR,2.7184260577004195e+23,-107615280.0,-0.0,0.0,0.0,0.0,-0.0,0.0,0,0,4,0,7670,-0.0,41,0.0,0.0,0.0,0.0,0.0,0,0,0,0,0.0,0,0,0,0,0,0,0,0,0,0,0,0,0,0,0,0,0,0,0,0,0,0,0,0,0,0,0,0,0,0,0,0,0,23,41,40,63,65476,0,300,0,0,8,21553,0.0,-107605600.0,0.0,0.0,0.0,0.0,0.0,0.0,0.0,0.0,0.0,0.0,0.0,0.0,0.0,0.0,0.0,0.0,0.0,0.0,0.0,2.004,2.004,-0.0,-0.0,-2.004,0.0,0.0,0.0,0.0,1681.0,2.004,0.0,2.7184260577004195e+23,-107615280.0,-0.0,2.7184312818759872e+23,0.0,0.0,2.004,2.004,68,4.066877080952309e+29,-0.0,0.0,0.0,0.0,0.0,0.0,0.0,0.0,0,0,0,0.03,0.015,0.0,-3.4475870737567395e+29,0.0,-4.619930269164784e+30,1.4615280302445036e+18,-0.0,1.2793851158305178e+17,0.0,-0.0,0.696,-0.0,3175473408.0,0.0,6168412.5,0,1.3516416376850534e+27,68,0.0,136,0.0,98688.258,0,26215,17071,13107,17092,26215,17065,0,0,0,105,99,100,-0.0,50.8,0.0,61.45,-107615200.0,63.0,1,47,48,180,13107,0,0,0,0.0,0.0,0.0,0.0,845567659868160.0,66.0,0.0,0.0,0.0,726,0,696,0,0,0,877,0,981,0,847,0,632,0,613,0,509,0,589,0.032,68994354642944.0,2.004,-0.0,46992,16791,1.957751349764927e+21,-2.044288683527373e+16,5.923551021556236e+29,0.0,-5.0172089576313046e+35,0.0,70.0,60.0,66,0.0,0.0,10.0,2.0,0.0,0.0,0.0,0.0,0.0,0.0,0.0,0.0,0.0,0.0,0.0,0.0,62.0,62,18,65518,45,65476,0,300,0,0,8,20529,65476,0,0,44564,60.0,0.0,10.0,10.0,2.0,0.0
2026-02-05T00:03:19,ERR,ERR,ERR,ERR,ERR,ERR,ERR,ERR,ERR,ERR,ERR,ERR,ERR,ERR,ERR,ERR,ERR,ERR,ERR,ERR,ERR,ERR,ERR,ERR,ERR,ERR,ERR,ERR,ERR,ERR,ERR,ERR,ERR,ERR,ERR,ERR,ERR,ERR,ERR,ERR,ERR,ERR,ERR,ERR,ERR,ERR,ERR,ERR,ERR,ERR,ERR,ERR,ERR,ERR,ERR,ERR,ERR,ERR,ERR,ERR,ERR,ERR,ERR,ERR,ERR,ERR,ERR,ERR,ERR,ERR,ERR,ERR,ERR,ERR,ERR,ERR,ERR,ERR,ERR,ERR,ERR,ERR,ERR,ERR,ERR,ERR,ERR,ERR,ERR,ERR,ERR,ERR,ERR,ERR,ERR,ERR,ERR,ERR,ERR,ERR,ERR,ERR,ERR,ERR,ERR,ERR,ERR,ERR,ERR,ERR,ERR,ERR,ERR,ERR,ERR,ERR,ERR,ERR,ERR,ERR,ERR,ERR,ERR,ERR,ERR,2.7184260577004195e+23,-107615280.0,-0.0,0.0,0.0,0.0,-0.0,0.0,0,0,4,0,7670,-0.0,41,0.0,0.0,0.0,0.0,0.0,0,0,0,0,0.0,0,0,0,0,0,0,0,0,0,0,0,0,0,0,0,0,0,0,0,0,0,0,0,0,0,0,0,0,0,0,0,0,0,23,41,40,63,65476,0,300,0,0,8,21553,0.0,-107605600.0,0.0,0.0,0.0,0.0,0.0,0.0,0.0,0.0,0.0,0.0,0.0,0.0,0.0,0.0,0.0,0.0,0.0,0.0,0.0,2.004,2.004,-0.0,-0.0,-2.004,0.0,0.0,0.0,0.0,1681.0,2.004,0.0,2.7184260577004195e+23,-107615280.0,-0.0,2.7184312818759872e+23,0.0,0.0,2.004,2.004,68,4.066877080952309e+29,-0.0,0.0,0.0,0.0,0.0,0.0,0.0,0.0,0,0,0,0.03,0.015,0.0,-3.4475870737567395e+29,0.0,-4.619930269164784e+30,1.4615280302445036e+18,-0.0,1.2793851158305178e+17,0.0,-0.0,0.696,-0.0,3175473408.0,0.0,6168412.5,0,1.3516416376850534e+27,68,0.0,136,0.0,98688.258,0,26215,17071,13107,17092,26215,17065,0,0,0,105,99,100,-0.0,50.8,0.0,61.45,-107615200.0,63.0,1,47,48,180,13107,0,0,0,0.0,0.0,0.0,0.0,845567659868160.0,66.0,0.0,0.0,0.0,726,0,696,0,0,0,877,0,981,0,847,0,632,0,613,0,509,0,589,0.032,68994354642944.0,2.004,-0.0,46992,16791,1.957751349764927e+21,-2.044288683527373e+16,5.923551021556236e+29,0.0,-5.0172089576313046e+35,0.0,70.0,60.0,66,0.0,0.0,10.0,2.0,0.0,0.0,0.0,0.0,0.0,0.0,0.0,0.0,0.0,0.0,0.0,0.0,62.0,62,18,65518,45,65476,0,300,0,0,8,20529,65476,0,0,44564,60.0,0.0,10.0,10.0,2.0,0.0
2026-02-05T00:03:20,ERR,ERR,ERR,ERR,ERR,ERR,ERR,ERR,ERR,ERR,ERR,ERR,ERR,ERR,ERR,ERR,ERR,ERR,ERR,ERR,ERR,ERR,ERR,ERR,ERR,ERR,ERR,ERR,ERR,ERR,ERR,ERR,ERR,ERR,ERR,ERR,ERR,ERR,ERR,ERR,ERR,ERR,ERR,ERR,ERR,ERR,ERR,ERR,ERR,ERR,ERR,ERR,ERR,ERR,ERR,ERR,ERR,ERR,ERR,ERR,ERR,ERR,ERR,ERR,ERR,ERR,ERR,ERR,ERR,ERR,ERR,ERR,ERR,ERR,ERR,ERR,ERR,ERR,ERR,ERR,ERR,ERR,ERR,ERR,ERR,ERR,ERR,ERR,ERR,ERR,ERR,ERR,ERR,ERR,ERR,ERR,ERR,ERR,ERR,ERR,ERR,ERR,ERR,ERR,ERR,ERR,ERR,ERR,ERR,ERR,ERR,ERR,ERR,ERR,ERR,ERR,ERR,ERR,ERR,ERR,ERR,ERR,ERR,ERR,ERR,2.7184260577004195e+23,-107615280.0,-0.0,0.0,0.0,-326938755072.0,3.5142468523627875e+33,0.0,0,0,4,0,7670,-0.0,41,0.0,0.0,0.0,0.0,0.0,0,0,0,0,0.0,0,0,0,0,0,0,0,0,0,0,0,0,0,0,0,0,0,0,0,0,0,0,0,0,0,0,0,0,0,0,0,0,0,23,41,40,63,65476,0,300,0,0,8,21553,0.0,-107605600.0,0.0,0.0,0.0,0.0,0.0,0.0,0.0,0.0,0.0,0.0,0.0,0.0,0.0,0.0,0.0,0.0,0.0,0.0,0.0,2.004,2.004,-0.0,-0.0,-2.004,0.0,0.0,0.0,0.0,1703.5,2.004,0.0,2.7184260577004195e+23,-107615280.0,-0.0,2.7184312818759872e+23,0.0,0.0,2.004,2.004,68,1.9056965742860698e+17,0.0,0.0,0.0,0.0,0.0,0.0,0.0,0.0,0,0,0,0.222,0.0,0.0,-1.3561062396468291e+20,0.0,0.01,0.0,-0.0,0.0,0.0,-0.0,0.704,-0.0,3192250624.0,0.0,0.0,0,1.3516416376850534e+27,68,0.0,136,0.0,98688.258,0,26215,17071,13107,17092,26215,17065,0,0,0,105,99,100,-0.0,50.8,0.0,61.45,-107615200.0,63.0,1,47,48,180,13107,0,0,0,0.0,0.0,0.0,0.0,845567659868160.0,66.0,0.0,0.0,0.0,726,0,696,0,0,0,877,0,981,0,847,0,632,0,613,0,509,0,589,0.032,68994354642944.0,2.004,-0.0,46992,16791,1.957751349764927e+21,-2.044288683527373e+16,5.923551021556236e+29,0.0,-5.0172089576313046e+35,0.0,70.0,60.0,66,0.0,0.0,10.0,2.0,0.0,0.0,0.0,0.0,0.0,0.0,0.0,0.0,0.0,0.0,0.0,0.0,62.0,62,18,65518,45,65476,0,300,0,0,8,20529,65476,0,0,44564,60.0,0.0,10.0,10.0,2.0,0.0
2026-02-05T00:03:21,ERR,ERR,ERR,ERR,ERR,ERR,ERR,ERR,ERR,ERR,ERR,ERR,ERR,ERR,ERR,ERR,ERR,ERR,ERR,ERR,ERR,ERR,ERR,ERR,ERR,ERR,ERR,ERR,ERR,ERR,ERR,ERR,ERR,ERR,ERR,ERR,ERR,ERR,ERR,ERR,ERR,ERR,ERR,ERR,ERR,ERR,ERR,ERR,ERR,ERR,ERR,ERR,ERR,ERR,ERR,ERR,ERR,ERR,ERR,ERR,ERR,ERR,ERR,ERR,ERR,ERR,ERR,ERR,ERR,ERR,ERR,ERR,ERR,ERR,ERR,ERR,ERR,ERR,ERR,ERR,ERR,ERR,ERR,ERR,ERR,ERR,ERR,ERR,ERR,ERR,ERR,ERR,ERR,ERR,ERR,ERR,ERR,ERR,ERR,ERR,ERR,ERR,ERR,ERR,ERR,ERR,ERR,ERR,ERR,ERR,ERR,ERR,ERR,ERR,ERR,ERR,ERR,ERR,ERR,ERR,ERR,ERR,ERR,ERR,ERR,2.7184260577004195e+23,-107615280.0,-0.0,0.0,0.0,-326938755072.0,3.5142468523627875e+33,0.0,0,0,4,0,7670,-0.0,41,0.0,0.0,0.0,0.0,0.0,0,0,0,0,0.0,0,0,0,0,0,0,0,0,0,0,0,0,0,0,0,0,0,0,0,0,0,0,0,0,0,0,0,0,0,0,0,0,0,23,41,40,63,65476,0,300,0,0,8,21553,0.0,-107605600.0,0.0,0.0,0.0,0.0,0.0,0.0,0.0,0.0,0.0,0.0,0.0,0.0,0.0,0.0,0.0,0.0,0.0,0.0,0.0,2.004,2.004,-0.0,-0.0,-2.004,0.0,0.0,0.0,0.0,1703.5,2.004,0.0,2.7184260577004195e+23,-107615280.0,-0.0,2.7184312818759872e+23,0.0,0.0,2.004,2.004,68,1.9056965742860698e+17,0.0,0.0,0.0,0.0,0.0,0.0,0.0,0.0,0,0,0,0.222,0.0,0.0,-1.3561062396468291e+20,0.0,0.01,0.0,-0.0,0.0,0.0,-0.0,0.704,-0.0,3192250624.0,0.0,0.0,0,1.3516416376850534e+27,68,0.0,136,0.0,98688.258,0,26215,17071,13107,17092,26215,17065,0,0,0,105,99,100,-0.0,50.8,0.0,61.45,-107615200.0,63.0,1,47,48,180,13107,13107,0,0,0.0,0.0,0.0,0.0,131135995904.0,66.0,0.0,0.0,0.0,726,0,696,0,0,0,877,0,981,0,847,0,632,0,613,0,509,0,589,0.032,69818988363776.0,2.004,-0.0,51600,16791,176207542878208.0,0.0,-8.963063113701633e+24,-1.7708449503448662e+19,17062821888.0,7.102,70.0,60.0,66,0.0,0.0,10.0,2.0,0.0,0.0,0.0,0.0,0.0,0.0,0.0,0.0,0.0,0.0,0.0,0.0,62.0,62,18,65518,45,65476,0,300,0,0,8,20529,65476,0,0,44564,60.0,0.0,10.0,10.0,2.0,0.0
2026-02-05T00:03:22,ERR,ERR,ERR,ERR,ERR,ERR,ERR,ERR,ERR,ERR,ERR,ERR,ERR,ERR,ERR,ERR,ERR,ERR,ERR,ERR,ERR,ERR,ERR,ERR,ERR,ERR,ERR,ERR,ERR,ERR,ERR,ERR,ERR,ERR,ERR,ERR,ERR,ERR,ERR,ERR,ERR,ERR,ERR,ERR,ERR,ERR,ERR,ERR,ERR,ERR,ERR,ERR,ERR,ERR,ERR,ERR,ERR,ERR,ERR,ERR,ERR,ERR,ERR,ERR,ERR,ERR,ERR,ERR,ERR,ERR,ERR,ERR,ERR,ERR,ERR,ERR,ERR,ERR,ERR,ERR,ERR,ERR,ERR,ERR,ERR,ERR,ERR,ERR,ERR,ERR,ERR,ERR,ERR,ERR,ERR,ERR,ERR,ERR,ERR,ERR,ERR,ERR,ERR,ERR,ERR,ERR,ERR,ERR,ERR,ERR,ERR,ERR,ERR,ERR,ERR,ERR,ERR,ERR,ERR,ERR,ERR,ERR,ERR,ERR,ERR,2.7184260577004195e+23,-107615280.0,-0.0,0.0,0.0,-326938755072.0,3.5142468523627875e+33,0.0,0,0,4,0,7670,-0.0,41,0.0,0.0,0.0,0.0,0.0,0,0,0,0,0.0,0,0,0,0,0,0,0,0,0,0,0,0,0,0,0,0,0,0,0,0,0,0,0,0,0,0,0,0,0,0,0,0,0,23,41,40,63,65476,0,300,0,0,8,21553,0.0,-107605600.0,0.0,0.0,0.0,0.0,0.0,0.0,0.0,0.0,0.0,0.0,0.0,0.0,0.0,0.0,0.0,0.0,0.0,0.0,0.0,2.004,2.004,-0.0,-0.0,-2.004,0.0,0.0,0.0,0.0,1703.5,2.004,0.0,2.7184260577004195e+23,-107615280.0,-0.0,2.7184312818759872e+23,0.0,0.0,2.004,2.004,68,1.9056965742860698e+17,0.0,0.0,0.0,0.0,0.0,0.0,0.0,0.0,0,0,0,0.222,0.0,0.0,-1.3561062396468291e+20,0.0,0.01,0.0,-0.0,0.0,0.0,-0.0,0.704,-0.0,3192250624.0,0.0,0.0,0,1.3516416376850534e+27,68,0.0,136,0.0,98688.258,0,26215,17071,13107,17092,26215,17065,0,0,0,105,99,100,-0.0,50.8,0.0,61.45,-107615200.0,63.0,1,47,48,180,13107,13107,0,0,0.0,0.0,0.0,0.0,131135995904.0,66.0,0.0,0.0,0.0,726,0,696,0,0,0,877,0,981,0,847,0,632,0,613,0,509,0,589,0.032,69818988363776.0,2.004,-0.0,51600,16791,176207542878208.0,0.0,-8.963063113701633e+24,-1.7708449503448662e+19,17062821888.0,7.102,70.0,60.0,66,0.0,0.0,10.0,2.0,0.0,0.0,0.0,0.0,0.0,0.0,0.0,0.0,0.0,0.0,0.0,0.0,62.4,62,18,65518,45,65476,0,300,0,0,8,20529,65476,0,0,44564,60.0,0.0,10.0,10.0,2.0,0.0
2026-02-05T00:03:23,ERR,ERR,ERR,ERR,ERR,ERR,ERR,ERR,ERR,ERR,ERR,ERR,ERR,ERR,ERR,ERR,ERR,ERR,ERR,ERR,ERR,ERR,ERR,ERR,ERR,ERR,ERR,ERR,ERR,ERR,ERR,ERR,ERR,ERR,ERR,ERR,ERR,ERR,ERR,ERR,ERR,ERR,ERR,ERR,ERR,ERR,ERR,ERR,ERR,ERR,ERR,ERR,ERR,ERR,ERR,ERR,ERR,ERR,ERR,ERR,ERR,ERR,ERR,ERR,ERR,ERR,ERR,ERR,ERR,ERR,ERR,ERR,ERR,ERR,ERR,ERR,ERR,ERR,ERR,ERR,ERR,ERR,ERR,ERR,ERR,ERR,ERR,ERR,ERR,ERR,ERR,ERR,ERR,ERR,ERR,ERR,ERR,ERR,ERR,ERR,ERR,ERR,ERR,ERR,ERR,ERR,ERR,ERR,ERR,ERR,ERR,ERR,ERR,ERR,ERR,ERR,ERR,ERR,ERR,ERR,ERR,ERR,ERR,ERR,ERR,2.7184260577004195e+23,-107615280.0,-0.0,0.0,0.0,-326938755072.0,3.5142468523627875e+33,0.0,0,0,4,0,7670,-0.0,41,0.0,0.0,0.0,0.0,0.0,0,0,0,0,0.0,0,0,0,0,0,0,0,0,0,0,0,0,0,0,0,0,0,0,0,0,0,0,0,0,0,0,0,0,0,0,0,0,0,23,41,40,63,65476,0,300,0,0,8,21553,0.0,-107605600.0,0.0,0.0,0.0,0.0,0.0,0.0,0.0,0.0,0.0,0.0,0.0,0.0,0.0,0.0,0.0,0.0,0.0,0.0,0.0,2.004,2.004,-0.0,-0.0,-2.004,0.0,0.0,0.0,0.0,1703.5,2.004,0.0,2.7184260577004195e+23,-107615280.0,-0.0,2.7184312818759872e+23,0.0,0.0,2.004,2.004,68,1.9056965742860698e+17,0.0,0.0,0.0,0.0,0.0,0.0,0.0,0.0,0,0,0,0.222,0.0,0.0,-1.3561062396468291e+20,0.0,0.01,0.0,-0.0,0.0,0.0,-0.0,0.704,-0.0,3192250624.0,0.0,0.0,0,1.3516416376850534e+27,68,0.0,136,0.0,98688.258,0,26215,17071,13107,17092,26215,17065,0,0,0,105,99,100,-0.0,50.8,0.0,61.45,-107615200.0,63.0,1,47,48,180,13107,13107,0,0,0.0,0.0,0.0,0.0,131135995904.0,66.0,0.0,0.0,0.0,726,0,696,0,0,0,877,0,981,0,847,0,632,0,613,0,509,0,589,0.032,69818988363776.0,2.004,-0.0,51600,16791,176207542878208.0,0.0,-8.963063113701633e+24,-1.7708449503448662e+19,17062821888.0,7.102,70.0,60.0,66,0.0,0.0,10.0,2.0,0.0,0.0,0.0,0.0,0.0,0.0,0.0,0.0,0.0,0.0,0.0,0.0,62.4,62,18,65518,45,65476,0,300,0,0,8,20529,65476,0,0,44564,60.0,0.0,10.0,10.0,2.0,0.0
2026-02-05T00:03:24,ERR,ERR,ERR,ERR,ERR,ERR,ERR,ERR,ERR,ERR,ERR,ERR,ERR,ERR,ERR,ERR,ERR,ERR,ERR,ERR,ERR,ERR,ERR,ERR,ERR,ERR,ERR,ERR,ERR,ERR,ERR,ERR,ERR,ERR,ERR,ERR,ERR,ERR,ERR,ERR,ERR,ERR,ERR,ERR,ERR,ERR,ERR,ERR,ERR,ERR,ERR,ERR,ERR,ERR,ERR,ERR,ERR,ERR,ERR,ERR,ERR,ERR,ERR,ERR,ERR,ERR,ERR,ERR,ERR,ERR,ERR,ERR,ERR,ERR,ERR,ERR,ERR,ERR,ERR,ERR,ERR,ERR,ERR,ERR,ERR,ERR,ERR,ERR,ERR,ERR,ERR,ERR,ERR,ERR,ERR,ERR,ERR,ERR,ERR,ERR,ERR,ERR,ERR,ERR,ERR,ERR,ERR,ERR,ERR,ERR,ERR,ERR,ERR,ERR,ERR,ERR,ERR,ERR,ERR,ERR,ERR,ERR,ERR,ERR,ERR,2.7184260577004195e+23,-107615280.0,-0.0,0.0,0.0,-326938755072.0,3.5142468523627875e+33,0.0,0,0,4,0,7670,-0.0,41,0.0,0.0,0.0,0.0,0.0,0,0,0,0,0.0,0,0,0,0,0,0,0,0,0,0,0,0,0,0,0,0,0,0,0,0,0,0,0,0,0,0,0,0,0,0,0,0,0,23,41,40,63,65476,0,300,0,0,8,21553,0.0,-107605600.0,0.0,0.0,0.0,0.0,0.0,0.0,0.0,0.0,0.0,0.0,0.0,0.0,0.0,0.0,0.0,0.0,0.0,0.0,0.0,2.004,2.004,-0.0,-0.0,-2.004,0.0,0.0,0.0,0.0,1703.5,2.004,0.0,2.7184260577004195e+23,-107615280.0,-0.0,2.7184312818759872e+23,0.0,0.0,2.004,2.004,68,1.9056965742860698e+17,0.0,0.0,0.0,0.0,0.0,0.0,0.0,0.0,0,0,0,0.222,0.0,0.0,-1.3561062396468291e+20,0.0,0.01,0.0,-0.0,0.0,0.0,-0.0,0.704,-0.0,3192250624.0,0.0,0.0,0,1.3516416376850534e+27,68,0.0,136,0.0,98688.258,0,26215,17071,13107,17092,26215,17065,0,0,0,105,99,100,-0.0,50.8,0.0,61.45,-107615200.0,63.0,1,47,48,180,13107,13107,0,0,0.0,0.0,0.0,0.0,131135995904.0,66.0,0.0,0.0,0.0,726,0,696,0,0,0,877,0,981,0,847,0,632,0,613,0,509,0,589,0.032,69818988363776.0,2.004,-0.0,51600,16791,176207542878208.0,0.0,-8.963063113701633e+24,-1.7708449503448662e+19,17062821888.0,7.102,70.0,60.0,66,0.0,0.0,10.0,2.0,0.0,0.0,0.0,0.0,0.0,0.0,0.0,0.0,0.0,0.0,0.0,0.0,62.0,62,18,65518,45,65476,0,300,0,0,8,20529,65476,0,0,44564,60.0,0.0,10.0,10.0,2.0,0.0
2026-02-05T00:03:25,ERR,ERR,ERR,ERR,ERR,ERR,ERR,ERR,ERR,ERR,ERR,ERR,ERR,ERR,ERR,ERR,ERR,ERR,ERR,ERR,ERR,ERR,ERR,ERR,ERR,ERR,ERR,ERR,ERR,ERR,ERR,ERR,ERR,ERR,ERR,ERR,ERR,ERR,ERR,ERR,ERR,ERR,ERR,ERR,ERR,ERR,ERR,ERR,ERR,ERR,ERR,ERR,ERR,ERR,ERR,ERR,ERR,ERR,ERR,ERR,ERR,ERR,ERR,ERR,ERR,ERR,ERR,ERR,ERR,ERR,ERR,ERR,ERR,ERR,ERR,ERR,ERR,ERR,ERR,ERR,ERR,ERR,ERR,ERR,ERR,ERR,ERR,ERR,ERR,ERR,ERR,ERR,ERR,ERR,ERR,ERR,ERR,ERR,ERR,ERR,ERR,ERR,ERR,ERR,ERR,ERR,ERR,ERR,ERR,ERR,ERR,ERR,ERR,ERR,ERR,ERR,ERR,ERR,ERR,ERR,ERR,ERR,ERR,ERR,ERR,2.7184260577004195e+23,-107615280.0,-0.0,0.0,0.0,-326938755072.0,3.5142468523627875e+33,0.0,0,0,4,0,7670,-0.0,41,0.0,0.0,0.0,0.0,0.0,0,0,0,0,0.0,0,0,0,0,0,0,0,0,0,0,0,0,0,0,0,0,0,0,0,0,0,0,0,0,0,0,0,0,0,0,0,0,0,23,41,40,63,65476,0,300,0,0,8,21553,0.0,-107605600.0,0.0,0.0,0.0,0.0,0.0,0.0,0.0,0.0,0.0,0.0,0.0,0.0,0.0,0.0,0.0,0.0,0.0,0.0,0.0,2.004,2.004,-0.0,-0.0,-2.004,0.0,0.0,0.0,0.0,1703.5,2.004,0.0,2.7184260577004195e+23,-107615280.0,-0.0,2.7184312818759872e+23,0.0,0.0,2.004,2.004,68,1.9056965742860698e+17,0.0,0.0,0.0,0.0,0.0,0.0,0.0,0.0,0,0,0,0.222,0.0,0.0,-1.3561062396468291e+20,0.0,0.01,0.0,-0.0,0.0,0.0,-0.0,0.704,-0.0,3192250624.0,0.0,0.0,0,1.3516416376850534e+27,68,0.0,136,0.0,98688.258,0,26215,17071,13107,17092,26215,17065,0,0,0,105,99,100,-0.0,50.8,0.0,61.45,-107615200.0,63.0,1,47,48,180,13107,0,0,0,0.0,0.0,0.0,0.0,947240.25,66.0,0.0,-0.0,0.0,726,0,696,0,0,0,877,0,981,0,847,0,632,0,613,0,509,0,589,0.032,69818988363776.0,2.004,-0.0,40720,16791,38187581440.0,-0.001,-0.0,3.961514288072838e+21,-0.0,-0.0,70.0,60.0,66,0.0,0.0,10.0,2.0,0.0,0.0,0.0,0.0,0.0,0.0,0.0,0.0,0.0,0.0,0.0,0.0,62.0,62,18,65518,45,65476,0,300,0,0,8,20529,65476,0,0,44564,60.0,0.0,10.0,10.0,2.0,0.0
2026-02-05T00:03:26,ERR,ERR,ERR,ERR,ERR,ERR,ERR,ERR,ERR,ERR,ERR,ERR,ERR,ERR,ERR,ERR,ERR,ERR,ERR,ERR,ERR,ERR,ERR,ERR,ERR,ERR,ERR,ERR,ERR,ERR,ERR,ERR,ERR,ERR,ERR,ERR,ERR,ERR,ERR,ERR,ERR,ERR,ERR,ERR,ERR,ERR,ERR,ERR,ERR,ERR,ERR,ERR,ERR,ERR,ERR,ERR,ERR,ERR,ERR,ERR,ERR,ERR,ERR,ERR,ERR,ERR,ERR,ERR,ERR,ERR,ERR,ERR,ERR,ERR,ERR,ERR,ERR,ERR,ERR,ERR,ERR,ERR,ERR,ERR,ERR,ERR,ERR,ERR,ERR,ERR,ERR,ERR,ERR,ERR,ERR,ERR,ERR,ERR,ERR,ERR,ERR,ERR,ERR,ERR,ERR,ERR,ERR,ERR,ERR,ERR,ERR,ERR,ERR,ERR,ERR,ERR,ERR,ERR,ERR,ERR,ERR,ERR,ERR,ERR,ERR,2.7184260577004195e+23,-107615280.0,-0.0,0.0,0.0,-174328.547,1.959548805486649e+28,0.0,0,0,4,0,7670,-0.0,41,0.0,0.0,0.0,0.0,0.0,0,0,0,0,0.0,0,0,0,0,0,0,0,0,0,0,0,0,0,0,0,0,0,0,0,0,0,0,0,0,0,0,0,0,0,0,0,0,0,23,41,40,63,65476,0,300,0,0,8,21553,0.0,-107605600.0,0.0,0.0,0.0,0.0,0.0,0.0,0.0,0.0,0.0,0.0,0.0,0.0,0.0,0.0,0.0,0.0,0.0,0.0,0.0,2.004,2.004,-0.0,-0.0,-2.004,0.0,0.0,0.0,0.0,1704.25,-2.004,0.0,2.7184260577004195e+23,-107615280.0,-0.0,2.7184312818759872e+23,0.0,0.0,2.004,2.004,68,2.308838958497058e+20,-4.950327241546048e+32,0.0,0.0,0.0,0.0,0.0,0.0,0.0,0,0,0,0.0,0.0,0.0,0.0,0.0,-1.6374863944747057e+19,-8.405360014849894e+20,0.0,-0.0,0.0,-0.0,0.704,-0.0,3209027840.0,0.0,5368537153536.0,0,1.3516416376850534e+27,68,0.0,136,0.0,98688.258,0,26215,17071,13107,17092,26215,17065,0,0,0,105,99,100,-0.0,50.8,0.0,61.45,-107615200.0,63.0,1,47,48,180,13107,0,0,0,0.0,0.0,0.0,0.0,947240.25,66.0,0.0,-0.0,0.0,726,0,696,0,0,0,877,0,981,0,847,0,632,0,613,0,509,0,589,0.032,69818988363776.0,2.004,-0.0,40720,16791,38187581440.0,-0.001,-0.0,3.961514288072838e+21,-0.0,-0.0,70.0,60.0,66,0.0,0.0,10.0,2.0,0.0,0.0,0.0,0.0,0.0,0.0,0.0,0.0,0.0,0.0,0.0,0.0,62.0,62,18,65518,45,65476,0,300,0,0,8,20529,65476,0,0,44564,60.0,0.0,10.0,10.0,2.0,0.0
2026-02-05T00:03:27,ERR,ERR,ERR,ERR,ERR,ERR,ERR,ERR,ERR,ERR,ERR,ERR,ERR,ERR,ERR,ERR,ERR,ERR,ERR,ERR,ERR,ERR,ERR,ERR,ERR,ERR,ERR,ERR,ERR,ERR,ERR,ERR,ERR,ERR,ERR,ERR,ERR,ERR,ERR,ERR,ERR,ERR,ERR,ERR,ERR,ERR,ERR,ERR,ERR,ERR,ERR,ERR,ERR,ERR,ERR,ERR,ERR,ERR,ERR,ERR,ERR,ERR,ERR,ERR,ERR,ERR,ERR,ERR,ERR,ERR,ERR,ERR,ERR,ERR,ERR,ERR,ERR,ERR,ERR,ERR,ERR,ERR,ERR,ERR,ERR,ERR,ERR,ERR,ERR,ERR,ERR,ERR,ERR,ERR,ERR,ERR,ERR,ERR,ERR,ERR,ERR,ERR,ERR,ERR,ERR,ERR,ERR,ERR,ERR,ERR,ERR,ERR,ERR,ERR,ERR,ERR,ERR,ERR,ERR,ERR,ERR,ERR,ERR,ERR,ERR,2.7184260577004195e+23,-107615280.0,-0.0,0.0,0.0,-174328.547,1.959548805486649e+28,0.0,0,0,4,0,7670,-0.0,41,0.0,0.0,0.0,0.0,0.0,0,0,0,0,0.0,0,0,0,0,0,0,0,0,0,0,0,0,0,0,0,0,0,0,0,0,0,0,0,0,0,0,0,0,0,0,0,0,0,23,41,40,63,65476,0,300,0,0,8,21553,0.0,-107605600.0,0.0,0.0,0.0,0.0,0.0,0.0,0.0,0.0,0.0,0.0,0.0,0.0,0.0,0.0,0.0,0.0,0.0,0.0,0.0,2.004,2.004,-0.0,-0.0,-2.004,0.0,0.0,0.0,0.0,1704.25,-2.004,0.0,2.7184260577004195e+23,-107615280.0,-0.0,2.7184312818759872e+23,0.0,0.0,2.004,2.004,68,2.308838958497058e+20,-4.950327241546048e+32,0.0,0.0,0.0,0.0,0.0,0.0,0.0,0,0,0,0.0,0.0,0.0,0.0,0.0,-1.6374863944747057e+19,-8.405360014849894e+20,0.0,-0.0,0.0,-0.0,0.704,-0.0,3209027840.0,0.0,5368537153536.0,0,1.3516416376850534e+27,68,0.0,136,0.0,98688.258,0,26215,17071,13107,17092,26215,17065,0,0,0,105,99,100,-0.0,50.8,0.0,61.45,-107615200.0,63.0,1,47,48,180,13107,0,0,0,0.0,0.0,0.0,0.0,947240.25,66.0,0.0,-0.0,0.0,726,0,696,0,0,0,877,0,981,0,847,0,632,0,613,0,509,0,589,0.032,69818988363776.0,2.004,-0.0,40720,16791,38187581440.0,-0.001,-0.0,3.961514288072838e+21,-0.0,-0.0,70.0,60.0,66,0.0,0.0,10.0,2.0,0.0,0.0,0.0,0.0,0.0,0.0,0.0,0.0,0.0,0.0,0.0,0.0,62.0,62,18,65518,45,65476,0,300,0,0,8,20529,65476,0,0,44564,60.0,0.0,10.0,10.0,2.0,0.0
2026-02-05T00:03:28,ERR,ERR,ERR,ERR,ERR,ERR,ERR,ERR,ERR,ERR,ERR,ERR,ERR,ERR,ERR,ERR,ERR,ERR,ERR,ERR,ERR,ERR,ERR,ERR,ERR,ERR,ERR,ERR,ERR,ERR,ERR,ERR,ERR,ERR,ERR,ERR,ERR,ERR,ERR,ERR,ERR,ERR,ERR,ERR,ERR,ERR,ERR,ERR,ERR,ERR,ERR,ERR,ERR,ERR,ERR,ERR,ERR,ERR,ERR,ERR,ERR,ERR,ERR,ERR,ERR,ERR,ERR,ERR,ERR,ERR,ERR,ERR,ERR,ERR,ERR,ERR,ERR,ERR,ERR,ERR,ERR,ERR,ERR,ERR,ERR,ERR,ERR,ERR,ERR,ERR,ERR,ERR,ERR,ERR,ERR,ERR,ERR,ERR,ERR,ERR,ERR,ERR,ERR,ERR,ERR,ERR,ERR,ERR,ERR,ERR,ERR,ERR,ERR,ERR,ERR,ERR,ERR,ERR,ERR,ERR,ERR,ERR,ERR,ERR,ERR,2.7184260577004195e+23,-107615280.0,-0.0,0.0,0.0,-174328.547,1.959548805486649e+28,0.0,0,0,4,0,7670,-0.0,41,0.0,0.0,0.0,0.0,0.0,0,0,0,0,0.0,0,0,0,0,0,0,0,0,0,0,0,0,0,0,0,0,0,0,0,0,0,0,0,0,0,0,0,0,0,0,0,0,0,23,41,40,63,65476,0,300,0,0,8,21553,0.0,-107605600.0,0.0,0.0,0.0,0.0,0.0,0.0,0.0,0.0,0.0,0.0,0.0,0.0,0.0,0.0,0.0,0.0,0.0,0.0,0.0,2.004,2.004,-0.0,-0.0,-2.004,0.0,0.0,0.0,0.0,1704.25,-2.004,0.0,2.7184260577004195e+23,-107615280.0,-0.0,2.7184312818759872e+23,0.0,0.0,2.004,2.004,68,2.308838958497058e+20,-4.950327241546048e+32,0.0,0.0,0.0,0.0,0.0,0.0,0.0,0,0,0,0.0,0.0,0.0,0.0,0.0,-1.6374863944747057e+19,-8.405360014849894e+20,0.0,-0.0,0.0,-0.0,0.704,-0.0,3209027840.0,0.0,5368537153536.0,0,1.3516416376850534e+27,68,0.0,136,0.0,98688.258,0,26215,17071,13107,17092,26215,17065,0,0,0,105,99,100,-0.0,50.8,0.0,61.45,-107615200.0,63.0,1,47,48,180,13107,0,0,0,0.0,0.0,0.0,0.0,947240.25,66.0,0.0,-0.0,0.0,726,0,696,0,0,0,877,0,981,0,847,0,632,0,613,0,509,0,589,0.032,69818988363776.0,2.004,-0.0,40720,16791,38187581440.0,-0.001,-0.0,3.961514288072838e+21,-0.0,-0.0,70.0,60.0,66,0.0,0.0,10.0,2.0,0.0,0.0,0.0,0.0,0.0,0.0,0.0,0.0,0.0,0.0,0.0,0.0,62.4,62,18,65518,45,65476,0,300,0,0,8,20529,65476,0,0,44564,60.0,0.0,10.0,10.0,2.0,0.0
2026-02-05T00:03:29,ERR,ERR,ERR,ERR,ERR,ERR,ERR,ERR,ERR,ERR,ERR,ERR,ERR,ERR,ERR,ERR,ERR,ERR,ERR,ERR,ERR,ERR,ERR,ERR,ERR,ERR,ERR,ERR,ERR,ERR,ERR,ERR,ERR,ERR,ERR,ERR,ERR,ERR,ERR,ERR,ERR,ERR,ERR,ERR,ERR,ERR,ERR,ERR,ERR,ERR,ERR,ERR,ERR,ERR,ERR,ERR,ERR,ERR,ERR,ERR,ERR,ERR,ERR,ERR,ERR,ERR,ERR,ERR,ERR,ERR,ERR,ERR,ERR,ERR,ERR,ERR,ERR,ERR,ERR,ERR,ERR,ERR,ERR,ERR,ERR,ERR,ERR,ERR,ERR,ERR,ERR,ERR,ERR,ERR,ERR,ERR,ERR,ERR,ERR,ERR,ERR,ERR,ERR,ERR,ERR,ERR,ERR,ERR,ERR,ERR,ERR,ERR,ERR,ERR,ERR,ERR,ERR,ERR,ERR,ERR,ERR,ERR,ERR,ERR,ERR,2.7184260577004195e+23,-107615280.0,-0.0,0.0,0.0,-174328.547,1.959548805486649e+28,0.0,0,0,4,0,7670,-0.0,41,0.0,0.0,0.0,0.0,0.0,0,0,0,0,0.0,0,0,0,0,0,0,0,0,0,0,0,0,0,0,0,0,0,0,0,0,0,0,0,0,0,0,0,0,0,0,0,0,0,23,41,40,63,65476,0,300,0,0,8,21553,0.0,-107605600.0,0.0,0.0,0.0,0.0,0.0,0.0,0.0,0.0,0.0,0.0,0.0,0.0,0.0,0.0,0.0,0.0,0.0,0.0,0.0,2.004,2.004,-0.0,-0.0,-2.004,0.0,0.0,0.0,0.0,1704.25,-2.004,0.0,2.7184260577004195e+23,-107615280.0,-0.0,2.7184312818759872e+23,0.0,0.0,2.004,2.004,68,2.308838958497058e+20,-4.950327241546048e+32,0.0,0.0,0.0,0.0,0.0,0.0,0.0,0,0,0,0.0,0.0,0.0,0.0,0.0,-1.6374863944747057e+19,-8.405360014849894e+20,0.0,-0.0,0.0,-0.0,0.704,-0.0,3209027840.0,0.0,5368537153536.0,0,1.3516416376850534e+27,68,0.0,136,0.0,98688.258,0,26215,17071,13107,17092,26215,17065,0,0,0,105,99,100,-0.0,50.8,0.0,61.45,-107615200.0,63.0,1,47,48,180,13107,0,0,0,0.0,0.0,0.0,0.0,30497.258,66.0,0.0,3593299831029760.0,0.0,726,0,695,0,0,0,877,0,981,0,847,0,632,0,613,0,509,0,588,0.032,69544110456832.0,2.004,-0.0,48016,16791,0.001,26285948534784.0,-0.0,0.0,0.0,-1.0873241621047954e+24,70.0,60.0,66,0.0,0.0,10.0,2.0,0.0,0.0,0.0,0.0,0.0,0.0,0.0,0.0,0.0,0.0,0.0,0.0,62.4,62,18,65518,45,65476,0,300,0,0,8,20529,65476,0,0,44564,60.0,0.0,10.0,10.0,2.0,0.0
2026-02-05T00:03:30,ERR,ERR,ERR,ERR,ERR,ERR,ERR,ERR,ERR,ERR,ERR,ERR,ERR,ERR,ERR,ERR,ERR,ERR,ERR,ERR,ERR,ERR,ERR,ERR,ERR,ERR,ERR,ERR,ERR,ERR,ERR,ERR,ERR,ERR,ERR,ERR,ERR,ERR,ERR,ERR,ERR,ERR,ERR,ERR,ERR,ERR,ERR,ERR,ERR,ERR,ERR,ERR,ERR,ERR,ERR,ERR,ERR,ERR,ERR,ERR,ERR,ERR,ERR,ERR,ERR,ERR,ERR,ERR,ERR,ERR,ERR,ERR,ERR,ERR,ERR,ERR,ERR,ERR,ERR,ERR,ERR,ERR,ERR,ERR,ERR,ERR,ERR,ERR,ERR,ERR,ERR,ERR,ERR,ERR,ERR,ERR,ERR,ERR,ERR,ERR,ERR,ERR,ERR,ERR,ERR,ERR,ERR,ERR,ERR,ERR,ERR,ERR,ERR,ERR,ERR,ERR,ERR,ERR,ERR,ERR,ERR,ERR,ERR,ERR,ERR,2.7184260577004195e+23,-107615280.0,-0.0,0.0,0.0,-174328.547,1.959548805486649e+28,0.0,0,0,4,0,7670,-0.0,41,0.0,0.0,0.0,0.0,0.0,0,0,0,0,0.0,0,0,0,0,0,0,0,0,0,0,0,0,0,0,0,0,0,0,0,0,0,0,0,0,0,0,0,0,0,0,0,0,0,23,41,40,63,65476,0,300,0,0,8,21553,0.0,-107605600.0,0.0,0.0,0.0,0.0,0.0,0.0,0.0,0.0,0.0,0.0,0.0,0.0,0.0,0.0,0.0,0.0,0.0,0.0,0.0,2.004,2.004,-0.0,-0.0,-2.004,0.0,0.0,0.0,0.0,1704.25,-2.004,0.0,2.7184260577004195e+23,-107615280.0,-0.0,2.7184312818759872e+23,0.0,0.0,2.004,2.004,68,2.308838958497058e+20,-4.950327241546048e+32,0.0,0.0,0.0,0.0,0.0,0.0,0.0,0,0,0,0.0,0.0,0.0,0.0,0.0,-1.6374863944747057e+19,-8.405360014849894e+20,0.0,-0.0,0.0,-0.0,0.704,-0.0,3209027840.0,0.0,5368537153536.0,0,1.3516416376850534e+27,68,0.0,136,0.0,98688.258,0,26215,17071,13107,17092,26215,17065,0,0,0,105,99,100,-0.0,50.8,0.0,61.45,-107615200.0,63.0,1,47,48,180,13107,0,0,0,0.0,0.0,0.0,0.0,30497.258,66.0,0.0,3593299831029760.0,0.0,726,0,695,0,0,0,877,0,981,0,847,0,632,0,613,0,509,0,588,0.032,69544110456832.0,2.004,-0.0,48016,16791,0.001,26285948534784.0,-0.0,0.0,0.0,-1.0873241621047954e+24,70.0,60.0,66,0.0,0.0,10.0,2.0,0.0,0.0,0.0,0.0,0.0,0.0,0.0,0.0,0.0,0.0,0.0,0.0,62.4,62,18,65518,45,65476,0,300,0,0,8,20529,65476,0,0,44564,60.0,0.0,10.0,10.0,2.0,0.0
2026-02-05T00:03:31,ERR,ERR,ERR,ERR,ERR,ERR,ERR,ERR,ERR,ERR,ERR,ERR,ERR,ERR,ERR,ERR,ERR,ERR,ERR,ERR,ERR,ERR,ERR,ERR,ERR,ERR,ERR,ERR,ERR,ERR,ERR,ERR,ERR,ERR,ERR,ERR,ERR,ERR,ERR,ERR,ERR,ERR,ERR,ERR,ERR,ERR,ERR,ERR,ERR,ERR,ERR,ERR,ERR,ERR,ERR,ERR,ERR,ERR,ERR,ERR,ERR,ERR,ERR,ERR,ERR,ERR,ERR,ERR,ERR,ERR,ERR,ERR,ERR,ERR,ERR,ERR,ERR,ERR,ERR,ERR,ERR,ERR,ERR,ERR,ERR,ERR,ERR,ERR,ERR,ERR,ERR,ERR,ERR,ERR,ERR,ERR,ERR,ERR,ERR,ERR,ERR,ERR,ERR,ERR,ERR,ERR,ERR,ERR,ERR,ERR,ERR,ERR,ERR,ERR,ERR,ERR,ERR,ERR,ERR,ERR,ERR,ERR,ERR,ERR,ERR,2.7184260577004195e+23,-107615280.0,-0.0,0.0,0.0,-174328.547,1.959548805486649e+28,0.0,0,0,4,0,7670,-0.0,41,0.0,0.0,0.0,0.0,0.0,0,0,0,0,0.0,0,0,0,0,0,0,0,0,0,0,0,0,0,0,0,0,0,0,0,0,0,0,0,0,0,0,0,0,0,0,0,0,0,23,41,40,63,65476,0,300,0,0,8,21553,0.0,-107605600.0,0.0,0.0,0.0,0.0,0.0,0.0,0.0,0.0,0.0,0.0,0.0,0.0,0.0,0.0,0.0,0.0,0.0,0.0,0.0,2.004,2.004,-0.0,-0.0,-2.004,0.0,0.0,0.0,0.0,1704.25,-2.004,0.0,2.7184260577004195e+23,-107615280.0,-0.0,2.7184312818759872e+23,0.0,0.0,2.004,2.004,68,2.308838958497058e+20,-4.950327241546048e+32,0.0,0.0,0.0,0.0,0.0,0.0,0.0,0,0,0,0.0,0.0,0.0,0.0,0.0,-1.6374863944747057e+19,-8.405360014849894e+20,0.0,-0.0,0.0,-0.0,0.704,-0.0,3209027840.0,0.0,5368537153536.0,0,1.3516416376850534e+27,68,0.0,136,0.0,98688.258,0,26215,17071,13107,17092,26215,17065,0,0,0,105,99,100,-0.0,50.8,0.0,61.45,-107615200.0,63.0,1,47,48,180,13107,0,0,0,0.0,0.0,0.0,0.0,30497.258,66.0,0.0,3593299831029760.0,0.0,726,0,695,0,0,0,877,0,981,0,847,0,632,0,613,0,509,0,588,0.032,69544110456832.0,2.004,-0.0,48016,16791,0.001,26285948534784.0,-0.0,0.0,0.0,-1.0873241621047954e+24,70.0,60.0,66,0.0,0.0,10.0,2.0,0.0,0.0,0.0,0.0,0.0,0.0,0.0,0.0,0.0,0.0,0.0,0.0,62.4,62,18,65518,45,65476,0,300,0,0,8,20529,65476,0,0,44564,60.0,0.0,10.0,10.0,2.0,0.0
2026-02-05T00:03:32,ERR,ERR,ERR,ERR,ERR,ERR,ERR,ERR,ERR,ERR,ERR,ERR,ERR,ERR,ERR,ERR,ERR,ERR,ERR,ERR,ERR,ERR,ERR,ERR,ERR,ERR,ERR,ERR,ERR,ERR,ERR,ERR,ERR,ERR,ERR,ERR,ERR,ERR,ERR,ERR,ERR,ERR,ERR,ERR,ERR,ERR,ERR,ERR,ERR,ERR,ERR,ERR,ERR,ERR,ERR,ERR,ERR,ERR,ERR,ERR,ERR,ERR,ERR,ERR,ERR,ERR,ERR,ERR,ERR,ERR,ERR,ERR,ERR,ERR,ERR,ERR,ERR,ERR,ERR,ERR,ERR,ERR,ERR,ERR,ERR,ERR,ERR,ERR,ERR,ERR,ERR,ERR,ERR,ERR,ERR,ERR,ERR,ERR,ERR,ERR,ERR,ERR,ERR,ERR,ERR,ERR,ERR,ERR,ERR,ERR,ERR,ERR,ERR,ERR,ERR,ERR,ERR,ERR,ERR,ERR,ERR,ERR,ERR,ERR,ERR,2.7184260577004195e+23,-107615280.0,-0.0,0.0,0.0,0.0,-7.576816241686539e+30,0.0,0,0,4,0,7670,-0.0,41,0.0,0.0,0.0,0.0,0.0,0,0,0,0,0.0,0,0,0,0,0,0,0,0,0,0,0,0,0,0,0,0,0,0,0,0,0,0,0,0,0,0,0,0,0,0,0,0,0,23,41,40,63,65476,0,300,0,0,8,21553,0.0,-107605600.0,0.0,0.0,0.0,0.0,0.0,0.0,0.0,0.0,0.0,0.0,0.0,0.0,0.0,0.0,0.0,0.0,0.0,0.0,0.0,2.004,2.004,-0.0,-0.0,-2.004,0.0,0.0,0.0,0.0,1703.75,3.6970981726944756e+19,0.0,2.7184260577004195e+23,-107615280.0,-0.0,2.7184312818759872e+23,0.0,0.0,2.004,2.004,68,2.308838958497058e+20,4.0667807446760584e+29,0.0,0.0,0.0,0.0,0.0,0.0,0.0,0,0,0,0.0,4.200965923772826e+16,0.0,-1.0984753980579428e+35,0.0,2495322521600.0,0.0,-6463940.0,-0.0,0.0,-0.0,0.708,-0.0,3225805056.0,0.0,-29560782848.0,0,1.3516416376850534e+27,68,0.0,136,0.0,98688.258,0,26215,17071,13107,17092,26215,17065,0,0,0,105,99,100,-0.0,50.8,0.0,61.45,-107615200.0,63.0,1,47,48,180,13107,0,0,0,0.0,0.0,0.0,0.0,30497.258,66.0,0.0,3593299831029760.0,0.0,726,0,695,0,0,0,877,0,981,0,847,0,632,0,613,0,509,0,588,0.032,69544110456832.0,2.004,-0.0,48016,16791,0.001,26285948534784.0,-0.0,0.0,0.0,-1.0873241621047954e+24,70.0,60.0,66,0.0,0.0,10.0,2.0,0.0,0.0,0.0,0.0,0.0,0.0,0.0,0.0,0.0,0.0,0.0,0.0,62.0,62,18,65518,45,65476,0,300,0,0,8,20529,65476,0,0,44564,60.0,0.0,10.0,10.0,2.0,0.0
2026-02-05T00:03:33,ERR,ERR,ERR,ERR,ERR,ERR,ERR,ERR,ERR,ERR,ERR,ERR,ERR,ERR,ERR,ERR,ERR,ERR,ERR,ERR,ERR,ERR,ERR,ERR,ERR,ERR,ERR,ERR,ERR,ERR,ERR,ERR,ERR,ERR,ERR,ERR,ERR,ERR,ERR,ERR,ERR,ERR,ERR,ERR,ERR,ERR,ERR,ERR,ERR,ERR,ERR,ERR,ERR,ERR,ERR,ERR,ERR,ERR,ERR,ERR,ERR,ERR,ERR,ERR,ERR,ERR,ERR,ERR,ERR,ERR,ERR,ERR,ERR,ERR,ERR,ERR,ERR,ERR,ERR,ERR,ERR,ERR,ERR,ERR,ERR,ERR,ERR,ERR,ERR,ERR,ERR,ERR,ERR,ERR,ERR,ERR,ERR,ERR,ERR,ERR,ERR,ERR,ERR,ERR,ERR,ERR,ERR,ERR,ERR,ERR,ERR,ERR,ERR,ERR,ERR,ERR,ERR,ERR,ERR,ERR,ERR,ERR,ERR,ERR,ERR,2.7184260577004195e+23,-107615280.0,-0.0,0.0,0.0,0.0,-7.576816241686539e+30,0.0,0,0,4,0,7670,-0.0,41,0.0,0.0,0.0,0.0,0.0,0,0,0,0,0.0,0,0,0,0,0,0,0,0,0,0,0,0,0,0,0,0,0,0,0,0,0,0,0,0,0,0,0,0,0,0,0,0,0,23,41,40,63,65476,0,300,0,0,8,21553,0.0,-107605600.0,0.0,0.0,0.0,0.0,0.0,0.0,0.0,0.0,0.0,0.0,0.0,0.0,0.0,0.0,0.0,0.0,0.0,0.0,0.0,2.004,2.004,-0.0,-0.0,-2.004,0.0,0.0,0.0,0.0,1703.75,3.6970981726944756e+19,0.0,2.7184260577004195e+23,-107615280.0,-0.0,2.7184312818759872e+23,0.0,0.0,2.004,2.004,68,2.308838958497058e+20,4.0667807446760584e+29,0.0,0.0,0.0,0.0,0.0,0.0,0.0,0,0,0,0.0,4.200965923772826e+16,0.0,-1.0984753980579428e+35,0.0,2495322521600.0,0.0,-6463940.0,-0.0,0.0,-0.0,0.708,-0.0,3225805056.0,0.0,-29560782848.0,0,1.3516416376850534e+27,68,0.0,136,0.0,98688.258,0,26215,17071,13107,17092,26215,17065,0,0,0,105,99,100,-0.0,50.8,0.0,61.45,-107615200.0,63.0,1,47,48,180,13107,0,0,0,0.0,0.0,0.0,0.0,30497.258,66.0,0.0,3593299831029760.0,0.0,726,0,695,0,0,0,877,0,981,0,847,0,632,0,613,0,509,0,588,0.032,69544110456832.0,2.004,-0.0,48016,16791,0.001,26285948534784.0,-0.0,0.0,0.0,-1.0873241621047954e+24,70.0,60.0,66,0.0,0.0,10.0,2.0,0.0,0.0,0.0,0.0,0.0,0.0,0.0,0.0,0.0,0.0,0.0,0.0,62.0,62,18,65518,45,65476,0,300,0,0,8,20529,65476,0,0,44564,60.0,0.0,10.0,10.0,2.0,0.0
2026-02-05T00:03:34,ERR,ERR,ERR,ERR,ERR,ERR,ERR,ERR,ERR,ERR,ERR,ERR,ERR,ERR,ERR,ERR,ERR,ERR,ERR,ERR,ERR,ERR,ERR,ERR,ERR,ERR,ERR,ERR,ERR,ERR,ERR,ERR,ERR,ERR,ERR,ERR,ERR,ERR,ERR,ERR,ERR,ERR,ERR,ERR,ERR,ERR,ERR,ERR,ERR,ERR,ERR,ERR,ERR,ERR,ERR,ERR,ERR,ERR,ERR,ERR,ERR,ERR,ERR,ERR,ERR,ERR,ERR,ERR,ERR,ERR,ERR,ERR,ERR,ERR,ERR,ERR,ERR,ERR,ERR,ERR,ERR,ERR,ERR,ERR,ERR,ERR,ERR,ERR,ERR,ERR,ERR,ERR,ERR,ERR,ERR,ERR,ERR,ERR,ERR,ERR,ERR,ERR,ERR,ERR,ERR,ERR,ERR,ERR,ERR,ERR,ERR,ERR,ERR,ERR,ERR,ERR,ERR,ERR,ERR,ERR,ERR,ERR,ERR,ERR,ERR,2.7184260577004195e+23,-107615280.0,-0.0,0.0,0.0,0.0,-7.576816241686539e+30,0.0,0,0,4,0,7670,-0.0,41,0.0,0.0,0.0,0.0,0.0,0,0,0,0,0.0,0,0,0,0,0,0,0,0,0,0,0,0,0,0,0,0,0,0,0,0,0,0,0,0,0,0,0,0,0,0,0,0,0,23,41,40,63,65476,0,300,0,0,8,21553,0.0,-107605600.0,0.0,0.0,0.0,0.0,0.0,0.0,0.0,0.0,0.0,0.0,0.0,0.0,0.0,0.0,0.0,0.0,0.0,0.0,0.0,2.004,2.004,-0.0,-0.0,-2.004,0.0,0.0,0.0,0.0,1703.75,3.6970981726944756e+19,0.0,2.7184260577004195e+23,-107615280.0,-0.0,2.7184312818759872e+23,0.0,0.0,2.004,2.004,68,2.308838958497058e+20,4.0667807446760584e+29,0.0,0.0,0.0,0.0,0.0,0.0,0.0,0,0,0,0.0,4.200965923772826e+16,0.0,-1.0984753980579428e+35,0.0,2495322521600.0,0.0,-6463940.0,-0.0,0.0,-0.0,0.708,-0.0,3225805056.0,0.0,-29560782848.0,0,1.3516416376850534e+27,68,0.0,136,0.0,98688.258,0,26215,17071,13107,17092,26215,17065,0,0,0,105,99,100,-0.0,50.8,0.0,61.45,-107615200.0,63.0,1,47,48,180,13107,0,0,0,0.0,0.0,0.0,0.0,1.002,66.0,0.0,-0.0,0.0,726,0,695,0,0,0,877,0,980,0,847,0,632,0,613,0,509,0,588,0.032,69544110456832.0,0.0,0.0,59280,16791,1.002,-0.0,32.063,-3190851.5,-2.781199667747918e+35,0.0,70.0,60.0,66,0.0,0.0,10.0,2.0,0.0,0.0,0.0,0.0,0.0,0.0,0.0,0.0,0.0,0.0,0.0,0.0,62.0,62,18,65518,45,65476,0,300,0,0,8,20529,65476,0,0,44564,60.0,0.0,10.0,10.0,2.0,0.0
2026-02-05T00:03:35,ERR,ERR,ERR,ERR,ERR,ERR,ERR,ERR,ERR,ERR,ERR,ERR,ERR,ERR,ERR,ERR,ERR,ERR,ERR,ERR,ERR,ERR,ERR,ERR,ERR,ERR,ERR,ERR,ERR,ERR,ERR,ERR,ERR,ERR,ERR,ERR,ERR,ERR,ERR,ERR,ERR,ERR,ERR,ERR,ERR,ERR,ERR,ERR,ERR,ERR,ERR,ERR,ERR,ERR,ERR,ERR,ERR,ERR,ERR,ERR,ERR,ERR,ERR,ERR,ERR,ERR,ERR,ERR,ERR,ERR,ERR,ERR,ERR,ERR,ERR,ERR,ERR,ERR,ERR,ERR,ERR,ERR,ERR,ERR,ERR,ERR,ERR,ERR,ERR,ERR,ERR,ERR,ERR,ERR,ERR,ERR,ERR,ERR,ERR,ERR,ERR,ERR,ERR,ERR,ERR,ERR,ERR,ERR,ERR,ERR,ERR,ERR,ERR,ERR,ERR,ERR,ERR,ERR,ERR,ERR,ERR,ERR,ERR,ERR,ERR,2.7184260577004195e+23,-107615280.0,-0.0,0.0,0.0,0.0,-7.576816241686539e+30,0.0,0,0,4,0,7670,-0.0,41,0.0,0.0,0.0,0.0,0.0,0,0,0,0,0.0,0,0,0,0,0,0,0,0,0,0,0,0,0,0,0,0,0,0,0,0,0,0,0,0,0,0,0,0,0,0,0,0,0,23,41,40,63,65476,0,300,0,0,8,21553,0.0,-107605600.0,0.0,0.0,0.0,0.0,0.0,0.0,0.0,0.0,0.0,0.0,0.0,0.0,0.0,0.0,0.0,0.0,0.0,0.0,0.0,2.004,2.004,-0.0,-0.0,-2.004,0.0,0.0,0.0,0.0,1703.75,3.6970981726944756e+19,0.0,2.7184260577004195e+23,-107615280.0,-0.0,2.7184312818759872e+23,0.0,0.0,2.004,2.004,68,2.308838958497058e+20,4.0667807446760584e+29,0.0,0.0,0.0,0.0,0.0,0.0,0.0,0,0,0,0.0,4.200965923772826e+16,0.0,-1.0984753980579428e+35,0.0,2495322521600.0,0.0,-6463940.0,-0.0,0.0,-0.0,0.708,-0.0,3225805056.0,0.0,-29560782848.0,0,1.3516416376850534e+27,68,0.0,136,0.0,98688.258,0,26215,17071,13107,17092,26215,17065,0,0,0,105,99,100,-0.0,50.8,0.0,61.45,-107615200.0,63.0,1,47,48,180,13107,0,0,0,0.0,0.0,0.0,0.0,1.002,66.0,0.0,-0.0,0.0,726,0,695,0,0,0,877,0,980,0,847,0,632,0,613,0,509,0,588,0.032,69544110456832.0,0.0,0.0,59280,16791,1.002,-0.0,32.063,-3190851.5,-2.781199667747918e+35,0.0,70.0,60.0,66,0.0,0.0,10.0,2.0,0.0,0.0,0.0,0.0,0.0,0.0,0.0,0.0,0.0,0.0,0.0,0.0,62.0,62,18,65518,45,65476,0,300,0,0,8,20529,65476,0,0,44564,60.0,0.0,10.0,10.0,2.0,0.0
2026-02-05T00:03:36,ERR,ERR,ERR,ERR,ERR,ERR,ERR,ERR,ERR,ERR,ERR,ERR,ERR,ERR,ERR,ERR,ERR,ERR,ERR,ERR,ERR,ERR,ERR,ERR,ERR,ERR,ERR,ERR,ERR,ERR,ERR,ERR,ERR,ERR,ERR,ERR,ERR,ERR,ERR,ERR,ERR,ERR,ERR,ERR,ERR,ERR,ERR,ERR,ERR,ERR,ERR,ERR,ERR,ERR,ERR,ERR,ERR,ERR,ERR,ERR,ERR,ERR,ERR,ERR,ERR,ERR,ERR,ERR,ERR,ERR,ERR,ERR,ERR,ERR,ERR,ERR,ERR,ERR,ERR,ERR,ERR,ERR,ERR,ERR,ERR,ERR,ERR,ERR,ERR,ERR,ERR,ERR,ERR,ERR,ERR,ERR,ERR,ERR,ERR,ERR,ERR,ERR,ERR,ERR,ERR,ERR,ERR,ERR,ERR,ERR,ERR,ERR,ERR,ERR,ERR,ERR,ERR,ERR,ERR,ERR,ERR,ERR,ERR,ERR,ERR,2.7184260577004195e+23,-107615280.0,-0.0,0.0,0.0,0.0,-7.576816241686539e+30,0.0,0,0,4,0,7670,-0.0,41,0.0,0.0,0.0,0.0,0.0,0,0,0,0,0.0,0,0,0,0,0,0,0,0,0,0,0,0,0,0,0,0,0,0,0,0,0,0,0,0,0,0,0,0,0,0,0,0,0,23,41,40,63,65476,0,300,0,0,8,21553,0.0,-107605600.0,0.0,0.0,0.0,0.0,0.0,0.0,0.0,0.0,0.0,0.0,0.0,0.0,0.0,0.0,0.0,0.0,0.0,0.0,0.0,2.004,2.004,-0.0,-0.0,-2.004,0.0,0.0,0.0,0.0,1703.75,3.6970981726944756e+19,0.0,2.7184260577004195e+23,-107615280.0,-0.0,2.7184312818759872e+23,0.0,0.0,2.004,2.004,68,2.308838958497058e+20,4.0667807446760584e+29,0.0,0.0,0.0,0.0,0.0,0.0,0.0,0,0,0,0.0,4.200965923772826e+16,0.0,-1.0984753980579428e+35,0.0,2495322521600.0,0.0,-6463940.0,-0.0,0.0,-0.0,0.708,-0.0,3225805056.0,0.0,-29560782848.0,0,1.3516416376850534e+27,68,0.0,136,0.0,98688.258,0,26215,17071,13107,17092,26215,17065,0,0,0,105,99,100,-0.0,50.8,0.0,61.45,-107615200.0,63.0,1,47,48,180,13107,0,0,0,0.0,0.0,0.0,0.0,1.002,66.0,0.0,-0.0,0.0,726,0,695,0,0,0,877,0,980,0,847,0,632,0,613,0,509,0,588,0.032,69544110456832.0,0.0,0.0,59280,16791,1.002,-0.0,32.063,-3190851.5,-2.781199667747918e+35,0.0,70.0,60.0,66,0.0,0.0,10.0,2.0,0.0,0.0,0.0,0.0,0.0,0.0,0.0,0.0,0.0,0.0,0.0,0.0,62.0,62,18,65518,45,65476,0,300,0,0,8,20529,65476,0,0,44564,60.0,0.0,10.0,10.0,2.0,0.0
2026-02-05T00:03:37,ERR,ERR,ERR,ERR,ERR,ERR,ERR,ERR,ERR,ERR,ERR,ERR,ERR,ERR,ERR,ERR,ERR,ERR,ERR,ERR,ERR,ERR,ERR,ERR,ERR,ERR,ERR,ERR,ERR,ERR,ERR,ERR,ERR,ERR,ERR,ERR,ERR,ERR,ERR,ERR,ERR,ERR,ERR,ERR,ERR,ERR,ERR,ERR,ERR,ERR,ERR,ERR,ERR,ERR,ERR,ERR,ERR,ERR,ERR,ERR,ERR,ERR,ERR,ERR,ERR,ERR,ERR,ERR,ERR,ERR,ERR,ERR,ERR,ERR,ERR,ERR,ERR,ERR,ERR,ERR,ERR,ERR,ERR,ERR,ERR,ERR,ERR,ERR,ERR,ERR,ERR,ERR,ERR,ERR,ERR,ERR,ERR,ERR,ERR,ERR,ERR,ERR,ERR,ERR,ERR,ERR,ERR,ERR,ERR,ERR,ERR,ERR,ERR,ERR,ERR,ERR,ERR,ERR,ERR,ERR,ERR,ERR,ERR,ERR,ERR,2.7184260577004195e+23,-107615280.0,-0.0,0.0,0.0,0.0,-7.576816241686539e+30,0.0,0,0,4,0,7670,-0.0,41,0.0,0.0,0.0,0.0,0.0,0,0,0,0,0.0,0,0,0,0,0,0,0,0,0,0,0,0,0,0,0,0,0,0,0,0,0,0,0,0,0,0,0,0,0,0,0,0,0,23,41,40,63,65476,0,300,0,0,8,21553,0.0,-107605600.0,0.0,0.0,0.0,0.0,0.0,0.0,0.0,0.0,0.0,0.0,0.0,0.0,0.0,0.0,0.0,0.0,0.0,0.0,0.0,2.004,2.004,-0.0,-0.0,-2.004,0.0,0.0,0.0,0.0,1703.75,3.6970981726944756e+19,0.0,2.7184260577004195e+23,-107615280.0,-0.0,2.7184312818759872e+23,0.0,0.0,2.004,2.004,68,2.308838958497058e+20,4.0667807446760584e+29,0.0,0.0,0.0,0.0,0.0,0.0,0.0,0,0,0,0.0,4.200965923772826e+16,0.0,-1.0984753980579428e+35,0.0,2495322521600.0,0.0,-6463940.0,-0.0,0.0,-0.0,0.708,-0.0,3225805056.0,0.0,-29560782848.0,0,1.3516416376850534e+27,68,0.0,136,0.0,98688.258,0,26215,17071,13107,17092,26215,17065,0,0,0,105,99,100,-0.0,50.8,0.0,61.45,-107615200.0,63.0,1,47,48,180,13107,0,0,0,0.0,0.0,0.0,0.0,1.002,66.0,0.0,-0.0,0.0,726,0,695,0,0,0,877,0,980,0,847,0,632,0,613,0,509,0,588,0.032,69544110456832.0,0.0,0.0,59280,16791,1.002,-0.0,32.063,-3190851.5,-2.781199667747918e+35,0.0,70.0,60.0,66,0.0,0.0,10.0,2.0,0.0,0.0,0.0,0.0,0.0,0.0,0.0,0.0,0.0,0.0,0.0,0.0,62.0,62,18,65518,45,65476,0,300,0,0,8,20529,65476,0,0,44564,60.0,0.0,10.0,10.0,2.0,0.0
2026-02-05T00:03:38,ERR,ERR,ERR,ERR,ERR,ERR,ERR,ERR,ERR,ERR,ERR,ERR,ERR,ERR,ERR,ERR,ERR,ERR,ERR,ERR,ERR,ERR,ERR,ERR,ERR,ERR,ERR,ERR,ERR,ERR,ERR,ERR,ERR,ERR,ERR,ERR,ERR,ERR,ERR,ERR,ERR,ERR,ERR,ERR,ERR,ERR,ERR,ERR,ERR,ERR,ERR,ERR,ERR,ERR,ERR,ERR,ERR,ERR,ERR,ERR,ERR,ERR,ERR,ERR,ERR,ERR,ERR,ERR,ERR,ERR,ERR,ERR,ERR,ERR,ERR,ERR,ERR,ERR,ERR,ERR,ERR,ERR,ERR,ERR,ERR,ERR,ERR,ERR,ERR,ERR,ERR,ERR,ERR,ERR,ERR,ERR,ERR,ERR,ERR,ERR,ERR,ERR,ERR,ERR,ERR,ERR,ERR,ERR,ERR,ERR,ERR,ERR,ERR,ERR,ERR,ERR,ERR,ERR,ERR,ERR,ERR,ERR,ERR,ERR,ERR,2.7184260577004195e+23,-107615280.0,-0.0,0.0,0.0,-0.0,0.0,0.0,0,0,4,0,7670,-0.0,41,0.0,0.0,0.0,0.0,0.0,0,0,0,0,0.0,0,0,0,0,0,0,0,0,0,0,0,0,0,0,0,0,0,0,0,0,0,0,0,0,0,0,0,0,0,0,0,0,0,23,41,40,63,65476,0,300,0,0,8,21553,0.0,-107605600.0,0.0,0.0,0.0,0.0,0.0,0.0,0.0,0.0,0.0,0.0,0.0,0.0,0.0,0.0,0.0,0.0,0.0,0.0,0.0,2.004,2.004,-0.0,-0.0,-2.004,0.0,0.0,0.0,0.0,1680.5,-2.004,0.0,2.7184260577004195e+23,-107615280.0,-0.0,2.7184312818759872e+23,0.0,0.0,2.004,2.004,68,5.848080243889771e+35,-2.3087939225007843e+20,0.0,0.0,0.0,0.0,0.0,0.0,0.0,0,0,0,0.0,-0.0,0.0,-2.590086490568755e+26,0.0,-389625.594,0.0,-91364416.0,1.8719730756416074e+36,0.0,-0.0,0.708,-0.0,3242582272.0,0.0,9.096457685071331e+33,0,1.3516416376850534e+27,68,0.0,136,0.0,98688.258,0,26215,17071,0,17092,26215,17065,0,0,0,105,99,100,-0.0,50.8,0.0,61.45,-107615200.0,63.0,1,47,48,180,13107,0,0,0,0.0,0.0,0.0,0.0,2.2166048862847894e+20,66.0,0.0,-6.151138868972488e+23,0.0,726,0,695,0,0,0,877,0,980,0,847,0,632,0,613,0,510,0,588,0.032,69544110456832.0,0.0,0.0,58128,16791,3.220946531177689e+22,-0.0,-0.0,0.015,-9.232932156410277e+34,-15854458880.0,70.0,60.0,66,0.0,0.0,10.0,2.0,0.0,0.0,0.0,0.0,0.0,0.0,0.0,0.0,0.0,0.0,0.0,0.0,62.0,62,18,65518,45,65476,0,300,0,0,8,20529,65476,0,0,44564,60.0,0.0,10.0,10.0,2.0,0.0
2026-02-05T00:03:39,ERR,ERR,ERR,ERR,ERR,ERR,ERR,ERR,ERR,ERR,ERR,ERR,ERR,ERR,ERR,ERR,ERR,ERR,ERR,ERR,ERR,ERR,ERR,ERR,ERR,ERR,ERR,ERR,ERR,ERR,ERR,ERR,ERR,ERR,ERR,ERR,ERR,ERR,ERR,ERR,ERR,ERR,ERR,ERR,ERR,ERR,ERR,ERR,ERR,ERR,ERR,ERR,ERR,ERR,ERR,ERR,ERR,ERR,ERR,ERR,ERR,ERR,ERR,ERR,ERR,ERR,ERR,ERR,ERR,ERR,ERR,ERR,ERR,ERR,ERR,ERR,ERR,ERR,ERR,ERR,ERR,ERR,ERR,ERR,ERR,ERR,ERR,ERR,ERR,ERR,ERR,ERR,ERR,ERR,ERR,ERR,ERR,ERR,ERR,ERR,ERR,ERR,ERR,ERR,ERR,ERR,ERR,ERR,ERR,ERR,ERR,ERR,ERR,ERR,ERR,ERR,ERR,ERR,ERR,ERR,ERR,ERR,ERR,ERR,ERR,2.7184260577004195e+23,-107615280.0,-0.0,0.0,0.0,-0.0,0.0,0.0,0,0,4,0,7670,-0.0,41,0.0,0.0,0.0,0.0,0.0,0,0,0,0,0.0,0,0,0,0,0,0,0,0,0,0,0,0,0,0,0,0,0,0,0,0,0,0,0,0,0,0,0,0,0,0,0,0,0,23,41,40,63,65476,0,300,0,0,8,21553,0.0,-107605600.0,0.0,0.0,0.0,0.0,0.0,0.0,0.0,0.0,0.0,0.0,0.0,0.0,0.0,0.0,0.0,0.0,0.0,0.0,0.0,2.004,2.004,-0.0,-0.0,-2.004,0.0,0.0,0.0,0.0,1680.5,-2.004,0.0,2.7184260577004195e+23,-107615280.0,-0.0,2.7184312818759872e+23,0.0,0.0,2.004,2.004,68,5.848080243889771e+35,-2.3087939225007843e+20,0.0,0.0,0.0,0.0,0.0,0.0,0.0,0,0,0,0.0,-0.0,0.0,-2.590086490568755e+26,0.0,-389625.594,0.0,-91364416.0,1.8719730756416074e+36,0.0,-0.0,0.708,-0.0,3242582272.0,0.0,9.096457685071331e+33,0,1.3516416376850534e+27,68,0.0,136,0.0,98688.258,0,26215,17071,0,17092,26215,17065,0,0,0,105,99,100,-0.0,50.8,0.0,61.45,-107615200.0,63.0,1,47,48,180,13107,0,0,0,0.0,0.0,0.0,0.0,2.2166048862847894e+20,66.0,0.0,-6.151138868972488e+23,0.0,726,0,695,0,0,0,877,0,980,0,847,0,632,0,613,0,510,0,588,0.032,69544110456832.0,0.0,0.0,58128,16791,3.220946531177689e+22,-0.0,-0.0,0.015,-9.232932156410277e+34,-15854458880.0,70.0,60.0,66,0.0,0.0,10.0,2.0,0.0,0.0,0.0,0.0,0.0,0.0,0.0,0.0,0.0,0.0,0.0,0.0,62.0,62,18,65518,45,65476,0,300,0,0,8,20529,65476,0,0,44564,60.0,0.0,10.0,10.0,2.0,0.0
2026-02-05T00:03:40,ERR,ERR,ERR,ERR,ERR,ERR,ERR,ERR,ERR,ERR,ERR,ERR,ERR,ERR,ERR,ERR,ERR,ERR,ERR,ERR,ERR,ERR,ERR,ERR,ERR,ERR,ERR,ERR,ERR,ERR,ERR,ERR,ERR,ERR,ERR,ERR,ERR,ERR,ERR,ERR,ERR,ERR,ERR,ERR,ERR,ERR,ERR,ERR,ERR,ERR,ERR,ERR,ERR,ERR,ERR,ERR,ERR,ERR,ERR,ERR,ERR,ERR,ERR,ERR,ERR,ERR,ERR,ERR,ERR,ERR,ERR,ERR,ERR,ERR,ERR,ERR,ERR,ERR,ERR,ERR,ERR,ERR,ERR,ERR,ERR,ERR,ERR,ERR,ERR,ERR,ERR,ERR,ERR,ERR,ERR,ERR,ERR,ERR,ERR,ERR,ERR,ERR,ERR,ERR,ERR,ERR,ERR,ERR,ERR,ERR,ERR,ERR,ERR,ERR,ERR,ERR,ERR,ERR,ERR,ERR,ERR,ERR,ERR,ERR,ERR,2.7184260577004195e+23,-107615280.0,-0.0,0.0,0.0,-0.0,0.0,0.0,0,0,4,0,7670,-0.0,41,0.0,0.0,0.0,0.0,0.0,0,0,0,0,0.0,0,0,0,0,0,0,0,0,0,0,0,0,0,0,0,0,0,0,0,0,0,0,0,0,0,0,0,0,0,0,0,0,0,23,41,40,63,65476,0,300,0,0,8,21553,0.0,-107605600.0,0.0,0.0,0.0,0.0,0.0,0.0,0.0,0.0,0.0,0.0,0.0,0.0,0.0,0.0,0.0,0.0,0.0,0.0,0.0,2.004,2.004,-0.0,-0.0,-2.004,0.0,0.0,0.0,0.0,1680.5,-2.004,0.0,2.7184260577004195e+23,-107615280.0,-0.0,2.7184312818759872e+23,0.0,0.0,2.004,2.004,68,5.848080243889771e+35,-2.3087939225007843e+20,0.0,0.0,0.0,0.0,0.0,0.0,0.0,0,0,0,0.0,-0.0,0.0,-2.590086490568755e+26,0.0,-389625.594,0.0,-91364416.0,1.8719730756416074e+36,0.0,-0.0,0.708,-0.0,3242582272.0,0.0,9.096457685071331e+33,0,1.3516416376850534e+27,68,0.0,136,0.0,98688.258,0,26215,17071,0,17092,26215,17065,0,0,0,105,99,100,-0.0,50.8,0.0,61.45,-107615200.0,63.0,1,47,48,180,13107,0,0,0,0.0,0.0,0.0,0.0,2.2166048862847894e+20,66.0,0.0,-6.151138868972488e+23,0.0,726,0,695,0,0,0,877,0,980,0,847,0,632,0,613,0,510,0,588,0.032,69544110456832.0,0.0,0.0,58128,16791,3.220946531177689e+22,-0.0,-0.0,0.015,-9.232932156410277e+34,-15854458880.0,70.0,60.0,66,0.0,0.0,10.0,2.0,0.0,0.0,0.0,0.0,0.0,0.0,0.0,0.0,0.0,0.0,0.0,0.0,62.0,62,18,65518,45,65476,0,300,0,0,8,20529,65476,0,0,44564,60.0,0.0,10.0,10.0,2.0,0.0
2026-02-05T00:03:41,ERR,ERR,ERR,ERR,ERR,ERR,ERR,ERR,ERR,ERR,ERR,ERR,ERR,ERR,ERR,ERR,ERR,ERR,ERR,ERR,ERR,ERR,ERR,ERR,ERR,ERR,ERR,ERR,ERR,ERR,ERR,ERR,ERR,ERR,ERR,ERR,ERR,ERR,ERR,ERR,ERR,ERR,ERR,ERR,ERR,ERR,ERR,ERR,ERR,ERR,ERR,ERR,ERR,ERR,ERR,ERR,ERR,ERR,ERR,ERR,ERR,ERR,ERR,ERR,ERR,ERR,ERR,ERR,ERR,ERR,ERR,ERR,ERR,ERR,ERR,ERR,ERR,ERR,ERR,ERR,ERR,ERR,ERR,ERR,ERR,ERR,ERR,ERR,ERR,ERR,ERR,ERR,ERR,ERR,ERR,ERR,ERR,ERR,ERR,ERR,ERR,ERR,ERR,ERR,ERR,ERR,ERR,ERR,ERR,ERR,ERR,ERR,ERR,ERR,ERR,ERR,ERR,ERR,ERR,ERR,ERR,ERR,ERR,ERR,ERR,2.7184260577004195e+23,-107615280.0,-0.0,0.0,0.0,-0.0,0.0,0.0,0,0,4,0,7670,-0.0,41,0.0,0.0,0.0,0.0,0.0,0,0,0,0,0.0,0,0,0,0,0,0,0,0,0,0,0,0,0,0,0,0,0,0,0,0,0,0,0,0,0,0,0,0,0,0,0,0,0,23,41,40,63,65476,0,300,0,0,8,21553,0.0,-107605600.0,0.0,0.0,0.0,0.0,0.0,0.0,0.0,0.0,0.0,0.0,0.0,0.0,0.0,0.0,0.0,0.0,0.0,0.0,0.0,2.004,2.004,-0.0,-0.0,-2.004,0.0,0.0,0.0,0.0,1680.5,-2.004,0.0,2.7184260577004195e+23,-107615280.0,-0.0,2.7184312818759872e+23,0.0,0.0,2.004,2.004,68,5.848080243889771e+35,-2.3087939225007843e+20,0.0,0.0,0.0,0.0,0.0,0.0,0.0,0,0,0,0.0,-0.0,0.0,-2.590086490568755e+26,0.0,-389625.594,0.0,-91364416.0,1.8719730756416074e+36,0.0,-0.0,0.708,-0.0,3242582272.0,0.0,9.096457685071331e+33,0,1.3516416376850534e+27,68,0.0,136,0.0,98688.258,0,26215,17071,0,17092,26215,17065,0,0,0,105,99,100,-0.0,50.8,0.0,61.45,-107615200.0,63.0,1,47,48,180,13107,0,0,0,0.0,0.0,0.0,0.0,2.2166048862847894e+20,66.0,0.0,-6.151138868972488e+23,0.0,726,0,695,0,0,0,877,0,980,0,847,0,632,0,613,0,510,0,588,0.032,69544110456832.0,0.0,0.0,58128,16791,3.220946531177689e+22,-0.0,-0.0,0.015,-9.232932156410277e+34,-15854458880.0,70.0,60.0,66,0.0,0.0,10.0,2.0,0.0,0.0,0.0,0.0,0.0,0.0,0.0,0.0,0.0,0.0,0.0,0.0,62.0,62,18,65518,45,65476,0,300,0,0,8,20529,65476,0,0,44564,60.0,0.0,10.0,10.0,2.0,0.0
2026-02-05T00:03:42,ERR,ERR,ERR,ERR,ERR,ERR,ERR,ERR,ERR,ERR,ERR,ERR,ERR,ERR,ERR,ERR,ERR,ERR,ERR,ERR,ERR,ERR,ERR,ERR,ERR,ERR,ERR,ERR,ERR,ERR,ERR,ERR,ERR,ERR,ERR,ERR,ERR,ERR,ERR,ERR,ERR,ERR,ERR,ERR,ERR,ERR,ERR,ERR,ERR,ERR,ERR,ERR,ERR,ERR,ERR,ERR,ERR,ERR,ERR,ERR,ERR,ERR,ERR,ERR,ERR,ERR,ERR,ERR,ERR,ERR,ERR,ERR,ERR,ERR,ERR,ERR,ERR,ERR,ERR,ERR,ERR,ERR,ERR,ERR,ERR,ERR,ERR,ERR,ERR,ERR,ERR,ERR,ERR,ERR,ERR,ERR,ERR,ERR,ERR,ERR,ERR,ERR,ERR,ERR,ERR,ERR,ERR,ERR,ERR,ERR,ERR,ERR,ERR,ERR,ERR,ERR,ERR,ERR,ERR,ERR,ERR,ERR,ERR,ERR,ERR,2.7184260577004195e+23,-107615280.0,-0.0,0.0,0.0,-0.0,0.0,0.0,0,0,4,0,7670,-0.0,41,0.0,0.0,0.0,0.0,0.0,0,0,0,0,0.0,0,0,0,0,0,0,0,0,0,0,0,0,0,0,0,0,0,0,0,0,0,0,0,0,0,0,0,0,0,0,0,0,0,23,41,40,63,65476,0,300,0,0,8,21553,0.0,-107605600.0,0.0,0.0,0.0,0.0,0.0,0.0,0.0,0.0,0.0,0.0,0.0,0.0,0.0,0.0,0.0,0.0,0.0,0.0,0.0,2.004,2.004,-0.0,-0.0,-2.004,0.0,0.0,0.0,0.0,1680.5,-2.004,0.0,2.7184260577004195e+23,-107615280.0,-0.0,2.7184312818759872e+23,0.0,0.0,2.004,2.004,68,5.848080243889771e+35,-2.3087939225007843e+20,0.0,0.0,0.0,0.0,0.0,0.0,0.0,0,0,0,0.0,-0.0,0.0,-2.590086490568755e+26,0.0,-389625.594,0.0,-91364416.0,1.8719730756416074e+36,0.0,-0.0,0.708,-0.0,3242582272.0,0.0,9.096457685071331e+33,0,1.3516416376850534e+27,68,0.0,136,0.0,98688.258,0,26215,17071,0,17092,26215,17065,0,0,0,105,99,100,-0.0,50.8,0.0,61.45,-107615200.0,63.0,1,47,48,180,13107,0,0,0,0.0,0.0,0.0,0.0,2.2166048862847894e+20,66.0,0.0,-6.151138868972488e+23,0.0,726,0,695,0,0,0,877,0,980,0,847,0,632,0,613,0,510,0,588,0.032,69544110456832.0,0.0,0.0,58128,16791,3.220946531177689e+22,-0.0,-0.0,0.015,-9.232932156410277e+34,-15854458880.0,70.0,60.0,66,0.0,0.0,10.0,2.0,0.0,0.0,0.0,0.0,0.0,0.0,0.0,0.0,0.0,0.0,0.0,0.0,62.0,62,18,65518,45,65476,0,300,0,0,8,20529,65476,0,0,44564,60.0,0.0,10.0,10.0,2.0,0.0
2026-02-05T00:03:43,ERR,ERR,ERR,ERR,ERR,ERR,ERR,ERR,ERR,ERR,ERR,ERR,ERR,ERR,ERR,ERR,ERR,ERR,ERR,ERR,ERR,ERR,ERR,ERR,ERR,ERR,ERR,ERR,ERR,ERR,ERR,ERR,ERR,ERR,ERR,ERR,ERR,ERR,ERR,ERR,ERR,ERR,ERR,ERR,ERR,ERR,ERR,ERR,ERR,ERR,ERR,ERR,ERR,ERR,ERR,ERR,ERR,ERR,ERR,ERR,ERR,ERR,ERR,ERR,ERR,ERR,ERR,ERR,ERR,ERR,ERR,ERR,ERR,ERR,ERR,ERR,ERR,ERR,ERR,ERR,ERR,ERR,ERR,ERR,ERR,ERR,ERR,ERR,ERR,ERR,ERR,ERR,ERR,ERR,ERR,ERR,ERR,ERR,ERR,ERR,ERR,ERR,ERR,ERR,ERR,ERR,ERR,ERR,ERR,ERR,ERR,ERR,ERR,ERR,ERR,ERR,ERR,ERR,ERR,ERR,ERR,ERR,ERR,ERR,ERR,2.7184260577004195e+23,-107615280.0,-0.0,0.0,0.0,-0.0,0.0,0.0,0,0,4,0,7670,-0.0,41,0.0,0.0,0.0,0.0,0.0,0,0,0,0,0.0,0,0,0,0,0,0,0,0,0,0,0,0,0,0,0,0,0,0,0,0,0,0,0,0,0,0,0,0,0,0,0,0,0,23,41,40,63,65476,0,300,0,0,8,21553,0.0,-107605600.0,0.0,0.0,0.0,0.0,0.0,0.0,0.0,0.0,0.0,0.0,0.0,0.0,0.0,0.0,0.0,0.0,0.0,0.0,0.0,2.004,2.004,-0.0,-0.0,-2.004,0.0,0.0,0.0,0.0,1680.5,-2.004,0.0,2.7184260577004195e+23,-107615280.0,-0.0,2.7184312818759872e+23,0.0,0.0,2.004,2.004,68,5.848080243889771e+35,-2.3087939225007843e+20,0.0,0.0,0.0,0.0,0.0,0.0,0.0,0,0,0,0.0,-0.0,0.0,-2.590086490568755e+26,0.0,-389625.594,0.0,-91364416.0,1.8719730756416074e+36,0.0,-0.0,0.708,-0.0,3242582272.0,0.0,9.096457685071331e+33,0,1.3516416376850534e+27,68,0.0,136,0.0,98688.258,0,26215,17071,0,17092,26215,17065,0,0,0,105,99,100,0.0,51.05,0.0,61.45,-107615200.0,63.0,1,47,48,180,13107,0,0,0,0.0,0.0,0.0,0.0,3.823733105009623e+18,66.0,0.0,-0.0,0.0,726,0,695,0,0,0,877,0,980,0,847,0,632,0,613,0,509,0,588,0.032,69544110456832.0,0.0,0.0,54928,16791,2.365017606157566e+22,-0.0,-0.0,0.052,-1.072986881136678e+34,-3846174208.0,70.0,60.0,66,0.0,0.0,10.0,2.0,0.0,0.0,0.0,0.0,0.0,0.0,0.0,0.0,0.0,0.0,0.0,0.0,62.0,62,18,65518,45,65476,0,300,0,0,8,20529,65476,0,0,44564,60.0,0.0,10.0,10.0,2.0,0.0
2026-02-05T00:03:44,ERR,ERR,ERR,ERR,ERR,ERR,ERR,ERR,ERR,ERR,ERR,ERR,ERR,ERR,ERR,ERR,ERR,ERR,ERR,ERR,ERR,ERR,ERR,ERR,ERR,ERR,ERR,ERR,ERR,ERR,ERR,ERR,ERR,ERR,ERR,ERR,ERR,ERR,ERR,ERR,ERR,ERR,ERR,ERR,ERR,ERR,ERR,ERR,ERR,ERR,ERR,ERR,ERR,ERR,ERR,ERR,ERR,ERR,ERR,ERR,ERR,ERR,ERR,ERR,ERR,ERR,ERR,ERR,ERR,ERR,ERR,ERR,ERR,ERR,ERR,ERR,ERR,ERR,ERR,ERR,ERR,ERR,ERR,ERR,ERR,ERR,ERR,ERR,ERR,ERR,ERR,ERR,ERR,ERR,ERR,ERR,ERR,ERR,ERR,ERR,ERR,ERR,ERR,ERR,ERR,ERR,ERR,ERR,ERR,ERR,ERR,ERR,ERR,ERR,ERR,ERR,ERR,ERR,ERR,ERR,ERR,ERR,ERR,ERR,ERR,2.7184260577004195e+23,-107615280.0,-0.0,0.0,0.0,1.2501742718658148e+32,0.0,0.0,0,0,4,0,7670,-0.0,41,0.0,0.0,0.0,0.0,0.0,0,0,0,0,0.0,0,0,0,0,0,0,0,0,0,0,0,0,0,0,0,0,0,0,0,0,0,0,0,0,0,0,0,0,0,0,0,0,0,23,41,40,63,65476,0,300,0,0,8,21553,0.0,-107605600.0,0.0,0.0,0.0,0.0,0.0,0.0,0.0,0.0,0.0,0.0,0.0,0.0,0.0,0.0,0.0,0.0,0.0,0.0,0.0,2.004,2.004,-0.0,-0.0,-2.004,0.0,0.0,0.0,0.0,1680.25,3.697097293085173e+19,0.0,2.7184260577004195e+23,-107615280.0,-0.0,2.7184312818759872e+23,0.0,0.0,2.004,2.004,68,2.7184285797162108e+23,5.8479788318417524e+35,0.0,0.0,0.0,0.0,0.0,0.0,0.0,0,0,0,0.0,-3.867290530573124e+30,-1.3575636375337455e+38,-0.0,0.0,0.0,-0.0,-0.0,0.0,0.0,-0.0,0.712,-0.0,3259359488.0,0.0,-4.40815608554685e+36,0,1.3516416376850534e+27,68,0.0,136,0.0,98688.258,0,26215,17071,0,17092,26215,17065,0,0,0,105,99,100,0.0,51.05,0.0,61.45,-107615200.0,63.0,1,47,48,180,13107,0,0,0,0.0,0.0,0.0,0.0,3.823733105009623e+18,66.0,0.0,-0.0,0.0,726,0,695,0,0,0,877,0,980,0,847,0,632,0,613,0,509,0,588,0.032,69544110456832.0,0.0,0.0,54928,16791,2.365017606157566e+22,-0.0,-0.0,0.052,-1.072986881136678e+34,-3846174208.0,70.0,60.0,66,0.0,0.0,10.0,2.0,0.0,0.0,0.0,0.0,0.0,0.0,0.0,0.0,0.0,0.0,0.0,0.0,62.0,62,18,65518,45,65476,0,300,0,0,8,20529,65476,0,0,44564,60.0,0.0,10.0,10.0,2.0,0.0
2026-02-05T00:03:45,ERR,ERR,ERR,ERR,ERR,ERR,ERR,ERR,ERR,ERR,ERR,ERR,ERR,ERR,ERR,ERR,ERR,ERR,ERR,ERR,ERR,ERR,ERR,ERR,ERR,ERR,ERR,ERR,ERR,ERR,ERR,ERR,ERR,ERR,ERR,ERR,ERR,ERR,ERR,ERR,ERR,ERR,ERR,ERR,ERR,ERR,ERR,ERR,ERR,ERR,ERR,ERR,ERR,ERR,ERR,ERR,ERR,ERR,ERR,ERR,ERR,ERR,ERR,ERR,ERR,ERR,ERR,ERR,ERR,ERR,ERR,ERR,ERR,ERR,ERR,ERR,ERR,ERR,ERR,ERR,ERR,ERR,ERR,ERR,ERR,ERR,ERR,ERR,ERR,ERR,ERR,ERR,ERR,ERR,ERR,ERR,ERR,ERR,ERR,ERR,ERR,ERR,ERR,ERR,ERR,ERR,ERR,ERR,ERR,ERR,ERR,ERR,ERR,ERR,ERR,ERR,ERR,ERR,ERR,ERR,ERR,ERR,ERR,ERR,ERR,2.7184260577004195e+23,-107615280.0,-0.0,0.0,0.0,1.2501742718658148e+32,0.0,0.0,0,0,4,0,7670,-0.0,41,0.0,0.0,0.0,0.0,0.0,0,0,0,0,0.0,0,0,0,0,0,0,0,0,0,0,0,0,0,0,0,0,0,0,0,0,0,0,0,0,0,0,0,0,0,0,0,0,0,23,41,40,63,65476,0,300,0,0,8,21553,0.0,-107605600.0,0.0,0.0,0.0,0.0,0.0,0.0,0.0,0.0,0.0,0.0,0.0,0.0,0.0,0.0,0.0,0.0,0.0,0.0,0.0,2.004,2.004,-0.0,-0.0,-2.004,0.0,0.0,0.0,0.0,1680.25,3.697097293085173e+19,0.0,2.7184260577004195e+23,-107615280.0,-0.0,2.7184312818759872e+23,0.0,0.0,2.004,2.004,68,2.7184285797162108e+23,5.8479788318417524e+35,0.0,0.0,0.0,0.0,0.0,0.0,0.0,0,0,0,0.0,-3.867290530573124e+30,-1.3575636375337455e+38,-0.0,0.0,0.0,-0.0,-0.0,0.0,0.0,-0.0,0.712,-0.0,3259359488.0,0.0,-4.40815608554685e+36,0,1.3516416376850534e+27,68,0.0,136,0.0,98688.258,0,26215,17071,0,17092,26215,17065,0,0,0,105,99,100,0.0,51.05,0.0,61.45,-107615200.0,63.0,1,47,48,180,13107,0,0,0,0.0,0.0,0.0,0.0,3.823733105009623e+18,66.0,0.0,-0.0,0.0,726,0,695,0,0,0,877,0,980,0,847,0,632,0,613,0,509,0,588,0.032,69544110456832.0,0.0,0.0,54928,16791,2.365017606157566e+22,-0.0,-0.0,0.052,-1.072986881136678e+34,-3846174208.0,70.0,60.0,66,0.0,0.0,10.0,2.0,0.0,0.0,0.0,0.0,0.0,0.0,0.0,0.0,0.0,0.0,0.0,0.0,62.0,62,18,65518,45,65476,0,300,0,0,8,20529,65476,0,0,44564,60.0,0.0,10.0,10.0,2.0,0.0
2026-02-05T00:03:46,ERR,ERR,ERR,ERR,ERR,ERR,ERR,ERR,ERR,ERR,ERR,ERR,ERR,ERR,ERR,ERR,ERR,ERR,ERR,ERR,ERR,ERR,ERR,ERR,ERR,ERR,ERR,ERR,ERR,ERR,ERR,ERR,ERR,ERR,ERR,ERR,ERR,ERR,ERR,ERR,ERR,ERR,ERR,ERR,ERR,ERR,ERR,ERR,ERR,ERR,ERR,ERR,ERR,ERR,ERR,ERR,ERR,ERR,ERR,ERR,ERR,ERR,ERR,ERR,ERR,ERR,ERR,ERR,ERR,ERR,ERR,ERR,ERR,ERR,ERR,ERR,ERR,ERR,ERR,ERR,ERR,ERR,ERR,ERR,ERR,ERR,ERR,ERR,ERR,ERR,ERR,ERR,ERR,ERR,ERR,ERR,ERR,ERR,ERR,ERR,ERR,ERR,ERR,ERR,ERR,ERR,ERR,ERR,ERR,ERR,ERR,ERR,ERR,ERR,ERR,ERR,ERR,ERR,ERR,ERR,ERR,ERR,ERR,ERR,ERR,2.7184260577004195e+23,-107615280.0,-0.0,0.0,0.0,1.2501742718658148e+32,0.0,0.0,0,0,4,0,7670,-0.0,41,0.0,0.0,0.0,0.0,0.0,0,0,0,0,0.0,0,0,0,0,0,0,0,0,0,0,0,0,0,0,0,0,0,0,0,0,0,0,0,0,0,0,0,0,0,0,0,0,0,23,41,40,63,65476,0,300,0,0,8,21553,0.0,-107605600.0,0.0,0.0,0.0,0.0,0.0,0.0,0.0,0.0,0.0,0.0,0.0,0.0,0.0,0.0,0.0,0.0,0.0,0.0,0.0,2.004,2.004,-0.0,-0.0,-2.004,0.0,0.0,0.0,0.0,1680.25,3.697097293085173e+19,0.0,2.7184260577004195e+23,-107615280.0,-0.0,2.7184312818759872e+23,0.0,0.0,2.004,2.004,68,2.7184285797162108e+23,5.8479788318417524e+35,0.0,0.0,0.0,0.0,0.0,0.0,0.0,0,0,0,0.0,-3.867290530573124e+30,-1.3575636375337455e+38,-0.0,0.0,0.0,-0.0,-0.0,0.0,0.0,-0.0,0.712,-0.0,3259359488.0,0.0,-4.40815608554685e+36,0,1.3516416376850534e+27,68,0.0,136,0.0,98688.258,0,26215,17071,0,17092,26215,17065,0,0,0,105,99,100,0.0,51.05,0.0,61.45,-107615200.0,63.0,1,47,48,180,13107,0,0,0,0.0,0.0,0.0,0.0,3.823733105009623e+18,66.0,0.0,-0.0,0.0,726,0,695,0,0,0,877,0,980,0,847,0,632,0,613,0,509,0,588,0.032,69544110456832.0,0.0,0.0,54928,16791,2.365017606157566e+22,-0.0,-0.0,0.052,-1.072986881136678e+34,-3846174208.0,70.0,60.0,66,0.0,0.0,10.0,2.0,0.0,0.0,0.0,0.0,0.0,0.0,0.0,0.0,0.0,0.0,0.0,0.0,62.0,62,18,65518,45,65476,0,300,0,0,8,20529,65476,0,0,44564,60.0,0.0,10.0,10.0,2.0,0.0
2026-02-05T00:03:47,ERR,ERR,ERR,ERR,ERR,ERR,ERR,ERR,ERR,ERR,ERR,ERR,ERR,ERR,ERR,ERR,ERR,ERR,ERR,ERR,ERR,ERR,ERR,ERR,ERR,ERR,ERR,ERR,ERR,ERR,ERR,ERR,ERR,ERR,ERR,ERR,ERR,ERR,ERR,ERR,ERR,ERR,ERR,ERR,ERR,ERR,ERR,ERR,ERR,ERR,ERR,ERR,ERR,ERR,ERR,ERR,ERR,ERR,ERR,ERR,ERR,ERR,ERR,ERR,ERR,ERR,ERR,ERR,ERR,ERR,ERR,ERR,ERR,ERR,ERR,ERR,ERR,ERR,ERR,ERR,ERR,ERR,ERR,ERR,ERR,ERR,ERR,ERR,ERR,ERR,ERR,ERR,ERR,ERR,ERR,ERR,ERR,ERR,ERR,ERR,ERR,ERR,ERR,ERR,ERR,ERR,ERR,ERR,ERR,ERR,ERR,ERR,ERR,ERR,ERR,ERR,ERR,ERR,ERR,ERR,ERR,ERR,ERR,ERR,ERR,2.7184260577004195e+23,-107615280.0,-0.0,0.0,0.0,1.2501742718658148e+32,0.0,0.0,0,0,4,0,7670,-0.0,41,0.0,0.0,0.0,0.0,0.0,0,0,0,0,0.0,0,0,0,0,0,0,0,0,0,0,0,0,0,0,0,0,0,0,0,0,0,0,0,0,0,0,0,0,0,0,0,0,0,23,41,40,63,65476,0,300,0,0,8,21553,0.0,-107605600.0,0.0,0.0,0.0,0.0,0.0,0.0,0.0,0.0,0.0,0.0,0.0,0.0,0.0,0.0,0.0,0.0,0.0,0.0,0.0,2.004,2.004,-0.0,-0.0,-2.004,0.0,0.0,0.0,0.0,1680.25,3.697097293085173e+19,0.0,2.7184260577004195e+23,-107615280.0,-0.0,2.7184312818759872e+23,0.0,0.0,2.004,2.004,68,2.7184285797162108e+23,5.8479788318417524e+35,0.0,0.0,0.0,0.0,0.0,0.0,0.0,0,0,0,0.0,-3.867290530573124e+30,-1.3575636375337455e+38,-0.0,0.0,0.0,-0.0,-0.0,0.0,0.0,-0.0,0.712,-0.0,3259359488.0,0.0,-4.40815608554685e+36,0,1.3516416376850534e+27,68,0.0,136,0.0,98688.258,0,26215,17071,0,17092,26215,17065,0,0,0,105,99,100,0.0,51.05,0.0,61.45,-107615200.0,63.0,1,47,48,180,13107,0,0,0,0.0,0.0,0.0,0.0,57410.516,66.0,0.0,-0.0,0.0,726,0,695,0,0,0,877,0,980,0,847,0,632,0,613,0,509,0,588,0.032,69818988363776.0,0.0,0.0,46480,16791,57410.516,-0.0,-6.631406873850482e+31,-469770862592.0,1.2061532605539942e+17,11156839424.0,70.0,60.0,66,0.0,0.0,10.0,2.0,0.0,0.0,0.0,0.0,0.0,0.0,0.0,0.0,0.0,0.0,0.0,0.0,62.0,62,18,65518,45,65476,0,300,0,0,8,20529,65476,0,0,44564,60.0,0.0,10.0,10.0,2.0,0.0
2026-02-05T00:03:48,ERR,ERR,ERR,ERR,ERR,ERR,ERR,ERR,ERR,ERR,ERR,ERR,ERR,ERR,ERR,ERR,ERR,ERR,ERR,ERR,ERR,ERR,ERR,ERR,ERR,ERR,ERR,ERR,ERR,ERR,ERR,ERR,ERR,ERR,ERR,ERR,ERR,ERR,ERR,ERR,ERR,ERR,ERR,ERR,ERR,ERR,ERR,ERR,ERR,ERR,ERR,ERR,ERR,ERR,ERR,ERR,ERR,ERR,ERR,ERR,ERR,ERR,ERR,ERR,ERR,ERR,ERR,ERR,ERR,ERR,ERR,ERR,ERR,ERR,ERR,ERR,ERR,ERR,ERR,ERR,ERR,ERR,ERR,ERR,ERR,ERR,ERR,ERR,ERR,ERR,ERR,ERR,ERR,ERR,ERR,ERR,ERR,ERR,ERR,ERR,ERR,ERR,ERR,ERR,ERR,ERR,ERR,ERR,ERR,ERR,ERR,ERR,ERR,ERR,ERR,ERR,ERR,ERR,ERR,ERR,ERR,ERR,ERR,ERR,ERR,2.7184260577004195e+23,-107615280.0,-0.0,0.0,0.0,1.2501742718658148e+32,0.0,0.0,0,0,4,0,7670,-0.0,41,0.0,0.0,0.0,0.0,0.0,0,0,0,0,0.0,0,0,0,0,0,0,0,0,0,0,0,0,0,0,0,0,0,0,0,0,0,0,0,0,0,0,0,0,0,0,0,0,0,23,41,40,63,65476,0,300,0,0,8,21553,0.0,-107605600.0,0.0,0.0,0.0,0.0,0.0,0.0,0.0,0.0,0.0,0.0,0.0,0.0,0.0,0.0,0.0,0.0,0.0,0.0,0.0,2.004,2.004,-0.0,-0.0,-2.004,0.0,0.0,0.0,0.0,1680.25,3.697097293085173e+19,0.0,2.7184260577004195e+23,-107615280.0,-0.0,2.7184312818759872e+23,0.0,0.0,2.004,2.004,68,2.7184285797162108e+23,5.8479788318417524e+35,0.0,0.0,0.0,0.0,0.0,0.0,0.0,0,0,0,0.0,-3.867290530573124e+30,-1.3575636375337455e+38,-0.0,0.0,0.0,-0.0,-0.0,0.0,0.0,-0.0,0.712,-0.0,3259359488.0,0.0,-4.40815608554685e+36,0,1.3516416376850534e+27,68,0.0,136,0.0,98688.258,0,26215,17071,0,17092,26215,17065,0,0,0,105,99,100,0.0,51.05,0.0,61.45,-107615200.0,63.0,1,47,48,180,13107,0,0,0,0.0,0.0,0.0,0.0,57410.516,66.0,0.0,-0.0,0.0,726,0,695,0,0,0,877,0,980,0,847,0,632,0,613,0,509,0,588,0.032,69818988363776.0,0.0,0.0,46480,16791,57410.516,-0.0,-6.631406873850482e+31,-469770862592.0,1.2061532605539942e+17,11156839424.0,70.0,60.0,66,0.0,0.0,10.0,2.0,0.0,0.0,0.0,0.0,0.0,0.0,0.0,0.0,0.0,0.0,0.0,0.0,62.0,62,18,65518,45,65476,0,300,0,0,8,20529,65476,0,0,44564,60.0,0.0,10.0,10.0,2.0,0.0
2026-02-05T00:03:49,ERR,ERR,ERR,ERR,ERR,ERR,ERR,ERR,ERR,ERR,ERR,ERR,ERR,ERR,ERR,ERR,ERR,ERR,ERR,ERR,ERR,ERR,ERR,ERR,ERR,ERR,ERR,ERR,ERR,ERR,ERR,ERR,ERR,ERR,ERR,ERR,ERR,ERR,ERR,ERR,ERR,ERR,ERR,ERR,ERR,ERR,ERR,ERR,ERR,ERR,ERR,ERR,ERR,ERR,ERR,ERR,ERR,ERR,ERR,ERR,ERR,ERR,ERR,ERR,ERR,ERR,ERR,ERR,ERR,ERR,ERR,ERR,ERR,ERR,ERR,ERR,ERR,ERR,ERR,ERR,ERR,ERR,ERR,ERR,ERR,ERR,ERR,ERR,ERR,ERR,ERR,ERR,ERR,ERR,ERR,ERR,ERR,ERR,ERR,ERR,ERR,ERR,ERR,ERR,ERR,ERR,ERR,ERR,ERR,ERR,ERR,ERR,ERR,ERR,ERR,ERR,ERR,ERR,ERR,ERR,ERR,ERR,ERR,ERR,ERR,2.7184260577004195e+23,-107615280.0,-0.0,0.0,0.0,1.2501742718658148e+32,0.0,0.0,0,0,4,0,7670,-0.0,41,0.0,0.0,0.0,0.0,0.0,0,0,0,0,0.0,0,0,0,0,0,0,0,0,0,0,0,0,0,0,0,0,0,0,0,0,0,0,0,0,0,0,0,0,0,0,0,0,0,23,41,40,63,65476,0,300,0,0,8,21553,0.0,-107605600.0,0.0,0.0,0.0,0.0,0.0,0.0,0.0,0.0,0.0,0.0,0.0,0.0,0.0,0.0,0.0,0.0,0.0,0.0,0.0,2.004,2.004,-0.0,-0.0,-2.004,0.0,0.0,0.0,0.0,1680.25,3.697097293085173e+19,0.0,2.7184260577004195e+23,-107615280.0,-0.0,2.7184312818759872e+23,0.0,0.0,2.004,2.004,68,2.7184285797162108e+23,5.8479788318417524e+35,0.0,0.0,0.0,0.0,0.0,0.0,0.0,0,0,0,0.0,-3.867290530573124e+30,-1.3575636375337455e+38,-0.0,0.0,0.0,-0.0,-0.0,0.0,0.0,-0.0,0.712,-0.0,3259359488.0,0.0,-4.40815608554685e+36,0,1.3516416376850534e+27,68,0.0,136,0.0,98688.258,0,26215,17071,0,17092,26215,17065,0,0,0,105,99,100,0.0,51.05,0.0,61.45,-107615200.0,63.0,1,47,48,180,13107,0,0,0,0.0,0.0,0.0,0.0,57410.516,66.0,0.0,-0.0,0.0,726,0,695,0,0,0,877,0,980,0,847,0,632,0,613,0,509,0,588,0.032,69818988363776.0,0.0,0.0,46480,16791,57410.516,-0.0,-6.631406873850482e+31,-469770862592.0,1.2061532605539942e+17,11156839424.0,70.0,60.0,66,0.0,0.0,10.0,2.0,0.0,0.0,0.0,0.0,0.0,0.0,0.0,0.0,0.0,0.0,0.0,0.0,62.0,62,18,65518,45,65476,0,300,0,0,8,20529,65476,0,0,44564,60.0,0.0,10.0,10.0,2.0,0.0
2026-02-05T00:03:50,ERR,ERR,ERR,ERR,ERR,ERR,ERR,ERR,ERR,ERR,ERR,ERR,ERR,ERR,ERR,ERR,ERR,ERR,ERR,ERR,ERR,ERR,ERR,ERR,ERR,ERR,ERR,ERR,ERR,ERR,ERR,ERR,ERR,ERR,ERR,ERR,ERR,ERR,ERR,ERR,ERR,ERR,ERR,ERR,ERR,ERR,ERR,ERR,ERR,ERR,ERR,ERR,ERR,ERR,ERR,ERR,ERR,ERR,ERR,ERR,ERR,ERR,ERR,ERR,ERR,ERR,ERR,ERR,ERR,ERR,ERR,ERR,ERR,ERR,ERR,ERR,ERR,ERR,ERR,ERR,ERR,ERR,ERR,ERR,ERR,ERR,ERR,ERR,ERR,ERR,ERR,ERR,ERR,ERR,ERR,ERR,ERR,ERR,ERR,ERR,ERR,ERR,ERR,ERR,ERR,ERR,ERR,ERR,ERR,ERR,ERR,ERR,ERR,ERR,ERR,ERR,ERR,ERR,ERR,ERR,ERR,ERR,ERR,ERR,ERR,2.7184260577004195e+23,-107615280.0,-0.0,0.0,0.0,-1.1244095486345495e+35,-0.0,0.0,0,0,4,0,7670,-0.0,41,0.0,0.0,0.0,0.0,0.0,0,0,0,0,0.0,0,0,0,0,0,0,0,0,0,0,0,0,0,0,0,0,0,0,0,0,0,0,0,0,0,0,0,0,0,0,0,0,0,23,41,40,63,65476,0,300,0,0,8,21553,0.0,-107605600.0,0.0,0.0,0.0,0.0,0.0,0.0,0.0,0.0,0.0,0.0,0.0,0.0,0.0,0.0,0.0,0.0,0.0,0.0,0.0,2.004,2.004,-0.0,-0.0,-2.004,0.0,0.0,0.0,0.0,1672.75,-0.0,0.0,2.7184260577004195e+23,-107615280.0,-0.0,2.7184312818759872e+23,0.0,0.0,2.004,2.004,68,-0.0,0.0,0.0,0.0,0.0,0.0,0.0,0.0,0.0,0,0,0,0.0,3.4875481449389726e+20,0.0,450.494,0.0,-0.0,-0.006,0.0,-0.0,0.0,-0.0,0.712,-0.0,3276136704.0,0.0,nan,0,1.3516416376850534e+27,68,0.0,136,0.0,98688.258,0,26215,17071,0,17092,26215,17065,0,0,0,105,99,100,0.0,51.05,0.0,61.45,-107615200.0,63.0,1,47,48,180,13107,0,0,0,0.0,0.0,0.0,0.0,57410.516,66.0,0.0,-0.0,0.0,726,0,695,0,0,0,877,0,980,0,847,0,632,0,613,0,509,0,588,0.032,69818988363776.0,0.0,0.0,46480,16791,57410.516,-0.0,-6.631406873850482e+31,-469770862592.0,1.2061532605539942e+17,11156839424.0,70.0,60.0,66,0.0,0.0,10.0,2.0,0.0,0.0,0.0,0.0,0.0,0.0,0.0,0.0,0.0,0.0,0.0,0.0,62.0,62,18,65518,45,65476,0,300,0,0,8,20529,65476,0,0,44564,60.0,0.0,10.0,10.0,2.0,0.0
2026-02-05T00:03:51,ERR,ERR,ERR,ERR,ERR,ERR,ERR,ERR,ERR,ERR,ERR,ERR,ERR,ERR,ERR,ERR,ERR,ERR,ERR,ERR,ERR,ERR,ERR,ERR,ERR,ERR,ERR,ERR,ERR,ERR,ERR,ERR,ERR,ERR,ERR,ERR,ERR,ERR,ERR,ERR,ERR,ERR,ERR,ERR,ERR,ERR,ERR,ERR,ERR,ERR,ERR,ERR,ERR,ERR,ERR,ERR,ERR,ERR,ERR,ERR,ERR,ERR,ERR,ERR,ERR,ERR,ERR,ERR,ERR,ERR,ERR,ERR,ERR,ERR,ERR,ERR,ERR,ERR,ERR,ERR,ERR,ERR,ERR,ERR,ERR,ERR,ERR,ERR,ERR,ERR,ERR,ERR,ERR,ERR,ERR,ERR,ERR,ERR,ERR,ERR,ERR,ERR,ERR,ERR,ERR,ERR,ERR,ERR,ERR,ERR,ERR,ERR,ERR,ERR,ERR,ERR,ERR,ERR,ERR,ERR,ERR,ERR,ERR,ERR,ERR,2.7184260577004195e+23,-107615280.0,-0.0,0.0,0.0,-1.1244095486345495e+35,-0.0,0.0,0,0,4,0,7670,-0.0,41,0.0,0.0,0.0,0.0,0.0,0,0,0,0,0.0,0,0,0,0,0,0,0,0,0,0,0,0,0,0,0,0,0,0,0,0,0,0,0,0,0,0,0,0,0,0,0,0,0,23,41,40,63,65476,0,300,0,0,8,21553,0.0,-107605600.0,0.0,0.0,0.0,0.0,0.0,0.0,0.0,0.0,0.0,0.0,0.0,0.0,0.0,0.0,0.0,0.0,0.0,0.0,0.0,2.004,2.004,-0.0,-0.0,-2.004,0.0,0.0,0.0,0.0,1672.75,-0.0,0.0,2.7184260577004195e+23,-107615280.0,-0.0,2.7184312818759872e+23,0.0,0.0,2.004,2.004,68,-0.0,0.0,0.0,0.0,0.0,0.0,0.0,0.0,0.0,0,0,0,0.0,3.4875481449389726e+20,0.0,450.494,0.0,-0.0,-0.006,0.0,-0.0,0.0,-0.0,0.712,-0.0,3276136704.0,0.0,nan,0,1.3516416376850534e+27,68,0.0,136,0.0,98688.258,0,26215,17071,0,17092,26215,17065,0,0,0,105,99,100,-0.0,50.8,0.0,61.45,-107615200.0,63.0,1,47,48,180,13107,0,0,0,0.0,0.0,0.0,0.0,0.0,66.0,0.0,0.0,0.0,726,0,695,0,0,0,877,0,980,0,847,0,632,0,613,0,510,0,589,0.032,69544110456832.0,0.0,0.0,55312,16791,24.032,-3.733581947625013e+18,5.01057280673911e+36,5.249221302949295e+34,-0.0,-0.0,70.0,60.0,66,0.0,0.0,10.0,2.0,0.0,0.0,0.0,0.0,0.0,0.0,0.0,0.0,0.0,0.0,0.0,0.0,62.4,62,18,65518,45,65476,0,300,0,0,8,20529,65476,0,0,44564,60.0,0.0,10.0,10.0,2.0,0.0
2026-02-05T00:03:52,ERR,ERR,ERR,ERR,ERR,ERR,ERR,ERR,ERR,ERR,ERR,ERR,ERR,ERR,ERR,ERR,ERR,ERR,ERR,ERR,ERR,ERR,ERR,ERR,ERR,ERR,ERR,ERR,ERR,ERR,ERR,ERR,ERR,ERR,ERR,ERR,ERR,ERR,ERR,ERR,ERR,ERR,ERR,ERR,ERR,ERR,ERR,ERR,ERR,ERR,ERR,ERR,ERR,ERR,ERR,ERR,ERR,ERR,ERR,ERR,ERR,ERR,ERR,ERR,ERR,ERR,ERR,ERR,ERR,ERR,ERR,ERR,ERR,ERR,ERR,ERR,ERR,ERR,ERR,ERR,ERR,ERR,ERR,ERR,ERR,ERR,ERR,ERR,ERR,ERR,ERR,ERR,ERR,ERR,ERR,ERR,ERR,ERR,ERR,ERR,ERR,ERR,ERR,ERR,ERR,ERR,ERR,ERR,ERR,ERR,ERR,ERR,ERR,ERR,ERR,ERR,ERR,ERR,ERR,ERR,ERR,ERR,ERR,ERR,ERR,2.7184260577004195e+23,-107615280.0,-0.0,0.0,0.0,-1.1244095486345495e+35,-0.0,0.0,0,0,4,0,7670,-0.0,41,0.0,0.0,0.0,0.0,0.0,0,0,0,0,0.0,0,0,0,0,0,0,0,0,0,0,0,0,0,0,0,0,0,0,0,0,0,0,0,0,0,0,0,0,0,0,0,0,0,23,41,40,63,65476,0,300,0,0,8,21553,0.0,-107605600.0,0.0,0.0,0.0,0.0,0.0,0.0,0.0,0.0,0.0,0.0,0.0,0.0,0.0,0.0,0.0,0.0,0.0,0.0,0.0,2.004,2.004,-0.0,-0.0,-2.004,0.0,0.0,0.0,0.0,1672.75,-0.0,0.0,2.7184260577004195e+23,-107615280.0,-0.0,2.7184312818759872e+23,0.0,0.0,2.004,2.004,68,-0.0,0.0,0.0,0.0,0.0,0.0,0.0,0.0,0.0,0,0,0,0.0,3.4875481449389726e+20,0.0,450.494,0.0,-0.0,-0.006,0.0,-0.0,0.0,-0.0,0.712,-0.0,3276136704.0,0.0,nan,0,1.3516416376850534e+27,68,0.0,136,0.0,98688.258,0,26215,17071,0,17092,26215,17065,0,0,0,105,99,100,-0.0,50.8,0.0,61.45,-107615200.0,63.0,1,47,48,180,13107,0,0,0,0.0,0.0,0.0,0.0,0.0,66.0,0.0,0.0,0.0,726,0,695,0,0,0,877,0,980,0,847,0,632,0,613,0,510,0,589,0.032,69544110456832.0,0.0,0.0,55312,16791,24.032,-3.733581947625013e+18,5.01057280673911e+36,5.249221302949295e+34,-0.0,-0.0,70.0,60.0,66,0.0,0.0,10.0,2.0,0.0,0.0,0.0,0.0,0.0,0.0,0.0,0.0,0.0,0.0,0.0,0.0,62.4,62,18,65518,45,65476,0,300,0,0,8,20529,65476,0,0,44564,60.0,0.0,10.0,10.0,2.0,0.0
2026-02-05T00:03:53,ERR,ERR,ERR,ERR,ERR,ERR,ERR,ERR,ERR,ERR,ERR,ERR,ERR,ERR,ERR,ERR,ERR,ERR,ERR,ERR,ERR,ERR,ERR,ERR,ERR,ERR,ERR,ERR,ERR,ERR,ERR,ERR,ERR,ERR,ERR,ERR,ERR,ERR,ERR,ERR,ERR,ERR,ERR,ERR,ERR,ERR,ERR,ERR,ERR,ERR,ERR,ERR,ERR,ERR,ERR,ERR,ERR,ERR,ERR,ERR,ERR,ERR,ERR,ERR,ERR,ERR,ERR,ERR,ERR,ERR,ERR,ERR,ERR,ERR,ERR,ERR,ERR,ERR,ERR,ERR,ERR,ERR,ERR,ERR,ERR,ERR,ERR,ERR,ERR,ERR,ERR,ERR,ERR,ERR,ERR,ERR,ERR,ERR,ERR,ERR,ERR,ERR,ERR,ERR,ERR,ERR,ERR,ERR,ERR,ERR,ERR,ERR,ERR,ERR,ERR,ERR,ERR,ERR,ERR,ERR,ERR,ERR,ERR,ERR,ERR,2.7184260577004195e+23,-107615280.0,-0.0,0.0,0.0,-1.1244095486345495e+35,-0.0,0.0,0,0,4,0,7670,-0.0,41,0.0,0.0,0.0,0.0,0.0,0,0,0,0,0.0,0,0,0,0,0,0,0,0,0,0,0,0,0,0,0,0,0,0,0,0,0,0,0,0,0,0,0,0,0,0,0,0,0,23,41,40,63,65476,0,300,0,0,8,21553,0.0,-107605600.0,0.0,0.0,0.0,0.0,0.0,0.0,0.0,0.0,0.0,0.0,0.0,0.0,0.0,0.0,0.0,0.0,0.0,0.0,0.0,2.004,2.004,-0.0,-0.0,-2.004,0.0,0.0,0.0,0.0,1672.75,-0.0,0.0,2.7184260577004195e+23,-107615280.0,-0.0,2.7184312818759872e+23,0.0,0.0,2.004,2.004,68,-0.0,0.0,0.0,0.0,0.0,0.0,0.0,0.0,0.0,0,0,0,0.0,3.4875481449389726e+20,0.0,450.494,0.0,-0.0,-0.006,0.0,-0.0,0.0,-0.0,0.712,-0.0,3276136704.0,0.0,nan,0,1.3516416376850534e+27,68,0.0,136,0.0,98688.258,0,26215,17071,0,17092,26215,17065,0,0,0,105,99,100,-0.0,50.8,0.0,61.45,-107615200.0,63.0,1,47,48,180,13107,0,0,0,0.0,0.0,0.0,0.0,0.0,66.0,0.0,0.0,0.0,726,0,695,0,0,0,877,0,980,0,847,0,632,0,613,0,510,0,589,0.032,69544110456832.0,0.0,0.0,55312,16791,24.032,-3.733581947625013e+18,5.01057280673911e+36,5.249221302949295e+34,-0.0,-0.0,70.0,60.0,66,0.0,0.0,10.0,2.0,0.0,0.0,0.0,0.0,0.0,0.0,0.0,0.0,0.0,0.0,0.0,0.0,62.0,62,18,65518,45,65476,0,300,0,0,8,20529,65476,0,0,44564,60.0,0.0,10.0,10.0,2.0,0.0
2026-02-05T00:03:54,ERR,ERR,ERR,ERR,ERR,ERR,ERR,ERR,ERR,ERR,ERR,ERR,ERR,ERR,ERR,ERR,ERR,ERR,ERR,ERR,ERR,ERR,ERR,ERR,ERR,ERR,ERR,ERR,ERR,ERR,ERR,ERR,ERR,ERR,ERR,ERR,ERR,ERR,ERR,ERR,ERR,ERR,ERR,ERR,ERR,ERR,ERR,ERR,ERR,ERR,ERR,ERR,ERR,ERR,ERR,ERR,ERR,ERR,ERR,ERR,ERR,ERR,ERR,ERR,ERR,ERR,ERR,ERR,ERR,ERR,ERR,ERR,ERR,ERR,ERR,ERR,ERR,ERR,ERR,ERR,ERR,ERR,ERR,ERR,ERR,ERR,ERR,ERR,ERR,ERR,ERR,ERR,ERR,ERR,ERR,ERR,ERR,ERR,ERR,ERR,ERR,ERR,ERR,ERR,ERR,ERR,ERR,ERR,ERR,ERR,ERR,ERR,ERR,ERR,ERR,ERR,ERR,ERR,ERR,ERR,ERR,ERR,ERR,ERR,ERR,2.7184260577004195e+23,-107615280.0,-0.0,0.0,0.0,-1.1244095486345495e+35,-0.0,0.0,0,0,4,0,7670,-0.0,41,0.0,0.0,0.0,0.0,0.0,0,0,0,0,0.0,0,0,0,0,0,0,0,0,0,0,0,0,0,0,0,0,0,0,0,0,0,0,0,0,0,0,0,0,0,0,0,0,0,23,41,40,63,65476,0,300,0,0,8,21553,0.0,-107605600.0,0.0,0.0,0.0,0.0,0.0,0.0,0.0,0.0,0.0,0.0,0.0,0.0,0.0,0.0,0.0,0.0,0.0,0.0,0.0,2.004,2.004,-0.0,-0.0,-2.004,0.0,0.0,0.0,0.0,1672.75,-0.0,0.0,2.7184260577004195e+23,-107615280.0,-0.0,2.7184312818759872e+23,0.0,0.0,2.004,2.004,68,-0.0,0.0,0.0,0.0,0.0,0.0,0.0,0.0,0.0,0,0,0,0.0,3.4875481449389726e+20,0.0,450.494,0.0,-0.0,-0.006,0.0,-0.0,0.0,-0.0,0.712,-0.0,3276136704.0,0.0,nan,0,1.3516416376850534e+27,68,0.0,136,0.0,98688.258,0,26215,17071,0,17092,26215,17065,0,0,0,105,99,100,-0.0,50.8,0.0,61.45,-107615200.0,63.0,1,47,48,180,13107,0,0,0,0.0,0.0,0.0,0.0,0.0,66.0,0.0,0.0,0.0,726,0,695,0,0,0,877,0,980,0,847,0,632,0,613,0,510,0,589,0.032,69544110456832.0,0.0,0.0,55312,16791,24.032,-3.733581947625013e+18,5.01057280673911e+36,5.249221302949295e+34,-0.0,-0.0,70.0,60.0,66,0.0,0.0,10.0,2.0,0.0,0.0,0.0,0.0,0.0,0.0,0.0,0.0,0.0,0.0,0.0,0.0,62.0,62,18,65518,45,65476,0,300,0,0,8,20529,65476,0,0,44564,60.0,0.0,10.0,10.0,2.0,0.0
2026-02-05T00:03:55,ERR,ERR,ERR,ERR,ERR,ERR,ERR,ERR,ERR,ERR,ERR,ERR,ERR,ERR,ERR,ERR,ERR,ERR,ERR,ERR,ERR,ERR,ERR,ERR,ERR,ERR,ERR,ERR,ERR,ERR,ERR,ERR,ERR,ERR,ERR,ERR,ERR,ERR,ERR,ERR,ERR,ERR,ERR,ERR,ERR,ERR,ERR,ERR,ERR,ERR,ERR,ERR,ERR,ERR,ERR,ERR,ERR,ERR,ERR,ERR,ERR,ERR,ERR,ERR,ERR,ERR,ERR,ERR,ERR,ERR,ERR,ERR,ERR,ERR,ERR,ERR,ERR,ERR,ERR,ERR,ERR,ERR,ERR,ERR,ERR,ERR,ERR,ERR,ERR,ERR,ERR,ERR,ERR,ERR,ERR,ERR,ERR,ERR,ERR,ERR,ERR,ERR,ERR,ERR,ERR,ERR,ERR,ERR,ERR,ERR,ERR,ERR,ERR,ERR,ERR,ERR,ERR,ERR,ERR,ERR,ERR,ERR,ERR,ERR,ERR,2.7184260577004195e+23,-107615280.0,-0.0,0.0,0.0,-1.1244095486345495e+35,-0.0,0.0,0,0,4,0,7670,-0.0,41,0.0,0.0,0.0,0.0,0.0,0,0,0,0,0.0,0,0,0,0,0,0,0,0,0,0,0,0,0,0,0,0,0,0,0,0,0,0,0,0,0,0,0,0,0,0,0,0,0,23,41,40,63,65476,0,300,0,0,8,21553,0.0,-107605600.0,0.0,0.0,0.0,0.0,0.0,0.0,0.0,0.0,0.0,0.0,0.0,0.0,0.0,0.0,0.0,0.0,0.0,0.0,0.0,2.004,2.004,-0.0,-0.0,-2.004,0.0,0.0,0.0,0.0,1672.75,-0.0,0.0,2.7184260577004195e+23,-107615280.0,-0.0,2.7184312818759872e+23,0.0,0.0,2.004,2.004,68,-0.0,0.0,0.0,0.0,0.0,0.0,0.0,0.0,0.0,0,0,0,0.0,3.4875481449389726e+20,0.0,450.494,0.0,-0.0,-0.006,0.0,-0.0,0.0,-0.0,0.712,-0.0,3276136704.0,0.0,nan,0,1.3516416376850534e+27,68,0.0,136,0.0,98688.258,0,26215,17071,0,17092,26215,17065,0,0,0,105,99,100,0.0,50.8,0.0,61.45,-107615200.0,63.0,1,47,48,180,13107,0,0,0,0.0,0.0,0.0,0.0,1394.079,66.0,0.0,-0.0,0.0,726,0,695,0,0,0,877,0,980,0,847,0,632,0,613,0,509,0,589,0.032,69544110456832.0,2.004,-0.0,35984,16791,195307584.0,-0.0,0.0,-0.02,1.3076104342697714e+29,1.6471597690179656e+26,70.0,60.0,66,0.0,0.0,10.0,2.0,0.0,0.0,0.0,0.0,0.0,0.0,0.0,0.0,0.0,0.0,0.0,0.0,62.0,62,18,65518,45,65476,0,300,0,0,8,20529,65476,0,0,44564,60.0,0.0,10.0,10.0,2.0,0.0
2026-02-05T00:03:56,ERR,ERR,ERR,ERR,ERR,ERR,ERR,ERR,ERR,ERR,ERR,ERR,ERR,ERR,ERR,ERR,ERR,ERR,ERR,ERR,ERR,ERR,ERR,ERR,ERR,ERR,ERR,ERR,ERR,ERR,ERR,ERR,ERR,ERR,ERR,ERR,ERR,ERR,ERR,ERR,ERR,ERR,ERR,ERR,ERR,ERR,ERR,ERR,ERR,ERR,ERR,ERR,ERR,ERR,ERR,ERR,ERR,ERR,ERR,ERR,ERR,ERR,ERR,ERR,ERR,ERR,ERR,ERR,ERR,ERR,ERR,ERR,ERR,ERR,ERR,ERR,ERR,ERR,ERR,ERR,ERR,ERR,ERR,ERR,ERR,ERR,ERR,ERR,ERR,ERR,ERR,ERR,ERR,ERR,ERR,ERR,ERR,ERR,ERR,ERR,ERR,ERR,ERR,ERR,ERR,ERR,ERR,ERR,ERR,ERR,ERR,ERR,ERR,ERR,ERR,ERR,ERR,ERR,ERR,ERR,ERR,ERR,ERR,ERR,ERR,2.7184260577004195e+23,-107615280.0,-0.0,0.0,0.0,1.1945749997092134e+34,0.0,0.0,0,0,4,0,7670,-0.0,41,0.0,0.0,0.0,0.0,0.0,0,0,0,0,0.0,0,0,0,0,0,0,0,0,0,0,0,0,0,0,0,0,0,0,0,0,0,0,0,0,0,0,0,0,0,0,0,0,0,23,41,40,63,65476,0,300,0,0,8,21553,0.0,-107605600.0,0.0,0.0,0.0,0.0,0.0,0.0,0.0,0.0,0.0,0.0,0.0,0.0,0.0,0.0,0.0,0.0,0.0,0.0,0.0,2.004,2.004,-0.0,-0.0,-2.004,0.0,0.0,0.0,0.0,1680.0,3.697097293085173e+19,0.0,2.7184260577004195e+23,-107615280.0,-0.0,2.7184312818759872e+23,0.0,0.0,2.004,2.004,68,1.9056965742860698e+17,5.8479788318417524e+35,0.0,0.0,0.0,0.0,0.0,0.0,0.0,0,0,0,0.001,2.018711916912768e+32,-7.277765806212095e+34,2.902667532907315e+16,0.0,0.0,1058915.875,2.0309161487900627e+33,0.0,0.0,-0.0,0.716,-0.0,3276136704.0,0.0,2959146483712.0,0,1.3516416376850534e+27,68,0.0,136,0.0,98688.258,0,26215,17071,0,17092,26215,17065,0,0,0,105,99,100,0.0,50.8,0.0,61.45,-107615200.0,63.0,1,47,48,180,13107,0,0,0,0.0,0.0,0.0,0.0,1394.079,66.0,0.0,-0.0,0.0,726,0,695,0,0,0,877,0,980,0,847,0,632,0,613,0,509,0,589,0.032,69544110456832.0,2.004,-0.0,35984,16791,195307584.0,-0.0,0.0,-0.02,1.3076104342697714e+29,1.6471597690179656e+26,70.0,60.0,66,0.0,0.0,10.0,2.0,0.0,0.0,0.0,0.0,0.0,0.0,0.0,0.0,0.0,0.0,0.0,0.0,62.0,62,18,65518,45,65476,0,300,0,0,8,20529,65476,0,0,44564,60.0,0.0,10.0,10.0,2.0,0.0
2026-02-05T00:03:57,ERR,ERR,ERR,ERR,ERR,ERR,ERR,ERR,ERR,ERR,ERR,ERR,ERR,ERR,ERR,ERR,ERR,ERR,ERR,ERR,ERR,ERR,ERR,ERR,ERR,ERR,ERR,ERR,ERR,ERR,ERR,ERR,ERR,ERR,ERR,ERR,ERR,ERR,ERR,ERR,ERR,ERR,ERR,ERR,ERR,ERR,ERR,ERR,ERR,ERR,ERR,ERR,ERR,ERR,ERR,ERR,ERR,ERR,ERR,ERR,ERR,ERR,ERR,ERR,ERR,ERR,ERR,ERR,ERR,ERR,ERR,ERR,ERR,ERR,ERR,ERR,ERR,ERR,ERR,ERR,ERR,ERR,ERR,ERR,ERR,ERR,ERR,ERR,ERR,ERR,ERR,ERR,ERR,ERR,ERR,ERR,ERR,ERR,ERR,ERR,ERR,ERR,ERR,ERR,ERR,ERR,ERR,ERR,ERR,ERR,ERR,ERR,ERR,ERR,ERR,ERR,ERR,ERR,ERR,ERR,ERR,ERR,ERR,ERR,ERR,2.7184260577004195e+23,-107615280.0,-0.0,0.0,0.0,1.1945749997092134e+34,0.0,0.0,0,0,4,0,7670,-0.0,41,0.0,0.0,0.0,0.0,0.0,0,0,0,0,0.0,0,0,0,0,0,0,0,0,0,0,0,0,0,0,0,0,0,0,0,0,0,0,0,0,0,0,0,0,0,0,0,0,0,23,41,40,63,65476,0,300,0,0,8,21553,0.0,-107605600.0,0.0,0.0,0.0,0.0,0.0,0.0,0.0,0.0,0.0,0.0,0.0,0.0,0.0,0.0,0.0,0.0,0.0,0.0,0.0,2.004,2.004,-0.0,-0.0,-2.004,0.0,0.0,0.0,0.0,1680.0,3.697097293085173e+19,0.0,2.7184260577004195e+23,-107615280.0,-0.0,2.7184312818759872e+23,0.0,0.0,2.004,2.004,68,1.9056965742860698e+17,5.8479788318417524e+35,0.0,0.0,0.0,0.0,0.0,0.0,0.0,0,0,0,0.001,2.018711916912768e+32,-7.277765806212095e+34,2.902667532907315e+16,0.0,0.0,1058915.875,2.0309161487900627e+33,0.0,0.0,-0.0,0.716,-0.0,3276136704.0,0.0,2959146483712.0,0,1.3516416376850534e+27,68,0.0,136,0.0,98688.258,0,26215,17071,0,17092,26215,17065,0,0,0,105,99,100,0.0,50.8,0.0,61.45,-107615200.0,63.0,1,47,48,180,13107,0,0,0,0.0,0.0,0.0,0.0,1394.079,66.0,0.0,-0.0,0.0,726,0,695,0,0,0,877,0,980,0,847,0,632,0,613,0,509,0,589,0.032,69544110456832.0,2.004,-0.0,35984,16791,195307584.0,-0.0,0.0,-0.02,1.3076104342697714e+29,1.6471597690179656e+26,70.0,60.0,66,0.0,0.0,10.0,2.0,0.0,0.0,0.0,0.0,0.0,0.0,0.0,0.0,0.0,0.0,0.0,0.0,62.0,62,18,65518,45,65476,0,300,0,0,8,20529,65476,0,0,44564,60.0,0.0,10.0,10.0,2.0,0.0
2026-02-05T00:03:58,ERR,ERR,ERR,ERR,ERR,ERR,ERR,ERR,ERR,ERR,ERR,ERR,ERR,ERR,ERR,ERR,ERR,ERR,ERR,ERR,ERR,ERR,ERR,ERR,ERR,ERR,ERR,ERR,ERR,ERR,ERR,ERR,ERR,ERR,ERR,ERR,ERR,ERR,ERR,ERR,ERR,ERR,ERR,ERR,ERR,ERR,ERR,ERR,ERR,ERR,ERR,ERR,ERR,ERR,ERR,ERR,ERR,ERR,ERR,ERR,ERR,ERR,ERR,ERR,ERR,ERR,ERR,ERR,ERR,ERR,ERR,ERR,ERR,ERR,ERR,ERR,ERR,ERR,ERR,ERR,ERR,ERR,ERR,ERR,ERR,ERR,ERR,ERR,ERR,ERR,ERR,ERR,ERR,ERR,ERR,ERR,ERR,ERR,ERR,ERR,ERR,ERR,ERR,ERR,ERR,ERR,ERR,ERR,ERR,ERR,ERR,ERR,ERR,ERR,ERR,ERR,ERR,ERR,ERR,ERR,ERR,ERR,ERR,ERR,ERR,2.7184260577004195e+23,-107615280.0,-0.0,0.0,0.0,1.1945749997092134e+34,0.0,0.0,0,0,4,0,7670,-0.0,41,0.0,0.0,0.0,0.0,0.0,0,0,0,0,0.0,0,0,0,0,0,0,0,0,0,0,0,0,0,0,0,0,0,0,0,0,0,0,0,0,0,0,0,0,0,0,0,0,0,23,41,40,63,65476,0,300,0,0,8,21553,0.0,-107605600.0,0.0,0.0,0.0,0.0,0.0,0.0,0.0,0.0,0.0,0.0,0.0,0.0,0.0,0.0,0.0,0.0,0.0,0.0,0.0,2.004,2.004,-0.0,-0.0,-2.004,0.0,0.0,0.0,0.0,1680.0,3.697097293085173e+19,0.0,2.7184260577004195e+23,-107615280.0,-0.0,2.7184312818759872e+23,0.0,0.0,2.004,2.004,68,1.9056965742860698e+17,5.8479788318417524e+35,0.0,0.0,0.0,0.0,0.0,0.0,0.0,0,0,0,0.001,2.018711916912768e+32,-7.277765806212095e+34,2.902667532907315e+16,0.0,0.0,1058915.875,2.0309161487900627e+33,0.0,0.0,-0.0,0.716,-0.0,3276136704.0,0.0,2959146483712.0,0,1.3516416376850534e+27,68,0.0,136,0.0,98688.258,0,26215,17071,0,17092,26215,17065,0,0,0,105,99,100,0.0,50.8,0.0,61.45,-107615200.0,63.0,1,47,48,180,13107,0,0,0,0.0,0.0,0.0,0.0,1394.079,66.0,0.0,-0.0,0.0,726,0,695,0,0,0,877,0,980,0,847,0,632,0,613,0,509,0,589,0.032,69544110456832.0,2.004,-0.0,35984,16791,195307584.0,-0.0,0.0,-0.02,1.3076104342697714e+29,1.6471597690179656e+26,70.0,60.0,66,0.0,0.0,10.0,2.0,0.0,0.0,0.0,0.0,0.0,0.0,0.0,0.0,0.0,0.0,0.0,0.0,62.0,62,18,65518,45,65476,0,300,0,0,8,20529,65476,0,0,44564,60.0,0.0,10.0,10.0,2.0,0.0
2026-02-05T00:03:59,ERR,ERR,ERR,ERR,ERR,ERR,ERR,ERR,ERR,ERR,ERR,ERR,ERR,ERR,ERR,ERR,ERR,ERR,ERR,ERR,ERR,ERR,ERR,ERR,ERR,ERR,ERR,ERR,ERR,ERR,ERR,ERR,ERR,ERR,ERR,ERR,ERR,ERR,ERR,ERR,ERR,ERR,ERR,ERR,ERR,ERR,ERR,ERR,ERR,ERR,ERR,ERR,ERR,ERR,ERR,ERR,ERR,ERR,ERR,ERR,ERR,ERR,ERR,ERR,ERR,ERR,ERR,ERR,ERR,ERR,ERR,ERR,ERR,ERR,ERR,ERR,ERR,ERR,ERR,ERR,ERR,ERR,ERR,ERR,ERR,ERR,ERR,ERR,ERR,ERR,ERR,ERR,ERR,ERR,ERR,ERR,ERR,ERR,ERR,ERR,ERR,ERR,ERR,ERR,ERR,ERR,ERR,ERR,ERR,ERR,ERR,ERR,ERR,ERR,ERR,ERR,ERR,ERR,ERR,ERR,ERR,ERR,ERR,ERR,ERR,2.7184260577004195e+23,-107615280.0,-0.0,0.0,0.0,1.1945749997092134e+34,0.0,0.0,0,0,4,0,7670,-0.0,41,0.0,0.0,0.0,0.0,0.0,0,0,0,0,0.0,0,0,0,0,0,0,0,0,0,0,0,0,0,0,0,0,0,0,0,0,0,0,0,0,0,0,0,0,0,0,0,0,0,23,41,40,63,65476,0,300,0,0,8,21553,0.0,-107605600.0,0.0,0.0,0.0,0.0,0.0,0.0,0.0,0.0,0.0,0.0,0.0,0.0,0.0,0.0,0.0,0.0,0.0,0.0,0.0,2.004,2.004,-0.0,-0.0,-2.004,0.0,0.0,0.0,0.0,1680.0,3.697097293085173e+19,0.0,2.7184260577004195e+23,-107615280.0,-0.0,2.7184312818759872e+23,0.0,0.0,2.004,2.004,68,1.9056965742860698e+17,5.8479788318417524e+35,0.0,0.0,0.0,0.0,0.0,0.0,0.0,0,0,0,0.001,2.018711916912768e+32,-7.277765806212095e+34,2.902667532907315e+16,0.0,0.0,1058915.875,2.0309161487900627e+33,0.0,0.0,-0.0,0.716,-0.0,3276136704.0,0.0,2959146483712.0,0,1.3516416376850534e+27,68,0.0,136,0.0,98688.258,0,26215,17071,0,17092,26215,17065,0,0,0,105,99,100,0.0,50.8,0.0,61.45,-107615200.0,63.0,1,47,48,180,13107,0,0,0,0.0,0.0,0.0,0.0,1394.079,66.0,0.0,-0.0,0.0,726,0,695,0,0,0,877,0,980,0,847,0,632,0,613,0,509,0,589,0.032,69544110456832.0,2.004,-0.0,35984,16791,195307584.0,-0.0,0.0,-0.02,1.3076104342697714e+29,1.6471597690179656e+26,70.0,60.0,66,0.0,0.0,10.0,2.0,0.0,0.0,0.0,0.0,0.0,0.0,0.0,0.0,0.0,0.0,0.0,0.0,62.0,62,18,65518,45,65476,0,300,0,0,8,20529,65476,0,0,44564,60.0,0.0,10.0,10.0,2.0,0.0
2026-02-05T00:04:00,ERR,ERR,ERR,ERR,ERR,ERR,ERR,ERR,ERR,ERR,ERR,ERR,ERR,ERR,ERR,ERR,ERR,ERR,ERR,ERR,ERR,ERR,ERR,ERR,ERR,ERR,ERR,ERR,ERR,ERR,ERR,ERR,ERR,ERR,ERR,ERR,ERR,ERR,ERR,ERR,ERR,ERR,ERR,ERR,ERR,ERR,ERR,ERR,ERR,ERR,ERR,ERR,ERR,ERR,ERR,ERR,ERR,ERR,ERR,ERR,ERR,ERR,ERR,ERR,ERR,ERR,ERR,ERR,ERR,ERR,ERR,ERR,ERR,ERR,ERR,ERR,ERR,ERR,ERR,ERR,ERR,ERR,ERR,ERR,ERR,ERR,ERR,ERR,ERR,ERR,ERR,ERR,ERR,ERR,ERR,ERR,ERR,ERR,ERR,ERR,ERR,ERR,ERR,ERR,ERR,ERR,ERR,ERR,ERR,ERR,ERR,ERR,ERR,ERR,ERR,ERR,ERR,ERR,ERR,ERR,ERR,ERR,ERR,ERR,ERR,2.7184260577004195e+23,-107615280.0,-0.0,0.0,0.0,1.1945749997092134e+34,0.0,0.0,0,0,4,0,7670,-0.0,41,0.0,0.0,0.0,0.0,0.0,0,0,0,0,0.0,0,0,0,0,0,0,0,0,0,0,0,0,0,0,0,0,0,0,0,0,0,0,0,0,0,0,0,0,0,0,0,0,0,23,41,40,63,65476,0,300,0,0,8,21553,0.0,-107605600.0,0.0,0.0,0.0,0.0,0.0,0.0,0.0,0.0,0.0,0.0,0.0,0.0,0.0,0.0,0.0,0.0,0.0,0.0,0.0,2.004,2.004,-0.0,-0.0,-2.004,0.0,0.0,0.0,0.0,1680.0,3.697097293085173e+19,0.0,2.7184260577004195e+23,-107615280.0,-0.0,2.7184312818759872e+23,0.0,0.0,2.004,2.004,68,1.9056965742860698e+17,5.8479788318417524e+35,0.0,0.0,0.0,0.0,0.0,0.0,0.0,0,0,0,0.001,2.018711916912768e+32,-7.277765806212095e+34,2.902667532907315e+16,0.0,0.0,1058915.875,2.0309161487900627e+33,0.0,0.0,-0.0,0.716,-0.0,3276136704.0,0.0,2959146483712.0,0,1.3516416376850534e+27,68,0.0,136,0.0,98688.258,0,26215,17071,0,17092,26215,17065,0,0,0,105,99,100,-0.0,50.8,0.0,61.45,-107615200.0,63.0,1,47,48,180,13107,0,0,0,0.0,0.0,0.0,0.0,24.032,66.0,0.0,-0.0,0.0,726,0,695,0,0,0,877,0,980,0,847,0,632,0,613,0,509,0,588,0.032,69544110456832.0,2.004,-0.0,35984,16791,256124992.0,-0.0,0.0,-0.006,3.8439488930794595e+29,7.21728050227147e+26,70.0,60.0,66,0.0,0.0,10.0,2.0,0.0,0.0,0.0,0.0,0.0,0.0,0.0,0.0,0.0,0.0,0.0,0.0,62.0,62,18,65518,45,65476,0,300,0,0,8,20529,65476,0,0,44564,60.0,0.0,10.0,10.0,2.0,0.0
2026-02-05T00:04:01,ERR,ERR,ERR,ERR,ERR,ERR,ERR,ERR,ERR,ERR,ERR,ERR,ERR,ERR,ERR,ERR,ERR,ERR,ERR,ERR,ERR,ERR,ERR,ERR,ERR,ERR,ERR,ERR,ERR,ERR,ERR,ERR,ERR,ERR,ERR,ERR,ERR,ERR,ERR,ERR,ERR,ERR,ERR,ERR,ERR,ERR,ERR,ERR,ERR,ERR,ERR,ERR,ERR,ERR,ERR,ERR,ERR,ERR,ERR,ERR,ERR,ERR,ERR,ERR,ERR,ERR,ERR,ERR,ERR,ERR,ERR,ERR,ERR,ERR,ERR,ERR,ERR,ERR,ERR,ERR,ERR,ERR,ERR,ERR,ERR,ERR,ERR,ERR,ERR,ERR,ERR,ERR,ERR,ERR,ERR,ERR,ERR,ERR,ERR,ERR,ERR,ERR,ERR,ERR,ERR,ERR,ERR,ERR,ERR,ERR,ERR,ERR,ERR,ERR,ERR,ERR,ERR,ERR,ERR,ERR,ERR,ERR,ERR,ERR,ERR,2.7184260577004195e+23,-107615280.0,-0.0,0.0,0.0,1.1945749997092134e+34,0.0,0.0,0,0,4,0,7670,-0.0,41,0.0,0.0,0.0,0.0,0.0,0,0,0,0,0.0,0,0,0,0,0,0,0,0,0,0,0,0,0,0,0,0,0,0,0,0,0,0,0,0,0,0,0,0,0,0,0,0,0,23,41,40,63,65476,0,300,0,0,8,21553,0.0,-107605600.0,0.0,0.0,0.0,0.0,0.0,0.0,0.0,0.0,0.0,0.0,0.0,0.0,0.0,0.0,0.0,0.0,0.0,0.0,0.0,2.004,2.004,-0.0,-0.0,-2.004,0.0,0.0,0.0,0.0,1680.0,3.697097293085173e+19,0.0,2.7184260577004195e+23,-107615280.0,-0.0,2.7184312818759872e+23,0.0,0.0,2.004,2.004,68,1.9056965742860698e+17,5.8479788318417524e+35,0.0,0.0,0.0,0.0,0.0,0.0,0.0,0,0,0,0.001,2.018711916912768e+32,-7.277765806212095e+34,2.902667532907315e+16,0.0,0.0,1058915.875,2.0309161487900627e+33,0.0,0.0,-0.0,0.716,-0.0,3276136704.0,0.0,2959146483712.0,0,1.3516416376850534e+27,68,0.0,136,0.0,98688.258,0,26215,17071,0,17092,26215,17065,0,0,0,105,99,100,-0.0,50.8,0.0,61.45,-107615200.0,63.0,1,47,48,180,13107,0,0,0,0.0,0.0,0.0,0.0,24.032,66.0,0.0,-0.0,0.0,726,0,695,0,0,0,877,0,980,0,847,0,632,0,613,0,509,0,588,0.032,69544110456832.0,2.004,-0.0,35984,16791,256124992.0,-0.0,0.0,-0.006,3.8439488930794595e+29,7.21728050227147e+26,70.0,60.0,66,0.0,0.0,10.0,2.0,0.0,0.0,0.0,0.0,0.0,0.0,0.0,0.0,0.0,0.0,0.0,0.0,62.0,62,18,65518,45,65476,0,300,0,0,8,20529,65476,0,0,44564,60.0,0.0,10.0,10.0,2.0,0.0
2026-02-05T00:04:02,ERR,ERR,ERR,ERR,ERR,ERR,ERR,ERR,ERR,ERR,ERR,ERR,ERR,ERR,ERR,ERR,ERR,ERR,ERR,ERR,ERR,ERR,ERR,ERR,ERR,ERR,ERR,ERR,ERR,ERR,ERR,ERR,ERR,ERR,ERR,ERR,ERR,ERR,ERR,ERR,ERR,ERR,ERR,ERR,ERR,ERR,ERR,ERR,ERR,ERR,ERR,ERR,ERR,ERR,ERR,ERR,ERR,ERR,ERR,ERR,ERR,ERR,ERR,ERR,ERR,ERR,ERR,ERR,ERR,ERR,ERR,ERR,ERR,ERR,ERR,ERR,ERR,ERR,ERR,ERR,ERR,ERR,ERR,ERR,ERR,ERR,ERR,ERR,ERR,ERR,ERR,ERR,ERR,ERR,ERR,ERR,ERR,ERR,ERR,ERR,ERR,ERR,ERR,ERR,ERR,ERR,ERR,ERR,ERR,ERR,ERR,ERR,ERR,ERR,ERR,ERR,ERR,ERR,ERR,ERR,ERR,ERR,ERR,ERR,ERR,2.7184260577004195e+23,-107615280.0,-0.0,0.0,0.0,0.0,-451444960.0,0.0,0,0,4,0,7670,-0.0,41,0.0,0.0,0.0,0.0,0.0,0,0,0,0,0.0,0,0,0,0,0,0,0,0,0,0,0,0,0,0,0,0,0,0,0,0,0,0,0,0,0,0,0,0,0,0,0,0,0,23,41,40,63,65476,0,300,0,0,8,21553,0.0,-107605600.0,0.0,0.0,0.0,0.0,0.0,0.0,0.0,0.0,0.0,0.0,0.0,0.0,0.0,0.0,0.0,0.0,0.0,0.0,0.0,2.004,2.004,-0.0,-0.0,-2.004,0.0,0.0,0.0,0.0,1672.0,3.697096853280522e+19,0.0,2.7184260577004195e+23,-107615280.0,-0.0,2.7184312818759872e+23,0.0,0.0,2.004,2.004,68,2.308838958497058e+20,-3.22193082494188e+26,0.0,0.0,0.0,0.0,0.0,0.0,0.0,0,0,0,0.0,-0.0,-2.480064846732234e+37,-0.0,0.0,0.007,0.0,0.0,-25633.85,0.0,-0.0,0.716,-0.0,3292913920.0,0.0,1.0794440614899682e+31,0,1.3516416376850534e+27,68,0.0,136,0.0,98688.258,0,26215,17071,0,17092,26215,17065,0,0,0,105,99,100,-0.0,50.8,0.0,61.45,-107615200.0,63.0,1,47,48,180,13107,0,0,0,0.0,0.0,0.0,0.0,24.032,66.0,0.0,-0.0,0.0,726,0,695,0,0,0,877,0,980,0,847,0,632,0,613,0,509,0,588,0.032,69544110456832.0,2.004,-0.0,35984,16791,256124992.0,-0.0,0.0,-0.006,3.8439488930794595e+29,7.21728050227147e+26,70.0,60.0,66,0.0,0.0,10.0,2.0,0.0,0.0,0.0,0.0,0.0,0.0,0.0,0.0,0.0,0.0,0.0,0.0,62.0,62,18,65518,45,65476,0,300,0,0,8,20529,65476,0,0,44564,60.0,0.0,10.0,10.0,2.0,0.0
2026-02-05T00:04:03,ERR,ERR,ERR,ERR,ERR,ERR,ERR,ERR,ERR,ERR,ERR,ERR,ERR,ERR,ERR,ERR,ERR,ERR,ERR,ERR,ERR,ERR,ERR,ERR,ERR,ERR,ERR,ERR,ERR,ERR,ERR,ERR,ERR,ERR,ERR,ERR,ERR,ERR,ERR,ERR,ERR,ERR,ERR,ERR,ERR,ERR,ERR,ERR,ERR,ERR,ERR,ERR,ERR,ERR,ERR,ERR,ERR,ERR,ERR,ERR,ERR,ERR,ERR,ERR,ERR,ERR,ERR,ERR,ERR,ERR,ERR,ERR,ERR,ERR,ERR,ERR,ERR,ERR,ERR,ERR,ERR,ERR,ERR,ERR,ERR,ERR,ERR,ERR,ERR,ERR,ERR,ERR,ERR,ERR,ERR,ERR,ERR,ERR,ERR,ERR,ERR,ERR,ERR,ERR,ERR,ERR,ERR,ERR,ERR,ERR,ERR,ERR,ERR,ERR,ERR,ERR,ERR,ERR,ERR,ERR,ERR,ERR,ERR,ERR,ERR,2.7184260577004195e+23,-107615280.0,-0.0,0.0,0.0,0.0,-451444960.0,0.0,0,0,4,0,7670,-0.0,41,0.0,0.0,0.0,0.0,0.0,0,0,0,0,0.0,0,0,0,0,0,0,0,0,0,0,0,0,0,0,0,0,0,0,0,0,0,0,0,0,0,0,0,0,0,0,0,0,0,23,41,40,63,65476,0,300,0,0,8,21553,0.0,-107605600.0,0.0,0.0,0.0,0.0,0.0,0.0,0.0,0.0,0.0,0.0,0.0,0.0,0.0,0.0,0.0,0.0,0.0,0.0,0.0,2.004,2.004,-0.0,-0.0,-2.004,0.0,0.0,0.0,0.0,1672.0,3.697096853280522e+19,0.0,2.7184260577004195e+23,-107615280.0,-0.0,2.7184312818759872e+23,0.0,0.0,2.004,2.004,68,2.308838958497058e+20,-3.22193082494188e+26,0.0,0.0,0.0,0.0,0.0,0.0,0.0,0,0,0,0.0,-0.0,-2.480064846732234e+37,-0.0,0.0,0.007,0.0,0.0,-25633.85,0.0,-0.0,0.716,-0.0,3292913920.0,0.0,1.0794440614899682e+31,0,1.3516416376850534e+27,68,0.0,136,0.0,98688.258,0,26215,17071,0,17092,26215,17065,0,0,0,105,99,100,-0.0,50.8,0.0,61.45,-107615200.0,63.0,1,47,48,180,13107,0,0,0,0.0,0.0,0.0,0.0,24.032,66.0,0.0,-0.0,0.0,726,0,695,0,0,0,877,0,980,0,847,0,632,0,613,0,509,0,588,0.032,69544110456832.0,2.004,-0.0,35984,16791,256124992.0,-0.0,0.0,-0.006,3.8439488930794595e+29,7.21728050227147e+26,70.0,60.0,66,0.0,0.0,10.0,2.0,0.0,0.0,0.0,0.0,0.0,0.0,0.0,0.0,0.0,0.0,0.0,0.0,62.0,62,18,65518,45,65476,0,300,0,0,8,20529,65476,0,0,44564,60.0,0.0,10.0,10.0,2.0,0.0
2026-02-05T00:04:04,ERR,ERR,ERR,ERR,ERR,ERR,ERR,ERR,ERR,ERR,ERR,ERR,ERR,ERR,ERR,ERR,ERR,ERR,ERR,ERR,ERR,ERR,ERR,ERR,ERR,ERR,ERR,ERR,ERR,ERR,ERR,ERR,ERR,ERR,ERR,ERR,ERR,ERR,ERR,ERR,ERR,ERR,ERR,ERR,ERR,ERR,ERR,ERR,ERR,ERR,ERR,ERR,ERR,ERR,ERR,ERR,ERR,ERR,ERR,ERR,ERR,ERR,ERR,ERR,ERR,ERR,ERR,ERR,ERR,ERR,ERR,ERR,ERR,ERR,ERR,ERR,ERR,ERR,ERR,ERR,ERR,ERR,ERR,ERR,ERR,ERR,ERR,ERR,ERR,ERR,ERR,ERR,ERR,ERR,ERR,ERR,ERR,ERR,ERR,ERR,ERR,ERR,ERR,ERR,ERR,ERR,ERR,ERR,ERR,ERR,ERR,ERR,ERR,ERR,ERR,ERR,ERR,ERR,ERR,ERR,ERR,ERR,ERR,ERR,ERR,2.7184260577004195e+23,-107615280.0,-0.0,0.0,0.0,0.0,-451444960.0,0.0,0,0,4,0,7670,-0.0,41,0.0,0.0,0.0,0.0,0.0,0,0,0,0,0.0,0,0,0,0,0,0,0,0,0,0,0,0,0,0,0,0,0,0,0,0,0,0,0,0,0,0,0,0,0,0,0,0,0,23,41,40,63,65476,0,300,0,0,8,21553,0.0,-107605600.0,0.0,0.0,0.0,0.0,0.0,0.0,0.0,0.0,0.0,0.0,0.0,0.0,0.0,0.0,0.0,0.0,0.0,0.0,0.0,2.004,2.004,-0.0,-0.0,-2.004,0.0,0.0,0.0,0.0,1672.0,3.697096853280522e+19,0.0,2.7184260577004195e+23,-107615280.0,-0.0,2.7184312818759872e+23,0.0,0.0,2.004,2.004,68,2.308838958497058e+20,-3.22193082494188e+26,0.0,0.0,0.0,0.0,0.0,0.0,0.0,0,0,0,0.0,-0.0,-2.480064846732234e+37,-0.0,0.0,0.007,0.0,0.0,-25633.85,0.0,-0.0,0.716,-0.0,3292913920.0,0.0,1.0794440614899682e+31,0,1.3516416376850534e+27,68,0.0,136,0.0,98688.258,0,26215,17071,13107,17092,26215,17065,0,0,0,105,99,100,-0.0,50.8,0.0,61.45,-107615200.0,63.0,1,47,48,180,13107,0,0,0,0.0,0.0,0.0,0.0,0.0,66.0,0.0,0.0,0.0,726,0,695,0,0,0,877,0,980,0,847,0,632,0,613,0,510,0,588,0.032,69818988363776.0,0.0,0.0,41232,16791,0.116,-8.703450921230664e+17,4.818068677527798e+30,-0.0,3.609948909203397e+30,4.164228353187111e+32,70.0,60.0,66,0.0,0.0,10.0,2.0,0.0,0.0,0.0,0.0,0.0,0.0,0.0,0.0,0.0,0.0,0.0,0.0,62.0,62,18,65518,45,65476,0,300,0,0,8,20529,65476,0,0,44564,60.0,0.0,10.0,10.0,2.0,0.0
2026-02-05T00:04:05,ERR,ERR,ERR,ERR,ERR,ERR,ERR,ERR,ERR,ERR,ERR,ERR,ERR,ERR,ERR,ERR,ERR,ERR,ERR,ERR,ERR,ERR,ERR,ERR,ERR,ERR,ERR,ERR,ERR,ERR,ERR,ERR,ERR,ERR,ERR,ERR,ERR,ERR,ERR,ERR,ERR,ERR,ERR,ERR,ERR,ERR,ERR,ERR,ERR,ERR,ERR,ERR,ERR,ERR,ERR,ERR,ERR,ERR,ERR,ERR,ERR,ERR,ERR,ERR,ERR,ERR,ERR,ERR,ERR,ERR,ERR,ERR,ERR,ERR,ERR,ERR,ERR,ERR,ERR,ERR,ERR,ERR,ERR,ERR,ERR,ERR,ERR,ERR,ERR,ERR,ERR,ERR,ERR,ERR,ERR,ERR,ERR,ERR,ERR,ERR,ERR,ERR,ERR,ERR,ERR,ERR,ERR,ERR,ERR,ERR,ERR,ERR,ERR,ERR,ERR,ERR,ERR,ERR,ERR,ERR,ERR,ERR,ERR,ERR,ERR,2.7184260577004195e+23,-107615280.0,-0.0,0.0,0.0,0.0,-451444960.0,0.0,0,0,4,0,7670,-0.0,41,0.0,0.0,0.0,0.0,0.0,0,0,0,0,0.0,0,0,0,0,0,0,0,0,0,0,0,0,0,0,0,0,0,0,0,0,0,0,0,0,0,0,0,0,0,0,0,0,0,23,41,40,63,65476,0,300,0,0,8,21553,0.0,-107605600.0,0.0,0.0,0.0,0.0,0.0,0.0,0.0,0.0,0.0,0.0,0.0,0.0,0.0,0.0,0.0,0.0,0.0,0.0,0.0,2.004,2.004,-0.0,-0.0,-2.004,0.0,0.0,0.0,0.0,1672.0,3.697096853280522e+19,0.0,2.7184260577004195e+23,-107615280.0,-0.0,2.7184312818759872e+23,0.0,0.0,2.004,2.004,68,2.308838958497058e+20,-3.22193082494188e+26,0.0,0.0,0.0,0.0,0.0,0.0,0.0,0,0,0,0.0,-0.0,-2.480064846732234e+37,-0.0,0.0,0.007,0.0,0.0,-25633.85,0.0,-0.0,0.716,-0.0,3292913920.0,0.0,1.0794440614899682e+31,0,1.3516416376850534e+27,68,0.0,136,0.0,98688.258,0,26215,17071,13107,17092,26215,17065,0,0,0,105,99,100,-0.0,50.8,0.0,61.45,-107615200.0,63.0,1,47,48,180,13107,0,0,0,0.0,0.0,0.0,0.0,0.0,66.0,0.0,0.0,0.0,726,0,695,0,0,0,877,0,980,0,847,0,632,0,613,0,510,0,588,0.032,69818988363776.0,0.0,0.0,41232,16791,0.116,-8.703450921230664e+17,4.818068677527798e+30,-0.0,3.609948909203397e+30,4.164228353187111e+32,70.0,60.0,66,0.0,0.0,10.0,2.0,0.0,0.0,0.0,0.0,0.0,0.0,0.0,0.0,0.0,0.0,0.0,0.0,62.0,62,18,65518,45,65476,0,300,0,0,8,20529,65476,0,0,44564,60.0,0.0,10.0,10.0,2.0,0.0
2026-02-05T00:04:06,ERR,ERR,ERR,ERR,ERR,ERR,ERR,ERR,ERR,ERR,ERR,ERR,ERR,ERR,ERR,ERR,ERR,ERR,ERR,ERR,ERR,ERR,ERR,ERR,ERR,ERR,ERR,ERR,ERR,ERR,ERR,ERR,ERR,ERR,ERR,ERR,ERR,ERR,ERR,ERR,ERR,ERR,ERR,ERR,ERR,ERR,ERR,ERR,ERR,ERR,ERR,ERR,ERR,ERR,ERR,ERR,ERR,ERR,ERR,ERR,ERR,ERR,ERR,ERR,ERR,ERR,ERR,ERR,ERR,ERR,ERR,ERR,ERR,ERR,ERR,ERR,ERR,ERR,ERR,ERR,ERR,ERR,ERR,ERR,ERR,ERR,ERR,ERR,ERR,ERR,ERR,ERR,ERR,ERR,ERR,ERR,ERR,ERR,ERR,ERR,ERR,ERR,ERR,ERR,ERR,ERR,ERR,ERR,ERR,ERR,ERR,ERR,ERR,ERR,ERR,ERR,ERR,ERR,ERR,ERR,ERR,ERR,ERR,ERR,ERR,2.7184260577004195e+23,-107615280.0,-0.0,0.0,0.0,0.0,-451444960.0,0.0,0,0,4,0,7670,-0.0,41,0.0,0.0,0.0,0.0,0.0,0,0,0,0,0.0,0,0,0,0,0,0,0,0,0,0,0,0,0,0,0,0,0,0,0,0,0,0,0,0,0,0,0,0,0,0,0,0,0,23,41,40,63,65476,0,300,0,0,8,21553,0.0,-107605600.0,0.0,0.0,0.0,0.0,0.0,0.0,0.0,0.0,0.0,0.0,0.0,0.0,0.0,0.0,0.0,0.0,0.0,0.0,0.0,2.004,2.004,-0.0,-0.0,-2.004,0.0,0.0,0.0,0.0,1672.0,3.697096853280522e+19,0.0,2.7184260577004195e+23,-107615280.0,-0.0,2.7184312818759872e+23,0.0,0.0,2.004,2.004,68,2.308838958497058e+20,-3.22193082494188e+26,0.0,0.0,0.0,0.0,0.0,0.0,0.0,0,0,0,0.0,-0.0,-2.480064846732234e+37,-0.0,0.0,0.007,0.0,0.0,-25633.85,0.0,-0.0,0.716,-0.0,3292913920.0,0.0,1.0794440614899682e+31,0,1.3516416376850534e+27,68,0.0,136,0.0,98688.258,0,26215,17071,13107,17092,26215,17065,0,0,0,105,99,100,-0.0,50.8,0.0,61.45,-107615200.0,63.0,1,47,48,180,13107,0,0,0,0.0,0.0,0.0,0.0,0.0,66.0,0.0,0.0,0.0,726,0,695,0,0,0,877,0,980,0,847,0,632,0,613,0,510,0,588,0.032,69818988363776.0,0.0,0.0,41232,16791,0.116,-8.703450921230664e+17,4.818068677527798e+30,-0.0,3.609948909203397e+30,4.164228353187111e+32,70.0,60.0,66,0.0,0.0,10.0,2.0,0.0,0.0,0.0,0.0,0.0,0.0,0.0,0.0,0.0,0.0,0.0,0.0,62.0,62,18,65518,45,65476,0,300,0,0,8,20529,65476,0,0,44564,60.0,0.0,10.0,10.0,2.0,0.0
2026-02-05T00:04:07,ERR,ERR,ERR,ERR,ERR,ERR,ERR,ERR,ERR,ERR,ERR,ERR,ERR,ERR,ERR,ERR,ERR,ERR,ERR,ERR,ERR,ERR,ERR,ERR,ERR,ERR,ERR,ERR,ERR,ERR,ERR,ERR,ERR,ERR,ERR,ERR,ERR,ERR,ERR,ERR,ERR,ERR,ERR,ERR,ERR,ERR,ERR,ERR,ERR,ERR,ERR,ERR,ERR,ERR,ERR,ERR,ERR,ERR,ERR,ERR,ERR,ERR,ERR,ERR,ERR,ERR,ERR,ERR,ERR,ERR,ERR,ERR,ERR,ERR,ERR,ERR,ERR,ERR,ERR,ERR,ERR,ERR,ERR,ERR,ERR,ERR,ERR,ERR,ERR,ERR,ERR,ERR,ERR,ERR,ERR,ERR,ERR,ERR,ERR,ERR,ERR,ERR,ERR,ERR,ERR,ERR,ERR,ERR,ERR,ERR,ERR,ERR,ERR,ERR,ERR,ERR,ERR,ERR,ERR,ERR,ERR,ERR,ERR,ERR,ERR,2.7184260577004195e+23,-107615280.0,-0.0,0.0,0.0,-0.093,1.2234810212647264e+23,0.0,0,0,4,0,7670,-0.0,41,0.0,0.0,0.0,0.0,0.0,0,0,0,0,0.0,0,0,0,0,0,0,0,0,0,0,0,0,0,0,0,0,0,0,0,0,0,0,0,0,0,0,0,0,0,0,0,0,0,23,41,40,63,65476,0,300,0,0,8,21553,0.0,-107605600.0,0.0,0.0,0.0,0.0,0.0,0.0,0.0,0.0,0.0,0.0,0.0,0.0,0.0,0.0,0.0,0.0,0.0,0.0,0.0,2.004,2.004,-0.0,-0.0,-2.004,0.0,0.0,0.0,0.0,1671.0,-0.0,0.0,2.7184260577004195e+23,-107615280.0,-0.0,2.7184312818759872e+23,0.0,0.0,2.004,2.004,68,126841044992.0,-0.0,0.0,0.0,0.0,0.0,0.0,0.0,0.0,0,0,0,0.0,0.0,-3.635895196718234e+33,11419447.0,0.0,-8.774851756737335e+36,-1.5850881858572154e+23,-0.0,0.0,0.0,-0.0,0.72,-0.0,3309691136.0,0.0,-0.0,0,1.3516416376850534e+27,68,0.0,136,0.0,98688.258,0,26215,17071,13107,17092,26215,17065,0,0,0,105,99,100,-0.0,50.8,0.0,61.45,-107615200.0,63.0,1,47,48,180,13107,0,0,0,0.0,0.0,0.0,0.0,0.0,66.0,0.0,0.0,0.0,726,0,695,0,0,0,877,0,980,0,847,0,632,0,613,0,510,0,588,0.032,69818988363776.0,0.0,0.0,41232,16791,0.116,-8.703450921230664e+17,4.818068677527798e+30,-0.0,3.609948909203397e+30,4.164228353187111e+32,70.0,60.0,66,0.0,0.0,10.0,2.0,0.0,0.0,0.0,0.0,0.0,0.0,0.0,0.0,0.0,0.0,0.0,0.0,62.0,62,18,65518,45,65476,0,300,0,0,8,20529,65476,0,0,44564,60.0,0.0,10.0,10.0,2.0,0.0
2026-02-05T00:04:08,ERR,ERR,ERR,ERR,ERR,ERR,ERR,ERR,ERR,ERR,ERR,ERR,ERR,ERR,ERR,ERR,ERR,ERR,ERR,ERR,ERR,ERR,ERR,ERR,ERR,ERR,ERR,ERR,ERR,ERR,ERR,ERR,ERR,ERR,ERR,ERR,ERR,ERR,ERR,ERR,ERR,ERR,ERR,ERR,ERR,ERR,ERR,ERR,ERR,ERR,ERR,ERR,ERR,ERR,ERR,ERR,ERR,ERR,ERR,ERR,ERR,ERR,ERR,ERR,ERR,ERR,ERR,ERR,ERR,ERR,ERR,ERR,ERR,ERR,ERR,ERR,ERR,ERR,ERR,ERR,ERR,ERR,ERR,ERR,ERR,ERR,ERR,ERR,ERR,ERR,ERR,ERR,ERR,ERR,ERR,ERR,ERR,ERR,ERR,ERR,ERR,ERR,ERR,ERR,ERR,ERR,ERR,ERR,ERR,ERR,ERR,ERR,ERR,ERR,ERR,ERR,ERR,ERR,ERR,ERR,ERR,ERR,ERR,ERR,ERR,2.7184260577004195e+23,-107615280.0,-0.0,0.0,0.0,-0.093,1.2234810212647264e+23,0.0,0,0,4,0,7670,-0.0,41,0.0,0.0,0.0,0.0,0.0,0,0,0,0,0.0,0,0,0,0,0,0,0,0,0,0,0,0,0,0,0,0,0,0,0,0,0,0,0,0,0,0,0,0,0,0,0,0,0,23,41,40,63,65476,0,300,0,0,8,21553,0.0,-107605600.0,0.0,0.0,0.0,0.0,0.0,0.0,0.0,0.0,0.0,0.0,0.0,0.0,0.0,0.0,0.0,0.0,0.0,0.0,0.0,2.004,2.004,-0.0,-0.0,-2.004,0.0,0.0,0.0,0.0,1671.0,-0.0,0.0,2.7184260577004195e+23,-107615280.0,-0.0,2.7184312818759872e+23,0.0,0.0,2.004,2.004,68,126841044992.0,-0.0,0.0,0.0,0.0,0.0,0.0,0.0,0.0,0,0,0,0.0,0.0,-3.635895196718234e+33,11419447.0,0.0,-8.774851756737335e+36,-1.5850881858572154e+23,-0.0,0.0,0.0,-0.0,0.72,-0.0,3309691136.0,0.0,-0.0,0,1.3516416376850534e+27,68,0.0,136,0.0,98688.258,0,26215,17071,13107,17092,26215,17065,0,0,0,105,99,100,-0.0,50.8,0.0,61.45,-107615200.0,63.0,1,47,48,180,13107,0,0,0,0.0,0.0,0.0,0.0,513.039,66.0,0.0,-0.0,0.0,726,0,695,0,0,0,877,0,981,0,847,0,632,0,613,0,510,0,587,0.032,69269232549888.0,-2.004,-107615056.0,57488,16791,195307584.0,-0.0,-0.0,2.1565323496815444e+30,-0.0,-0.0,70.0,60.0,66,0.0,0.0,10.0,2.0,0.0,0.0,0.0,0.0,0.0,0.0,0.0,0.0,0.0,0.0,0.0,0.0,62.0,62,18,65518,45,65476,0,300,0,0,8,20529,65476,0,0,44564,60.0,0.0,10.0,10.0,2.0,0.0
2026-02-05T00:04:09,ERR,ERR,ERR,ERR,ERR,ERR,ERR,ERR,ERR,ERR,ERR,ERR,ERR,ERR,ERR,ERR,ERR,ERR,ERR,ERR,ERR,ERR,ERR,ERR,ERR,ERR,ERR,ERR,ERR,ERR,ERR,ERR,ERR,ERR,ERR,ERR,ERR,ERR,ERR,ERR,ERR,ERR,ERR,ERR,ERR,ERR,ERR,ERR,ERR,ERR,ERR,ERR,ERR,ERR,ERR,ERR,ERR,ERR,ERR,ERR,ERR,ERR,ERR,ERR,ERR,ERR,ERR,ERR,ERR,ERR,ERR,ERR,ERR,ERR,ERR,ERR,ERR,ERR,ERR,ERR,ERR,ERR,ERR,ERR,ERR,ERR,ERR,ERR,ERR,ERR,ERR,ERR,ERR,ERR,ERR,ERR,ERR,ERR,ERR,ERR,ERR,ERR,ERR,ERR,ERR,ERR,ERR,ERR,ERR,ERR,ERR,ERR,ERR,ERR,ERR,ERR,ERR,ERR,ERR,ERR,ERR,ERR,ERR,ERR,ERR,2.7184260577004195e+23,-107615280.0,-0.0,0.0,0.0,-0.093,1.2234810212647264e+23,0.0,0,0,4,0,7670,-0.0,41,0.0,0.0,0.0,0.0,0.0,0,0,0,0,0.0,0,0,0,0,0,0,0,0,0,0,0,0,0,0,0,0,0,0,0,0,0,0,0,0,0,0,0,0,0,0,0,0,0,23,41,40,63,65476,0,300,0,0,8,21553,0.0,-107605600.0,0.0,0.0,0.0,0.0,0.0,0.0,0.0,0.0,0.0,0.0,0.0,0.0,0.0,0.0,0.0,0.0,0.0,0.0,0.0,2.004,2.004,-0.0,-0.0,-2.004,0.0,0.0,0.0,0.0,1671.0,-0.0,0.0,2.7184260577004195e+23,-107615280.0,-0.0,2.7184312818759872e+23,0.0,0.0,2.004,2.004,68,126841044992.0,-0.0,0.0,0.0,0.0,0.0,0.0,0.0,0.0,0,0,0,0.0,0.0,-3.635895196718234e+33,11419447.0,0.0,-8.774851756737335e+36,-1.5850881858572154e+23,-0.0,0.0,0.0,-0.0,0.72,-0.0,3309691136.0,0.0,-0.0,0,1.3516416376850534e+27,68,0.0,136,0.0,98688.258,0,26215,17071,13107,17092,26215,17065,0,0,0,105,99,100,-0.0,50.8,0.0,61.45,-107615200.0,63.0,1,47,48,180,13107,0,0,0,0.0,0.0,0.0,0.0,513.039,66.0,0.0,-0.0,0.0,726,0,695,0,0,0,877,0,981,0,847,0,632,0,613,0,510,0,587,0.032,69269232549888.0,-2.004,-107615056.0,57488,16791,195307584.0,-0.0,-0.0,2.1565323496815444e+30,-0.0,-0.0,70.0,60.0,66,0.0,0.0,10.0,2.0,0.0,0.0,0.0,0.0,0.0,0.0,0.0,0.0,0.0,0.0,0.0,0.0,62.0,62,18,65518,45,65476,0,300,0,0,8,20529,65476,0,0,44564,60.0,0.0,10.0,10.0,2.0,0.0
2026-02-05T00:04:10,ERR,ERR,ERR,ERR,ERR,ERR,ERR,ERR,ERR,ERR,ERR,ERR,ERR,ERR,ERR,ERR,ERR,ERR,ERR,ERR,ERR,ERR,ERR,ERR,ERR,ERR,ERR,ERR,ERR,ERR,ERR,ERR,ERR,ERR,ERR,ERR,ERR,ERR,ERR,ERR,ERR,ERR,ERR,ERR,ERR,ERR,ERR,ERR,ERR,ERR,ERR,ERR,ERR,ERR,ERR,ERR,ERR,ERR,ERR,ERR,ERR,ERR,ERR,ERR,ERR,ERR,ERR,ERR,ERR,ERR,ERR,ERR,ERR,ERR,ERR,ERR,ERR,ERR,ERR,ERR,ERR,ERR,ERR,ERR,ERR,ERR,ERR,ERR,ERR,ERR,ERR,ERR,ERR,ERR,ERR,ERR,ERR,ERR,ERR,ERR,ERR,ERR,ERR,ERR,ERR,ERR,ERR,ERR,ERR,ERR,ERR,ERR,ERR,ERR,ERR,ERR,ERR,ERR,ERR,ERR,ERR,ERR,ERR,ERR,ERR,2.7184260577004195e+23,-107615280.0,-0.0,0.0,0.0,-0.093,1.2234810212647264e+23,0.0,0,0,4,0,7670,-0.0,41,0.0,0.0,0.0,0.0,0.0,0,0,0,0,0.0,0,0,0,0,0,0,0,0,0,0,0,0,0,0,0,0,0,0,0,0,0,0,0,0,0,0,0,0,0,0,0,0,0,23,41,40,63,65476,0,300,0,0,8,21553,0.0,-107605600.0,0.0,0.0,0.0,0.0,0.0,0.0,0.0,0.0,0.0,0.0,0.0,0.0,0.0,0.0,0.0,0.0,0.0,0.0,0.0,2.004,2.004,-0.0,-0.0,-2.004,0.0,0.0,0.0,0.0,1671.0,-0.0,0.0,2.7184260577004195e+23,-107615280.0,-0.0,2.7184312818759872e+23,0.0,0.0,2.004,2.004,68,126841044992.0,-0.0,0.0,0.0,0.0,0.0,0.0,0.0,0.0,0,0,0,0.0,0.0,-3.635895196718234e+33,11419447.0,0.0,-8.774851756737335e+36,-1.5850881858572154e+23,-0.0,0.0,0.0,-0.0,0.72,-0.0,3309691136.0,0.0,-0.0,0,1.3516416376850534e+27,68,0.0,136,0.0,98688.258,0,26215,17071,13107,17092,26215,17065,0,0,0,105,99,100,-0.0,50.8,0.0,61.45,-107615200.0,63.0,1,47,48,180,13107,0,0,0,0.0,0.0,0.0,0.0,513.039,66.0,0.0,-0.0,0.0,726,0,695,0,0,0,877,0,981,0,847,0,632,0,613,0,510,0,587,0.032,69269232549888.0,-2.004,-107615056.0,57488,16791,195307584.0,-0.0,-0.0,2.1565323496815444e+30,-0.0,-0.0,70.0,60.0,66,0.0,0.0,10.0,2.0,0.0,0.0,0.0,0.0,0.0,0.0,0.0,0.0,0.0,0.0,0.0,0.0,62.0,62,18,65518,45,65476,0,300,0,0,8,20529,65476,0,0,44564,60.0,0.0,10.0,10.0,2.0,0.0
2026-02-05T00:04:11,ERR,ERR,ERR,ERR,ERR,ERR,ERR,ERR,ERR,ERR,ERR,ERR,ERR,ERR,ERR,ERR,ERR,ERR,ERR,ERR,ERR,ERR,ERR,ERR,ERR,ERR,ERR,ERR,ERR,ERR,ERR,ERR,ERR,ERR,ERR,ERR,ERR,ERR,ERR,ERR,ERR,ERR,ERR,ERR,ERR,ERR,ERR,ERR,ERR,ERR,ERR,ERR,ERR,ERR,ERR,ERR,ERR,ERR,ERR,ERR,ERR,ERR,ERR,ERR,ERR,ERR,ERR,ERR,ERR,ERR,ERR,ERR,ERR,ERR,ERR,ERR,ERR,ERR,ERR,ERR,ERR,ERR,ERR,ERR,ERR,ERR,ERR,ERR,ERR,ERR,ERR,ERR,ERR,ERR,ERR,ERR,ERR,ERR,ERR,ERR,ERR,ERR,ERR,ERR,ERR,ERR,ERR,ERR,ERR,ERR,ERR,ERR,ERR,ERR,ERR,ERR,ERR,ERR,ERR,ERR,ERR,ERR,ERR,ERR,ERR,2.7184260577004195e+23,-107615280.0,-0.0,0.0,0.0,-0.093,1.2234810212647264e+23,0.0,0,0,4,0,7670,-0.0,41,0.0,0.0,0.0,0.0,0.0,0,0,0,0,0.0,0,0,0,0,0,0,0,0,0,0,0,0,0,0,0,0,0,0,0,0,0,0,0,0,0,0,0,0,0,0,0,0,0,23,41,40,63,65476,0,300,0,0,8,21553,0.0,-107605600.0,0.0,0.0,0.0,0.0,0.0,0.0,0.0,0.0,0.0,0.0,0.0,0.0,0.0,0.0,0.0,0.0,0.0,0.0,0.0,2.004,2.004,-0.0,-0.0,-2.004,0.0,0.0,0.0,0.0,1671.0,-0.0,0.0,2.7184260577004195e+23,-107615280.0,-0.0,2.7184312818759872e+23,0.0,0.0,2.004,2.004,68,126841044992.0,-0.0,0.0,0.0,0.0,0.0,0.0,0.0,0.0,0,0,0,0.0,0.0,-3.635895196718234e+33,11419447.0,0.0,-8.774851756737335e+36,-1.5850881858572154e+23,-0.0,0.0,0.0,-0.0,0.72,-0.0,3309691136.0,0.0,-0.0,0,1.3516416376850534e+27,68,0.0,136,0.0,98688.258,0,26215,17071,13107,17092,26215,17065,0,0,0,105,99,100,-0.0,50.8,0.0,61.45,-107615200.0,63.0,1,47,48,180,13107,0,0,0,0.0,0.0,0.0,0.0,513.039,66.0,0.0,-0.0,0.0,726,0,695,0,0,0,877,0,981,0,847,0,632,0,613,0,510,0,587,0.032,69269232549888.0,-2.004,-107615056.0,57488,16791,195307584.0,-0.0,-0.0,2.1565323496815444e+30,-0.0,-0.0,70.0,60.0,66,0.0,0.0,10.0,2.0,0.0,0.0,0.0,0.0,0.0,0.0,0.0,0.0,0.0,0.0,0.0,0.0,62.4,62,18,65518,45,65476,0,300,0,0,8,20529,65476,0,0,44564,60.0,0.0,10.0,10.0,2.0,0.0
2026-02-05T00:04:12,ERR,ERR,ERR,ERR,ERR,ERR,ERR,ERR,ERR,ERR,ERR,ERR,ERR,ERR,ERR,ERR,ERR,ERR,ERR,ERR,ERR,ERR,ERR,ERR,ERR,ERR,ERR,ERR,ERR,ERR,ERR,ERR,ERR,ERR,ERR,ERR,ERR,ERR,ERR,ERR,ERR,ERR,ERR,ERR,ERR,ERR,ERR,ERR,ERR,ERR,ERR,ERR,ERR,ERR,ERR,ERR,ERR,ERR,ERR,ERR,ERR,ERR,ERR,ERR,ERR,ERR,ERR,ERR,ERR,ERR,ERR,ERR,ERR,ERR,ERR,ERR,ERR,ERR,ERR,ERR,ERR,ERR,ERR,ERR,ERR,ERR,ERR,ERR,ERR,ERR,ERR,ERR,ERR,ERR,ERR,ERR,ERR,ERR,ERR,ERR,ERR,ERR,ERR,ERR,ERR,ERR,ERR,ERR,ERR,ERR,ERR,ERR,ERR,ERR,ERR,ERR,ERR,ERR,ERR,ERR,ERR,ERR,ERR,ERR,ERR,2.7184260577004195e+23,-107615280.0,-0.0,0.0,0.0,-0.093,1.2234810212647264e+23,0.0,0,0,4,0,7670,-0.0,41,0.0,0.0,0.0,0.0,0.0,0,0,0,0,0.0,0,0,0,0,0,0,0,0,0,0,0,0,0,0,0,0,0,0,0,0,0,0,0,0,0,0,0,0,0,0,0,0,0,23,41,40,63,65476,0,300,0,0,8,21553,0.0,-107605600.0,0.0,0.0,0.0,0.0,0.0,0.0,0.0,0.0,0.0,0.0,0.0,0.0,0.0,0.0,0.0,0.0,0.0,0.0,0.0,2.004,2.004,-0.0,-0.0,-2.004,0.0,0.0,0.0,0.0,1671.0,-0.0,0.0,2.7184260577004195e+23,-107615280.0,-0.0,2.7184312818759872e+23,0.0,0.0,2.004,2.004,68,126841044992.0,-0.0,0.0,0.0,0.0,0.0,0.0,0.0,0.0,0,0,0,0.0,0.0,-3.635895196718234e+33,11419447.0,0.0,-8.774851756737335e+36,-1.5850881858572154e+23,-0.0,0.0,0.0,-0.0,0.72,-0.0,3309691136.0,0.0,-0.0,0,1.3516416376850534e+27,68,0.0,136,0.0,98688.258,0,26215,17071,13107,17092,26215,17065,0,0,0,105,99,100,-0.0,50.8,0.0,61.45,-107615200.0,63.0,1,47,48,180,13107,0,0,0,0.0,0.0,0.0,0.0,513.039,66.0,0.0,-0.0,0.0,726,0,695,0,0,0,877,0,981,0,847,0,632,0,613,0,510,0,587,0.032,69269232549888.0,-2.004,-107615056.0,57488,16791,195307584.0,-0.0,-0.0,2.1565323496815444e+30,-0.0,-0.0,70.0,60.0,66,0.0,0.0,10.0,2.0,0.0,0.0,0.0,0.0,0.0,0.0,0.0,0.0,0.0,0.0,0.0,0.0,62.4,62,18,65518,45,65476,0,300,0,0,8,20529,65476,0,0,44564,60.0,0.0,10.0,10.0,2.0,0.0
2026-02-05T00:04:13,ERR,ERR,ERR,ERR,ERR,ERR,ERR,ERR,ERR,ERR,ERR,ERR,ERR,ERR,ERR,ERR,ERR,ERR,ERR,ERR,ERR,ERR,ERR,ERR,ERR,ERR,ERR,ERR,ERR,ERR,ERR,ERR,ERR,ERR,ERR,ERR,ERR,ERR,ERR,ERR,ERR,ERR,ERR,ERR,ERR,ERR,ERR,ERR,ERR,ERR,ERR,ERR,ERR,ERR,ERR,ERR,ERR,ERR,ERR,ERR,ERR,ERR,ERR,ERR,ERR,ERR,ERR,ERR,ERR,ERR,ERR,ERR,ERR,ERR,ERR,ERR,ERR,ERR,ERR,ERR,ERR,ERR,ERR,ERR,ERR,ERR,ERR,ERR,ERR,ERR,ERR,ERR,ERR,ERR,ERR,ERR,ERR,ERR,ERR,ERR,ERR,ERR,ERR,ERR,ERR,ERR,ERR,ERR,ERR,ERR,ERR,ERR,ERR,ERR,ERR,ERR,ERR,ERR,ERR,ERR,ERR,ERR,ERR,ERR,ERR,2.7184260577004195e+23,-107615280.0,-0.0,0.0,0.0,-6463249.5,4.190816911557838e+29,0.0,0,0,4,0,7670,-0.0,41,0.0,0.0,0.0,0.0,0.0,0,0,0,0,0.0,0,0,0,0,0,0,0,0,0,0,0,0,0,0,0,0,0,0,0,0,0,0,0,0,0,0,0,0,0,0,0,0,0,23,41,40,63,65476,0,300,0,0,8,21553,0.0,-107605600.0,0.0,0.0,0.0,0.0,0.0,0.0,0.0,0.0,0.0,0.0,0.0,0.0,0.0,0.0,0.0,0.0,0.0,0.0,0.0,2.004,2.004,-0.0,-0.0,-2.004,0.0,0.0,0.0,0.0,1663.0,-3.69709597367122e+19,0.0,2.7184260577004195e+23,-107615280.0,-0.0,2.7184312818759872e+23,0.0,0.0,2.004,2.004,68,126841044992.0,0.0,0.0,0.0,0.0,0.0,0.0,0.0,0.0,0,0,0,0.0,-0.0,-7.677438585509502e+33,-2.006790727646055e+36,0.0,0.0,1277267840.0,4.663885552858379e+20,0.0,0.0,-0.0,0.72,-0.0,3326468352.0,0.0,0.0,0,1.3516416376850534e+27,68,0.0,136,0.0,98688.258,0,26215,17071,13107,17092,26215,17065,0,0,0,105,99,100,-0.0,50.8,0.0,61.45,-107615200.0,63.0,1,47,48,180,13107,0,0,0,0.0,0.0,0.0,0.0,4.329306418524979e+17,66.0,0.0,-0.0,0.0,726,0,695,0,0,0,877,0,981,0,847,0,632,0,613,0,509,0,588,0.032,69544110456832.0,-2.004,-107615056.0,53904,16791,262676.125,-0.0,3.1097102143881537e+31,-0.0,5.654925449912104e+34,2.716218313416969e+35,70.0,60.0,66,0.0,0.0,10.0,2.0,0.0,0.0,0.0,0.0,0.0,0.0,0.0,0.0,0.0,0.0,0.0,0.0,62.0,62,18,65518,45,65476,0,300,0,0,8,20529,65476,0,0,44564,60.0,0.0,10.0,10.0,2.0,0.0
2026-02-05T00:04:14,ERR,ERR,ERR,ERR,ERR,ERR,ERR,ERR,ERR,ERR,ERR,ERR,ERR,ERR,ERR,ERR,ERR,ERR,ERR,ERR,ERR,ERR,ERR,ERR,ERR,ERR,ERR,ERR,ERR,ERR,ERR,ERR,ERR,ERR,ERR,ERR,ERR,ERR,ERR,ERR,ERR,ERR,ERR,ERR,ERR,ERR,ERR,ERR,ERR,ERR,ERR,ERR,ERR,ERR,ERR,ERR,ERR,ERR,ERR,ERR,ERR,ERR,ERR,ERR,ERR,ERR,ERR,ERR,ERR,ERR,ERR,ERR,ERR,ERR,ERR,ERR,ERR,ERR,ERR,ERR,ERR,ERR,ERR,ERR,ERR,ERR,ERR,ERR,ERR,ERR,ERR,ERR,ERR,ERR,ERR,ERR,ERR,ERR,ERR,ERR,ERR,ERR,ERR,ERR,ERR,ERR,ERR,ERR,ERR,ERR,ERR,ERR,ERR,ERR,ERR,ERR,ERR,ERR,ERR,ERR,ERR,ERR,ERR,ERR,ERR,2.7184260577004195e+23,-107615280.0,-0.0,0.0,0.0,-6463249.5,4.190816911557838e+29,0.0,0,0,4,0,7670,-0.0,41,0.0,0.0,0.0,0.0,0.0,0,0,0,0,0.0,0,0,0,0,0,0,0,0,0,0,0,0,0,0,0,0,0,0,0,0,0,0,0,0,0,0,0,0,0,0,0,0,0,23,41,40,63,65476,0,300,0,0,8,21553,0.0,-107605600.0,0.0,0.0,0.0,0.0,0.0,0.0,0.0,0.0,0.0,0.0,0.0,0.0,0.0,0.0,0.0,0.0,0.0,0.0,0.0,2.004,2.004,-0.0,-0.0,-2.004,0.0,0.0,0.0,0.0,1663.0,-3.69709597367122e+19,0.0,2.7184260577004195e+23,-107615280.0,-0.0,2.7184312818759872e+23,0.0,0.0,2.004,2.004,68,126841044992.0,0.0,0.0,0.0,0.0,0.0,0.0,0.0,0.0,0,0,0,0.0,-0.0,-7.677438585509502e+33,-2.006790727646055e+36,0.0,0.0,1277267840.0,4.663885552858379e+20,0.0,0.0,-0.0,0.72,-0.0,3326468352.0,0.0,0.0,0,1.3516416376850534e+27,68,0.0,136,0.0,98688.258,0,26215,17071,13107,17092,26215,17065,0,0,0,105,99,100,-0.0,50.8,0.0,61.45,-107615200.0,63.0,1,47,48,180,13107,0,0,0,0.0,0.0,0.0,0.0,4.329306418524979e+17,66.0,0.0,-0.0,0.0,726,0,695,0,0,0,877,0,981,0,847,0,632,0,613,0,509,0,588,0.032,69544110456832.0,-2.004,-107615056.0,53904,16791,262676.125,-0.0,3.1097102143881537e+31,-0.0,5.654925449912104e+34,2.716218313416969e+35,70.0,60.0,66,0.0,0.0,10.0,2.0,0.0,0.0,0.0,0.0,0.0,0.0,0.0,0.0,0.0,0.0,0.0,0.0,62.0,62,18,65518,45,65476,0,300,0,0,8,20529,65476,0,0,44564,60.0,0.0,10.0,10.0,2.0,0.0
2026-02-05T00:04:15,ERR,ERR,ERR,ERR,ERR,ERR,ERR,ERR,ERR,ERR,ERR,ERR,ERR,ERR,ERR,ERR,ERR,ERR,ERR,ERR,ERR,ERR,ERR,ERR,ERR,ERR,ERR,ERR,ERR,ERR,ERR,ERR,ERR,ERR,ERR,ERR,ERR,ERR,ERR,ERR,ERR,ERR,ERR,ERR,ERR,ERR,ERR,ERR,ERR,ERR,ERR,ERR,ERR,ERR,ERR,ERR,ERR,ERR,ERR,ERR,ERR,ERR,ERR,ERR,ERR,ERR,ERR,ERR,ERR,ERR,ERR,ERR,ERR,ERR,ERR,ERR,ERR,ERR,ERR,ERR,ERR,ERR,ERR,ERR,ERR,ERR,ERR,ERR,ERR,ERR,ERR,ERR,ERR,ERR,ERR,ERR,ERR,ERR,ERR,ERR,ERR,ERR,ERR,ERR,ERR,ERR,ERR,ERR,ERR,ERR,ERR,ERR,ERR,ERR,ERR,ERR,ERR,ERR,ERR,ERR,ERR,ERR,ERR,ERR,ERR,2.7184260577004195e+23,-107615280.0,-0.0,0.0,0.0,-6463249.5,4.190816911557838e+29,0.0,0,0,4,0,7670,-0.0,41,0.0,0.0,0.0,0.0,0.0,0,0,0,0,0.0,0,0,0,0,0,0,0,0,0,0,0,0,0,0,0,0,0,0,0,0,0,0,0,0,0,0,0,0,0,0,0,0,0,23,41,40,63,65476,0,300,0,0,8,21553,0.0,-107605600.0,0.0,0.0,0.0,0.0,0.0,0.0,0.0,0.0,0.0,0.0,0.0,0.0,0.0,0.0,0.0,0.0,0.0,0.0,0.0,2.004,2.004,-0.0,-0.0,-2.004,0.0,0.0,0.0,0.0,1663.0,-3.69709597367122e+19,0.0,2.7184260577004195e+23,-107615280.0,-0.0,2.7184312818759872e+23,0.0,0.0,2.004,2.004,68,126841044992.0,0.0,0.0,0.0,0.0,0.0,0.0,0.0,0.0,0,0,0,0.0,-0.0,-7.677438585509502e+33,-2.006790727646055e+36,0.0,0.0,1277267840.0,4.663885552858379e+20,0.0,0.0,-0.0,0.72,-0.0,3326468352.0,0.0,0.0,0,1.3516416376850534e+27,68,0.0,136,0.0,98688.258,0,26215,17071,13107,17092,26215,17065,0,0,0,105,99,100,-0.0,50.8,0.0,61.45,-107615200.0,63.0,1,47,48,180,13107,0,0,0,0.0,0.0,0.0,0.0,4.329306418524979e+17,66.0,0.0,-0.0,0.0,726,0,695,0,0,0,877,0,981,0,847,0,632,0,613,0,509,0,588,0.032,69544110456832.0,-2.004,-107615056.0,53904,16791,262676.125,-0.0,3.1097102143881537e+31,-0.0,5.654925449912104e+34,2.716218313416969e+35,70.0,60.0,66,0.0,0.0,10.0,2.0,0.0,0.0,0.0,0.0,0.0,0.0,0.0,0.0,0.0,0.0,0.0,0.0,62.0,62,18,65518,45,65476,0,300,0,0,8,20529,65476,0,0,44564,60.0,0.0,10.0,10.0,2.0,0.0
2026-02-05T00:04:16,ERR,ERR,ERR,ERR,ERR,ERR,ERR,ERR,ERR,ERR,ERR,ERR,ERR,ERR,ERR,ERR,ERR,ERR,ERR,ERR,ERR,ERR,ERR,ERR,ERR,ERR,ERR,ERR,ERR,ERR,ERR,ERR,ERR,ERR,ERR,ERR,ERR,ERR,ERR,ERR,ERR,ERR,ERR,ERR,ERR,ERR,ERR,ERR,ERR,ERR,ERR,ERR,ERR,ERR,ERR,ERR,ERR,ERR,ERR,ERR,ERR,ERR,ERR,ERR,ERR,ERR,ERR,ERR,ERR,ERR,ERR,ERR,ERR,ERR,ERR,ERR,ERR,ERR,ERR,ERR,ERR,ERR,ERR,ERR,ERR,ERR,ERR,ERR,ERR,ERR,ERR,ERR,ERR,ERR,ERR,ERR,ERR,ERR,ERR,ERR,ERR,ERR,ERR,ERR,ERR,ERR,ERR,ERR,ERR,ERR,ERR,ERR,ERR,ERR,ERR,ERR,ERR,ERR,ERR,ERR,ERR,ERR,ERR,ERR,ERR,2.7184260577004195e+23,-107615280.0,-0.0,0.0,0.0,-6463249.5,4.190816911557838e+29,0.0,0,0,4,0,7670,-0.0,41,0.0,0.0,0.0,0.0,0.0,0,0,0,0,0.0,0,0,0,0,0,0,0,0,0,0,0,0,0,0,0,0,0,0,0,0,0,0,0,0,0,0,0,0,0,0,0,0,0,23,41,40,63,65476,0,300,0,0,8,21553,0.0,-107605600.0,0.0,0.0,0.0,0.0,0.0,0.0,0.0,0.0,0.0,0.0,0.0,0.0,0.0,0.0,0.0,0.0,0.0,0.0,0.0,2.004,2.004,-0.0,-0.0,-2.004,0.0,0.0,0.0,0.0,1663.0,-3.69709597367122e+19,0.0,2.7184260577004195e+23,-107615280.0,-0.0,2.7184312818759872e+23,0.0,0.0,2.004,2.004,68,126841044992.0,0.0,0.0,0.0,0.0,0.0,0.0,0.0,0.0,0,0,0,0.0,-0.0,-7.677438585509502e+33,-2.006790727646055e+36,0.0,0.0,1277267840.0,4.663885552858379e+20,0.0,0.0,-0.0,0.72,-0.0,3326468352.0,0.0,0.0,0,1.3516416376850534e+27,68,0.0,136,0.0,98688.258,0,26215,17071,13107,17092,26215,17065,0,0,0,105,99,100,-0.0,50.8,0.0,61.45,-107615200.0,63.0,1,47,48,180,13107,0,0,0,0.0,0.0,0.0,0.0,4.329306418524979e+17,66.0,0.0,-0.0,0.0,726,0,695,0,0,0,877,0,981,0,847,0,632,0,613,0,509,0,588,0.032,69544110456832.0,-2.004,-107615056.0,53904,16791,262676.125,-0.0,3.1097102143881537e+31,-0.0,5.654925449912104e+34,2.716218313416969e+35,70.0,60.0,66,0.0,0.0,10.0,2.0,0.0,0.0,0.0,0.0,0.0,0.0,0.0,0.0,0.0,0.0,0.0,0.0,62.0,62,18,65518,45,65476,0,300,0,0,8,20529,65476,0,0,44564,60.0,0.0,10.0,10.0,2.0,0.0
2026-02-05T00:04:17,ERR,ERR,ERR,ERR,ERR,ERR,ERR,ERR,ERR,ERR,ERR,ERR,ERR,ERR,ERR,ERR,ERR,ERR,ERR,ERR,ERR,ERR,ERR,ERR,ERR,ERR,ERR,ERR,ERR,ERR,ERR,ERR,ERR,ERR,ERR,ERR,ERR,ERR,ERR,ERR,ERR,ERR,ERR,ERR,ERR,ERR,ERR,ERR,ERR,ERR,ERR,ERR,ERR,ERR,ERR,ERR,ERR,ERR,ERR,ERR,ERR,ERR,ERR,ERR,ERR,ERR,ERR,ERR,ERR,ERR,ERR,ERR,ERR,ERR,ERR,ERR,ERR,ERR,ERR,ERR,ERR,ERR,ERR,ERR,ERR,ERR,ERR,ERR,ERR,ERR,ERR,ERR,ERR,ERR,ERR,ERR,ERR,ERR,ERR,ERR,ERR,ERR,ERR,ERR,ERR,ERR,ERR,ERR,ERR,ERR,ERR,ERR,ERR,ERR,ERR,ERR,ERR,ERR,ERR,ERR,ERR,ERR,ERR,ERR,ERR,2.7184260577004195e+23,-107615280.0,-0.0,0.0,0.0,-6463249.5,4.190816911557838e+29,0.0,0,0,4,0,7670,-0.0,41,0.0,0.0,0.0,0.0,0.0,0,0,0,0,0.0,0,0,0,0,0,0,0,0,0,0,0,0,0,0,0,0,0,0,0,0,0,0,0,0,0,0,0,0,0,0,0,0,0,23,41,40,63,65476,0,300,0,0,8,21553,0.0,-107605600.0,0.0,0.0,0.0,0.0,0.0,0.0,0.0,0.0,0.0,0.0,0.0,0.0,0.0,0.0,0.0,0.0,0.0,0.0,0.0,2.004,2.004,-0.0,-0.0,-2.004,0.0,0.0,0.0,0.0,1663.0,-3.69709597367122e+19,0.0,2.7184260577004195e+23,-107615280.0,-0.0,2.7184312818759872e+23,0.0,0.0,2.004,2.004,68,126841044992.0,0.0,0.0,0.0,0.0,0.0,0.0,0.0,0.0,0,0,0,0.0,-0.0,-7.677438585509502e+33,-2.006790727646055e+36,0.0,0.0,1277267840.0,4.663885552858379e+20,0.0,0.0,-0.0,0.72,-0.0,3326468352.0,0.0,0.0,0,1.3516416376850534e+27,68,0.0,136,0.0,98688.258,0,26215,17071,13107,17092,26215,17065,0,0,0,105,99,100,-0.0,50.8,0.0,61.45,-107615200.0,63.0,1,47,48,180,13107,0,0,0,0.0,0.0,0.0,0.0,2564.157,66.0,0.0,-0.0,0.0,726,0,695,0,0,0,877,0,981,0,847,0,632,0,613,0,509,0,588,0.032,69544110456832.0,0.0,0.0,36368,16791,0.0,-207885888.0,389777543135232.0,-0.0,0.0,64831.961,70.0,60.0,66,0.0,0.0,10.0,2.0,0.0,0.0,0.0,0.0,0.0,0.0,0.0,0.0,0.0,0.0,0.0,0.0,62.0,62,18,65518,45,65476,0,300,0,0,8,20529,65476,0,0,44564,60.0,0.0,10.0,10.0,2.0,0.0
2026-02-05T00:04:18,ERR,ERR,ERR,ERR,ERR,ERR,ERR,ERR,ERR,ERR,ERR,ERR,ERR,ERR,ERR,ERR,ERR,ERR,ERR,ERR,ERR,ERR,ERR,ERR,ERR,ERR,ERR,ERR,ERR,ERR,ERR,ERR,ERR,ERR,ERR,ERR,ERR,ERR,ERR,ERR,ERR,ERR,ERR,ERR,ERR,ERR,ERR,ERR,ERR,ERR,ERR,ERR,ERR,ERR,ERR,ERR,ERR,ERR,ERR,ERR,ERR,ERR,ERR,ERR,ERR,ERR,ERR,ERR,ERR,ERR,ERR,ERR,ERR,ERR,ERR,ERR,ERR,ERR,ERR,ERR,ERR,ERR,ERR,ERR,ERR,ERR,ERR,ERR,ERR,ERR,ERR,ERR,ERR,ERR,ERR,ERR,ERR,ERR,ERR,ERR,ERR,ERR,ERR,ERR,ERR,ERR,ERR,ERR,ERR,ERR,ERR,ERR,ERR,ERR,ERR,ERR,ERR,ERR,ERR,ERR,ERR,ERR,ERR,ERR,ERR,2.7184260577004195e+23,-107615280.0,-0.0,0.0,0.0,-6463249.5,4.190816911557838e+29,0.0,0,0,4,0,7670,-0.0,41,0.0,0.0,0.0,0.0,0.0,0,0,0,0,0.0,0,0,0,0,0,0,0,0,0,0,0,0,0,0,0,0,0,0,0,0,0,0,0,0,0,0,0,0,0,0,0,0,0,23,41,40,63,65476,0,300,0,0,8,21553,0.0,-107605600.0,0.0,0.0,0.0,0.0,0.0,0.0,0.0,0.0,0.0,0.0,0.0,0.0,0.0,0.0,0.0,0.0,0.0,0.0,0.0,2.004,2.004,-0.0,-0.0,-2.004,0.0,0.0,0.0,0.0,1663.0,-3.69709597367122e+19,0.0,2.7184260577004195e+23,-107615280.0,-0.0,2.7184312818759872e+23,0.0,0.0,2.004,2.004,68,126841044992.0,0.0,0.0,0.0,0.0,0.0,0.0,0.0,0.0,0,0,0,0.0,-0.0,-7.677438585509502e+33,-2.006790727646055e+36,0.0,0.0,1277267840.0,4.663885552858379e+20,0.0,0.0,-0.0,0.72,-0.0,3326468352.0,0.0,0.0,0,1.3516416376850534e+27,68,0.0,136,0.0,98688.258,0,26215,17071,13107,17092,26215,17065,0,0,0,105,99,100,-0.0,50.8,0.0,61.45,-107615200.0,63.0,1,47,48,180,13107,0,0,0,0.0,0.0,0.0,0.0,2564.157,66.0,0.0,-0.0,0.0,726,0,695,0,0,0,877,0,981,0,847,0,632,0,613,0,509,0,588,0.032,69544110456832.0,0.0,0.0,36368,16791,0.0,-207885888.0,389777543135232.0,-0.0,0.0,64831.961,70.0,60.0,66,0.0,0.0,10.0,2.0,0.0,0.0,0.0,0.0,0.0,0.0,0.0,0.0,0.0,0.0,0.0,0.0,62.0,62,18,65518,45,65476,0,300,0,0,8,20529,65476,0,0,44564,60.0,0.0,10.0,10.0,2.0,0.0
2026-02-05T00:04:19,ERR,ERR,ERR,ERR,ERR,ERR,ERR,ERR,ERR,ERR,ERR,ERR,ERR,ERR,ERR,ERR,ERR,ERR,ERR,ERR,ERR,ERR,ERR,ERR,ERR,ERR,ERR,ERR,ERR,ERR,ERR,ERR,ERR,ERR,ERR,ERR,ERR,ERR,ERR,ERR,ERR,ERR,ERR,ERR,ERR,ERR,ERR,ERR,ERR,ERR,ERR,ERR,ERR,ERR,ERR,ERR,ERR,ERR,ERR,ERR,ERR,ERR,ERR,ERR,ERR,ERR,ERR,ERR,ERR,ERR,ERR,ERR,ERR,ERR,ERR,ERR,ERR,ERR,ERR,ERR,ERR,ERR,ERR,ERR,ERR,ERR,ERR,ERR,ERR,ERR,ERR,ERR,ERR,ERR,ERR,ERR,ERR,ERR,ERR,ERR,ERR,ERR,ERR,ERR,ERR,ERR,ERR,ERR,ERR,ERR,ERR,ERR,ERR,ERR,ERR,ERR,ERR,ERR,ERR,ERR,ERR,ERR,ERR,ERR,ERR,2.7184260577004195e+23,-107615280.0,-0.0,0.0,0.0,4068064979058688.0,0.0,0.0,0,0,4,0,7670,-0.0,41,0.0,0.0,0.0,0.0,0.0,0,0,0,0,0.0,0,0,0,0,0,0,0,0,0,0,0,0,0,0,0,0,0,0,0,0,0,0,0,0,0,0,0,0,0,0,0,0,0,23,41,40,63,65476,0,300,0,0,8,21553,0.0,-107605600.0,0.0,0.0,0.0,0.0,0.0,0.0,0.0,0.0,0.0,0.0,0.0,0.0,-2.600982585120823e+33,0.0,0.0,0.0,0.0,0.0,0.0,2.004,2.004,-0.0,-0.0,-2.004,0.0,0.0,0.0,0.0,1656.0,-3.69709597367122e+19,0.0,2.7184260577004195e+23,-107615280.0,-0.0,2.7184312818759872e+23,0.0,0.0,2.004,2.004,68,2.7184285797162108e+23,0.0,0.0,0.0,0.0,0.0,0.0,0.0,0.0,0,0,0,0.0,-0.0,-1.5811943103588552e+36,-453541802016768.0,0.0,0.0,-3096880873472.0,0.0,-1339332266819584.0,0.0,-0.0,0.724,-0.0,3343245568.0,0.0,3.2338294156817544e+20,0,1.3516416376850534e+27,68,0.0,136,0.0,98688.258,0,26215,17071,13107,17092,26215,17065,0,0,0,105,99,100,-0.0,50.8,0.0,61.45,-107615200.0,63.0,1,47,48,180,13107,0,0,0,0.0,0.0,0.0,0.0,2564.157,66.0,0.0,-0.0,0.0,726,0,695,0,0,0,877,0,981,0,847,0,632,0,613,0,509,0,588,0.032,69544110456832.0,0.0,0.0,36368,16791,0.0,-207885888.0,389777543135232.0,-0.0,0.0,64831.961,70.0,60.0,66,0.0,0.0,10.0,2.0,0.0,0.0,0.0,0.0,0.0,0.0,0.0,0.0,0.0,0.0,0.0,0.0,62.4,62,18,65518,45,65476,0,300,0,0,8,20529,65476,0,0,44564,60.0,0.0,10.0,10.0,2.0,0.0
2026-02-05T00:04:20,ERR,ERR,ERR,ERR,ERR,ERR,ERR,ERR,ERR,ERR,ERR,ERR,ERR,ERR,ERR,ERR,ERR,ERR,ERR,ERR,ERR,ERR,ERR,ERR,ERR,ERR,ERR,ERR,ERR,ERR,ERR,ERR,ERR,ERR,ERR,ERR,ERR,ERR,ERR,ERR,ERR,ERR,ERR,ERR,ERR,ERR,ERR,ERR,ERR,ERR,ERR,ERR,ERR,ERR,ERR,ERR,ERR,ERR,ERR,ERR,ERR,ERR,ERR,ERR,ERR,ERR,ERR,ERR,ERR,ERR,ERR,ERR,ERR,ERR,ERR,ERR,ERR,ERR,ERR,ERR,ERR,ERR,ERR,ERR,ERR,ERR,ERR,ERR,ERR,ERR,ERR,ERR,ERR,ERR,ERR,ERR,ERR,ERR,ERR,ERR,ERR,ERR,ERR,ERR,ERR,ERR,ERR,ERR,ERR,ERR,ERR,ERR,ERR,ERR,ERR,ERR,ERR,ERR,ERR,ERR,ERR,ERR,ERR,ERR,ERR,2.7184260577004195e+23,-107615280.0,-0.0,0.0,0.0,4068064979058688.0,0.0,0.0,0,0,4,0,7670,-0.0,41,0.0,0.0,0.0,0.0,0.0,0,0,0,0,0.0,0,0,0,0,0,0,0,0,0,0,0,0,0,0,0,0,0,0,0,0,0,0,0,0,0,0,0,0,0,0,0,0,0,23,41,40,63,65476,0,300,0,0,8,21553,0.0,-107605600.0,0.0,0.0,0.0,0.0,0.0,0.0,0.0,0.0,0.0,0.0,0.0,0.0,-2.600982585120823e+33,0.0,0.0,0.0,0.0,0.0,0.0,2.004,2.004,-0.0,-0.0,-2.004,0.0,0.0,0.0,0.0,1656.0,-3.69709597367122e+19,0.0,2.7184260577004195e+23,-107615280.0,-0.0,2.7184312818759872e+23,0.0,0.0,2.004,2.004,68,2.7184285797162108e+23,0.0,0.0,0.0,0.0,0.0,0.0,0.0,0.0,0,0,0,0.0,-0.0,-1.5811943103588552e+36,-453541802016768.0,0.0,0.0,-3096880873472.0,0.0,-1339332266819584.0,0.0,-0.0,0.724,-0.0,3343245568.0,0.0,3.2338294156817544e+20,0,1.3516416376850534e+27,68,0.0,136,0.0,98688.258,0,26215,17071,13107,17092,26215,17065,0,0,0,105,99,100,-0.0,50.8,0.0,61.45,-107615200.0,63.0,1,47,48,180,13107,0,0,0,0.0,0.0,0.0,0.0,2564.157,66.0,0.0,-0.0,0.0,726,0,695,0,0,0,877,0,981,0,847,0,632,0,613,0,509,0,588,0.032,69544110456832.0,0.0,0.0,36368,16791,0.0,-207885888.0,389777543135232.0,-0.0,0.0,64831.961,70.0,60.0,66,0.0,0.0,10.0,2.0,0.0,0.0,0.0,0.0,0.0,0.0,0.0,0.0,0.0,0.0,0.0,0.0,62.4,62,18,65518,45,65476,0,300,0,0,8,20529,65476,0,0,44564,60.0,0.0,10.0,10.0,2.0,0.0
2026-02-05T00:04:21,ERR,ERR,ERR,ERR,ERR,ERR,ERR,ERR,ERR,ERR,ERR,ERR,ERR,ERR,ERR,ERR,ERR,ERR,ERR,ERR,ERR,ERR,ERR,ERR,ERR,ERR,ERR,ERR,ERR,ERR,ERR,ERR,ERR,ERR,ERR,ERR,ERR,ERR,ERR,ERR,ERR,ERR,ERR,ERR,ERR,ERR,ERR,ERR,ERR,ERR,ERR,ERR,ERR,ERR,ERR,ERR,ERR,ERR,ERR,ERR,ERR,ERR,ERR,ERR,ERR,ERR,ERR,ERR,ERR,ERR,ERR,ERR,ERR,ERR,ERR,ERR,ERR,ERR,ERR,ERR,ERR,ERR,ERR,ERR,ERR,ERR,ERR,ERR,ERR,ERR,ERR,ERR,ERR,ERR,ERR,ERR,ERR,ERR,ERR,ERR,ERR,ERR,ERR,ERR,ERR,ERR,ERR,ERR,ERR,ERR,ERR,ERR,ERR,ERR,ERR,ERR,ERR,ERR,ERR,ERR,ERR,ERR,ERR,ERR,ERR,2.7184260577004195e+23,-107615280.0,-0.0,0.0,0.0,4068064979058688.0,0.0,0.0,0,0,4,0,7670,-0.0,41,0.0,0.0,0.0,0.0,0.0,0,0,0,0,0.0,0,0,0,0,0,0,0,0,0,0,0,0,0,0,0,0,0,0,0,0,0,0,0,0,0,0,0,0,0,0,0,0,0,23,41,40,63,65476,0,300,0,0,8,21553,0.0,-107605600.0,0.0,0.0,0.0,0.0,0.0,0.0,0.0,0.0,0.0,0.0,0.0,0.0,-2.600982585120823e+33,0.0,0.0,0.0,0.0,0.0,0.0,2.004,2.004,-0.0,-0.0,-2.004,0.0,0.0,0.0,0.0,1656.0,-3.69709597367122e+19,0.0,2.7184260577004195e+23,-107615280.0,-0.0,2.7184312818759872e+23,0.0,0.0,2.004,2.004,68,2.7184285797162108e+23,0.0,0.0,0.0,0.0,0.0,0.0,0.0,0.0,0,0,0,0.0,-0.0,-1.5811943103588552e+36,-453541802016768.0,0.0,0.0,-3096880873472.0,0.0,-1339332266819584.0,0.0,-0.0,0.724,-0.0,3343245568.0,0.0,3.2338294156817544e+20,0,1.3516416376850534e+27,68,0.0,136,0.0,98688.258,0,26215,17071,13107,17092,26215,17065,0,0,0,105,99,100,-0.0,50.8,0.0,61.45,-107615200.0,63.0,1,47,48,180,13107,0,0,0,0.0,0.0,0.0,0.0,0.033,66.0,0.0,0.0,0.0,726,0,695,0,0,0,877,0,981,0,847,0,632,0,613,0,510,0,589,0.032,70093866270720.0,0.0,0.0,33040,16791,108677.031,911519030181888.0,0.0,-9.556307387560755e+16,-3.722670634749133e+16,0.0,70.0,60.0,66,0.0,0.0,10.0,2.0,0.0,0.0,0.0,0.0,0.0,0.0,0.0,0.0,0.0,0.0,0.0,0.0,62.0,62,18,65518,45,65476,0,300,0,0,8,20529,65476,0,0,44564,60.0,0.0,10.0,10.0,2.0,0.0
2026-02-05T00:04:22,ERR,ERR,ERR,ERR,ERR,ERR,ERR,ERR,ERR,ERR,ERR,ERR,ERR,ERR,ERR,ERR,ERR,ERR,ERR,ERR,ERR,ERR,ERR,ERR,ERR,ERR,ERR,ERR,ERR,ERR,ERR,ERR,ERR,ERR,ERR,ERR,ERR,ERR,ERR,ERR,ERR,ERR,ERR,ERR,ERR,ERR,ERR,ERR,ERR,ERR,ERR,ERR,ERR,ERR,ERR,ERR,ERR,ERR,ERR,ERR,ERR,ERR,ERR,ERR,ERR,ERR,ERR,ERR,ERR,ERR,ERR,ERR,ERR,ERR,ERR,ERR,ERR,ERR,ERR,ERR,ERR,ERR,ERR,ERR,ERR,ERR,ERR,ERR,ERR,ERR,ERR,ERR,ERR,ERR,ERR,ERR,ERR,ERR,ERR,ERR,ERR,ERR,ERR,ERR,ERR,ERR,ERR,ERR,ERR,ERR,ERR,ERR,ERR,ERR,ERR,ERR,ERR,ERR,ERR,ERR,ERR,ERR,ERR,ERR,ERR,2.7184260577004195e+23,-107615280.0,-0.0,0.0,0.0,4068064979058688.0,0.0,0.0,0,0,4,0,7670,-0.0,41,0.0,0.0,0.0,0.0,0.0,0,0,0,0,0.0,0,0,0,0,0,0,0,0,0,0,0,0,0,0,0,0,0,0,0,0,0,0,0,0,0,0,0,0,0,0,0,0,0,23,41,40,63,65476,0,300,0,0,8,21553,0.0,-107605600.0,0.0,0.0,0.0,0.0,0.0,0.0,0.0,0.0,0.0,0.0,0.0,0.0,-2.600982585120823e+33,0.0,0.0,0.0,0.0,0.0,0.0,2.004,2.004,-0.0,-0.0,-2.004,0.0,0.0,0.0,0.0,1656.0,-3.69709597367122e+19,0.0,2.7184260577004195e+23,-107615280.0,-0.0,2.7184312818759872e+23,0.0,0.0,2.004,2.004,68,2.7184285797162108e+23,0.0,0.0,0.0,0.0,0.0,0.0,0.0,0.0,0,0,0,0.0,-0.0,-1.5811943103588552e+36,-453541802016768.0,0.0,0.0,-3096880873472.0,0.0,-1339332266819584.0,0.0,-0.0,0.724,-0.0,3343245568.0,0.0,3.2338294156817544e+20,0,1.3516416376850534e+27,68,0.0,136,0.0,98688.258,0,26215,17071,13107,17092,26215,17065,0,0,0,105,99,100,-0.0,50.8,0.0,61.45,-107615200.0,63.0,1,47,48,180,13107,0,0,0,0.0,0.0,0.0,0.0,0.033,66.0,0.0,0.0,0.0,726,0,695,0,0,0,877,0,981,0,847,0,632,0,613,0,510,0,589,0.032,70093866270720.0,0.0,0.0,33040,16791,108677.031,911519030181888.0,0.0,-9.556307387560755e+16,-3.722670634749133e+16,0.0,70.0,60.0,66,0.0,0.0,10.0,2.0,0.0,0.0,0.0,0.0,0.0,0.0,0.0,0.0,0.0,0.0,0.0,0.0,62.0,62,18,65518,45,65476,0,300,0,0,8,20529,65476,0,0,44564,60.0,0.0,10.0,10.0,2.0,0.0
2026-02-05T00:04:23,ERR,ERR,ERR,ERR,ERR,ERR,ERR,ERR,ERR,ERR,ERR,ERR,ERR,ERR,ERR,ERR,ERR,ERR,ERR,ERR,ERR,ERR,ERR,ERR,ERR,ERR,ERR,ERR,ERR,ERR,ERR,ERR,ERR,ERR,ERR,ERR,ERR,ERR,ERR,ERR,ERR,ERR,ERR,ERR,ERR,ERR,ERR,ERR,ERR,ERR,ERR,ERR,ERR,ERR,ERR,ERR,ERR,ERR,ERR,ERR,ERR,ERR,ERR,ERR,ERR,ERR,ERR,ERR,ERR,ERR,ERR,ERR,ERR,ERR,ERR,ERR,ERR,ERR,ERR,ERR,ERR,ERR,ERR,ERR,ERR,ERR,ERR,ERR,ERR,ERR,ERR,ERR,ERR,ERR,ERR,ERR,ERR,ERR,ERR,ERR,ERR,ERR,ERR,ERR,ERR,ERR,ERR,ERR,ERR,ERR,ERR,ERR,ERR,ERR,ERR,ERR,ERR,ERR,ERR,ERR,ERR,ERR,ERR,ERR,ERR,2.7184260577004195e+23,-107615280.0,-0.0,0.0,0.0,4068064979058688.0,0.0,0.0,0,0,4,0,7670,-0.0,41,0.0,0.0,0.0,0.0,0.0,0,0,0,0,0.0,0,0,0,0,0,0,0,0,0,0,0,0,0,0,0,0,0,0,0,0,0,0,0,0,0,0,0,0,0,0,0,0,0,23,41,40,63,65476,0,300,0,0,8,21553,0.0,-107605600.0,0.0,0.0,0.0,0.0,0.0,0.0,0.0,0.0,0.0,0.0,0.0,0.0,-2.600982585120823e+33,0.0,0.0,0.0,0.0,0.0,0.0,2.004,2.004,-0.0,-0.0,-2.004,0.0,0.0,0.0,0.0,1656.0,-3.69709597367122e+19,0.0,2.7184260577004195e+23,-107615280.0,-0.0,2.7184312818759872e+23,0.0,0.0,2.004,2.004,68,2.7184285797162108e+23,0.0,0.0,0.0,0.0,0.0,0.0,0.0,0.0,0,0,0,0.0,-0.0,-1.5811943103588552e+36,-453541802016768.0,0.0,0.0,-3096880873472.0,0.0,-1339332266819584.0,0.0,-0.0,0.724,-0.0,3343245568.0,0.0,3.2338294156817544e+20,0,1.3516416376850534e+27,68,0.0,136,0.0,98688.258,0,26215,17071,13107,17092,26215,17065,0,0,0,105,99,100,-0.0,50.8,0.0,61.45,-107615200.0,63.0,1,47,48,180,13107,0,0,0,0.0,0.0,0.0,0.0,0.033,66.0,0.0,0.0,0.0,726,0,695,0,0,0,877,0,981,0,847,0,632,0,613,0,510,0,589,0.032,70093866270720.0,0.0,0.0,33040,16791,108677.031,911519030181888.0,0.0,-9.556307387560755e+16,-3.722670634749133e+16,0.0,70.0,60.0,66,0.0,0.0,10.0,2.0,0.0,0.0,0.0,0.0,0.0,0.0,0.0,0.0,0.0,0.0,0.0,0.0,62.0,62,18,65518,45,65476,0,300,0,0,8,20529,65476,0,0,44564,60.0,0.0,10.0,10.0,2.0,0.0
2026-02-05T00:04:24,ERR,ERR,ERR,ERR,ERR,ERR,ERR,ERR,ERR,ERR,ERR,ERR,ERR,ERR,ERR,ERR,ERR,ERR,ERR,ERR,ERR,ERR,ERR,ERR,ERR,ERR,ERR,ERR,ERR,ERR,ERR,ERR,ERR,ERR,ERR,ERR,ERR,ERR,ERR,ERR,ERR,ERR,ERR,ERR,ERR,ERR,ERR,ERR,ERR,ERR,ERR,ERR,ERR,ERR,ERR,ERR,ERR,ERR,ERR,ERR,ERR,ERR,ERR,ERR,ERR,ERR,ERR,ERR,ERR,ERR,ERR,ERR,ERR,ERR,ERR,ERR,ERR,ERR,ERR,ERR,ERR,ERR,ERR,ERR,ERR,ERR,ERR,ERR,ERR,ERR,ERR,ERR,ERR,ERR,ERR,ERR,ERR,ERR,ERR,ERR,ERR,ERR,ERR,ERR,ERR,ERR,ERR,ERR,ERR,ERR,ERR,ERR,ERR,ERR,ERR,ERR,ERR,ERR,ERR,ERR,ERR,ERR,ERR,ERR,ERR,2.7184260577004195e+23,-107615280.0,-0.0,0.0,0.0,4068064979058688.0,0.0,0.0,0,0,4,0,7670,-0.0,41,0.0,0.0,0.0,0.0,0.0,0,0,0,0,0.0,0,0,0,0,0,0,0,0,0,0,0,0,0,0,0,0,0,0,0,0,0,0,0,0,0,0,0,0,0,0,0,0,0,23,41,40,63,65476,0,300,0,0,8,21553,0.0,-107605600.0,0.0,0.0,0.0,0.0,0.0,0.0,0.0,0.0,0.0,0.0,0.0,0.0,-2.600982585120823e+33,0.0,0.0,0.0,0.0,0.0,0.0,2.004,2.004,-0.0,-0.0,-2.004,0.0,0.0,0.0,0.0,1656.0,-3.69709597367122e+19,0.0,2.7184260577004195e+23,-107615280.0,-0.0,2.7184312818759872e+23,0.0,0.0,2.004,2.004,68,2.7184285797162108e+23,0.0,0.0,0.0,0.0,0.0,0.0,0.0,0.0,0,0,0,0.0,-0.0,-1.5811943103588552e+36,-453541802016768.0,0.0,0.0,-3096880873472.0,0.0,-1339332266819584.0,0.0,-0.0,0.724,-0.0,3343245568.0,0.0,3.2338294156817544e+20,0,1.3516416376850534e+27,68,0.0,136,0.0,98688.258,0,26215,17071,13107,17092,26215,17065,0,0,0,105,99,100,-0.0,50.8,0.0,61.45,-107615200.0,63.0,1,47,48,180,13107,0,0,0,0.0,0.0,0.0,0.0,0.033,66.0,0.0,0.0,0.0,726,0,695,0,0,0,877,0,981,0,847,0,632,0,613,0,510,0,589,0.032,70093866270720.0,0.0,0.0,33040,16791,108677.031,911519030181888.0,0.0,-9.556307387560755e+16,-3.722670634749133e+16,0.0,70.0,60.0,66,0.0,0.0,10.0,2.0,0.0,0.0,0.0,0.0,0.0,0.0,0.0,0.0,0.0,0.0,0.0,0.0,62.0,62,18,65518,45,65476,0,300,0,0,8,20529,65476,0,0,44564,60.0,0.0,10.0,10.0,2.0,0.0
2026-02-05T00:04:25,ERR,ERR,ERR,ERR,ERR,ERR,ERR,ERR,ERR,ERR,ERR,ERR,ERR,ERR,ERR,ERR,ERR,ERR,ERR,ERR,ERR,ERR,ERR,ERR,ERR,ERR,ERR,ERR,ERR,ERR,ERR,ERR,ERR,ERR,ERR,ERR,ERR,ERR,ERR,ERR,ERR,ERR,ERR,ERR,ERR,ERR,ERR,ERR,ERR,ERR,ERR,ERR,ERR,ERR,ERR,ERR,ERR,ERR,ERR,ERR,ERR,ERR,ERR,ERR,ERR,ERR,ERR,ERR,ERR,ERR,ERR,ERR,ERR,ERR,ERR,ERR,ERR,ERR,ERR,ERR,ERR,ERR,ERR,ERR,ERR,ERR,ERR,ERR,ERR,ERR,ERR,ERR,ERR,ERR,ERR,ERR,ERR,ERR,ERR,ERR,ERR,ERR,ERR,ERR,ERR,ERR,ERR,ERR,ERR,ERR,ERR,ERR,ERR,ERR,ERR,ERR,ERR,ERR,ERR,ERR,ERR,ERR,ERR,ERR,ERR,2.7184260577004195e+23,-107615280.0,-0.0,0.0,0.0,0.0,-0.0,0.0,0,0,4,0,7670,-0.0,41,0.0,0.0,0.0,0.0,0.0,0,0,0,0,0.0,0,0,0,0,0,0,0,0,0,0,0,0,0,0,0,0,0,0,0,0,0,0,0,0,0,0,0,0,0,0,0,0,0,23,41,40,63,65476,0,300,0,0,8,21553,0.0,-107605600.0,0.0,0.0,0.0,0.0,0.0,0.0,0.0,0.0,0.0,0.0,0.0,0.0,0.0,0.0,0.0,0.0,0.0,0.0,0.0,2.004,2.004,-0.0,-0.0,-2.004,0.0,0.0,0.0,0.0,1671.0,-0.0,0.0,2.7184260577004195e+23,-107615280.0,-0.0,2.7184312818759872e+23,0.0,0.0,2.004,2.004,68,126841044992.0,-0.0,0.0,0.0,0.0,0.0,0.0,0.0,0.0,0,0,0,0.0,3.8595540943309373e+18,nan,-0.0,0.0,-0.0,0.0,-0.0,83500440.0,0.0,-0.0,0.724,-0.0,3360022784.0,0.0,-0.0,0,1.3516416376850534e+27,68,0.0,136,0.0,98688.258,0,26215,17071,13107,17092,26215,17065,0,0,0,105,99,100,-0.0,50.8,0.0,61.45,-107615200.0,63.0,1,47,48,180,13107,0,0,0,0.0,0.0,0.0,0.0,0.033,66.0,0.0,0.0,0.0,726,0,695,0,0,0,877,0,981,0,847,0,632,0,613,0,510,0,589,0.032,70093866270720.0,0.0,0.0,33040,16791,108677.031,911519030181888.0,0.0,-9.556307387560755e+16,-3.722670634749133e+16,0.0,70.0,60.0,66,0.0,0.0,10.0,2.0,0.0,0.0,0.0,0.0,0.0,0.0,0.0,0.0,0.0,0.0,0.0,0.0,62.0,62,18,65518,45,65476,0,300,0,0,8,20529,65476,0,0,44564,60.0,0.0,10.0,10.0,2.0,0.0
2026-02-05T00:04:26,ERR,ERR,ERR,ERR,ERR,ERR,ERR,ERR,ERR,ERR,ERR,ERR,ERR,ERR,ERR,ERR,ERR,ERR,ERR,ERR,ERR,ERR,ERR,ERR,ERR,ERR,ERR,ERR,ERR,ERR,ERR,ERR,ERR,ERR,ERR,ERR,ERR,ERR,ERR,ERR,ERR,ERR,ERR,ERR,ERR,ERR,ERR,ERR,ERR,ERR,ERR,ERR,ERR,ERR,ERR,ERR,ERR,ERR,ERR,ERR,ERR,ERR,ERR,ERR,ERR,ERR,ERR,ERR,ERR,ERR,ERR,ERR,ERR,ERR,ERR,ERR,ERR,ERR,ERR,ERR,ERR,ERR,ERR,ERR,ERR,ERR,ERR,ERR,ERR,ERR,ERR,ERR,ERR,ERR,ERR,ERR,ERR,ERR,ERR,ERR,ERR,ERR,ERR,ERR,ERR,ERR,ERR,ERR,ERR,ERR,ERR,ERR,ERR,ERR,ERR,ERR,ERR,ERR,ERR,ERR,ERR,ERR,ERR,ERR,ERR,2.7184260577004195e+23,-107615280.0,-0.0,0.0,0.0,0.0,-0.0,0.0,0,0,4,0,7670,-0.0,41,0.0,0.0,0.0,0.0,0.0,0,0,0,0,0.0,0,0,0,0,0,0,0,0,0,0,0,0,0,0,0,0,0,0,0,0,0,0,0,0,0,0,0,0,0,0,0,0,0,23,41,40,63,65476,0,300,0,0,8,21553,0.0,-107605600.0,0.0,0.0,0.0,0.0,0.0,0.0,0.0,0.0,0.0,0.0,0.0,0.0,0.0,0.0,0.0,0.0,0.0,0.0,0.0,2.004,2.004,-0.0,-0.0,-2.004,0.0,0.0,0.0,0.0,1671.0,-0.0,0.0,2.7184260577004195e+23,-107615280.0,-0.0,2.7184312818759872e+23,0.0,0.0,2.004,2.004,68,126841044992.0,-0.0,0.0,0.0,0.0,0.0,0.0,0.0,0.0,0,0,0,0.0,3.8595540943309373e+18,nan,-0.0,0.0,-0.0,0.0,-0.0,83500440.0,0.0,-0.0,0.724,-0.0,3360022784.0,0.0,-0.0,0,1.3516416376850534e+27,68,0.0,136,0.0,98688.258,0,26215,17071,13107,17092,26215,17065,0,0,0,105,99,100,0.0,50.8,0.0,61.45,-107615200.0,63.0,1,47,48,180,13107,0,0,0,0.0,0.0,0.0,0.0,0.001,66.0,0.0,59124367360.0,0.0,726,0,695,0,0,0,877,0,981,0,847,0,632,0,613,0,510,0,589,0.032,69544110456832.0,2.004,-0.0,33040,16791,0.0,59124367360.0,-6.427396168764981e+30,0.003,0.0,-0.0,70.0,60.0,66,0.0,0.0,10.0,2.0,0.0,0.0,0.0,0.0,0.0,0.0,0.0,0.0,0.0,0.0,0.0,0.0,62.0,62,18,65518,45,65476,0,300,0,0,8,20529,65476,0,0,44564,60.0,0.0,10.0,10.0,2.0,0.0
2026-02-05T00:04:27,ERR,ERR,ERR,ERR,ERR,ERR,ERR,ERR,ERR,ERR,ERR,ERR,ERR,ERR,ERR,ERR,ERR,ERR,ERR,ERR,ERR,ERR,ERR,ERR,ERR,ERR,ERR,ERR,ERR,ERR,ERR,ERR,ERR,ERR,ERR,ERR,ERR,ERR,ERR,ERR,ERR,ERR,ERR,ERR,ERR,ERR,ERR,ERR,ERR,ERR,ERR,ERR,ERR,ERR,ERR,ERR,ERR,ERR,ERR,ERR,ERR,ERR,ERR,ERR,ERR,ERR,ERR,ERR,ERR,ERR,ERR,ERR,ERR,ERR,ERR,ERR,ERR,ERR,ERR,ERR,ERR,ERR,ERR,ERR,ERR,ERR,ERR,ERR,ERR,ERR,ERR,ERR,ERR,ERR,ERR,ERR,ERR,ERR,ERR,ERR,ERR,ERR,ERR,ERR,ERR,ERR,ERR,ERR,ERR,ERR,ERR,ERR,ERR,ERR,ERR,ERR,ERR,ERR,ERR,ERR,ERR,ERR,ERR,ERR,ERR,2.7184260577004195e+23,-107615280.0,-0.0,0.0,0.0,0.0,-0.0,0.0,0,0,4,0,7670,-0.0,41,0.0,0.0,0.0,0.0,0.0,0,0,0,0,0.0,0,0,0,0,0,0,0,0,0,0,0,0,0,0,0,0,0,0,0,0,0,0,0,0,0,0,0,0,0,0,0,0,0,23,41,40,63,65476,0,300,0,0,8,21553,0.0,-107605600.0,0.0,0.0,0.0,0.0,0.0,0.0,0.0,0.0,0.0,0.0,0.0,0.0,0.0,0.0,0.0,0.0,0.0,0.0,0.0,2.004,2.004,-0.0,-0.0,-2.004,0.0,0.0,0.0,0.0,1671.0,-0.0,0.0,2.7184260577004195e+23,-107615280.0,-0.0,2.7184312818759872e+23,0.0,0.0,2.004,2.004,68,126841044992.0,-0.0,0.0,0.0,0.0,0.0,0.0,0.0,0.0,0,0,0,0.0,3.8595540943309373e+18,nan,-0.0,0.0,-0.0,0.0,-0.0,83500440.0,0.0,-0.0,0.724,-0.0,3360022784.0,0.0,-0.0,0,1.3516416376850534e+27,68,0.0,136,0.0,98688.258,0,26215,17071,13107,17092,26215,17065,0,0,0,105,99,100,0.0,50.8,0.0,61.45,-107615200.0,63.0,1,47,48,180,13107,0,0,0,0.0,0.0,0.0,0.0,0.001,66.0,0.0,59124367360.0,0.0,726,0,695,0,0,0,877,0,981,0,847,0,632,0,613,0,510,0,589,0.032,69544110456832.0,2.004,-0.0,33040,16791,0.0,59124367360.0,-6.427396168764981e+30,0.003,0.0,-0.0,70.0,60.0,66,0.0,0.0,10.0,2.0,0.0,0.0,0.0,0.0,0.0,0.0,0.0,0.0,0.0,0.0,0.0,0.0,62.0,62,18,65518,45,65476,0,300,0,0,8,20529,65476,0,0,44564,60.0,0.0,10.0,10.0,2.0,0.0
2026-02-05T00:04:28,ERR,ERR,ERR,ERR,ERR,ERR,ERR,ERR,ERR,ERR,ERR,ERR,ERR,ERR,ERR,ERR,ERR,ERR,ERR,ERR,ERR,ERR,ERR,ERR,ERR,ERR,ERR,ERR,ERR,ERR,ERR,ERR,ERR,ERR,ERR,ERR,ERR,ERR,ERR,ERR,ERR,ERR,ERR,ERR,ERR,ERR,ERR,ERR,ERR,ERR,ERR,ERR,ERR,ERR,ERR,ERR,ERR,ERR,ERR,ERR,ERR,ERR,ERR,ERR,ERR,ERR,ERR,ERR,ERR,ERR,ERR,ERR,ERR,ERR,ERR,ERR,ERR,ERR,ERR,ERR,ERR,ERR,ERR,ERR,ERR,ERR,ERR,ERR,ERR,ERR,ERR,ERR,ERR,ERR,ERR,ERR,ERR,ERR,ERR,ERR,ERR,ERR,ERR,ERR,ERR,ERR,ERR,ERR,ERR,ERR,ERR,ERR,ERR,ERR,ERR,ERR,ERR,ERR,ERR,ERR,ERR,ERR,ERR,ERR,ERR,2.7184260577004195e+23,-107615280.0,-0.0,0.0,0.0,0.0,-0.0,0.0,0,0,4,0,7670,-0.0,41,0.0,0.0,0.0,0.0,0.0,0,0,0,0,0.0,0,0,0,0,0,0,0,0,0,0,0,0,0,0,0,0,0,0,0,0,0,0,0,0,0,0,0,0,0,0,0,0,0,23,41,40,63,65476,0,300,0,0,8,21553,0.0,-107605600.0,0.0,0.0,0.0,0.0,0.0,0.0,0.0,0.0,0.0,0.0,0.0,0.0,0.0,0.0,0.0,0.0,0.0,0.0,0.0,2.004,2.004,-0.0,-0.0,-2.004,0.0,0.0,0.0,0.0,1671.0,-0.0,0.0,2.7184260577004195e+23,-107615280.0,-0.0,2.7184312818759872e+23,0.0,0.0,2.004,2.004,68,126841044992.0,-0.0,0.0,0.0,0.0,0.0,0.0,0.0,0.0,0,0,0,0.0,3.8595540943309373e+18,nan,-0.0,0.0,-0.0,0.0,-0.0,83500440.0,0.0,-0.0,0.724,-0.0,3360022784.0,0.0,-0.0,0,1.3516416376850534e+27,68,0.0,136,0.0,98688.258,0,26215,17071,13107,17092,26215,17065,0,0,0,105,99,100,0.0,50.8,0.0,61.45,-107615200.0,63.0,1,47,48,180,13107,0,0,0,0.0,0.0,0.0,0.0,0.001,66.0,0.0,59124367360.0,0.0,726,0,695,0,0,0,877,0,981,0,847,0,632,0,613,0,510,0,589,0.032,69544110456832.0,2.004,-0.0,33040,16791,0.0,59124367360.0,-6.427396168764981e+30,0.003,0.0,-0.0,70.0,60.0,66,0.0,0.0,10.0,2.0,0.0,0.0,0.0,0.0,0.0,0.0,0.0,0.0,0.0,0.0,0.0,0.0,62.0,62,18,65518,45,65476,0,300,0,0,8,20529,65476,0,0,44564,60.0,0.0,10.0,10.0,2.0,0.0
2026-02-05T00:04:29,ERR,ERR,ERR,ERR,ERR,ERR,ERR,ERR,ERR,ERR,ERR,ERR,ERR,ERR,ERR,ERR,ERR,ERR,ERR,ERR,ERR,ERR,ERR,ERR,ERR,ERR,ERR,ERR,ERR,ERR,ERR,ERR,ERR,ERR,ERR,ERR,ERR,ERR,ERR,ERR,ERR,ERR,ERR,ERR,ERR,ERR,ERR,ERR,ERR,ERR,ERR,ERR,ERR,ERR,ERR,ERR,ERR,ERR,ERR,ERR,ERR,ERR,ERR,ERR,ERR,ERR,ERR,ERR,ERR,ERR,ERR,ERR,ERR,ERR,ERR,ERR,ERR,ERR,ERR,ERR,ERR,ERR,ERR,ERR,ERR,ERR,ERR,ERR,ERR,ERR,ERR,ERR,ERR,ERR,ERR,ERR,ERR,ERR,ERR,ERR,ERR,ERR,ERR,ERR,ERR,ERR,ERR,ERR,ERR,ERR,ERR,ERR,ERR,ERR,ERR,ERR,ERR,ERR,ERR,ERR,ERR,ERR,ERR,ERR,ERR,2.7184260577004195e+23,-107615280.0,-0.0,0.0,0.0,0.0,-0.0,0.0,0,0,4,0,7670,-0.0,41,0.0,0.0,0.0,0.0,0.0,0,0,0,0,0.0,0,0,0,0,0,0,0,0,0,0,0,0,0,0,0,0,0,0,0,0,0,0,0,0,0,0,0,0,0,0,0,0,0,23,41,40,63,65476,0,300,0,0,8,21553,0.0,-107605600.0,0.0,0.0,0.0,0.0,0.0,0.0,0.0,0.0,0.0,0.0,0.0,0.0,0.0,0.0,0.0,0.0,0.0,0.0,0.0,2.004,2.004,-0.0,-0.0,-2.004,0.0,0.0,0.0,0.0,1671.0,-0.0,0.0,2.7184260577004195e+23,-107615280.0,-0.0,2.7184312818759872e+23,0.0,0.0,2.004,2.004,68,126841044992.0,-0.0,0.0,0.0,0.0,0.0,0.0,0.0,0.0,0,0,0,0.0,3.8595540943309373e+18,nan,-0.0,0.0,-0.0,0.0,-0.0,83500440.0,0.0,-0.0,0.724,-0.0,3360022784.0,0.0,-0.0,0,1.3516416376850534e+27,68,0.0,136,0.0,98688.258,0,26215,17071,13107,17092,26215,17065,0,0,0,105,99,100,0.0,50.8,0.0,61.45,-107615200.0,63.0,1,47,48,180,13107,0,0,0,0.0,0.0,0.0,0.0,0.001,66.0,0.0,59124367360.0,0.0,726,0,695,0,0,0,877,0,981,0,847,0,632,0,613,0,510,0,589,0.032,69544110456832.0,2.004,-0.0,33040,16791,0.0,59124367360.0,-6.427396168764981e+30,0.003,0.0,-0.0,70.0,60.0,66,0.0,0.0,10.0,2.0,0.0,0.0,0.0,0.0,0.0,0.0,0.0,0.0,0.0,0.0,0.0,0.0,62.0,62,18,65518,45,65476,0,300,0,0,8,20529,65476,0,0,44564,60.0,0.0,10.0,10.0,2.0,0.0
2026-02-05T00:04:30,ERR,ERR,ERR,ERR,ERR,ERR,ERR,ERR,ERR,ERR,ERR,ERR,ERR,ERR,ERR,ERR,ERR,ERR,ERR,ERR,ERR,ERR,ERR,ERR,ERR,ERR,ERR,ERR,ERR,ERR,ERR,ERR,ERR,ERR,ERR,ERR,ERR,ERR,ERR,ERR,ERR,ERR,ERR,ERR,ERR,ERR,ERR,ERR,ERR,ERR,ERR,ERR,ERR,ERR,ERR,ERR,ERR,ERR,ERR,ERR,ERR,ERR,ERR,ERR,ERR,ERR,ERR,ERR,ERR,ERR,ERR,ERR,ERR,ERR,ERR,ERR,ERR,ERR,ERR,ERR,ERR,ERR,ERR,ERR,ERR,ERR,ERR,ERR,ERR,ERR,ERR,ERR,ERR,ERR,ERR,ERR,ERR,ERR,ERR,ERR,ERR,ERR,ERR,ERR,ERR,ERR,ERR,ERR,ERR,ERR,ERR,ERR,ERR,ERR,ERR,ERR,ERR,ERR,ERR,ERR,ERR,ERR,ERR,ERR,ERR,2.7184260577004195e+23,-107615280.0,-0.0,0.0,0.0,0.0,-0.0,0.0,0,0,4,0,7670,-0.0,41,0.0,0.0,0.0,0.0,0.0,0,0,0,0,0.0,0,0,0,0,0,0,0,0,0,0,0,0,0,0,0,0,0,0,0,0,0,0,0,0,0,0,0,0,0,0,0,0,0,23,41,40,63,65476,0,300,0,0,8,21553,0.0,-107605600.0,0.0,0.0,0.0,0.0,0.0,0.0,0.0,0.0,0.0,0.0,0.0,0.0,0.0,0.0,0.0,0.0,0.0,0.0,0.0,2.004,2.004,-0.0,-0.0,-2.004,0.0,0.0,0.0,0.0,1671.0,-0.0,0.0,2.7184260577004195e+23,-107615280.0,-0.0,2.7184312818759872e+23,0.0,0.0,2.004,2.004,68,126841044992.0,-0.0,0.0,0.0,0.0,0.0,0.0,0.0,0.0,0,0,0,0.0,3.8595540943309373e+18,nan,-0.0,0.0,-0.0,0.0,-0.0,83500440.0,0.0,-0.0,0.724,-0.0,3360022784.0,0.0,-0.0,0,1.3516416376850534e+27,68,0.0,136,0.0,98688.258,0,26215,17071,13107,17092,26215,17065,0,0,0,105,99,100,0.0,50.8,0.0,61.45,-107615200.0,63.0,1,47,48,180,13107,0,0,0,0.0,0.0,0.0,0.0,0.556,66.0,0.0,0.0,0.0,726,0,695,0,0,0,877,0,981,0,847,0,632,0,613,0,510,0,589,0.032,69544110456832.0,2.004,-0.0,33936,16791,0.556,0.0,-0.0,67970.109,-1.0168190309160161e+23,-150.25,70.0,60.0,66,0.0,0.0,10.0,2.0,0.0,0.0,0.0,0.0,0.0,0.0,0.0,0.0,0.0,0.0,0.0,0.0,62.0,62,18,65518,45,65476,0,300,0,0,8,20529,65476,0,0,44564,60.0,0.0,10.0,10.0,2.0,0.0
2026-02-05T00:04:31,ERR,ERR,ERR,ERR,ERR,ERR,ERR,ERR,ERR,ERR,ERR,ERR,ERR,ERR,ERR,ERR,ERR,ERR,ERR,ERR,ERR,ERR,ERR,ERR,ERR,ERR,ERR,ERR,ERR,ERR,ERR,ERR,ERR,ERR,ERR,ERR,ERR,ERR,ERR,ERR,ERR,ERR,ERR,ERR,ERR,ERR,ERR,ERR,ERR,ERR,ERR,ERR,ERR,ERR,ERR,ERR,ERR,ERR,ERR,ERR,ERR,ERR,ERR,ERR,ERR,ERR,ERR,ERR,ERR,ERR,ERR,ERR,ERR,ERR,ERR,ERR,ERR,ERR,ERR,ERR,ERR,ERR,ERR,ERR,ERR,ERR,ERR,ERR,ERR,ERR,ERR,ERR,ERR,ERR,ERR,ERR,ERR,ERR,ERR,ERR,ERR,ERR,ERR,ERR,ERR,ERR,ERR,ERR,ERR,ERR,ERR,ERR,ERR,ERR,ERR,ERR,ERR,ERR,ERR,ERR,ERR,ERR,ERR,ERR,ERR,2.7184260577004195e+23,-107615280.0,-0.0,0.0,0.0,-0.0,4110554234880.0,0.0,0,0,4,0,7670,-0.0,41,0.0,0.0,0.0,0.0,0.0,0,0,0,0,0.0,0,0,0,0,0,0,0,0,0,0,0,0,0,0,0,0,0,0,0,0,0,0,0,0,0,0,0,0,0,0,0,0,0,23,41,40,63,65476,0,300,0,0,8,21553,0.0,-107605600.0,0.0,0.0,0.0,0.0,0.0,0.0,0.0,0.0,0.0,0.0,0.0,0.0,0.0,0.0,0.0,0.0,0.0,0.0,0.0,2.004,2.004,-0.0,-0.0,-2.004,0.0,0.0,0.0,0.0,1656.75,-0.0,0.0,2.7184260577004195e+23,-107615280.0,-0.0,2.7184312818759872e+23,0.0,0.0,2.004,2.004,68,3.222025641206419e+26,-2.3087935706570634e+20,0.0,0.0,0.0,0.0,0.0,0.0,0.0,0,0,0,0.0,-0.0,0.0,-2.590086490568755e+26,0.0,0.001,0.0,-5.543755500907613e+21,-0.0,0.0,-0.0,0.728,-0.0,3376800000.0,0.0,-0.0,0,1.3516416376850534e+27,68,0.0,136,0.0,98688.258,0,26215,17071,13107,17092,26215,17065,0,0,0,105,99,100,0.0,50.8,0.0,61.45,-107615200.0,63.0,1,47,48,180,13107,0,0,0,0.0,0.0,0.0,0.0,0.556,66.0,0.0,0.0,0.0,726,0,695,0,0,0,877,0,981,0,847,0,632,0,613,0,510,0,589,0.032,69544110456832.0,2.004,-0.0,33936,16791,0.556,0.0,-0.0,67970.109,-1.0168190309160161e+23,-150.25,70.0,60.0,66,0.0,0.0,10.0,2.0,0.0,0.0,0.0,0.0,0.0,0.0,0.0,0.0,0.0,0.0,0.0,0.0,62.0,62,18,65518,45,65476,0,300,0,0,8,20529,65476,0,0,44564,60.0,0.0,10.0,10.0,2.0,0.0
2026-02-05T00:04:32,ERR,ERR,ERR,ERR,ERR,ERR,ERR,ERR,ERR,ERR,ERR,ERR,ERR,ERR,ERR,ERR,ERR,ERR,ERR,ERR,ERR,ERR,ERR,ERR,ERR,ERR,ERR,ERR,ERR,ERR,ERR,ERR,ERR,ERR,ERR,ERR,ERR,ERR,ERR,ERR,ERR,ERR,ERR,ERR,ERR,ERR,ERR,ERR,ERR,ERR,ERR,ERR,ERR,ERR,ERR,ERR,ERR,ERR,ERR,ERR,ERR,ERR,ERR,ERR,ERR,ERR,ERR,ERR,ERR,ERR,ERR,ERR,ERR,ERR,ERR,ERR,ERR,ERR,ERR,ERR,ERR,ERR,ERR,ERR,ERR,ERR,ERR,ERR,ERR,ERR,ERR,ERR,ERR,ERR,ERR,ERR,ERR,ERR,ERR,ERR,ERR,ERR,ERR,ERR,ERR,ERR,ERR,ERR,ERR,ERR,ERR,ERR,ERR,ERR,ERR,ERR,ERR,ERR,ERR,ERR,ERR,ERR,ERR,ERR,ERR,2.7184260577004195e+23,-107615280.0,-0.0,0.0,0.0,-0.0,4110554234880.0,0.0,0,0,4,0,7670,-0.0,41,0.0,0.0,0.0,0.0,0.0,0,0,0,0,0.0,0,0,0,0,0,0,0,0,0,0,0,0,0,0,0,0,0,0,0,0,0,0,0,0,0,0,0,0,0,0,0,0,0,23,41,40,63,65476,0,300,0,0,8,21553,0.0,-107605600.0,0.0,0.0,0.0,0.0,0.0,0.0,0.0,0.0,0.0,0.0,0.0,0.0,0.0,0.0,0.0,0.0,0.0,0.0,0.0,2.004,2.004,-0.0,-0.0,-2.004,0.0,0.0,0.0,0.0,1656.75,-0.0,0.0,2.7184260577004195e+23,-107615280.0,-0.0,2.7184312818759872e+23,0.0,0.0,2.004,2.004,68,3.222025641206419e+26,-2.3087935706570634e+20,0.0,0.0,0.0,0.0,0.0,0.0,0.0,0,0,0,0.0,-0.0,0.0,-2.590086490568755e+26,0.0,0.001,0.0,-5.543755500907613e+21,-0.0,0.0,-0.0,0.728,-0.0,3376800000.0,0.0,-0.0,0,1.3516416376850534e+27,68,0.0,136,0.0,98688.258,0,26215,17071,13107,17092,26215,17065,0,0,0,105,99,100,0.0,50.8,0.0,61.45,-107615200.0,63.0,1,47,48,180,13107,0,0,0,0.0,0.0,0.0,0.0,0.556,66.0,0.0,0.0,0.0,726,0,695,0,0,0,877,0,981,0,847,0,632,0,613,0,510,0,589,0.032,69544110456832.0,2.004,-0.0,33936,16791,0.556,0.0,-0.0,67970.109,-1.0168190309160161e+23,-150.25,70.0,60.0,66,0.0,0.0,10.0,2.0,0.0,0.0,0.0,0.0,0.0,0.0,0.0,0.0,0.0,0.0,0.0,0.0,62.0,62,18,65518,45,65476,0,300,0,0,8,20529,65476,0,0,44564,60.0,0.0,10.0,10.0,2.0,0.0
2026-02-05T00:04:33,ERR,ERR,ERR,ERR,ERR,ERR,ERR,ERR,ERR,ERR,ERR,ERR,ERR,ERR,ERR,ERR,ERR,ERR,ERR,ERR,ERR,ERR,ERR,ERR,ERR,ERR,ERR,ERR,ERR,ERR,ERR,ERR,ERR,ERR,ERR,ERR,ERR,ERR,ERR,ERR,ERR,ERR,ERR,ERR,ERR,ERR,ERR,ERR,ERR,ERR,ERR,ERR,ERR,ERR,ERR,ERR,ERR,ERR,ERR,ERR,ERR,ERR,ERR,ERR,ERR,ERR,ERR,ERR,ERR,ERR,ERR,ERR,ERR,ERR,ERR,ERR,ERR,ERR,ERR,ERR,ERR,ERR,ERR,ERR,ERR,ERR,ERR,ERR,ERR,ERR,ERR,ERR,ERR,ERR,ERR,ERR,ERR,ERR,ERR,ERR,ERR,ERR,ERR,ERR,ERR,ERR,ERR,ERR,ERR,ERR,ERR,ERR,ERR,ERR,ERR,ERR,ERR,ERR,ERR,ERR,ERR,ERR,ERR,ERR,ERR,2.7184260577004195e+23,-107615280.0,-0.0,0.0,0.0,-0.0,4110554234880.0,0.0,0,0,4,0,7670,-0.0,41,0.0,0.0,0.0,0.0,0.0,0,0,0,0,0.0,0,0,0,0,0,0,0,0,0,0,0,0,0,0,0,0,0,0,0,0,0,0,0,0,0,0,0,0,0,0,0,0,0,23,41,40,63,65476,0,300,0,0,8,21553,0.0,-107605600.0,0.0,0.0,0.0,0.0,0.0,0.0,0.0,0.0,0.0,0.0,0.0,0.0,0.0,0.0,0.0,0.0,0.0,0.0,0.0,2.004,2.004,-0.0,-0.0,-2.004,0.0,0.0,0.0,0.0,1656.75,-0.0,0.0,2.7184260577004195e+23,-107615280.0,-0.0,2.7184312818759872e+23,0.0,0.0,2.004,2.004,68,3.222025641206419e+26,-2.3087935706570634e+20,0.0,0.0,0.0,0.0,0.0,0.0,0.0,0,0,0,0.0,-0.0,0.0,-2.590086490568755e+26,0.0,0.001,0.0,-5.543755500907613e+21,-0.0,0.0,-0.0,0.728,-0.0,3376800000.0,0.0,-0.0,0,1.3516416376850534e+27,68,0.0,136,0.0,98688.258,0,26215,17071,13107,17092,26215,17065,0,0,0,105,99,100,0.0,50.8,0.0,61.45,-107615200.0,63.0,1,47,48,180,13107,0,0,0,0.0,0.0,0.0,0.0,0.556,66.0,0.0,0.0,0.0,726,0,695,0,0,0,877,0,981,0,847,0,632,0,613,0,510,0,589,0.032,69544110456832.0,2.004,-0.0,33936,16791,0.556,0.0,-0.0,67970.109,-1.0168190309160161e+23,-150.25,70.0,60.0,66,0.0,0.0,10.0,2.0,0.0,0.0,0.0,0.0,0.0,0.0,0.0,0.0,0.0,0.0,0.0,0.0,62.0,62,18,65518,45,65476,0,300,0,0,8,20529,65476,0,0,44564,60.0,0.0,10.0,10.0,2.0,0.0
2026-02-05T00:04:34,ERR,ERR,ERR,ERR,ERR,ERR,ERR,ERR,ERR,ERR,ERR,ERR,ERR,ERR,ERR,ERR,ERR,ERR,ERR,ERR,ERR,ERR,ERR,ERR,ERR,ERR,ERR,ERR,ERR,ERR,ERR,ERR,ERR,ERR,ERR,ERR,ERR,ERR,ERR,ERR,ERR,ERR,ERR,ERR,ERR,ERR,ERR,ERR,ERR,ERR,ERR,ERR,ERR,ERR,ERR,ERR,ERR,ERR,ERR,ERR,ERR,ERR,ERR,ERR,ERR,ERR,ERR,ERR,ERR,ERR,ERR,ERR,ERR,ERR,ERR,ERR,ERR,ERR,ERR,ERR,ERR,ERR,ERR,ERR,ERR,ERR,ERR,ERR,ERR,ERR,ERR,ERR,ERR,ERR,ERR,ERR,ERR,ERR,ERR,ERR,ERR,ERR,ERR,ERR,ERR,ERR,ERR,ERR,ERR,ERR,ERR,ERR,ERR,ERR,ERR,ERR,ERR,ERR,ERR,ERR,ERR,ERR,ERR,ERR,ERR,2.7184260577004195e+23,-107615280.0,-0.0,0.0,0.0,-0.0,4110554234880.0,0.0,0,0,4,0,7670,-0.0,41,0.0,0.0,0.0,0.0,0.0,0,0,0,0,0.0,0,0,0,0,0,0,0,0,0,0,0,0,0,0,0,0,0,0,0,0,0,0,0,0,0,0,0,0,0,0,0,0,0,23,41,40,63,65476,0,300,0,0,8,21553,0.0,-107605600.0,0.0,0.0,0.0,0.0,0.0,0.0,0.0,0.0,0.0,0.0,0.0,0.0,0.0,0.0,0.0,0.0,0.0,0.0,0.0,2.004,2.004,-0.0,-0.0,-2.004,0.0,0.0,0.0,0.0,1656.75,-0.0,0.0,2.7184260577004195e+23,-107615280.0,-0.0,2.7184312818759872e+23,0.0,0.0,2.004,2.004,68,3.222025641206419e+26,-2.3087935706570634e+20,0.0,0.0,0.0,0.0,0.0,0.0,0.0,0,0,0,0.0,-0.0,0.0,-2.590086490568755e+26,0.0,0.001,0.0,-5.543755500907613e+21,-0.0,0.0,-0.0,0.728,-0.0,3376800000.0,0.0,-0.0,0,1.3516416376850534e+27,68,0.0,136,0.0,98688.258,0,26215,17071,13107,17092,26215,17065,0,0,0,105,99,100,-0.0,50.8,0.0,61.45,-107615200.0,63.0,1,47,48,180,13107,0,0,0,0.0,0.0,0.0,0.0,0.0,66.0,0.0,1578.044,0.0,726,0,695,0,0,0,877,0,981,0,847,0,632,0,613,0,509,0,589,0.032,69818988363776.0,2.004,-0.0,49808,16791,0.007,-21.782,0.0,-90.377,6.717271173976891e+25,6.539365707580455e+21,70.0,60.0,66,0.0,0.0,10.0,2.0,0.0,0.0,0.0,0.0,0.0,0.0,0.0,0.0,0.0,0.0,0.0,0.0,62.0,62,18,65518,45,65476,0,300,0,0,8,20529,65476,0,0,44564,60.0,0.0,10.0,10.0,2.0,0.0
2026-02-05T00:04:35,ERR,ERR,ERR,ERR,ERR,ERR,ERR,ERR,ERR,ERR,ERR,ERR,ERR,ERR,ERR,ERR,ERR,ERR,ERR,ERR,ERR,ERR,ERR,ERR,ERR,ERR,ERR,ERR,ERR,ERR,ERR,ERR,ERR,ERR,ERR,ERR,ERR,ERR,ERR,ERR,ERR,ERR,ERR,ERR,ERR,ERR,ERR,ERR,ERR,ERR,ERR,ERR,ERR,ERR,ERR,ERR,ERR,ERR,ERR,ERR,ERR,ERR,ERR,ERR,ERR,ERR,ERR,ERR,ERR,ERR,ERR,ERR,ERR,ERR,ERR,ERR,ERR,ERR,ERR,ERR,ERR,ERR,ERR,ERR,ERR,ERR,ERR,ERR,ERR,ERR,ERR,ERR,ERR,ERR,ERR,ERR,ERR,ERR,ERR,ERR,ERR,ERR,ERR,ERR,ERR,ERR,ERR,ERR,ERR,ERR,ERR,ERR,ERR,ERR,ERR,ERR,ERR,ERR,ERR,ERR,ERR,ERR,ERR,ERR,ERR,2.7184260577004195e+23,-107615280.0,-0.0,0.0,0.0,-0.0,4110554234880.0,0.0,0,0,4,0,7670,-0.0,41,0.0,0.0,0.0,0.0,0.0,0,0,0,0,0.0,0,0,0,0,0,0,0,0,0,0,0,0,0,0,0,0,0,0,0,0,0,0,0,0,0,0,0,0,0,0,0,0,0,23,41,40,63,65476,0,300,0,0,8,21553,0.0,-107605600.0,0.0,0.0,0.0,0.0,0.0,0.0,0.0,0.0,0.0,0.0,0.0,0.0,0.0,0.0,0.0,0.0,0.0,0.0,0.0,2.004,2.004,-0.0,-0.0,-2.004,0.0,0.0,0.0,0.0,1656.75,-0.0,0.0,2.7184260577004195e+23,-107615280.0,-0.0,2.7184312818759872e+23,0.0,0.0,2.004,2.004,68,3.222025641206419e+26,-2.3087935706570634e+20,0.0,0.0,0.0,0.0,0.0,0.0,0.0,0,0,0,0.0,-0.0,0.0,-2.590086490568755e+26,0.0,0.001,0.0,-5.543755500907613e+21,-0.0,0.0,-0.0,0.728,-0.0,3376800000.0,0.0,-0.0,0,1.3516416376850534e+27,68,0.0,136,0.0,98688.258,0,26215,17071,13107,17092,26215,17065,0,0,0,105,99,100,-0.0,50.8,0.0,61.45,-107615200.0,63.0,1,47,48,180,13107,0,0,0,0.0,0.0,0.0,0.0,0.0,66.0,0.0,1578.044,0.0,726,0,695,0,0,0,877,0,981,0,847,0,632,0,613,0,509,0,589,0.032,69818988363776.0,2.004,-0.0,49808,16791,0.007,-21.782,0.0,-90.377,6.717271173976891e+25,6.539365707580455e+21,70.0,60.0,66,0.0,0.0,10.0,2.0,0.0,0.0,0.0,0.0,0.0,0.0,0.0,0.0,0.0,0.0,0.0,0.0,62.0,62,18,65518,45,65476,0,300,0,0,8,20529,65476,0,0,44564,60.0,0.0,10.0,10.0,2.0,0.0
2026-02-05T00:04:36,ERR,ERR,ERR,ERR,ERR,ERR,ERR,ERR,ERR,ERR,ERR,ERR,ERR,ERR,ERR,ERR,ERR,ERR,ERR,ERR,ERR,ERR,ERR,ERR,ERR,ERR,ERR,ERR,ERR,ERR,ERR,ERR,ERR,ERR,ERR,ERR,ERR,ERR,ERR,ERR,ERR,ERR,ERR,ERR,ERR,ERR,ERR,ERR,ERR,ERR,ERR,ERR,ERR,ERR,ERR,ERR,ERR,ERR,ERR,ERR,ERR,ERR,ERR,ERR,ERR,ERR,ERR,ERR,ERR,ERR,ERR,ERR,ERR,ERR,ERR,ERR,ERR,ERR,ERR,ERR,ERR,ERR,ERR,ERR,ERR,ERR,ERR,ERR,ERR,ERR,ERR,ERR,ERR,ERR,ERR,ERR,ERR,ERR,ERR,ERR,ERR,ERR,ERR,ERR,ERR,ERR,ERR,ERR,ERR,ERR,ERR,ERR,ERR,ERR,ERR,ERR,ERR,ERR,ERR,ERR,ERR,ERR,ERR,ERR,ERR,2.7184260577004195e+23,-107615280.0,-0.0,0.0,0.0,-0.0,4110554234880.0,0.0,0,0,4,0,7670,-0.0,41,0.0,0.0,0.0,0.0,0.0,0,0,0,0,0.0,0,0,0,0,0,0,0,0,0,0,0,0,0,0,0,0,0,0,0,0,0,0,0,0,0,0,0,0,0,0,0,0,0,23,41,40,63,65476,0,300,0,0,8,21553,0.0,-107605600.0,0.0,0.0,0.0,0.0,0.0,0.0,0.0,0.0,0.0,0.0,0.0,0.0,0.0,0.0,0.0,0.0,0.0,0.0,0.0,2.004,2.004,-0.0,-0.0,-2.004,0.0,0.0,0.0,0.0,1656.75,-0.0,0.0,2.7184260577004195e+23,-107615280.0,-0.0,2.7184312818759872e+23,0.0,0.0,2.004,2.004,68,3.222025641206419e+26,-2.3087935706570634e+20,0.0,0.0,0.0,0.0,0.0,0.0,0.0,0,0,0,0.0,-0.0,0.0,-2.590086490568755e+26,0.0,0.001,0.0,-5.543755500907613e+21,-0.0,0.0,-0.0,0.728,-0.0,3376800000.0,0.0,-0.0,0,1.3516416376850534e+27,68,0.0,136,0.0,98688.258,0,26215,17071,13107,17092,26215,17065,0,0,0,105,99,100,-0.0,50.8,0.0,61.45,-107615200.0,63.0,1,47,48,180,13107,0,0,0,0.0,0.0,0.0,0.0,0.0,66.0,0.0,1578.044,0.0,726,0,695,0,0,0,877,0,981,0,847,0,632,0,613,0,509,0,589,0.032,69818988363776.0,2.004,-0.0,49808,16791,0.007,-21.782,0.0,-90.377,6.717271173976891e+25,6.539365707580455e+21,70.0,60.0,66,0.0,0.0,10.0,2.0,0.0,0.0,0.0,0.0,0.0,0.0,0.0,0.0,0.0,0.0,0.0,0.0,62.0,62,18,65518,45,65476,0,300,0,0,8,20529,65476,0,0,44564,60.0,0.0,10.0,10.0,2.0,0.0
2026-02-05T00:04:37,ERR,ERR,ERR,ERR,ERR,ERR,ERR,ERR,ERR,ERR,ERR,ERR,ERR,ERR,ERR,ERR,ERR,ERR,ERR,ERR,ERR,ERR,ERR,ERR,ERR,ERR,ERR,ERR,ERR,ERR,ERR,ERR,ERR,ERR,ERR,ERR,ERR,ERR,ERR,ERR,ERR,ERR,ERR,ERR,ERR,ERR,ERR,ERR,ERR,ERR,ERR,ERR,ERR,ERR,ERR,ERR,ERR,ERR,ERR,ERR,ERR,ERR,ERR,ERR,ERR,ERR,ERR,ERR,ERR,ERR,ERR,ERR,ERR,ERR,ERR,ERR,ERR,ERR,ERR,ERR,ERR,ERR,ERR,ERR,ERR,ERR,ERR,ERR,ERR,ERR,ERR,ERR,ERR,ERR,ERR,ERR,ERR,ERR,ERR,ERR,ERR,ERR,ERR,ERR,ERR,ERR,ERR,ERR,ERR,ERR,ERR,ERR,ERR,ERR,ERR,ERR,ERR,ERR,ERR,ERR,ERR,ERR,ERR,ERR,ERR,2.7184260577004195e+23,-107615280.0,-0.0,0.0,0.0,0.0,-7.616430322943671e+30,0.0,0,0,4,0,7670,-0.0,41,0.0,0.0,0.0,0.0,0.0,0,0,0,0,0.0,0,0,0,0,0,0,0,0,0,0,0,0,0,0,0,0,0,0,0,0,0,0,0,0,0,0,0,0,0,0,0,0,0,23,41,40,63,65476,0,300,0,0,8,21553,0.0,-107605600.0,0.0,0.0,0.0,0.0,0.0,0.0,0.0,0.0,0.0,0.0,0.0,0.0,0.0,0.0,0.0,0.0,0.0,0.0,0.0,2.004,2.004,-0.0,-0.0,-2.004,0.0,0.0,0.0,0.0,1655.75,-0.0,0.0,2.7184260577004195e+23,-107615280.0,-0.0,2.7184312818759872e+23,0.0,0.0,2.004,2.004,68,1.9056965742860698e+17,0.059,0.0,0.0,0.0,0.0,0.0,0.0,0.0,0,0,0,0.0,-0.0,-1.8986084350705466e+35,3.770826365348404e+35,0.0,-0.0,-7.082459482659226e+17,-3.660986945728582e+25,-0.0,0.0,-0.0,0.728,-0.0,3393577216.0,0.0,-0.0,0,1.3516416376850534e+27,68,0.0,136,0.0,98688.258,0,26215,17071,13107,17092,26215,17065,0,0,0,105,99,100,-0.0,50.8,0.0,61.45,-107615200.0,63.0,1,47,48,180,13107,0,0,0,0.0,0.0,0.0,0.0,0.0,66.0,0.0,1578.044,0.0,726,0,695,0,0,0,877,0,981,0,847,0,632,0,613,0,509,0,589,0.032,69818988363776.0,2.004,-0.0,49808,16791,0.007,-21.782,0.0,-90.377,6.717271173976891e+25,6.539365707580455e+21,70.0,60.0,66,0.0,0.0,10.0,2.0,0.0,0.0,0.0,0.0,0.0,0.0,0.0,0.0,0.0,0.0,0.0,0.0,62.0,62,18,65518,45,65476,0,300,0,0,8,20529,65476,0,0,44564,60.0,0.0,10.0,10.0,2.0,0.0
2026-02-05T00:04:38,ERR,ERR,ERR,ERR,ERR,ERR,ERR,ERR,ERR,ERR,ERR,ERR,ERR,ERR,ERR,ERR,ERR,ERR,ERR,ERR,ERR,ERR,ERR,ERR,ERR,ERR,ERR,ERR,ERR,ERR,ERR,ERR,ERR,ERR,ERR,ERR,ERR,ERR,ERR,ERR,ERR,ERR,ERR,ERR,ERR,ERR,ERR,ERR,ERR,ERR,ERR,ERR,ERR,ERR,ERR,ERR,ERR,ERR,ERR,ERR,ERR,ERR,ERR,ERR,ERR,ERR,ERR,ERR,ERR,ERR,ERR,ERR,ERR,ERR,ERR,ERR,ERR,ERR,ERR,ERR,ERR,ERR,ERR,ERR,ERR,ERR,ERR,ERR,ERR,ERR,ERR,ERR,ERR,ERR,ERR,ERR,ERR,ERR,ERR,ERR,ERR,ERR,ERR,ERR,ERR,ERR,ERR,ERR,ERR,ERR,ERR,ERR,ERR,ERR,ERR,ERR,ERR,ERR,ERR,ERR,ERR,ERR,ERR,ERR,ERR,2.7184260577004195e+23,-107615280.0,-0.0,0.0,0.0,0.0,-7.616430322943671e+30,0.0,0,0,4,0,7670,-0.0,41,0.0,0.0,0.0,0.0,0.0,0,0,0,0,0.0,0,0,0,0,0,0,0,0,0,0,0,0,0,0,0,0,0,0,0,0,0,0,0,0,0,0,0,0,0,0,0,0,0,23,41,40,63,65476,0,300,0,0,8,21553,0.0,-107605600.0,0.0,0.0,0.0,0.0,0.0,0.0,0.0,0.0,0.0,0.0,0.0,0.0,0.0,0.0,0.0,0.0,0.0,0.0,0.0,2.004,2.004,-0.0,-0.0,-2.004,0.0,0.0,0.0,0.0,1655.75,-0.0,0.0,2.7184260577004195e+23,-107615280.0,-0.0,2.7184312818759872e+23,0.0,0.0,2.004,2.004,68,1.9056965742860698e+17,0.059,0.0,0.0,0.0,0.0,0.0,0.0,0.0,0,0,0,0.0,-0.0,-1.8986084350705466e+35,3.770826365348404e+35,0.0,-0.0,-7.082459482659226e+17,-3.660986945728582e+25,-0.0,0.0,-0.0,0.728,-0.0,3393577216.0,0.0,-0.0,0,1.3516416376850534e+27,68,0.0,136,0.0,98688.258,0,26215,17071,13107,17092,26215,17065,0,0,0,105,99,100,-0.0,50.8,0.0,61.45,-107615200.0,63.0,1,47,48,180,13107,0,0,0,0.0,0.0,0.0,0.0,0.0,66.0,0.0,1578.044,0.0,726,0,695,0,0,0,877,0,981,0,847,0,632,0,613,0,509,0,589,0.032,69818988363776.0,2.004,-0.0,49808,16791,0.007,-21.782,0.0,-90.377,6.717271173976891e+25,6.539365707580455e+21,70.0,60.0,66,0.0,0.0,10.0,2.0,0.0,0.0,0.0,0.0,0.0,0.0,0.0,0.0,0.0,0.0,0.0,0.0,62.0,62,18,65518,45,65476,0,300,0,0,8,20529,65476,0,0,44564,60.0,0.0,10.0,10.0,2.0,0.0
2026-02-05T00:04:39,ERR,ERR,ERR,ERR,ERR,ERR,ERR,ERR,ERR,ERR,ERR,ERR,ERR,ERR,ERR,ERR,ERR,ERR,ERR,ERR,ERR,ERR,ERR,ERR,ERR,ERR,ERR,ERR,ERR,ERR,ERR,ERR,ERR,ERR,ERR,ERR,ERR,ERR,ERR,ERR,ERR,ERR,ERR,ERR,ERR,ERR,ERR,ERR,ERR,ERR,ERR,ERR,ERR,ERR,ERR,ERR,ERR,ERR,ERR,ERR,ERR,ERR,ERR,ERR,ERR,ERR,ERR,ERR,ERR,ERR,ERR,ERR,ERR,ERR,ERR,ERR,ERR,ERR,ERR,ERR,ERR,ERR,ERR,ERR,ERR,ERR,ERR,ERR,ERR,ERR,ERR,ERR,ERR,ERR,ERR,ERR,ERR,ERR,ERR,ERR,ERR,ERR,ERR,ERR,ERR,ERR,ERR,ERR,ERR,ERR,ERR,ERR,ERR,ERR,ERR,ERR,ERR,ERR,ERR,ERR,ERR,ERR,ERR,ERR,ERR,2.7184260577004195e+23,-107615280.0,-0.0,0.0,0.0,0.0,-7.616430322943671e+30,0.0,0,0,4,0,7670,-0.0,41,0.0,0.0,0.0,0.0,0.0,0,0,0,0,0.0,0,0,0,0,0,0,0,0,0,0,0,0,0,0,0,0,0,0,0,0,0,0,0,0,0,0,0,0,0,0,0,0,0,23,41,40,63,65476,0,300,0,0,8,21553,0.0,-107605600.0,0.0,0.0,0.0,0.0,0.0,0.0,0.0,0.0,0.0,0.0,0.0,0.0,0.0,0.0,0.0,0.0,0.0,0.0,0.0,2.004,2.004,-0.0,-0.0,-2.004,0.0,0.0,0.0,0.0,1655.75,-0.0,0.0,2.7184260577004195e+23,-107615280.0,-0.0,2.7184312818759872e+23,0.0,0.0,2.004,2.004,68,1.9056965742860698e+17,0.059,0.0,0.0,0.0,0.0,0.0,0.0,0.0,0,0,0,0.0,-0.0,-1.8986084350705466e+35,3.770826365348404e+35,0.0,-0.0,-7.082459482659226e+17,-3.660986945728582e+25,-0.0,0.0,-0.0,0.728,-0.0,3393577216.0,0.0,-0.0,0,1.3516416376850534e+27,68,0.0,136,0.0,98688.258,0,26215,17071,13107,17092,26215,17065,0,0,0,105,99,100,-0.0,51.05,0.0,61.45,-107615200.0,63.0,1,47,48,180,13107,0,0,0,0.0,0.0,0.0,0.0,38187581440.0,66.0,0.0,-1.7362783404911212e+29,0.0,725,0,695,0,0,0,877,0,981,0,847,0,632,0,613,0,510,0,590,0.032,69544110456832.0,2.004,-0.0,49168,16791,5747003883520.0,-274955.156,71.125,2.6674597664733893e+22,-0.485,-20787622838272.0,70.0,60.0,66,0.0,0.0,10.0,2.0,0.0,0.0,0.0,0.0,0.0,0.0,0.0,0.0,0.0,0.0,0.0,0.0,62.0,62,18,65518,45,65476,0,300,0,0,8,20529,65476,0,0,44564,60.0,0.0,10.0,10.0,2.0,0.0
2026-02-05T00:04:40,ERR,ERR,ERR,ERR,ERR,ERR,ERR,ERR,ERR,ERR,ERR,ERR,ERR,ERR,ERR,ERR,ERR,ERR,ERR,ERR,ERR,ERR,ERR,ERR,ERR,ERR,ERR,ERR,ERR,ERR,ERR,ERR,ERR,ERR,ERR,ERR,ERR,ERR,ERR,ERR,ERR,ERR,ERR,ERR,ERR,ERR,ERR,ERR,ERR,ERR,ERR,ERR,ERR,ERR,ERR,ERR,ERR,ERR,ERR,ERR,ERR,ERR,ERR,ERR,ERR,ERR,ERR,ERR,ERR,ERR,ERR,ERR,ERR,ERR,ERR,ERR,ERR,ERR,ERR,ERR,ERR,ERR,ERR,ERR,ERR,ERR,ERR,ERR,ERR,ERR,ERR,ERR,ERR,ERR,ERR,ERR,ERR,ERR,ERR,ERR,ERR,ERR,ERR,ERR,ERR,ERR,ERR,ERR,ERR,ERR,ERR,ERR,ERR,ERR,ERR,ERR,ERR,ERR,ERR,ERR,ERR,ERR,ERR,ERR,ERR,2.7184260577004195e+23,-107615280.0,-0.0,0.0,0.0,0.0,-7.616430322943671e+30,0.0,0,0,4,0,7670,-0.0,41,0.0,0.0,0.0,0.0,0.0,0,0,0,0,0.0,0,0,0,0,0,0,0,0,0,0,0,0,0,0,0,0,0,0,0,0,0,0,0,0,0,0,0,0,0,0,0,0,0,23,41,40,63,65476,0,300,0,0,8,21553,0.0,-107605600.0,0.0,0.0,0.0,0.0,0.0,0.0,0.0,0.0,0.0,0.0,0.0,0.0,0.0,0.0,0.0,0.0,0.0,0.0,0.0,2.004,2.004,-0.0,-0.0,-2.004,0.0,0.0,0.0,0.0,1655.75,-0.0,0.0,2.7184260577004195e+23,-107615280.0,-0.0,2.7184312818759872e+23,0.0,0.0,2.004,2.004,68,1.9056965742860698e+17,0.059,0.0,0.0,0.0,0.0,0.0,0.0,0.0,0,0,0,0.0,-0.0,-1.8986084350705466e+35,3.770826365348404e+35,0.0,-0.0,-7.082459482659226e+17,-3.660986945728582e+25,-0.0,0.0,-0.0,0.728,-0.0,3393577216.0,0.0,-0.0,0,1.3516416376850534e+27,68,0.0,136,0.0,98688.258,0,26215,17071,13107,17092,26215,17065,0,0,0,105,99,100,-0.0,51.05,0.0,61.45,-107615200.0,63.0,1,47,48,180,13107,0,0,0,0.0,0.0,0.0,0.0,38187581440.0,66.0,0.0,-1.7362783404911212e+29,0.0,725,0,695,0,0,0,877,0,981,0,847,0,632,0,613,0,510,0,590,0.032,69544110456832.0,2.004,-0.0,49168,16791,5747003883520.0,-274955.156,71.125,2.6674597664733893e+22,-0.485,-20787622838272.0,70.0,60.0,66,0.0,0.0,10.0,2.0,0.0,0.0,0.0,0.0,0.0,0.0,0.0,0.0,0.0,0.0,0.0,0.0,62.0,62,18,65518,45,65476,0,300,0,0,8,20529,65476,0,0,44564,60.0,0.0,10.0,10.0,2.0,0.0
2026-02-05T00:04:41,ERR,ERR,ERR,ERR,ERR,ERR,ERR,ERR,ERR,ERR,ERR,ERR,ERR,ERR,ERR,ERR,ERR,ERR,ERR,ERR,ERR,ERR,ERR,ERR,ERR,ERR,ERR,ERR,ERR,ERR,ERR,ERR,ERR,ERR,ERR,ERR,ERR,ERR,ERR,ERR,ERR,ERR,ERR,ERR,ERR,ERR,ERR,ERR,ERR,ERR,ERR,ERR,ERR,ERR,ERR,ERR,ERR,ERR,ERR,ERR,ERR,ERR,ERR,ERR,ERR,ERR,ERR,ERR,ERR,ERR,ERR,ERR,ERR,ERR,ERR,ERR,ERR,ERR,ERR,ERR,ERR,ERR,ERR,ERR,ERR,ERR,ERR,ERR,ERR,ERR,ERR,ERR,ERR,ERR,ERR,ERR,ERR,ERR,ERR,ERR,ERR,ERR,ERR,ERR,ERR,ERR,ERR,ERR,ERR,ERR,ERR,ERR,ERR,ERR,ERR,ERR,ERR,ERR,ERR,ERR,ERR,ERR,ERR,ERR,ERR,2.7184260577004195e+23,-107615280.0,-0.0,0.0,0.0,0.0,-7.616430322943671e+30,0.0,0,0,4,0,7670,-0.0,41,0.0,0.0,0.0,0.0,0.0,0,0,0,0,0.0,0,0,0,0,0,0,0,0,0,0,0,0,0,0,0,0,0,0,0,0,0,0,0,0,0,0,0,0,0,0,0,0,0,23,41,40,63,65476,0,300,0,0,8,21553,0.0,-107605600.0,0.0,0.0,0.0,0.0,0.0,0.0,0.0,0.0,0.0,0.0,0.0,0.0,0.0,0.0,0.0,0.0,0.0,0.0,0.0,2.004,2.004,-0.0,-0.0,-2.004,0.0,0.0,0.0,0.0,1655.75,-0.0,0.0,2.7184260577004195e+23,-107615280.0,-0.0,2.7184312818759872e+23,0.0,0.0,2.004,2.004,68,1.9056965742860698e+17,0.059,0.0,0.0,0.0,0.0,0.0,0.0,0.0,0,0,0,0.0,-0.0,-1.8986084350705466e+35,3.770826365348404e+35,0.0,-0.0,-7.082459482659226e+17,-3.660986945728582e+25,-0.0,0.0,-0.0,0.728,-0.0,3393577216.0,0.0,-0.0,0,1.3516416376850534e+27,68,0.0,136,0.0,98688.258,0,26215,17071,13107,17092,26215,17065,0,0,0,105,99,100,-0.0,51.05,0.0,61.45,-107615200.0,63.0,1,47,48,180,13107,0,0,0,0.0,0.0,0.0,0.0,38187581440.0,66.0,0.0,-1.7362783404911212e+29,0.0,725,0,695,0,0,0,877,0,981,0,847,0,632,0,613,0,510,0,590,0.032,69544110456832.0,2.004,-0.0,49168,16791,5747003883520.0,-274955.156,71.125,2.6674597664733893e+22,-0.485,-20787622838272.0,70.0,60.0,66,0.0,0.0,10.0,2.0,0.0,0.0,0.0,0.0,0.0,0.0,0.0,0.0,0.0,0.0,0.0,0.0,62.0,62,18,65518,45,65476,0,300,0,0,8,20529,65476,0,0,44564,60.0,0.0,10.0,10.0,2.0,0.0
2026-02-05T00:04:42,ERR,ERR,ERR,ERR,ERR,ERR,ERR,ERR,ERR,ERR,ERR,ERR,ERR,ERR,ERR,ERR,ERR,ERR,ERR,ERR,ERR,ERR,ERR,ERR,ERR,ERR,ERR,ERR,ERR,ERR,ERR,ERR,ERR,ERR,ERR,ERR,ERR,ERR,ERR,ERR,ERR,ERR,ERR,ERR,ERR,ERR,ERR,ERR,ERR,ERR,ERR,ERR,ERR,ERR,ERR,ERR,ERR,ERR,ERR,ERR,ERR,ERR,ERR,ERR,ERR,ERR,ERR,ERR,ERR,ERR,ERR,ERR,ERR,ERR,ERR,ERR,ERR,ERR,ERR,ERR,ERR,ERR,ERR,ERR,ERR,ERR,ERR,ERR,ERR,ERR,ERR,ERR,ERR,ERR,ERR,ERR,ERR,ERR,ERR,ERR,ERR,ERR,ERR,ERR,ERR,ERR,ERR,ERR,ERR,ERR,ERR,ERR,ERR,ERR,ERR,ERR,ERR,ERR,ERR,ERR,ERR,ERR,ERR,ERR,ERR,2.7184260577004195e+23,-107615280.0,-0.0,0.0,0.0,0.0,-7.616430322943671e+30,0.0,0,0,4,0,7670,-0.0,41,0.0,0.0,0.0,0.0,0.0,0,0,0,0,0.0,0,0,0,0,0,0,0,0,0,0,0,0,0,0,0,0,0,0,0,0,0,0,0,0,0,0,0,0,0,0,0,0,0,23,41,40,63,65476,0,300,0,0,8,21553,0.0,-107605600.0,0.0,0.0,0.0,0.0,0.0,0.0,0.0,0.0,0.0,0.0,0.0,0.0,0.0,0.0,0.0,0.0,0.0,0.0,0.0,2.004,2.004,-0.0,-0.0,-2.004,0.0,0.0,0.0,0.0,1655.75,-0.0,0.0,2.7184260577004195e+23,-107615280.0,-0.0,2.7184312818759872e+23,0.0,0.0,2.004,2.004,68,1.9056965742860698e+17,0.059,0.0,0.0,0.0,0.0,0.0,0.0,0.0,0,0,0,0.0,-0.0,-1.8986084350705466e+35,3.770826365348404e+35,0.0,-0.0,-7.082459482659226e+17,-3.660986945728582e+25,-0.0,0.0,-0.0,0.728,-0.0,3393577216.0,0.0,-0.0,0,1.3516416376850534e+27,68,0.0,136,0.0,98688.258,0,26215,17071,13107,17092,26215,17065,0,0,0,105,99,100,-0.0,51.05,0.0,61.45,-107615200.0,63.0,1,47,48,180,13107,0,0,0,0.0,0.0,0.0,0.0,38187581440.0,66.0,0.0,-1.7362783404911212e+29,0.0,725,0,695,0,0,0,877,0,981,0,847,0,632,0,613,0,510,0,590,0.032,69544110456832.0,2.004,-0.0,49168,16791,5747003883520.0,-274955.156,71.125,2.6674597664733893e+22,-0.485,-20787622838272.0,70.0,60.0,66,0.0,0.0,10.0,2.0,0.0,0.0,0.0,0.0,0.0,0.0,0.0,0.0,0.0,0.0,0.0,0.0,62.0,62,18,65518,45,65476,0,300,0,0,8,20529,65476,0,0,44564,60.0,0.0,10.0,10.0,2.0,0.0
2026-02-05T00:04:43,ERR,ERR,ERR,ERR,ERR,ERR,ERR,ERR,ERR,ERR,ERR,ERR,ERR,ERR,ERR,ERR,ERR,ERR,ERR,ERR,ERR,ERR,ERR,ERR,ERR,ERR,ERR,ERR,ERR,ERR,ERR,ERR,ERR,ERR,ERR,ERR,ERR,ERR,ERR,ERR,ERR,ERR,ERR,ERR,ERR,ERR,ERR,ERR,ERR,ERR,ERR,ERR,ERR,ERR,ERR,ERR,ERR,ERR,ERR,ERR,ERR,ERR,ERR,ERR,ERR,ERR,ERR,ERR,ERR,ERR,ERR,ERR,ERR,ERR,ERR,ERR,ERR,ERR,ERR,ERR,ERR,ERR,ERR,ERR,ERR,ERR,ERR,ERR,ERR,ERR,ERR,ERR,ERR,ERR,ERR,ERR,ERR,ERR,ERR,ERR,ERR,ERR,ERR,ERR,ERR,ERR,ERR,ERR,ERR,ERR,ERR,ERR,ERR,ERR,ERR,ERR,ERR,ERR,ERR,ERR,ERR,ERR,ERR,ERR,ERR,2.7184260577004195e+23,-107615280.0,-0.0,0.0,0.0,0.0,-3.3634847792345257e+31,0.0,0,0,4,0,7670,-0.0,41,0.0,0.0,0.0,0.0,0.0,0,0,0,0,0.0,0,0,0,0,0,0,0,0,0,0,0,0,0,0,0,0,0,0,0,0,0,0,0,0,0,0,0,0,0,0,0,0,0,23,41,40,63,65476,0,300,0,0,8,21553,0.0,-107605600.0,0.0,0.0,0.0,0.0,0.0,0.0,0.0,0.0,0.0,0.0,0.0,0.0,0.0,0.0,0.0,0.0,0.0,0.0,0.0,2.004,2.004,-0.0,-0.0,-2.004,0.0,0.0,0.0,0.0,1662.75,2.004,0.0,2.7184260577004195e+23,-107615280.0,-0.0,2.7184312818759872e+23,0.0,0.0,2.004,2.004,68,107615280.0,5.847978039560127e+35,0.0,0.0,0.0,0.0,0.0,0.0,0.0,0,0,0,0.0,-2867.973,-1.4040866173862175e+38,-3.4475870737567395e+29,0.0,-0.0,2.8046222974445106e+20,0.0,-978382016.0,0.0,-0.0,0.732,-0.0,3410354432.0,0.0,4.5208578915530004e+30,0,1.3516416376850534e+27,68,0.0,136,0.0,98688.258,0,26215,17071,0,17092,26215,17065,0,0,0,105,99,100,-0.0,50.8,0.0,61.45,-107615200.0,63.0,1,47,48,180,13107,0,0,0,0.0,0.0,0.0,0.0,131135995904.0,66.0,0.0,13.391,0.0,726,0,695,0,0,0,877,0,980,0,847,0,632,0,613,0,510,0,589,0.032,69818988363776.0,-0.0,0.0,49168,16791,131135995904.0,13.391,-0.0,0.0,0.0,86638528.0,70.0,60.0,66,0.0,0.0,10.0,2.0,0.0,0.0,0.0,0.0,0.0,0.0,0.0,0.0,0.0,0.0,0.0,0.0,62.4,62,18,65518,45,65476,0,300,0,0,8,20529,65476,0,0,44564,60.0,0.0,10.0,10.0,2.0,0.0
2026-02-05T00:04:44,ERR,ERR,ERR,ERR,ERR,ERR,ERR,ERR,ERR,ERR,ERR,ERR,ERR,ERR,ERR,ERR,ERR,ERR,ERR,ERR,ERR,ERR,ERR,ERR,ERR,ERR,ERR,ERR,ERR,ERR,ERR,ERR,ERR,ERR,ERR,ERR,ERR,ERR,ERR,ERR,ERR,ERR,ERR,ERR,ERR,ERR,ERR,ERR,ERR,ERR,ERR,ERR,ERR,ERR,ERR,ERR,ERR,ERR,ERR,ERR,ERR,ERR,ERR,ERR,ERR,ERR,ERR,ERR,ERR,ERR,ERR,ERR,ERR,ERR,ERR,ERR,ERR,ERR,ERR,ERR,ERR,ERR,ERR,ERR,ERR,ERR,ERR,ERR,ERR,ERR,ERR,ERR,ERR,ERR,ERR,ERR,ERR,ERR,ERR,ERR,ERR,ERR,ERR,ERR,ERR,ERR,ERR,ERR,ERR,ERR,ERR,ERR,ERR,ERR,ERR,ERR,ERR,ERR,ERR,ERR,ERR,ERR,ERR,ERR,ERR,2.7184260577004195e+23,-107615280.0,-0.0,0.0,0.0,0.0,-3.3634847792345257e+31,0.0,0,0,4,0,7670,-0.0,41,0.0,0.0,0.0,0.0,0.0,0,0,0,0,0.0,0,0,0,0,0,0,0,0,0,0,0,0,0,0,0,0,0,0,0,0,0,0,0,0,0,0,0,0,0,0,0,0,0,23,41,40,63,65476,0,300,0,0,8,21553,0.0,-107605600.0,0.0,0.0,0.0,0.0,0.0,0.0,0.0,0.0,0.0,0.0,0.0,0.0,0.0,0.0,0.0,0.0,0.0,0.0,0.0,2.004,2.004,-0.0,-0.0,-2.004,0.0,0.0,0.0,0.0,1662.75,2.004,0.0,2.7184260577004195e+23,-107615280.0,-0.0,2.7184312818759872e+23,0.0,0.0,2.004,2.004,68,107615280.0,5.847978039560127e+35,0.0,0.0,0.0,0.0,0.0,0.0,0.0,0,0,0,0.0,-2867.973,-1.4040866173862175e+38,-3.4475870737567395e+29,0.0,-0.0,2.8046222974445106e+20,0.0,-978382016.0,0.0,-0.0,0.732,-0.0,3410354432.0,0.0,4.5208578915530004e+30,0,1.3516416376850534e+27,68,0.0,136,0.0,98688.258,0,26215,17071,0,17092,26215,17065,0,0,0,105,99,100,-0.0,50.8,0.0,61.45,-107615200.0,63.0,1,47,48,180,13107,0,0,0,0.0,0.0,0.0,0.0,131135995904.0,66.0,0.0,13.391,0.0,726,0,695,0,0,0,877,0,980,0,847,0,632,0,613,0,510,0,589,0.032,69818988363776.0,-0.0,0.0,49168,16791,131135995904.0,13.391,-0.0,0.0,0.0,86638528.0,70.0,60.0,66,0.0,0.0,10.0,2.0,0.0,0.0,0.0,0.0,0.0,0.0,0.0,0.0,0.0,0.0,0.0,0.0,62.4,62,18,65518,45,65476,0,300,0,0,8,20529,65476,0,0,44564,60.0,0.0,10.0,10.0,2.0,0.0
2026-02-05T00:04:45,ERR,ERR,ERR,ERR,ERR,ERR,ERR,ERR,ERR,ERR,ERR,ERR,ERR,ERR,ERR,ERR,ERR,ERR,ERR,ERR,ERR,ERR,ERR,ERR,ERR,ERR,ERR,ERR,ERR,ERR,ERR,ERR,ERR,ERR,ERR,ERR,ERR,ERR,ERR,ERR,ERR,ERR,ERR,ERR,ERR,ERR,ERR,ERR,ERR,ERR,ERR,ERR,ERR,ERR,ERR,ERR,ERR,ERR,ERR,ERR,ERR,ERR,ERR,ERR,ERR,ERR,ERR,ERR,ERR,ERR,ERR,ERR,ERR,ERR,ERR,ERR,ERR,ERR,ERR,ERR,ERR,ERR,ERR,ERR,ERR,ERR,ERR,ERR,ERR,ERR,ERR,ERR,ERR,ERR,ERR,ERR,ERR,ERR,ERR,ERR,ERR,ERR,ERR,ERR,ERR,ERR,ERR,ERR,ERR,ERR,ERR,ERR,ERR,ERR,ERR,ERR,ERR,ERR,ERR,ERR,ERR,ERR,ERR,ERR,ERR,2.7184260577004195e+23,-107615280.0,-0.0,0.0,0.0,0.0,-3.3634847792345257e+31,0.0,0,0,4,0,7670,-0.0,41,0.0,0.0,0.0,0.0,0.0,0,0,0,0,0.0,0,0,0,0,0,0,0,0,0,0,0,0,0,0,0,0,0,0,0,0,0,0,0,0,0,0,0,0,0,0,0,0,0,23,41,40,63,65476,0,300,0,0,8,21553,0.0,-107605600.0,0.0,0.0,0.0,0.0,0.0,0.0,0.0,0.0,0.0,0.0,0.0,0.0,0.0,0.0,0.0,0.0,0.0,0.0,0.0,2.004,2.004,-0.0,-0.0,-2.004,0.0,0.0,0.0,0.0,1662.75,2.004,0.0,2.7184260577004195e+23,-107615280.0,-0.0,2.7184312818759872e+23,0.0,0.0,2.004,2.004,68,107615280.0,5.847978039560127e+35,0.0,0.0,0.0,0.0,0.0,0.0,0.0,0,0,0,0.0,-2867.973,-1.4040866173862175e+38,-3.4475870737567395e+29,0.0,-0.0,2.8046222974445106e+20,0.0,-978382016.0,0.0,-0.0,0.732,-0.0,3410354432.0,0.0,4.5208578915530004e+30,0,1.3516416376850534e+27,68,0.0,136,0.0,98688.258,0,26215,17071,0,17092,26215,17065,0,0,0,105,99,100,-0.0,50.8,0.0,61.45,-107615200.0,63.0,1,47,48,180,13107,0,0,0,0.0,0.0,0.0,0.0,131135995904.0,66.0,0.0,13.391,0.0,726,0,695,0,0,0,877,0,980,0,847,0,632,0,613,0,510,0,589,0.032,69818988363776.0,-0.0,0.0,49168,16791,131135995904.0,13.391,-0.0,0.0,0.0,86638528.0,70.0,60.0,66,0.0,0.0,10.0,2.0,0.0,0.0,0.0,0.0,0.0,0.0,0.0,0.0,0.0,0.0,0.0,0.0,62.0,62,18,65518,45,65476,0,300,0,0,8,20529,65476,0,0,44564,60.0,0.0,10.0,10.0,2.0,0.0
2026-02-05T00:04:46,ERR,ERR,ERR,ERR,ERR,ERR,ERR,ERR,ERR,ERR,ERR,ERR,ERR,ERR,ERR,ERR,ERR,ERR,ERR,ERR,ERR,ERR,ERR,ERR,ERR,ERR,ERR,ERR,ERR,ERR,ERR,ERR,ERR,ERR,ERR,ERR,ERR,ERR,ERR,ERR,ERR,ERR,ERR,ERR,ERR,ERR,ERR,ERR,ERR,ERR,ERR,ERR,ERR,ERR,ERR,ERR,ERR,ERR,ERR,ERR,ERR,ERR,ERR,ERR,ERR,ERR,ERR,ERR,ERR,ERR,ERR,ERR,ERR,ERR,ERR,ERR,ERR,ERR,ERR,ERR,ERR,ERR,ERR,ERR,ERR,ERR,ERR,ERR,ERR,ERR,ERR,ERR,ERR,ERR,ERR,ERR,ERR,ERR,ERR,ERR,ERR,ERR,ERR,ERR,ERR,ERR,ERR,ERR,ERR,ERR,ERR,ERR,ERR,ERR,ERR,ERR,ERR,ERR,ERR,ERR,ERR,ERR,ERR,ERR,ERR,2.7184260577004195e+23,-107615280.0,-0.0,0.0,0.0,0.0,-3.3634847792345257e+31,0.0,0,0,4,0,7670,-0.0,41,0.0,0.0,0.0,0.0,0.0,0,0,0,0,0.0,0,0,0,0,0,0,0,0,0,0,0,0,0,0,0,0,0,0,0,0,0,0,0,0,0,0,0,0,0,0,0,0,0,23,41,40,63,65476,0,300,0,0,8,21553,0.0,-107605600.0,0.0,0.0,0.0,0.0,0.0,0.0,0.0,0.0,0.0,0.0,0.0,0.0,0.0,0.0,0.0,0.0,0.0,0.0,0.0,2.004,2.004,-0.0,-0.0,-2.004,0.0,0.0,0.0,0.0,1662.75,2.004,0.0,2.7184260577004195e+23,-107615280.0,-0.0,2.7184312818759872e+23,0.0,0.0,2.004,2.004,68,107615280.0,5.847978039560127e+35,0.0,0.0,0.0,0.0,0.0,0.0,0.0,0,0,0,0.0,-2867.973,-1.4040866173862175e+38,-3.4475870737567395e+29,0.0,-0.0,2.8046222974445106e+20,0.0,-978382016.0,0.0,-0.0,0.732,-0.0,3410354432.0,0.0,4.5208578915530004e+30,0,1.3516416376850534e+27,68,0.0,136,0.0,98688.258,0,26215,17071,0,17092,26215,17065,0,0,0,105,99,100,-0.0,50.8,0.0,61.45,-107615200.0,63.0,1,47,48,180,13107,0,0,0,0.0,0.0,0.0,0.0,131135995904.0,66.0,0.0,13.391,0.0,726,0,695,0,0,0,877,0,980,0,847,0,632,0,613,0,510,0,589,0.032,69818988363776.0,-0.0,0.0,49168,16791,131135995904.0,13.391,-0.0,0.0,0.0,86638528.0,70.0,60.0,66,0.0,0.0,10.0,2.0,0.0,0.0,0.0,0.0,0.0,0.0,0.0,0.0,0.0,0.0,0.0,0.0,62.0,62,18,65518,45,65476,0,300,0,0,8,20529,65476,0,0,44564,60.0,0.0,10.0,10.0,2.0,0.0
2026-02-05T00:04:47,ERR,ERR,ERR,ERR,ERR,ERR,ERR,ERR,ERR,ERR,ERR,ERR,ERR,ERR,ERR,ERR,ERR,ERR,ERR,ERR,ERR,ERR,ERR,ERR,ERR,ERR,ERR,ERR,ERR,ERR,ERR,ERR,ERR,ERR,ERR,ERR,ERR,ERR,ERR,ERR,ERR,ERR,ERR,ERR,ERR,ERR,ERR,ERR,ERR,ERR,ERR,ERR,ERR,ERR,ERR,ERR,ERR,ERR,ERR,ERR,ERR,ERR,ERR,ERR,ERR,ERR,ERR,ERR,ERR,ERR,ERR,ERR,ERR,ERR,ERR,ERR,ERR,ERR,ERR,ERR,ERR,ERR,ERR,ERR,ERR,ERR,ERR,ERR,ERR,ERR,ERR,ERR,ERR,ERR,ERR,ERR,ERR,ERR,ERR,ERR,ERR,ERR,ERR,ERR,ERR,ERR,ERR,ERR,ERR,ERR,ERR,ERR,ERR,ERR,ERR,ERR,ERR,ERR,ERR,ERR,ERR,ERR,ERR,ERR,ERR,2.7184260577004195e+23,-107615280.0,-0.0,0.0,0.0,0.0,-3.3634847792345257e+31,0.0,0,0,4,0,7670,-0.0,41,0.0,0.0,0.0,0.0,0.0,0,0,0,0,0.0,0,0,0,0,0,0,0,0,0,0,0,0,0,0,0,0,0,0,0,0,0,0,0,0,0,0,0,0,0,0,0,0,0,23,41,40,63,65476,0,300,0,0,8,21553,0.0,-107605600.0,0.0,0.0,0.0,0.0,0.0,0.0,0.0,0.0,0.0,0.0,0.0,0.0,0.0,0.0,0.0,0.0,0.0,0.0,0.0,2.004,2.004,-0.0,-0.0,-2.004,0.0,0.0,0.0,0.0,1662.75,2.004,0.0,2.7184260577004195e+23,-107615280.0,-0.0,2.7184312818759872e+23,0.0,0.0,2.004,2.004,68,107615280.0,5.847978039560127e+35,0.0,0.0,0.0,0.0,0.0,0.0,0.0,0,0,0,0.0,-2867.973,-1.4040866173862175e+38,-3.4475870737567395e+29,0.0,-0.0,2.8046222974445106e+20,0.0,-978382016.0,0.0,-0.0,0.732,-0.0,3410354432.0,0.0,4.5208578915530004e+30,0,1.3516416376850534e+27,68,0.0,136,0.0,98688.258,0,26215,17071,0,17092,26215,17065,0,0,0,105,99,100,-0.0,50.8,0.0,61.45,-107615200.0,63.0,1,47,48,180,13107,0,0,0,0.0,0.0,0.0,0.0,0.0,66.0,0.0,-1.830430408057989e+25,0.0,726,0,695,0,0,0,877,0,980,0,847,0,632,0,613,0,510,0,589,0.032,69544110456832.0,2.004,-0.0,37264,16791,0.013,196869.578,-0.0,0.0,0.0,-1.1448503503871573e+21,70.0,60.0,66,0.0,0.0,10.0,2.0,0.0,0.0,0.0,0.0,0.0,0.0,0.0,0.0,0.0,0.0,0.0,0.0,62.0,62,18,65518,45,65476,0,300,0,0,8,20529,65476,0,0,44564,60.0,0.0,10.0,10.0,2.0,0.0
2026-02-05T00:04:48,ERR,ERR,ERR,ERR,ERR,ERR,ERR,ERR,ERR,ERR,ERR,ERR,ERR,ERR,ERR,ERR,ERR,ERR,ERR,ERR,ERR,ERR,ERR,ERR,ERR,ERR,ERR,ERR,ERR,ERR,ERR,ERR,ERR,ERR,ERR,ERR,ERR,ERR,ERR,ERR,ERR,ERR,ERR,ERR,ERR,ERR,ERR,ERR,ERR,ERR,ERR,ERR,ERR,ERR,ERR,ERR,ERR,ERR,ERR,ERR,ERR,ERR,ERR,ERR,ERR,ERR,ERR,ERR,ERR,ERR,ERR,ERR,ERR,ERR,ERR,ERR,ERR,ERR,ERR,ERR,ERR,ERR,ERR,ERR,ERR,ERR,ERR,ERR,ERR,ERR,ERR,ERR,ERR,ERR,ERR,ERR,ERR,ERR,ERR,ERR,ERR,ERR,ERR,ERR,ERR,ERR,ERR,ERR,ERR,ERR,ERR,ERR,ERR,ERR,ERR,ERR,ERR,ERR,ERR,ERR,ERR,ERR,ERR,ERR,ERR,2.7184260577004195e+23,-107615280.0,-0.0,0.0,0.0,0.0,-3.3634847792345257e+31,0.0,0,0,4,0,7670,-0.0,41,0.0,0.0,0.0,0.0,0.0,0,0,0,0,0.0,0,0,0,0,0,0,0,0,0,0,0,0,0,0,0,0,0,0,0,0,0,0,0,0,0,0,0,0,0,0,0,0,0,23,41,40,63,65476,0,300,0,0,8,21553,0.0,-107605600.0,0.0,0.0,0.0,0.0,0.0,0.0,0.0,0.0,0.0,0.0,0.0,0.0,0.0,0.0,0.0,0.0,0.0,0.0,0.0,2.004,2.004,-0.0,-0.0,-2.004,0.0,0.0,0.0,0.0,1662.75,2.004,0.0,2.7184260577004195e+23,-107615280.0,-0.0,2.7184312818759872e+23,0.0,0.0,2.004,2.004,68,107615280.0,5.847978039560127e+35,0.0,0.0,0.0,0.0,0.0,0.0,0.0,0,0,0,0.0,-2867.973,-1.4040866173862175e+38,-3.4475870737567395e+29,0.0,-0.0,2.8046222974445106e+20,0.0,-978382016.0,0.0,-0.0,0.732,-0.0,3410354432.0,0.0,4.5208578915530004e+30,0,1.3516416376850534e+27,68,0.0,136,0.0,98688.258,0,26215,17071,0,17092,26215,17065,0,0,0,105,99,100,-0.0,50.8,0.0,61.45,-107615200.0,63.0,1,47,48,180,13107,0,0,0,0.0,0.0,0.0,0.0,0.0,66.0,0.0,-1.830430408057989e+25,0.0,726,0,695,0,0,0,877,0,980,0,847,0,632,0,613,0,510,0,589,0.032,69544110456832.0,2.004,-0.0,37264,16791,0.013,196869.578,-0.0,0.0,0.0,-1.1448503503871573e+21,70.0,60.0,66,0.0,0.0,10.0,2.0,0.0,0.0,0.0,0.0,0.0,0.0,0.0,0.0,0.0,0.0,0.0,0.0,62.0,62,18,65518,45,65476,0,300,0,0,8,20529,65476,0,0,44564,60.0,0.0,10.0,10.0,2.0,0.0
2026-02-05T00:04:49,ERR,ERR,ERR,ERR,ERR,ERR,ERR,ERR,ERR,ERR,ERR,ERR,ERR,ERR,ERR,ERR,ERR,ERR,ERR,ERR,ERR,ERR,ERR,ERR,ERR,ERR,ERR,ERR,ERR,ERR,ERR,ERR,ERR,ERR,ERR,ERR,ERR,ERR,ERR,ERR,ERR,ERR,ERR,ERR,ERR,ERR,ERR,ERR,ERR,ERR,ERR,ERR,ERR,ERR,ERR,ERR,ERR,ERR,ERR,ERR,ERR,ERR,ERR,ERR,ERR,ERR,ERR,ERR,ERR,ERR,ERR,ERR,ERR,ERR,ERR,ERR,ERR,ERR,ERR,ERR,ERR,ERR,ERR,ERR,ERR,ERR,ERR,ERR,ERR,ERR,ERR,ERR,ERR,ERR,ERR,ERR,ERR,ERR,ERR,ERR,ERR,ERR,ERR,ERR,ERR,ERR,ERR,ERR,ERR,ERR,ERR,ERR,ERR,ERR,ERR,ERR,ERR,ERR,ERR,ERR,ERR,ERR,ERR,ERR,ERR,2.7184260577004195e+23,-107615280.0,-0.0,0.0,0.0,0.0,-0.0,0.0,0,0,4,0,7670,-0.0,41,0.0,0.0,0.0,0.0,0.0,0,0,0,0,0.0,0,0,0,0,0,0,0,0,0,0,0,0,0,0,0,0,0,0,0,0,0,0,0,0,0,0,0,0,0,0,0,0,0,23,41,40,63,65476,0,300,0,0,8,21553,0.0,-107605600.0,0.0,0.0,0.0,0.0,0.0,0.0,0.0,0.0,0.0,0.0,0.0,0.0,0.0,0.0,0.0,0.0,0.0,0.0,0.0,2.004,2.004,-0.0,-0.0,-2.004,0.0,0.0,0.0,0.0,1655.75,-3.697095533866569e+19,0.0,2.7184260577004195e+23,-107615280.0,-0.0,2.7184312818759872e+23,0.0,0.0,2.004,2.004,68,3.222025641206419e+26,2.7183821025680563e+23,0.0,0.0,0.0,0.0,0.0,0.0,0.0,0,0,0,0.0,0.0,-2.2490884730216475e+35,1.657655353964003e+28,0.0,-1.6374863944747057e+19,-0.0,9.82713802736629e+35,0.0,0.0,-0.0,0.735,-0.0,3410354432.0,0.0,-0.0,0,1.3516416376850534e+27,68,0.0,136,0.0,98688.258,0,26215,17071,0,17092,26215,17065,0,0,0,105,99,100,-0.0,50.8,0.0,61.45,-107615200.0,63.0,1,47,48,180,13107,0,0,0,0.0,0.0,0.0,0.0,0.0,66.0,0.0,-1.830430408057989e+25,0.0,726,0,695,0,0,0,877,0,980,0,847,0,632,0,613,0,510,0,589,0.032,69544110456832.0,2.004,-0.0,37264,16791,0.013,196869.578,-0.0,0.0,0.0,-1.1448503503871573e+21,70.0,60.0,66,0.0,0.0,10.0,2.0,0.0,0.0,0.0,0.0,0.0,0.0,0.0,0.0,0.0,0.0,0.0,0.0,62.0,62,18,65518,45,65476,0,300,0,0,8,20529,65476,0,0,44564,60.0,0.0,10.0,10.0,2.0,0.0
2026-02-05T00:04:50,ERR,ERR,ERR,ERR,ERR,ERR,ERR,ERR,ERR,ERR,ERR,ERR,ERR,ERR,ERR,ERR,ERR,ERR,ERR,ERR,ERR,ERR,ERR,ERR,ERR,ERR,ERR,ERR,ERR,ERR,ERR,ERR,ERR,ERR,ERR,ERR,ERR,ERR,ERR,ERR,ERR,ERR,ERR,ERR,ERR,ERR,ERR,ERR,ERR,ERR,ERR,ERR,ERR,ERR,ERR,ERR,ERR,ERR,ERR,ERR,ERR,ERR,ERR,ERR,ERR,ERR,ERR,ERR,ERR,ERR,ERR,ERR,ERR,ERR,ERR,ERR,ERR,ERR,ERR,ERR,ERR,ERR,ERR,ERR,ERR,ERR,ERR,ERR,ERR,ERR,ERR,ERR,ERR,ERR,ERR,ERR,ERR,ERR,ERR,ERR,ERR,ERR,ERR,ERR,ERR,ERR,ERR,ERR,ERR,ERR,ERR,ERR,ERR,ERR,ERR,ERR,ERR,ERR,ERR,ERR,ERR,ERR,ERR,ERR,ERR,2.7184260577004195e+23,-107615280.0,-0.0,0.0,0.0,0.0,-0.0,0.0,0,0,4,0,7670,-0.0,41,0.0,0.0,0.0,0.0,0.0,0,0,0,0,0.0,0,0,0,0,0,0,0,0,0,0,0,0,0,0,0,0,0,0,0,0,0,0,0,0,0,0,0,0,0,0,0,0,0,23,41,40,63,65476,0,300,0,0,8,21553,0.0,-107605600.0,0.0,0.0,0.0,0.0,0.0,0.0,0.0,0.0,0.0,0.0,0.0,0.0,0.0,0.0,0.0,0.0,0.0,0.0,0.0,2.004,2.004,-0.0,-0.0,-2.004,0.0,0.0,0.0,0.0,1655.75,-3.697095533866569e+19,0.0,2.7184260577004195e+23,-107615280.0,-0.0,2.7184312818759872e+23,0.0,0.0,2.004,2.004,68,3.222025641206419e+26,2.7183821025680563e+23,0.0,0.0,0.0,0.0,0.0,0.0,0.0,0,0,0,0.0,0.0,-2.2490884730216475e+35,1.657655353964003e+28,0.0,-1.6374863944747057e+19,-0.0,9.82713802736629e+35,0.0,0.0,-0.0,0.735,-0.0,3410354432.0,0.0,-0.0,0,1.3516416376850534e+27,68,0.0,136,0.0,98688.258,0,26215,17071,0,17092,26215,17065,0,0,0,105,99,100,-0.0,50.8,0.0,61.45,-107615200.0,63.0,1,47,48,180,13107,0,0,0,0.0,0.0,0.0,0.0,0.0,66.0,0.0,-1.830430408057989e+25,0.0,726,0,695,0,0,0,877,0,980,0,847,0,632,0,613,0,510,0,589,0.032,69544110456832.0,2.004,-0.0,37264,16791,0.013,196869.578,-0.0,0.0,0.0,-1.1448503503871573e+21,70.0,60.0,66,0.0,0.0,10.0,2.0,0.0,0.0,0.0,0.0,0.0,0.0,0.0,0.0,0.0,0.0,0.0,0.0,62.0,62,18,65518,45,65476,0,300,0,0,8,20529,65476,0,0,44564,60.0,0.0,10.0,10.0,2.0,0.0
2026-02-05T00:04:51,ERR,ERR,ERR,ERR,ERR,ERR,ERR,ERR,ERR,ERR,ERR,ERR,ERR,ERR,ERR,ERR,ERR,ERR,ERR,ERR,ERR,ERR,ERR,ERR,ERR,ERR,ERR,ERR,ERR,ERR,ERR,ERR,ERR,ERR,ERR,ERR,ERR,ERR,ERR,ERR,ERR,ERR,ERR,ERR,ERR,ERR,ERR,ERR,ERR,ERR,ERR,ERR,ERR,ERR,ERR,ERR,ERR,ERR,ERR,ERR,ERR,ERR,ERR,ERR,ERR,ERR,ERR,ERR,ERR,ERR,ERR,ERR,ERR,ERR,ERR,ERR,ERR,ERR,ERR,ERR,ERR,ERR,ERR,ERR,ERR,ERR,ERR,ERR,ERR,ERR,ERR,ERR,ERR,ERR,ERR,ERR,ERR,ERR,ERR,ERR,ERR,ERR,ERR,ERR,ERR,ERR,ERR,ERR,ERR,ERR,ERR,ERR,ERR,ERR,ERR,ERR,ERR,ERR,ERR,ERR,ERR,ERR,ERR,ERR,ERR,2.7184260577004195e+23,-107615280.0,-0.0,0.0,0.0,0.0,-0.0,0.0,0,0,4,0,7670,-0.0,41,0.0,0.0,0.0,0.0,0.0,0,0,0,0,0.0,0,0,0,0,0,0,0,0,0,0,0,0,0,0,0,0,0,0,0,0,0,0,0,0,0,0,0,0,0,0,0,0,0,23,41,40,63,65476,0,300,0,0,8,21553,0.0,-107605600.0,0.0,0.0,0.0,0.0,0.0,0.0,0.0,0.0,0.0,0.0,0.0,0.0,0.0,0.0,0.0,0.0,0.0,0.0,0.0,2.004,2.004,-0.0,-0.0,-2.004,0.0,0.0,0.0,0.0,1655.75,-3.697095533866569e+19,0.0,2.7184260577004195e+23,-107615280.0,-0.0,2.7184312818759872e+23,0.0,0.0,2.004,2.004,68,3.222025641206419e+26,2.7183821025680563e+23,0.0,0.0,0.0,0.0,0.0,0.0,0.0,0,0,0,0.0,0.0,-2.2490884730216475e+35,1.657655353964003e+28,0.0,-1.6374863944747057e+19,-0.0,9.82713802736629e+35,0.0,0.0,-0.0,0.735,-0.0,3410354432.0,0.0,-0.0,0,1.3516416376850534e+27,68,0.0,136,0.0,98688.258,0,26215,17071,0,17092,26215,17065,0,0,0,105,99,100,-0.0,50.8,0.0,61.45,-107615200.0,63.0,1,47,48,180,13107,0,0,0,0.0,0.0,0.0,0.0,0.0,66.0,0.0,-1.830430408057989e+25,0.0,726,0,695,0,0,0,877,0,980,0,847,0,632,0,613,0,510,0,589,0.032,69544110456832.0,2.004,-0.0,37264,16791,0.013,196869.578,-0.0,0.0,0.0,-1.1448503503871573e+21,70.0,60.0,66,0.0,0.0,10.0,2.0,0.0,0.0,0.0,0.0,0.0,0.0,0.0,0.0,0.0,0.0,0.0,0.0,62.0,62,18,65518,45,65476,0,300,0,0,8,20529,65476,0,0,44564,60.0,0.0,10.0,10.0,2.0,0.0
2026-02-05T00:04:52,ERR,ERR,ERR,ERR,ERR,ERR,ERR,ERR,ERR,ERR,ERR,ERR,ERR,ERR,ERR,ERR,ERR,ERR,ERR,ERR,ERR,ERR,ERR,ERR,ERR,ERR,ERR,ERR,ERR,ERR,ERR,ERR,ERR,ERR,ERR,ERR,ERR,ERR,ERR,ERR,ERR,ERR,ERR,ERR,ERR,ERR,ERR,ERR,ERR,ERR,ERR,ERR,ERR,ERR,ERR,ERR,ERR,ERR,ERR,ERR,ERR,ERR,ERR,ERR,ERR,ERR,ERR,ERR,ERR,ERR,ERR,ERR,ERR,ERR,ERR,ERR,ERR,ERR,ERR,ERR,ERR,ERR,ERR,ERR,ERR,ERR,ERR,ERR,ERR,ERR,ERR,ERR,ERR,ERR,ERR,ERR,ERR,ERR,ERR,ERR,ERR,ERR,ERR,ERR,ERR,ERR,ERR,ERR,ERR,ERR,ERR,ERR,ERR,ERR,ERR,ERR,ERR,ERR,ERR,ERR,ERR,ERR,ERR,ERR,ERR,2.7184260577004195e+23,-107615280.0,-0.0,0.0,0.0,0.0,-0.0,0.0,0,0,4,0,7670,-0.0,41,0.0,0.0,0.0,0.0,0.0,0,0,0,0,0.0,0,0,0,0,0,0,0,0,0,0,0,0,0,0,0,0,0,0,0,0,0,0,0,0,0,0,0,0,0,0,0,0,0,23,41,40,63,65476,0,300,0,0,8,21553,0.0,-107605600.0,0.0,0.0,0.0,0.0,0.0,0.0,0.0,0.0,0.0,0.0,0.0,0.0,0.0,0.0,0.0,0.0,0.0,0.0,0.0,2.004,2.004,-0.0,-0.0,-2.004,0.0,0.0,0.0,0.0,1655.75,-3.697095533866569e+19,0.0,2.7184260577004195e+23,-107615280.0,-0.0,2.7184312818759872e+23,0.0,0.0,2.004,2.004,68,3.222025641206419e+26,2.7183821025680563e+23,0.0,0.0,0.0,0.0,0.0,0.0,0.0,0,0,0,0.0,0.0,-2.2490884730216475e+35,1.657655353964003e+28,0.0,-1.6374863944747057e+19,-0.0,9.82713802736629e+35,0.0,0.0,-0.0,0.735,-0.0,3410354432.0,0.0,-0.0,0,1.3516416376850534e+27,68,0.0,136,0.0,98688.258,0,26215,17071,0,17092,26215,17065,0,0,0,105,99,100,0.0,51.05,0.0,61.45,-107615200.0,63.0,1,47,48,180,0,0,0,0,0.0,0.0,0.0,0.0,0.0,66.0,0.0,25.282,0.0,725,0,695,0,0,0,877,0,980,0,846,0,632,0,613,0,510,0,589,0.032,69269232549888.0,2.004,-0.0,45968,16791,0.0,2628.087,-0.0,852139630919680.0,-71810.992,-0.0,70.0,60.0,66,0.0,0.0,10.0,2.0,0.0,0.0,0.0,0.0,0.0,0.0,0.0,0.0,0.0,0.0,0.0,0.0,62.0,62,18,65518,45,65476,0,300,0,0,8,20529,65476,0,0,44564,60.0,0.0,10.0,10.0,2.0,0.0
2026-02-05T00:04:53,ERR,ERR,ERR,ERR,ERR,ERR,ERR,ERR,ERR,ERR,ERR,ERR,ERR,ERR,ERR,ERR,ERR,ERR,ERR,ERR,ERR,ERR,ERR,ERR,ERR,ERR,ERR,ERR,ERR,ERR,ERR,ERR,ERR,ERR,ERR,ERR,ERR,ERR,ERR,ERR,ERR,ERR,ERR,ERR,ERR,ERR,ERR,ERR,ERR,ERR,ERR,ERR,ERR,ERR,ERR,ERR,ERR,ERR,ERR,ERR,ERR,ERR,ERR,ERR,ERR,ERR,ERR,ERR,ERR,ERR,ERR,ERR,ERR,ERR,ERR,ERR,ERR,ERR,ERR,ERR,ERR,ERR,ERR,ERR,ERR,ERR,ERR,ERR,ERR,ERR,ERR,ERR,ERR,ERR,ERR,ERR,ERR,ERR,ERR,ERR,ERR,ERR,ERR,ERR,ERR,ERR,ERR,ERR,ERR,ERR,ERR,ERR,ERR,ERR,ERR,ERR,ERR,ERR,ERR,ERR,ERR,ERR,ERR,ERR,ERR,2.7184260577004195e+23,-107615280.0,-0.0,0.0,0.0,0.0,-0.0,0.0,0,0,4,0,7670,-0.0,41,0.0,0.0,0.0,0.0,0.0,0,0,0,0,0.0,0,0,0,0,0,0,0,0,0,0,0,0,0,0,0,0,0,0,0,0,0,0,0,0,0,0,0,0,0,0,0,0,0,23,41,40,63,65476,0,300,0,0,8,21553,0.0,-107605600.0,0.0,0.0,0.0,0.0,0.0,0.0,0.0,0.0,0.0,0.0,0.0,0.0,0.0,0.0,0.0,0.0,0.0,0.0,0.0,2.004,2.004,-0.0,-0.0,-2.004,0.0,0.0,0.0,0.0,1655.75,-3.697095533866569e+19,0.0,2.7184260577004195e+23,-107615280.0,-0.0,2.7184312818759872e+23,0.0,0.0,2.004,2.004,68,3.222025641206419e+26,2.7183821025680563e+23,0.0,0.0,0.0,0.0,0.0,0.0,0.0,0,0,0,0.0,0.0,-2.2490884730216475e+35,1.657655353964003e+28,0.0,-1.6374863944747057e+19,-0.0,9.82713802736629e+35,0.0,0.0,-0.0,0.735,-0.0,3410354432.0,0.0,-0.0,0,1.3516416376850534e+27,68,0.0,136,0.0,98688.258,0,26215,17071,0,17092,26215,17065,0,0,0,105,99,100,0.0,51.05,0.0,61.45,-107615200.0,63.0,1,47,48,180,0,0,0,0,0.0,0.0,0.0,0.0,0.0,66.0,0.0,25.282,0.0,725,0,695,0,0,0,877,0,980,0,846,0,632,0,613,0,510,0,589,0.032,69269232549888.0,2.004,-0.0,45968,16791,0.0,2628.087,-0.0,852139630919680.0,-71810.992,-0.0,70.0,60.0,66,0.0,0.0,10.0,2.0,0.0,0.0,0.0,0.0,0.0,0.0,0.0,0.0,0.0,0.0,0.0,0.0,62.0,62,18,65518,45,65476,0,300,0,0,8,20529,65476,0,0,44564,60.0,0.0,10.0,10.0,2.0,0.0
2026-02-05T00:04:54,ERR,ERR,ERR,ERR,ERR,ERR,ERR,ERR,ERR,ERR,ERR,ERR,ERR,ERR,ERR,ERR,ERR,ERR,ERR,ERR,ERR,ERR,ERR,ERR,ERR,ERR,ERR,ERR,ERR,ERR,ERR,ERR,ERR,ERR,ERR,ERR,ERR,ERR,ERR,ERR,ERR,ERR,ERR,ERR,ERR,ERR,ERR,ERR,ERR,ERR,ERR,ERR,ERR,ERR,ERR,ERR,ERR,ERR,ERR,ERR,ERR,ERR,ERR,ERR,ERR,ERR,ERR,ERR,ERR,ERR,ERR,ERR,ERR,ERR,ERR,ERR,ERR,ERR,ERR,ERR,ERR,ERR,ERR,ERR,ERR,ERR,ERR,ERR,ERR,ERR,ERR,ERR,ERR,ERR,ERR,ERR,ERR,ERR,ERR,ERR,ERR,ERR,ERR,ERR,ERR,ERR,ERR,ERR,ERR,ERR,ERR,ERR,ERR,ERR,ERR,ERR,ERR,ERR,ERR,ERR,ERR,ERR,ERR,ERR,ERR,2.7184260577004195e+23,-107615280.0,-0.0,0.0,0.0,0.0,-0.0,0.0,0,0,4,0,7670,-0.0,41,0.0,0.0,0.0,0.0,0.0,0,0,0,0,0.0,0,0,0,0,0,0,0,0,0,0,0,0,0,0,0,0,0,0,0,0,0,0,0,0,0,0,0,0,0,0,0,0,0,23,41,40,63,65476,0,300,0,0,8,21553,0.0,-107605600.0,0.0,0.0,0.0,0.0,0.0,0.0,0.0,0.0,0.0,0.0,0.0,0.0,0.0,0.0,0.0,0.0,0.0,0.0,0.0,2.004,2.004,-0.0,-0.0,-2.004,0.0,0.0,0.0,0.0,1655.75,-3.697095533866569e+19,0.0,2.7184260577004195e+23,-107615280.0,-0.0,2.7184312818759872e+23,0.0,0.0,2.004,2.004,68,3.222025641206419e+26,2.7183821025680563e+23,0.0,0.0,0.0,0.0,0.0,0.0,0.0,0,0,0,0.0,0.0,-2.2490884730216475e+35,1.657655353964003e+28,0.0,-1.6374863944747057e+19,-0.0,9.82713802736629e+35,0.0,0.0,-0.0,0.735,-0.0,3410354432.0,0.0,-0.0,0,1.3516416376850534e+27,68,0.0,136,0.0,98688.258,0,26215,17071,0,17092,26215,17065,0,0,0,105,99,100,0.0,51.05,0.0,61.45,-107615200.0,63.0,1,47,48,180,0,0,0,0,0.0,0.0,0.0,0.0,0.0,66.0,0.0,25.282,0.0,725,0,695,0,0,0,877,0,980,0,846,0,632,0,613,0,510,0,589,0.032,69269232549888.0,2.004,-0.0,45968,16791,0.0,2628.087,-0.0,852139630919680.0,-71810.992,-0.0,70.0,60.0,66,0.0,0.0,10.0,2.0,0.0,0.0,0.0,0.0,0.0,0.0,0.0,0.0,0.0,0.0,0.0,0.0,62.0,62,18,65518,45,65476,0,300,0,0,8,20529,65476,0,0,44564,60.0,0.0,10.0,10.0,2.0,0.0
2026-02-05T00:04:55,ERR,ERR,ERR,ERR,ERR,ERR,ERR,ERR,ERR,ERR,ERR,ERR,ERR,ERR,ERR,ERR,ERR,ERR,ERR,ERR,ERR,ERR,ERR,ERR,ERR,ERR,ERR,ERR,ERR,ERR,ERR,ERR,ERR,ERR,ERR,ERR,ERR,ERR,ERR,ERR,ERR,ERR,ERR,ERR,ERR,ERR,ERR,ERR,ERR,ERR,ERR,ERR,ERR,ERR,ERR,ERR,ERR,ERR,ERR,ERR,ERR,ERR,ERR,ERR,ERR,ERR,ERR,ERR,ERR,ERR,ERR,ERR,ERR,ERR,ERR,ERR,ERR,ERR,ERR,ERR,ERR,ERR,ERR,ERR,ERR,ERR,ERR,ERR,ERR,ERR,ERR,ERR,ERR,ERR,ERR,ERR,ERR,ERR,ERR,ERR,ERR,ERR,ERR,ERR,ERR,ERR,ERR,ERR,ERR,ERR,ERR,ERR,ERR,ERR,ERR,ERR,ERR,ERR,ERR,ERR,ERR,ERR,ERR,ERR,ERR,2.7184260577004195e+23,-107615280.0,-0.0,0.0,0.0,0.0,-0.0,0.0,0,0,4,0,7670,-0.0,41,0.0,0.0,0.0,0.0,0.0,0,0,0,0,0.0,0,0,0,0,0,0,0,0,0,0,0,0,0,0,0,0,0,0,0,0,0,0,0,0,0,0,0,0,0,0,0,0,0,23,41,40,63,65476,0,300,0,0,8,21553,0.0,-107605600.0,0.0,0.0,0.0,0.0,0.0,0.0,0.0,0.0,0.0,0.0,0.0,0.0,0.0,0.0,0.0,0.0,0.0,0.0,0.0,2.004,2.004,-0.0,-0.0,-2.004,0.0,0.0,0.0,0.0,1648.5,-0.0,0.0,2.7184260577004195e+23,-107615280.0,-0.0,0.0,0.0,0.0,2.004,2.004,68,2.7184285797162108e+23,0.0,0.0,0.0,0.0,0.0,0.0,0.0,0.0,0,0,0,0.0,-42815.562,-3.9184138123065785e+29,0.0,0.0,-510125664.0,-0.0,-1.9038668385693514e+23,-0.649,0.0,-0.0,0.735,-0.0,3427131648.0,0.0,0.009,0,1.3516416376850534e+27,68,0.0,136,0.0,98688.258,0,26215,17071,0,17092,26215,17065,0,0,0,105,99,100,0.0,51.05,0.0,61.45,-107615200.0,63.0,1,47,48,180,0,0,0,0,0.0,0.0,0.0,0.0,0.0,66.0,0.0,25.282,0.0,725,0,695,0,0,0,877,0,980,0,846,0,632,0,613,0,510,0,589,0.032,69269232549888.0,2.004,-0.0,45968,16791,0.0,2628.087,-0.0,852139630919680.0,-71810.992,-0.0,70.0,60.0,66,0.0,0.0,10.0,2.0,0.0,0.0,0.0,0.0,0.0,0.0,0.0,0.0,0.0,0.0,0.0,0.0,62.0,62,18,65518,45,65476,0,300,0,0,8,20529,65476,0,0,44564,60.0,0.0,10.0,10.0,2.0,0.0
2026-02-05T00:04:56,ERR,ERR,ERR,ERR,ERR,ERR,ERR,ERR,ERR,ERR,ERR,ERR,ERR,ERR,ERR,ERR,ERR,ERR,ERR,ERR,ERR,ERR,ERR,ERR,ERR,ERR,ERR,ERR,ERR,ERR,ERR,ERR,ERR,ERR,ERR,ERR,ERR,ERR,ERR,ERR,ERR,ERR,ERR,ERR,ERR,ERR,ERR,ERR,ERR,ERR,ERR,ERR,ERR,ERR,ERR,ERR,ERR,ERR,ERR,ERR,ERR,ERR,ERR,ERR,ERR,ERR,ERR,ERR,ERR,ERR,ERR,ERR,ERR,ERR,ERR,ERR,ERR,ERR,ERR,ERR,ERR,ERR,ERR,ERR,ERR,ERR,ERR,ERR,ERR,ERR,ERR,ERR,ERR,ERR,ERR,ERR,ERR,ERR,ERR,ERR,ERR,ERR,ERR,ERR,ERR,ERR,ERR,ERR,ERR,ERR,ERR,ERR,ERR,ERR,ERR,ERR,ERR,ERR,ERR,ERR,ERR,ERR,ERR,ERR,ERR,2.7184260577004195e+23,-107615280.0,-0.0,0.0,0.0,0.0,-0.0,0.0,0,0,4,0,7670,-0.0,41,0.0,0.0,0.0,0.0,0.0,0,0,0,0,0.0,0,0,0,0,0,0,0,0,0,0,0,0,0,0,0,0,0,0,0,0,0,0,0,0,0,0,0,0,0,0,0,0,0,23,41,40,63,65476,0,300,0,0,8,21553,0.0,-107605600.0,0.0,0.0,0.0,0.0,0.0,0.0,0.0,0.0,0.0,0.0,0.0,0.0,0.0,0.0,0.0,0.0,0.0,0.0,0.0,2.004,2.004,-0.0,-0.0,-2.004,0.0,0.0,0.0,0.0,1648.5,-0.0,0.0,2.7184260577004195e+23,-107615280.0,-0.0,0.0,0.0,0.0,2.004,2.004,68,2.7184285797162108e+23,0.0,0.0,0.0,0.0,0.0,0.0,0.0,0.0,0,0,0,0.0,-42815.562,-3.9184138123065785e+29,0.0,0.0,-510125664.0,-0.0,-1.9038668385693514e+23,-0.649,0.0,-0.0,0.735,-0.0,3427131648.0,0.0,0.009,0,1.3516416376850534e+27,68,0.0,136,0.0,98688.258,0,26215,17071,0,17092,13107,17065,0,0,0,105,99,100,0.0,51.05,0.0,61.45,-107615200.0,63.0,1,47,48,180,0,0,0,0,0.0,0.0,0.0,0.0,108677.031,66.0,0.0,319302816.0,0.0,725,0,695,0,0,0,876,0,980,0,846,0,632,0,613,0,510,0,589,0.032,69544110456832.0,2.004,-0.0,44944,16791,6048516096.0,319302816.0,-3.8310270149874035e+23,-1.075475466204761e+22,56690176.0,0.003,70.0,60.0,66,0.0,0.0,10.0,2.0,0.0,0.0,0.0,0.0,0.0,0.0,0.0,0.0,0.0,0.0,0.0,0.0,62.0,62,18,65518,45,65476,0,300,0,0,8,20529,65476,0,0,44564,60.0,0.0,10.0,10.0,2.0,0.0
2026-02-05T00:04:57,ERR,ERR,ERR,ERR,ERR,ERR,ERR,ERR,ERR,ERR,ERR,ERR,ERR,ERR,ERR,ERR,ERR,ERR,ERR,ERR,ERR,ERR,ERR,ERR,ERR,ERR,ERR,ERR,ERR,ERR,ERR,ERR,ERR,ERR,ERR,ERR,ERR,ERR,ERR,ERR,ERR,ERR,ERR,ERR,ERR,ERR,ERR,ERR,ERR,ERR,ERR,ERR,ERR,ERR,ERR,ERR,ERR,ERR,ERR,ERR,ERR,ERR,ERR,ERR,ERR,ERR,ERR,ERR,ERR,ERR,ERR,ERR,ERR,ERR,ERR,ERR,ERR,ERR,ERR,ERR,ERR,ERR,ERR,ERR,ERR,ERR,ERR,ERR,ERR,ERR,ERR,ERR,ERR,ERR,ERR,ERR,ERR,ERR,ERR,ERR,ERR,ERR,ERR,ERR,ERR,ERR,ERR,ERR,ERR,ERR,ERR,ERR,ERR,ERR,ERR,ERR,ERR,ERR,ERR,ERR,ERR,ERR,ERR,ERR,ERR,2.7184260577004195e+23,-107615280.0,-0.0,0.0,0.0,0.0,-0.0,0.0,0,0,4,0,7670,-0.0,41,0.0,0.0,0.0,0.0,0.0,0,0,0,0,0.0,0,0,0,0,0,0,0,0,0,0,0,0,0,0,0,0,0,0,0,0,0,0,0,0,0,0,0,0,0,0,0,0,0,23,41,40,63,65476,0,300,0,0,8,21553,0.0,-107605600.0,0.0,0.0,0.0,0.0,0.0,0.0,0.0,0.0,0.0,0.0,0.0,0.0,0.0,0.0,0.0,0.0,0.0,0.0,0.0,2.004,2.004,-0.0,-0.0,-2.004,0.0,0.0,0.0,0.0,1648.5,-0.0,0.0,2.7184260577004195e+23,-107615280.0,-0.0,0.0,0.0,0.0,2.004,2.004,68,2.7184285797162108e+23,0.0,0.0,0.0,0.0,0.0,0.0,0.0,0.0,0,0,0,0.0,-42815.562,-3.9184138123065785e+29,0.0,0.0,-510125664.0,-0.0,-1.9038668385693514e+23,-0.649,0.0,-0.0,0.735,-0.0,3427131648.0,0.0,0.009,0,1.3516416376850534e+27,68,0.0,136,0.0,98688.258,0,26215,17071,0,17092,13107,17065,0,0,0,105,99,100,0.0,51.05,0.0,61.45,-107615200.0,63.0,1,47,48,180,0,0,0,0,0.0,0.0,0.0,0.0,108677.031,66.0,0.0,319302816.0,0.0,725,0,695,0,0,0,876,0,980,0,846,0,632,0,613,0,510,0,589,0.032,69544110456832.0,2.004,-0.0,44944,16791,6048516096.0,319302816.0,-3.8310270149874035e+23,-1.075475466204761e+22,56690176.0,0.003,70.0,60.0,66,0.0,0.0,10.0,2.0,0.0,0.0,0.0,0.0,0.0,0.0,0.0,0.0,0.0,0.0,0.0,0.0,62.0,62,18,65518,45,65476,0,300,0,0,8,20529,65476,0,0,44564,60.0,0.0,10.0,10.0,2.0,0.0
2026-02-05T00:04:58,ERR,ERR,ERR,ERR,ERR,ERR,ERR,ERR,ERR,ERR,ERR,ERR,ERR,ERR,ERR,ERR,ERR,ERR,ERR,ERR,ERR,ERR,ERR,ERR,ERR,ERR,ERR,ERR,ERR,ERR,ERR,ERR,ERR,ERR,ERR,ERR,ERR,ERR,ERR,ERR,ERR,ERR,ERR,ERR,ERR,ERR,ERR,ERR,ERR,ERR,ERR,ERR,ERR,ERR,ERR,ERR,ERR,ERR,ERR,ERR,ERR,ERR,ERR,ERR,ERR,ERR,ERR,ERR,ERR,ERR,ERR,ERR,ERR,ERR,ERR,ERR,ERR,ERR,ERR,ERR,ERR,ERR,ERR,ERR,ERR,ERR,ERR,ERR,ERR,ERR,ERR,ERR,ERR,ERR,ERR,ERR,ERR,ERR,ERR,ERR,ERR,ERR,ERR,ERR,ERR,ERR,ERR,ERR,ERR,ERR,ERR,ERR,ERR,ERR,ERR,ERR,ERR,ERR,ERR,ERR,ERR,ERR,ERR,ERR,ERR,2.7184260577004195e+23,-107615280.0,-0.0,0.0,0.0,0.0,-0.0,0.0,0,0,4,0,7670,-0.0,41,0.0,0.0,0.0,0.0,0.0,0,0,0,0,0.0,0,0,0,0,0,0,0,0,0,0,0,0,0,0,0,0,0,0,0,0,0,0,0,0,0,0,0,0,0,0,0,0,0,23,41,40,63,65476,0,300,0,0,8,21553,0.0,-107605600.0,0.0,0.0,0.0,0.0,0.0,0.0,0.0,0.0,0.0,0.0,0.0,0.0,0.0,0.0,0.0,0.0,0.0,0.0,0.0,2.004,2.004,-0.0,-0.0,-2.004,0.0,0.0,0.0,0.0,1648.5,-0.0,0.0,2.7184260577004195e+23,-107615280.0,-0.0,0.0,0.0,0.0,2.004,2.004,68,2.7184285797162108e+23,0.0,0.0,0.0,0.0,0.0,0.0,0.0,0.0,0,0,0,0.0,-42815.562,-3.9184138123065785e+29,0.0,0.0,-510125664.0,-0.0,-1.9038668385693514e+23,-0.649,0.0,-0.0,0.735,-0.0,3427131648.0,0.0,0.009,0,1.3516416376850534e+27,68,0.0,136,0.0,98688.258,0,26215,17071,0,17092,13107,17065,0,0,0,105,99,100,0.0,51.05,0.0,61.45,-107615200.0,63.0,1,47,48,180,0,0,0,0,0.0,0.0,0.0,0.0,108677.031,66.0,0.0,319302816.0,0.0,725,0,695,0,0,0,876,0,980,0,846,0,632,0,613,0,510,0,589,0.032,69544110456832.0,2.004,-0.0,44944,16791,6048516096.0,319302816.0,-3.8310270149874035e+23,-1.075475466204761e+22,56690176.0,0.003,70.0,60.0,66,0.0,0.0,10.0,2.0,0.0,0.0,0.0,0.0,0.0,0.0,0.0,0.0,0.0,0.0,0.0,0.0,62.0,62,18,65518,45,65476,0,300,0,0,8,20529,65476,0,0,44564,60.0,0.0,10.0,10.0,2.0,0.0
2026-02-05T00:04:59,ERR,ERR,ERR,ERR,ERR,ERR,ERR,ERR,ERR,ERR,ERR,ERR,ERR,ERR,ERR,ERR,ERR,ERR,ERR,ERR,ERR,ERR,ERR,ERR,ERR,ERR,ERR,ERR,ERR,ERR,ERR,ERR,ERR,ERR,ERR,ERR,ERR,ERR,ERR,ERR,ERR,ERR,ERR,ERR,ERR,ERR,ERR,ERR,ERR,ERR,ERR,ERR,ERR,ERR,ERR,ERR,ERR,ERR,ERR,ERR,ERR,ERR,ERR,ERR,ERR,ERR,ERR,ERR,ERR,ERR,ERR,ERR,ERR,ERR,ERR,ERR,ERR,ERR,ERR,ERR,ERR,ERR,ERR,ERR,ERR,ERR,ERR,ERR,ERR,ERR,ERR,ERR,ERR,ERR,ERR,ERR,ERR,ERR,ERR,ERR,ERR,ERR,ERR,ERR,ERR,ERR,ERR,ERR,ERR,ERR,ERR,ERR,ERR,ERR,ERR,ERR,ERR,ERR,ERR,ERR,ERR,ERR,ERR,ERR,ERR,2.7184260577004195e+23,-107615280.0,-0.0,0.0,0.0,0.0,-0.0,0.0,0,0,4,0,7670,-0.0,41,0.0,0.0,0.0,0.0,0.0,0,0,0,0,0.0,0,0,0,0,0,0,0,0,0,0,0,0,0,0,0,0,0,0,0,0,0,0,0,0,0,0,0,0,0,0,0,0,0,23,41,40,63,65476,0,300,0,0,8,21553,0.0,-107605600.0,0.0,0.0,0.0,0.0,0.0,0.0,0.0,0.0,0.0,0.0,0.0,0.0,0.0,0.0,0.0,0.0,0.0,0.0,0.0,2.004,2.004,-0.0,-0.0,-2.004,0.0,0.0,0.0,0.0,1648.5,-0.0,0.0,2.7184260577004195e+23,-107615280.0,-0.0,0.0,0.0,0.0,2.004,2.004,68,2.7184285797162108e+23,0.0,0.0,0.0,0.0,0.0,0.0,0.0,0.0,0,0,0,0.0,-42815.562,-3.9184138123065785e+29,0.0,0.0,-510125664.0,-0.0,-1.9038668385693514e+23,-0.649,0.0,-0.0,0.735,-0.0,3427131648.0,0.0,0.009,0,1.3516416376850534e+27,68,0.0,136,0.0,98688.258,0,26215,17071,0,17092,13107,17065,0,0,0,105,99,100,0.0,51.05,0.0,61.45,-107615200.0,63.0,1,47,48,180,0,0,0,0,0.0,0.0,0.0,0.0,108677.031,66.0,0.0,319302816.0,0.0,725,0,695,0,0,0,876,0,980,0,846,0,632,0,613,0,510,0,589,0.032,69544110456832.0,2.004,-0.0,44944,16791,6048516096.0,319302816.0,-3.8310270149874035e+23,-1.075475466204761e+22,56690176.0,0.003,70.0,60.0,66,0.0,0.0,10.0,2.0,0.0,0.0,0.0,0.0,0.0,0.0,0.0,0.0,0.0,0.0,0.0,0.0,62.0,62,18,65518,45,65476,0,300,0,0,8,20529,65476,0,0,44564,60.0,0.0,10.0,10.0,2.0,0.0
2026-02-05T00:05:00,ERR,ERR,ERR,ERR,ERR,ERR,ERR,ERR,ERR,ERR,ERR,ERR,ERR,ERR,ERR,ERR,ERR,ERR,ERR,ERR,ERR,ERR,ERR,ERR,ERR,ERR,ERR,ERR,ERR,ERR,ERR,ERR,ERR,ERR,ERR,ERR,ERR,ERR,ERR,ERR,ERR,ERR,ERR,ERR,ERR,ERR,ERR,ERR,ERR,ERR,ERR,ERR,ERR,ERR,ERR,ERR,ERR,ERR,ERR,ERR,ERR,ERR,ERR,ERR,ERR,ERR,ERR,ERR,ERR,ERR,ERR,ERR,ERR,ERR,ERR,ERR,ERR,ERR,ERR,ERR,ERR,ERR,ERR,ERR,ERR,ERR,ERR,ERR,ERR,ERR,ERR,ERR,ERR,ERR,ERR,ERR,ERR,ERR,ERR,ERR,ERR,ERR,ERR,ERR,ERR,ERR,ERR,ERR,ERR,ERR,ERR,ERR,ERR,ERR,ERR,ERR,ERR,ERR,ERR,ERR,ERR,ERR,ERR,ERR,ERR,2.7184260577004195e+23,-107615280.0,-0.0,0.0,0.0,0.0,-0.0,0.0,0,0,4,0,7670,-0.0,41,0.0,0.0,0.0,0.0,0.0,0,0,0,0,0.0,0,0,0,0,0,0,0,0,0,0,0,0,0,0,0,0,0,0,0,0,0,0,0,0,0,0,0,0,0,0,0,0,0,23,41,40,63,65476,0,300,0,0,8,21553,0.0,-107605600.0,0.0,0.0,0.0,0.0,0.0,0.0,0.0,0.0,0.0,0.0,0.0,0.0,0.0,0.0,0.0,0.0,0.0,0.0,0.0,2.004,2.004,-0.0,-0.0,-2.004,0.0,0.0,0.0,0.0,1648.5,-0.0,0.0,2.7184260577004195e+23,-107615280.0,-0.0,0.0,0.0,0.0,2.004,2.004,68,2.7184285797162108e+23,0.0,0.0,0.0,0.0,0.0,0.0,0.0,0.0,0,0,0,0.0,-42815.562,-3.9184138123065785e+29,0.0,0.0,-510125664.0,-0.0,-1.9038668385693514e+23,-0.649,0.0,-0.0,0.735,-0.0,3427131648.0,0.0,0.009,0,1.3516416376850534e+27,68,0.0,136,0.0,98688.258,0,26215,17071,0,17092,13107,17065,0,0,0,105,99,100,0.0,50.8,0.0,61.45,-107615200.0,63.0,1,47,48,180,0,0,0,0,0.0,0.0,0.0,0.0,1243693568.0,66.0,0.0,0.0,0.0,725,0,695,0,0,0,877,0,980,0,846,0,632,0,613,0,509,0,589,0.032,69269232549888.0,2.004,-0.0,36624,16791,0.001,0.002,129106088.0,7.19883806399529e+16,-49473.5,-1.1140096121779939e+20,70.0,60.0,66,0.0,0.0,10.0,2.0,0.0,0.0,0.0,0.0,0.0,0.0,0.0,0.0,0.0,0.0,0.0,0.0,62.0,62,18,65518,45,65476,0,300,0,0,8,20529,65476,0,0,44564,60.0,0.0,10.0,10.0,2.0,0.0
2026-02-05T00:05:01,ERR,ERR,ERR,ERR,ERR,ERR,ERR,ERR,ERR,ERR,ERR,ERR,ERR,ERR,ERR,ERR,ERR,ERR,ERR,ERR,ERR,ERR,ERR,ERR,ERR,ERR,ERR,ERR,ERR,ERR,ERR,ERR,ERR,ERR,ERR,ERR,ERR,ERR,ERR,ERR,ERR,ERR,ERR,ERR,ERR,ERR,ERR,ERR,ERR,ERR,ERR,ERR,ERR,ERR,ERR,ERR,ERR,ERR,ERR,ERR,ERR,ERR,ERR,ERR,ERR,ERR,ERR,ERR,ERR,ERR,ERR,ERR,ERR,ERR,ERR,ERR,ERR,ERR,ERR,ERR,ERR,ERR,ERR,ERR,ERR,ERR,ERR,ERR,ERR,ERR,ERR,ERR,ERR,ERR,ERR,ERR,ERR,ERR,ERR,ERR,ERR,ERR,ERR,ERR,ERR,ERR,ERR,ERR,ERR,ERR,ERR,ERR,ERR,ERR,ERR,ERR,ERR,ERR,ERR,ERR,ERR,ERR,ERR,ERR,ERR,2.7184260577004195e+23,-107615280.0,-0.0,0.0,0.0,-0.0,nan,0.0,0,0,4,0,7670,-0.0,41,0.0,0.0,0.0,0.0,0.0,0,0,0,0,0.0,0,0,0,0,0,0,0,0,0,0,0,0,0,0,0,0,0,0,0,0,0,0,0,0,0,0,0,0,0,0,0,0,0,23,41,40,63,65476,0,300,0,0,8,21553,0.0,-107605600.0,0.0,0.0,0.0,0.0,0.0,0.0,0.0,0.0,0.0,0.0,0.0,0.0,0.0,0.0,0.0,0.0,0.0,0.0,0.0,2.004,2.004,-0.0,-0.0,-0.0,0.0,0.0,0.0,0.0,1647.25,-3.697095094061918e+19,0.0,2.7184260577004195e+23,-107615280.0,-0.0,2.7184312818759872e+23,0.0,0.0,2.004,2.004,68,152018320621568.0,-71.628,0.0,0.0,0.0,0.0,0.0,0.0,0.0,0,0,0,0.0,-3.676024712934195e+17,-3.686948671976992e+28,0.0,0.0,32648042496.0,-0.0,-0.0,3.4192116969305957e+25,0.0,-0.0,0.739,-0.0,3443908864.0,0.0,-1.658,0,1.3516416376850534e+27,68,0.0,136,0.0,98688.258,0,26215,17071,0,17092,13107,17065,0,0,0,105,99,100,0.0,50.8,0.0,61.45,-107615200.0,63.0,1,47,48,180,0,0,0,0,0.0,0.0,0.0,0.0,1243693568.0,66.0,0.0,0.0,0.0,725,0,695,0,0,0,877,0,980,0,846,0,632,0,613,0,509,0,589,0.032,69269232549888.0,2.004,-0.0,36624,16791,0.001,0.002,129106088.0,7.19883806399529e+16,-49473.5,-1.1140096121779939e+20,70.0,60.0,66,0.0,0.0,10.0,2.0,0.0,0.0,0.0,0.0,0.0,0.0,0.0,0.0,0.0,0.0,0.0,0.0,62.0,62,18,65518,45,65476,0,300,0,0,8,20529,65476,0,0,44564,60.0,0.0,10.0,10.0,2.0,0.0
2026-02-05T00:05:02,ERR,ERR,ERR,ERR,ERR,ERR,ERR,ERR,ERR,ERR,ERR,ERR,ERR,ERR,ERR,ERR,ERR,ERR,ERR,ERR,ERR,ERR,ERR,ERR,ERR,ERR,ERR,ERR,ERR,ERR,ERR,ERR,ERR,ERR,ERR,ERR,ERR,ERR,ERR,ERR,ERR,ERR,ERR,ERR,ERR,ERR,ERR,ERR,ERR,ERR,ERR,ERR,ERR,ERR,ERR,ERR,ERR,ERR,ERR,ERR,ERR,ERR,ERR,ERR,ERR,ERR,ERR,ERR,ERR,ERR,ERR,ERR,ERR,ERR,ERR,ERR,ERR,ERR,ERR,ERR,ERR,ERR,ERR,ERR,ERR,ERR,ERR,ERR,ERR,ERR,ERR,ERR,ERR,ERR,ERR,ERR,ERR,ERR,ERR,ERR,ERR,ERR,ERR,ERR,ERR,ERR,ERR,ERR,ERR,ERR,ERR,ERR,ERR,ERR,ERR,ERR,ERR,ERR,ERR,ERR,ERR,ERR,ERR,ERR,ERR,2.7184260577004195e+23,-107615280.0,-0.0,0.0,0.0,-0.0,nan,0.0,0,0,4,0,7670,-0.0,41,0.0,0.0,0.0,0.0,0.0,0,0,0,0,0.0,0,0,0,0,0,0,0,0,0,0,0,0,0,0,0,0,0,0,0,0,0,0,0,0,0,0,0,0,0,0,0,0,0,23,41,40,63,65476,0,300,0,0,8,21553,0.0,-107605600.0,0.0,0.0,0.0,0.0,0.0,0.0,0.0,0.0,0.0,0.0,0.0,0.0,0.0,0.0,0.0,0.0,0.0,0.0,0.0,2.004,2.004,-0.0,-0.0,-0.0,0.0,0.0,0.0,0.0,1647.25,-3.697095094061918e+19,0.0,2.7184260577004195e+23,-107615280.0,-0.0,2.7184312818759872e+23,0.0,0.0,2.004,2.004,68,152018320621568.0,-71.628,0.0,0.0,0.0,0.0,0.0,0.0,0.0,0,0,0,0.0,-3.676024712934195e+17,-3.686948671976992e+28,0.0,0.0,32648042496.0,-0.0,-0.0,3.4192116969305957e+25,0.0,-0.0,0.739,-0.0,3443908864.0,0.0,-1.658,0,1.3516416376850534e+27,68,0.0,136,0.0,98688.258,0,26215,17071,0,17092,13107,17065,0,0,0,105,99,100,0.0,50.8,0.0,61.45,-107615200.0,63.0,1,47,48,180,0,0,0,0,0.0,0.0,0.0,0.0,1243693568.0,66.0,0.0,0.0,0.0,725,0,695,0,0,0,877,0,980,0,846,0,632,0,613,0,509,0,589,0.032,69269232549888.0,2.004,-0.0,36624,16791,0.001,0.002,129106088.0,7.19883806399529e+16,-49473.5,-1.1140096121779939e+20,70.0,60.0,66,0.0,0.0,10.0,2.0,0.0,0.0,0.0,0.0,0.0,0.0,0.0,0.0,0.0,0.0,0.0,0.0,62.0,62,18,65518,45,65476,0,300,0,0,8,20529,65476,0,0,44564,60.0,0.0,10.0,10.0,2.0,0.0
2026-02-05T00:05:03,ERR,ERR,ERR,ERR,ERR,ERR,ERR,ERR,ERR,ERR,ERR,ERR,ERR,ERR,ERR,ERR,ERR,ERR,ERR,ERR,ERR,ERR,ERR,ERR,ERR,ERR,ERR,ERR,ERR,ERR,ERR,ERR,ERR,ERR,ERR,ERR,ERR,ERR,ERR,ERR,ERR,ERR,ERR,ERR,ERR,ERR,ERR,ERR,ERR,ERR,ERR,ERR,ERR,ERR,ERR,ERR,ERR,ERR,ERR,ERR,ERR,ERR,ERR,ERR,ERR,ERR,ERR,ERR,ERR,ERR,ERR,ERR,ERR,ERR,ERR,ERR,ERR,ERR,ERR,ERR,ERR,ERR,ERR,ERR,ERR,ERR,ERR,ERR,ERR,ERR,ERR,ERR,ERR,ERR,ERR,ERR,ERR,ERR,ERR,ERR,ERR,ERR,ERR,ERR,ERR,ERR,ERR,ERR,ERR,ERR,ERR,ERR,ERR,ERR,ERR,ERR,ERR,ERR,ERR,ERR,ERR,ERR,ERR,ERR,ERR,2.7184260577004195e+23,-107615280.0,-0.0,0.0,0.0,-0.0,nan,0.0,0,0,4,0,7670,-0.0,41,0.0,0.0,0.0,0.0,0.0,0,0,0,0,0.0,0,0,0,0,0,0,0,0,0,0,0,0,0,0,0,0,0,0,0,0,0,0,0,0,0,0,0,0,0,0,0,0,0,23,41,40,63,65476,0,300,0,0,8,21553,0.0,-107605600.0,0.0,0.0,0.0,0.0,0.0,0.0,0.0,0.0,0.0,0.0,0.0,0.0,0.0,0.0,0.0,0.0,0.0,0.0,0.0,2.004,2.004,-0.0,-0.0,-0.0,0.0,0.0,0.0,0.0,1647.25,-3.697095094061918e+19,0.0,2.7184260577004195e+23,-107615280.0,-0.0,2.7184312818759872e+23,0.0,0.0,2.004,2.004,68,152018320621568.0,-71.628,0.0,0.0,0.0,0.0,0.0,0.0,0.0,0,0,0,0.0,-3.676024712934195e+17,-3.686948671976992e+28,0.0,0.0,32648042496.0,-0.0,-0.0,3.4192116969305957e+25,0.0,-0.0,0.739,-0.0,3443908864.0,0.0,-1.658,0,1.3516416376850534e+27,68,0.0,136,0.0,98688.258,0,26215,17071,0,17092,13107,17065,0,0,0,105,99,100,0.0,50.8,0.0,61.45,-107615200.0,63.0,1,47,48,180,0,0,0,0,0.0,0.0,0.0,0.0,1243693568.0,66.0,0.0,0.0,0.0,725,0,695,0,0,0,877,0,980,0,846,0,632,0,613,0,509,0,589,0.032,69269232549888.0,2.004,-0.0,36624,16791,0.001,0.002,129106088.0,7.19883806399529e+16,-49473.5,-1.1140096121779939e+20,70.0,60.0,66,0.0,0.0,10.0,2.0,0.0,0.0,0.0,0.0,0.0,0.0,0.0,0.0,0.0,0.0,0.0,0.0,62.0,62,18,65518,45,65476,0,300,0,0,8,20529,65476,0,0,44564,60.0,0.0,10.0,10.0,2.0,0.0
2026-02-05T00:05:04,ERR,ERR,ERR,ERR,ERR,ERR,ERR,ERR,ERR,ERR,ERR,ERR,ERR,ERR,ERR,ERR,ERR,ERR,ERR,ERR,ERR,ERR,ERR,ERR,ERR,ERR,ERR,ERR,ERR,ERR,ERR,ERR,ERR,ERR,ERR,ERR,ERR,ERR,ERR,ERR,ERR,ERR,ERR,ERR,ERR,ERR,ERR,ERR,ERR,ERR,ERR,ERR,ERR,ERR,ERR,ERR,ERR,ERR,ERR,ERR,ERR,ERR,ERR,ERR,ERR,ERR,ERR,ERR,ERR,ERR,ERR,ERR,ERR,ERR,ERR,ERR,ERR,ERR,ERR,ERR,ERR,ERR,ERR,ERR,ERR,ERR,ERR,ERR,ERR,ERR,ERR,ERR,ERR,ERR,ERR,ERR,ERR,ERR,ERR,ERR,ERR,ERR,ERR,ERR,ERR,ERR,ERR,ERR,ERR,ERR,ERR,ERR,ERR,ERR,ERR,ERR,ERR,ERR,ERR,ERR,ERR,ERR,ERR,ERR,ERR,2.7184260577004195e+23,-107615280.0,-0.0,0.0,0.0,-0.0,nan,0.0,0,0,4,0,7670,-0.0,41,0.0,0.0,0.0,0.0,0.0,0,0,0,0,0.0,0,0,0,0,0,0,0,0,0,0,0,0,0,0,0,0,0,0,0,0,0,0,0,0,0,0,0,0,0,0,0,0,0,23,41,40,63,65476,0,300,0,0,8,21553,0.0,-107605600.0,0.0,0.0,0.0,0.0,0.0,0.0,0.0,0.0,0.0,0.0,0.0,0.0,0.0,0.0,0.0,0.0,0.0,0.0,0.0,2.004,2.004,-0.0,-0.0,-0.0,0.0,0.0,0.0,0.0,1647.25,-3.697095094061918e+19,0.0,2.7184260577004195e+23,-107615280.0,-0.0,2.7184312818759872e+23,0.0,0.0,2.004,2.004,68,152018320621568.0,-71.628,0.0,0.0,0.0,0.0,0.0,0.0,0.0,0,0,0,0.0,-3.676024712934195e+17,-3.686948671976992e+28,0.0,0.0,32648042496.0,-0.0,-0.0,3.4192116969305957e+25,0.0,-0.0,0.739,-0.0,3443908864.0,0.0,-1.658,0,1.3516416376850534e+27,68,0.0,136,0.0,98688.258,0,26215,17071,0,17092,13107,17065,0,0,0,105,99,100,0.0,50.8,0.0,61.45,-107615200.0,63.0,1,47,48,180,0,0,0,0,0.0,0.0,0.0,0.0,1243693568.0,66.0,0.0,0.0,0.0,725,0,695,0,0,0,877,0,980,0,846,0,632,0,613,0,509,0,589,0.032,69269232549888.0,2.004,-0.0,36624,16791,0.001,0.002,129106088.0,7.19883806399529e+16,-49473.5,-1.1140096121779939e+20,70.0,60.0,66,0.0,0.0,10.0,2.0,0.0,0.0,0.0,0.0,0.0,0.0,0.0,0.0,0.0,0.0,0.0,0.0,62.0,62,18,65518,45,65476,0,300,0,0,8,20529,65476,0,0,44564,60.0,0.0,10.0,10.0,2.0,0.0
2026-02-05T00:05:05,ERR,ERR,ERR,ERR,ERR,ERR,ERR,ERR,ERR,ERR,ERR,ERR,ERR,ERR,ERR,ERR,ERR,ERR,ERR,ERR,ERR,ERR,ERR,ERR,ERR,ERR,ERR,ERR,ERR,ERR,ERR,ERR,ERR,ERR,ERR,ERR,ERR,ERR,ERR,ERR,ERR,ERR,ERR,ERR,ERR,ERR,ERR,ERR,ERR,ERR,ERR,ERR,ERR,ERR,ERR,ERR,ERR,ERR,ERR,ERR,ERR,ERR,ERR,ERR,ERR,ERR,ERR,ERR,ERR,ERR,ERR,ERR,ERR,ERR,ERR,ERR,ERR,ERR,ERR,ERR,ERR,ERR,ERR,ERR,ERR,ERR,ERR,ERR,ERR,ERR,ERR,ERR,ERR,ERR,ERR,ERR,ERR,ERR,ERR,ERR,ERR,ERR,ERR,ERR,ERR,ERR,ERR,ERR,ERR,ERR,ERR,ERR,ERR,ERR,ERR,ERR,ERR,ERR,ERR,ERR,ERR,ERR,ERR,ERR,ERR,2.7184260577004195e+23,-107615280.0,-0.0,0.0,0.0,-0.0,nan,0.0,0,0,4,0,7670,-0.0,41,0.0,0.0,0.0,0.0,0.0,0,0,0,0,0.0,0,0,0,0,0,0,0,0,0,0,0,0,0,0,0,0,0,0,0,0,0,0,0,0,0,0,0,0,0,0,0,0,0,23,41,40,63,65476,0,300,0,0,8,21553,0.0,-107605600.0,0.0,0.0,0.0,0.0,0.0,0.0,0.0,0.0,0.0,0.0,0.0,0.0,0.0,0.0,0.0,0.0,0.0,0.0,0.0,2.004,2.004,-0.0,-0.0,-0.0,0.0,0.0,0.0,0.0,1647.25,-3.697095094061918e+19,0.0,2.7184260577004195e+23,-107615280.0,-0.0,2.7184312818759872e+23,0.0,0.0,2.004,2.004,68,152018320621568.0,-71.628,0.0,0.0,0.0,0.0,0.0,0.0,0.0,0,0,0,0.0,-3.676024712934195e+17,-3.686948671976992e+28,0.0,0.0,32648042496.0,-0.0,-0.0,3.4192116969305957e+25,0.0,-0.0,0.739,-0.0,3443908864.0,0.0,-1.658,0,1.3516416376850534e+27,68,0.0,136,0.0,98688.258,0,26215,17071,0,17092,13107,17065,0,0,0,105,99,100,-0.0,51.05,0.0,61.45,-107615200.0,63.0,1,47,48,180,0,0,0,0,0.0,0.0,0.0,0.0,0.001,66.0,0.0,-0.0,0.0,725,0,695,0,0,0,877,0,980,0,846,0,632,0,613,0,509,0,590,0.032,69818988363776.0,2.004,-0.0,51856,16791,9.266,-0.0,-0.0,-3.9397614071510696e+35,0.0,62740848705536.0,70.0,60.0,66,0.0,0.0,10.0,2.0,0.0,0.0,0.0,0.0,0.0,0.0,0.0,0.0,0.0,0.0,0.0,0.0,62.0,62,18,65518,45,65476,0,300,0,0,8,20529,65476,0,0,44564,60.0,0.0,10.0,10.0,2.0,0.0
2026-02-05T00:05:06,ERR,ERR,ERR,ERR,ERR,ERR,ERR,ERR,ERR,ERR,ERR,ERR,ERR,ERR,ERR,ERR,ERR,ERR,ERR,ERR,ERR,ERR,ERR,ERR,ERR,ERR,ERR,ERR,ERR,ERR,ERR,ERR,ERR,ERR,ERR,ERR,ERR,ERR,ERR,ERR,ERR,ERR,ERR,ERR,ERR,ERR,ERR,ERR,ERR,ERR,ERR,ERR,ERR,ERR,ERR,ERR,ERR,ERR,ERR,ERR,ERR,ERR,ERR,ERR,ERR,ERR,ERR,ERR,ERR,ERR,ERR,ERR,ERR,ERR,ERR,ERR,ERR,ERR,ERR,ERR,ERR,ERR,ERR,ERR,ERR,ERR,ERR,ERR,ERR,ERR,ERR,ERR,ERR,ERR,ERR,ERR,ERR,ERR,ERR,ERR,ERR,ERR,ERR,ERR,ERR,ERR,ERR,ERR,ERR,ERR,ERR,ERR,ERR,ERR,ERR,ERR,ERR,ERR,ERR,ERR,ERR,ERR,ERR,ERR,ERR,2.7184260577004195e+23,-107615280.0,-0.0,0.0,0.0,-0.0,nan,0.0,0,0,4,0,7670,-0.0,41,0.0,0.0,0.0,0.0,0.0,0,0,0,0,0.0,0,0,0,0,0,0,0,0,0,0,0,0,0,0,0,0,0,0,0,0,0,0,0,0,0,0,0,0,0,0,0,0,0,23,41,40,63,65476,0,300,0,0,8,21553,0.0,-107605600.0,0.0,0.0,0.0,0.0,0.0,0.0,0.0,0.0,0.0,0.0,0.0,0.0,0.0,0.0,0.0,0.0,0.0,0.0,0.0,2.004,2.004,-0.0,-0.0,-0.0,0.0,0.0,0.0,0.0,1647.25,-3.697095094061918e+19,0.0,2.7184260577004195e+23,-107615280.0,-0.0,2.7184312818759872e+23,0.0,0.0,2.004,2.004,68,152018320621568.0,-71.628,0.0,0.0,0.0,0.0,0.0,0.0,0.0,0,0,0,0.0,-3.676024712934195e+17,-3.686948671976992e+28,0.0,0.0,32648042496.0,-0.0,-0.0,3.4192116969305957e+25,0.0,-0.0,0.739,-0.0,3443908864.0,0.0,-1.658,0,1.3516416376850534e+27,68,0.0,136,0.0,98688.258,0,26215,17071,0,17092,13107,17065,0,0,0,105,99,100,-0.0,51.05,0.0,61.45,-107615200.0,63.0,1,47,48,180,0,0,0,0,0.0,0.0,0.0,0.0,0.001,66.0,0.0,-0.0,0.0,725,0,695,0,0,0,877,0,980,0,846,0,632,0,613,0,509,0,590,0.032,69818988363776.0,2.004,-0.0,51856,16791,9.266,-0.0,-0.0,-3.9397614071510696e+35,0.0,62740848705536.0,70.0,60.0,66,0.0,0.0,10.0,2.0,0.0,0.0,0.0,0.0,0.0,0.0,0.0,0.0,0.0,0.0,0.0,0.0,62.4,62,18,65518,45,65476,0,300,0,0,8,20529,65476,0,0,44564,60.0,0.0,10.0,10.0,2.0,0.0
2026-02-05T00:05:07,ERR,ERR,ERR,ERR,ERR,ERR,ERR,ERR,ERR,ERR,ERR,ERR,ERR,ERR,ERR,ERR,ERR,ERR,ERR,ERR,ERR,ERR,ERR,ERR,ERR,ERR,ERR,ERR,ERR,ERR,ERR,ERR,ERR,ERR,ERR,ERR,ERR,ERR,ERR,ERR,ERR,ERR,ERR,ERR,ERR,ERR,ERR,ERR,ERR,ERR,ERR,ERR,ERR,ERR,ERR,ERR,ERR,ERR,ERR,ERR,ERR,ERR,ERR,ERR,ERR,ERR,ERR,ERR,ERR,ERR,ERR,ERR,ERR,ERR,ERR,ERR,ERR,ERR,ERR,ERR,ERR,ERR,ERR,ERR,ERR,ERR,ERR,ERR,ERR,ERR,ERR,ERR,ERR,ERR,ERR,ERR,ERR,ERR,ERR,ERR,ERR,ERR,ERR,ERR,ERR,ERR,ERR,ERR,ERR,ERR,ERR,ERR,ERR,ERR,ERR,ERR,ERR,ERR,ERR,ERR,ERR,ERR,ERR,ERR,ERR,2.7184260577004195e+23,-107615280.0,-0.0,0.0,0.0,-4583.767,1.0119470591769809e+27,0.0,0,0,4,0,7670,-0.0,41,0.0,0.0,0.0,0.0,0.0,0,0,0,0,0.0,0,0,0,0,0,0,0,0,0,0,0,0,0,0,0,0,0,0,0,0,0,0,0,0,0,0,0,0,0,0,0,0,0,23,41,40,63,65476,0,300,0,0,8,21553,0.0,-107605600.0,0.0,0.0,0.0,0.0,0.0,0.0,0.0,0.0,0.0,0.0,0.0,0.0,0.0,0.0,0.0,0.0,0.0,0.0,0.0,2.004,2.004,-0.0,-0.0,-2.004,0.0,0.0,0.0,0.0,1647.0,-0.0,0.0,2.7184260577004195e+23,-107615280.0,-0.0,2.7184312818759872e+23,0.0,0.0,2.004,2.004,68,126841044992.0,-0.0,0.0,0.0,0.0,0.0,0.0,0.0,0.0,0,0,0,0.0,6.042641926257154e+28,-6.229848018433393e+30,1.2183473788581259e+25,0.0,1.5368280402724218e+26,-106247013531648.0,-0.0,0.0,0.0,-0.0,0.739,-0.0,3477463296.0,0.0,-1.5790182693758566e+17,0,1.3516416376850534e+27,68,0.0,136,0.0,98688.258,0,26215,17071,0,17092,13107,17065,0,0,0,105,99,100,-0.0,51.05,0.0,61.45,-107615200.0,63.0,1,47,48,180,0,0,0,0,0.0,0.0,0.0,0.0,0.001,66.0,0.0,-0.0,0.0,725,0,695,0,0,0,877,0,980,0,846,0,632,0,613,0,509,0,590,0.032,69818988363776.0,2.004,-0.0,51856,16791,9.266,-0.0,-0.0,-3.9397614071510696e+35,0.0,62740848705536.0,70.0,60.0,66,0.0,0.0,10.0,2.0,0.0,0.0,0.0,0.0,0.0,0.0,0.0,0.0,0.0,0.0,0.0,0.0,62.4,62,18,65518,45,65476,0,300,0,0,8,20529,65476,0,0,44564,60.0,0.0,10.0,10.0,2.0,0.0
2026-02-05T00:05:08,ERR,ERR,ERR,ERR,ERR,ERR,ERR,ERR,ERR,ERR,ERR,ERR,ERR,ERR,ERR,ERR,ERR,ERR,ERR,ERR,ERR,ERR,ERR,ERR,ERR,ERR,ERR,ERR,ERR,ERR,ERR,ERR,ERR,ERR,ERR,ERR,ERR,ERR,ERR,ERR,ERR,ERR,ERR,ERR,ERR,ERR,ERR,ERR,ERR,ERR,ERR,ERR,ERR,ERR,ERR,ERR,ERR,ERR,ERR,ERR,ERR,ERR,ERR,ERR,ERR,ERR,ERR,ERR,ERR,ERR,ERR,ERR,ERR,ERR,ERR,ERR,ERR,ERR,ERR,ERR,ERR,ERR,ERR,ERR,ERR,ERR,ERR,ERR,ERR,ERR,ERR,ERR,ERR,ERR,ERR,ERR,ERR,ERR,ERR,ERR,ERR,ERR,ERR,ERR,ERR,ERR,ERR,ERR,ERR,ERR,ERR,ERR,ERR,ERR,ERR,ERR,ERR,ERR,ERR,ERR,ERR,ERR,ERR,ERR,ERR,2.7184260577004195e+23,-107615280.0,-0.0,0.0,0.0,-4583.767,1.0119470591769809e+27,0.0,0,0,4,0,7670,-0.0,41,0.0,0.0,0.0,0.0,0.0,0,0,0,0,0.0,0,0,0,0,0,0,0,0,0,0,0,0,0,0,0,0,0,0,0,0,0,0,0,0,0,0,0,0,0,0,0,0,0,23,41,40,63,65476,0,300,0,0,8,21553,0.0,-107605600.0,0.0,0.0,0.0,0.0,0.0,0.0,0.0,0.0,0.0,0.0,0.0,0.0,0.0,0.0,0.0,0.0,0.0,0.0,0.0,2.004,2.004,-0.0,-0.0,-2.004,0.0,0.0,0.0,0.0,1647.0,-0.0,0.0,2.7184260577004195e+23,-107615280.0,-0.0,2.7184312818759872e+23,0.0,0.0,2.004,2.004,68,126841044992.0,-0.0,0.0,0.0,0.0,0.0,0.0,0.0,0.0,0,0,0,0.0,6.042641926257154e+28,-6.229848018433393e+30,1.2183473788581259e+25,0.0,1.5368280402724218e+26,-106247013531648.0,-0.0,0.0,0.0,-0.0,0.739,-0.0,3477463296.0,0.0,-1.5790182693758566e+17,0,1.3516416376850534e+27,68,0.0,136,0.0,98688.258,0,26215,17071,0,17092,13107,17065,0,0,0,105,99,100,-0.0,51.05,0.0,61.45,-107615200.0,63.0,1,47,48,180,0,0,0,0,0.0,0.0,0.0,0.0,0.001,66.0,0.0,-0.0,0.0,725,0,695,0,0,0,877,0,980,0,846,0,632,0,613,0,509,0,590,0.032,69818988363776.0,2.004,-0.0,51856,16791,9.266,-0.0,-0.0,-3.9397614071510696e+35,0.0,62740848705536.0,70.0,60.0,66,0.0,0.0,10.0,2.0,0.0,0.0,0.0,0.0,0.0,0.0,0.0,0.0,0.0,0.0,0.0,0.0,62.0,62,18,65518,45,65476,0,300,0,0,8,20529,65476,0,0,44564,60.0,0.0,10.0,10.0,2.0,0.0
2026-02-05T00:05:09,ERR,ERR,ERR,ERR,ERR,ERR,ERR,ERR,ERR,ERR,ERR,ERR,ERR,ERR,ERR,ERR,ERR,ERR,ERR,ERR,ERR,ERR,ERR,ERR,ERR,ERR,ERR,ERR,ERR,ERR,ERR,ERR,ERR,ERR,ERR,ERR,ERR,ERR,ERR,ERR,ERR,ERR,ERR,ERR,ERR,ERR,ERR,ERR,ERR,ERR,ERR,ERR,ERR,ERR,ERR,ERR,ERR,ERR,ERR,ERR,ERR,ERR,ERR,ERR,ERR,ERR,ERR,ERR,ERR,ERR,ERR,ERR,ERR,ERR,ERR,ERR,ERR,ERR,ERR,ERR,ERR,ERR,ERR,ERR,ERR,ERR,ERR,ERR,ERR,ERR,ERR,ERR,ERR,ERR,ERR,ERR,ERR,ERR,ERR,ERR,ERR,ERR,ERR,ERR,ERR,ERR,ERR,ERR,ERR,ERR,ERR,ERR,ERR,ERR,ERR,ERR,ERR,ERR,ERR,ERR,ERR,ERR,ERR,ERR,ERR,2.7184260577004195e+23,-107615280.0,-0.0,0.0,0.0,-4583.767,1.0119470591769809e+27,0.0,0,0,4,0,7670,-0.0,41,0.0,0.0,0.0,0.0,0.0,0,0,0,0,0.0,0,0,0,0,0,0,0,0,0,0,0,0,0,0,0,0,0,0,0,0,0,0,0,0,0,0,0,0,0,0,0,0,0,23,41,40,63,65476,0,300,0,0,8,21553,0.0,-107605600.0,0.0,0.0,0.0,0.0,0.0,0.0,0.0,0.0,0.0,0.0,0.0,0.0,0.0,0.0,0.0,0.0,0.0,0.0,0.0,2.004,2.004,-0.0,-0.0,-2.004,0.0,0.0,0.0,0.0,1647.0,-0.0,0.0,2.7184260577004195e+23,-107615280.0,-0.0,2.7184312818759872e+23,0.0,0.0,2.004,2.004,68,126841044992.0,-0.0,0.0,0.0,0.0,0.0,0.0,0.0,0.0,0,0,0,0.0,6.042641926257154e+28,-6.229848018433393e+30,1.2183473788581259e+25,0.0,1.5368280402724218e+26,-106247013531648.0,-0.0,0.0,0.0,-0.0,0.739,-0.0,3477463296.0,0.0,-1.5790182693758566e+17,0,1.3516416376850534e+27,68,0.0,136,0.0,98688.258,0,26215,17071,0,17092,13107,17065,0,0,0,105,99,100,0.0,51.05,0.0,61.45,-107615200.0,63.0,1,47,48,180,0,0,0,0,0.0,0.0,0.0,0.0,0.007,66.0,0.0,-3.5185602167465574e+17,0.0,725,0,695,0,0,0,876,0,980,0,846,0,632,0,613,0,510,0,590,0.032,69544110456832.0,-0.0,0.0,35984,16791,0.0,-3.5185602167465574e+17,-0.0,-5427566592.0,2596.094,-0.0,70.0,60.0,66,0.0,0.0,10.0,2.0,0.0,0.0,0.0,0.0,0.0,0.0,0.0,0.0,0.0,0.0,0.0,0.0,62.0,62,18,65518,45,65476,0,300,0,0,8,20529,65476,0,0,44564,60.0,0.0,10.0,10.0,2.0,0.0
2026-02-05T00:05:10,ERR,ERR,ERR,ERR,ERR,ERR,ERR,ERR,ERR,ERR,ERR,ERR,ERR,ERR,ERR,ERR,ERR,ERR,ERR,ERR,ERR,ERR,ERR,ERR,ERR,ERR,ERR,ERR,ERR,ERR,ERR,ERR,ERR,ERR,ERR,ERR,ERR,ERR,ERR,ERR,ERR,ERR,ERR,ERR,ERR,ERR,ERR,ERR,ERR,ERR,ERR,ERR,ERR,ERR,ERR,ERR,ERR,ERR,ERR,ERR,ERR,ERR,ERR,ERR,ERR,ERR,ERR,ERR,ERR,ERR,ERR,ERR,ERR,ERR,ERR,ERR,ERR,ERR,ERR,ERR,ERR,ERR,ERR,ERR,ERR,ERR,ERR,ERR,ERR,ERR,ERR,ERR,ERR,ERR,ERR,ERR,ERR,ERR,ERR,ERR,ERR,ERR,ERR,ERR,ERR,ERR,ERR,ERR,ERR,ERR,ERR,ERR,ERR,ERR,ERR,ERR,ERR,ERR,ERR,ERR,ERR,ERR,ERR,ERR,ERR,2.7184260577004195e+23,-107615280.0,-0.0,0.0,0.0,-4583.767,1.0119470591769809e+27,0.0,0,0,4,0,7670,-0.0,41,0.0,0.0,0.0,0.0,0.0,0,0,0,0,0.0,0,0,0,0,0,0,0,0,0,0,0,0,0,0,0,0,0,0,0,0,0,0,0,0,0,0,0,0,0,0,0,0,0,23,41,40,63,65476,0,300,0,0,8,21553,0.0,-107605600.0,0.0,0.0,0.0,0.0,0.0,0.0,0.0,0.0,0.0,0.0,0.0,0.0,0.0,0.0,0.0,0.0,0.0,0.0,0.0,2.004,2.004,-0.0,-0.0,-2.004,0.0,0.0,0.0,0.0,1647.0,-0.0,0.0,2.7184260577004195e+23,-107615280.0,-0.0,2.7184312818759872e+23,0.0,0.0,2.004,2.004,68,126841044992.0,-0.0,0.0,0.0,0.0,0.0,0.0,0.0,0.0,0,0,0,0.0,6.042641926257154e+28,-6.229848018433393e+30,1.2183473788581259e+25,0.0,1.5368280402724218e+26,-106247013531648.0,-0.0,0.0,0.0,-0.0,0.739,-0.0,3477463296.0,0.0,-1.5790182693758566e+17,0,1.3516416376850534e+27,68,0.0,136,0.0,98688.258,0,26215,17071,0,17092,13107,17065,0,0,0,105,99,100,0.0,51.05,0.0,61.45,-107615200.0,63.0,1,47,48,180,0,0,0,0,0.0,0.0,0.0,0.0,0.007,66.0,0.0,-3.5185602167465574e+17,0.0,725,0,695,0,0,0,876,0,980,0,846,0,632,0,613,0,510,0,590,0.032,69544110456832.0,-0.0,0.0,35984,16791,0.0,-3.5185602167465574e+17,-0.0,-5427566592.0,2596.094,-0.0,70.0,60.0,66,0.0,0.0,10.0,2.0,0.0,0.0,0.0,0.0,0.0,0.0,0.0,0.0,0.0,0.0,0.0,0.0,62.0,62,18,65518,45,65476,0,300,0,0,8,20529,65476,0,0,44564,60.0,0.0,10.0,10.0,2.0,0.0
2026-02-05T00:05:11,ERR,ERR,ERR,ERR,ERR,ERR,ERR,ERR,ERR,ERR,ERR,ERR,ERR,ERR,ERR,ERR,ERR,ERR,ERR,ERR,ERR,ERR,ERR,ERR,ERR,ERR,ERR,ERR,ERR,ERR,ERR,ERR,ERR,ERR,ERR,ERR,ERR,ERR,ERR,ERR,ERR,ERR,ERR,ERR,ERR,ERR,ERR,ERR,ERR,ERR,ERR,ERR,ERR,ERR,ERR,ERR,ERR,ERR,ERR,ERR,ERR,ERR,ERR,ERR,ERR,ERR,ERR,ERR,ERR,ERR,ERR,ERR,ERR,ERR,ERR,ERR,ERR,ERR,ERR,ERR,ERR,ERR,ERR,ERR,ERR,ERR,ERR,ERR,ERR,ERR,ERR,ERR,ERR,ERR,ERR,ERR,ERR,ERR,ERR,ERR,ERR,ERR,ERR,ERR,ERR,ERR,ERR,ERR,ERR,ERR,ERR,ERR,ERR,ERR,ERR,ERR,ERR,ERR,ERR,ERR,ERR,ERR,ERR,ERR,ERR,2.7184260577004195e+23,-107615280.0,-0.0,0.0,0.0,-4583.767,1.0119470591769809e+27,0.0,0,0,4,0,7670,-0.0,41,0.0,0.0,0.0,0.0,0.0,0,0,0,0,0.0,0,0,0,0,0,0,0,0,0,0,0,0,0,0,0,0,0,0,0,0,0,0,0,0,0,0,0,0,0,0,0,0,0,23,41,40,63,65476,0,300,0,0,8,21553,0.0,-107605600.0,0.0,0.0,0.0,0.0,0.0,0.0,0.0,0.0,0.0,0.0,0.0,0.0,0.0,0.0,0.0,0.0,0.0,0.0,0.0,2.004,2.004,-0.0,-0.0,-2.004,0.0,0.0,0.0,0.0,1647.0,-0.0,0.0,2.7184260577004195e+23,-107615280.0,-0.0,2.7184312818759872e+23,0.0,0.0,2.004,2.004,68,126841044992.0,-0.0,0.0,0.0,0.0,0.0,0.0,0.0,0.0,0,0,0,0.0,6.042641926257154e+28,-6.229848018433393e+30,1.2183473788581259e+25,0.0,1.5368280402724218e+26,-106247013531648.0,-0.0,0.0,0.0,-0.0,0.739,-0.0,3477463296.0,0.0,-1.5790182693758566e+17,0,1.3516416376850534e+27,68,0.0,136,0.0,98688.258,0,26215,17071,0,17092,13107,17065,0,0,0,105,99,100,0.0,51.05,0.0,61.45,-107615200.0,63.0,1,47,48,180,0,0,0,0,0.0,0.0,0.0,0.0,0.007,66.0,0.0,-3.5185602167465574e+17,0.0,725,0,695,0,0,0,876,0,980,0,846,0,632,0,613,0,510,0,590,0.032,69544110456832.0,-0.0,0.0,35984,16791,0.0,-3.5185602167465574e+17,-0.0,-5427566592.0,2596.094,-0.0,70.0,60.0,66,0.0,0.0,10.0,2.0,0.0,0.0,0.0,0.0,0.0,0.0,0.0,0.0,0.0,0.0,0.0,0.0,62.0,62,18,65518,45,65476,0,300,0,0,8,20529,65476,0,0,44564,60.0,0.0,10.0,10.0,2.0,0.0
2026-02-05T00:05:12,ERR,ERR,ERR,ERR,ERR,ERR,ERR,ERR,ERR,ERR,ERR,ERR,ERR,ERR,ERR,ERR,ERR,ERR,ERR,ERR,ERR,ERR,ERR,ERR,ERR,ERR,ERR,ERR,ERR,ERR,ERR,ERR,ERR,ERR,ERR,ERR,ERR,ERR,ERR,ERR,ERR,ERR,ERR,ERR,ERR,ERR,ERR,ERR,ERR,ERR,ERR,ERR,ERR,ERR,ERR,ERR,ERR,ERR,ERR,ERR,ERR,ERR,ERR,ERR,ERR,ERR,ERR,ERR,ERR,ERR,ERR,ERR,ERR,ERR,ERR,ERR,ERR,ERR,ERR,ERR,ERR,ERR,ERR,ERR,ERR,ERR,ERR,ERR,ERR,ERR,ERR,ERR,ERR,ERR,ERR,ERR,ERR,ERR,ERR,ERR,ERR,ERR,ERR,ERR,ERR,ERR,ERR,ERR,ERR,ERR,ERR,ERR,ERR,ERR,ERR,ERR,ERR,ERR,ERR,ERR,ERR,ERR,ERR,ERR,ERR,2.7184260577004195e+23,-107615280.0,-0.0,0.0,0.0,-4583.767,1.0119470591769809e+27,0.0,0,0,4,0,7670,-0.0,41,0.0,0.0,0.0,0.0,0.0,0,0,0,0,0.0,0,0,0,0,0,0,0,0,0,0,0,0,0,0,0,0,0,0,0,0,0,0,0,0,0,0,0,0,0,0,0,0,0,23,41,40,63,65476,0,300,0,0,8,21553,0.0,-107605600.0,0.0,0.0,0.0,0.0,0.0,0.0,0.0,0.0,0.0,0.0,0.0,0.0,0.0,0.0,0.0,0.0,0.0,0.0,0.0,2.004,2.004,-0.0,-0.0,-2.004,0.0,0.0,0.0,0.0,1647.0,-0.0,0.0,2.7184260577004195e+23,-107615280.0,-0.0,2.7184312818759872e+23,0.0,0.0,2.004,2.004,68,126841044992.0,-0.0,0.0,0.0,0.0,0.0,0.0,0.0,0.0,0,0,0,0.0,6.042641926257154e+28,-6.229848018433393e+30,1.2183473788581259e+25,0.0,1.5368280402724218e+26,-106247013531648.0,-0.0,0.0,0.0,-0.0,0.739,-0.0,3477463296.0,0.0,-1.5790182693758566e+17,0,1.3516416376850534e+27,68,0.0,136,0.0,98688.258,0,26215,17071,0,17092,13107,17065,0,0,0,105,99,100,0.0,51.05,0.0,61.45,-107615200.0,63.0,1,47,48,180,0,0,0,0,0.0,0.0,0.0,0.0,0.007,66.0,0.0,-3.5185602167465574e+17,0.0,725,0,695,0,0,0,876,0,980,0,846,0,632,0,613,0,510,0,590,0.032,69544110456832.0,-0.0,0.0,35984,16791,0.0,-3.5185602167465574e+17,-0.0,-5427566592.0,2596.094,-0.0,70.0,60.0,66,0.0,0.0,10.0,2.0,0.0,0.0,0.0,0.0,0.0,0.0,0.0,0.0,0.0,0.0,0.0,0.0,62.4,62,18,65518,45,65476,0,300,0,0,8,20529,65476,0,0,44564,60.0,0.0,10.0,10.0,2.0,0.0
2026-02-05T00:05:13,ERR,ERR,ERR,ERR,ERR,ERR,ERR,ERR,ERR,ERR,ERR,ERR,ERR,ERR,ERR,ERR,ERR,ERR,ERR,ERR,ERR,ERR,ERR,ERR,ERR,ERR,ERR,ERR,ERR,ERR,ERR,ERR,ERR,ERR,ERR,ERR,ERR,ERR,ERR,ERR,ERR,ERR,ERR,ERR,ERR,ERR,ERR,ERR,ERR,ERR,ERR,ERR,ERR,ERR,ERR,ERR,ERR,ERR,ERR,ERR,ERR,ERR,ERR,ERR,ERR,ERR,ERR,ERR,ERR,ERR,ERR,ERR,ERR,ERR,ERR,ERR,ERR,ERR,ERR,ERR,ERR,ERR,ERR,ERR,ERR,ERR,ERR,ERR,ERR,ERR,ERR,ERR,ERR,ERR,ERR,ERR,ERR,ERR,ERR,ERR,ERR,ERR,ERR,ERR,ERR,ERR,ERR,ERR,ERR,ERR,ERR,ERR,ERR,ERR,ERR,ERR,ERR,ERR,ERR,ERR,ERR,ERR,ERR,ERR,ERR,2.7184260577004195e+23,-107615280.0,-0.0,0.0,0.0,282008760614912.0,-1.3415401833364675e+23,0.0,0,0,4,0,7670,-0.0,41,0.0,0.0,0.0,0.0,0.0,0,0,0,0,0.0,0,0,0,0,0,0,0,0,0,0,0,0,0,0,0,0,0,0,0,0,0,0,0,0,0,0,0,0,0,0,0,0,0,23,41,40,63,65476,0,300,0,0,8,21553,0.0,-107605600.0,0.0,0.0,0.0,0.0,0.0,0.0,0.0,0.0,0.0,0.0,0.0,0.0,0.0,0.0,0.0,0.0,0.0,0.0,0.0,2.004,2.004,-0.0,-0.0,-2.004,0.0,0.0,0.0,0.0,1654.75,0.0,0.0,2.7184260577004195e+23,-107615280.0,-0.0,0.0,0.0,0.0,2.004,2.004,68,107615280.0,-152013975322624.0,0.0,0.0,0.0,0.0,0.0,0.0,0.0,0,0,0,0.0,22850338816.0,-2.095380310474681e+29,-0.0,-2.3808080265732187e+36,-0.0,0.0,2.9248041035837315e+29,0.0,0.0,-0.0,0.743,-0.0,3494240512.0,0.0,1.3840253874592937e+38,0,1.3516416376850534e+27,68,0.0,136,0.0,98688.258,0,13107,17071,0,17092,13107,17065,0,0,0,105,99,100,0.0,50.8,0.0,61.45,-107615200.0,63.0,1,47,48,180,0,0,0,0,0.0,0.0,0.0,0.0,24.032,66.0,0.0,-0.0,0.0,725,0,695,0,0,0,876,0,980,0,846,0,632,0,613,0,510,0,591,0.032,69818988363776.0,-2.004,2.7302298121797724e+23,41616,16791,24.032,-0.0,-0.0,-2229158281216.0,11.141,-0.0,70.0,60.0,66,0.0,0.0,10.0,2.0,0.0,0.0,0.0,0.0,0.0,0.0,0.0,0.0,0.0,0.0,0.0,0.0,62.4,62,18,65518,45,65476,0,300,0,0,8,20529,65476,0,0,44564,60.0,0.0,10.0,10.0,2.0,0.0
2026-02-05T00:05:14,ERR,ERR,ERR,ERR,ERR,ERR,ERR,ERR,ERR,ERR,ERR,ERR,ERR,ERR,ERR,ERR,ERR,ERR,ERR,ERR,ERR,ERR,ERR,ERR,ERR,ERR,ERR,ERR,ERR,ERR,ERR,ERR,ERR,ERR,ERR,ERR,ERR,ERR,ERR,ERR,ERR,ERR,ERR,ERR,ERR,ERR,ERR,ERR,ERR,ERR,ERR,ERR,ERR,ERR,ERR,ERR,ERR,ERR,ERR,ERR,ERR,ERR,ERR,ERR,ERR,ERR,ERR,ERR,ERR,ERR,ERR,ERR,ERR,ERR,ERR,ERR,ERR,ERR,ERR,ERR,ERR,ERR,ERR,ERR,ERR,ERR,ERR,ERR,ERR,ERR,ERR,ERR,ERR,ERR,ERR,ERR,ERR,ERR,ERR,ERR,ERR,ERR,ERR,ERR,ERR,ERR,ERR,ERR,ERR,ERR,ERR,ERR,ERR,ERR,ERR,ERR,ERR,ERR,ERR,ERR,ERR,ERR,ERR,ERR,ERR,2.7184260577004195e+23,-107615280.0,-0.0,0.0,0.0,282008760614912.0,-1.3415401833364675e+23,0.0,0,0,4,0,7670,-0.0,41,0.0,0.0,0.0,0.0,0.0,0,0,0,0,0.0,0,0,0,0,0,0,0,0,0,0,0,0,0,0,0,0,0,0,0,0,0,0,0,0,0,0,0,0,0,0,0,0,0,23,41,40,63,65476,0,300,0,0,8,21553,0.0,-107605600.0,0.0,0.0,0.0,0.0,0.0,0.0,0.0,0.0,0.0,0.0,0.0,0.0,0.0,0.0,0.0,0.0,0.0,0.0,0.0,2.004,2.004,-0.0,-0.0,-2.004,0.0,0.0,0.0,0.0,1654.75,0.0,0.0,2.7184260577004195e+23,-107615280.0,-0.0,0.0,0.0,0.0,2.004,2.004,68,107615280.0,-152013975322624.0,0.0,0.0,0.0,0.0,0.0,0.0,0.0,0,0,0,0.0,22850338816.0,-2.095380310474681e+29,-0.0,-2.3808080265732187e+36,-0.0,0.0,2.9248041035837315e+29,0.0,0.0,-0.0,0.743,-0.0,3494240512.0,0.0,1.3840253874592937e+38,0,1.3516416376850534e+27,68,0.0,136,0.0,98688.258,0,13107,17071,0,17092,13107,17065,0,0,0,105,99,100,0.0,50.8,0.0,61.45,-107615200.0,63.0,1,47,48,180,0,0,0,0,0.0,0.0,0.0,0.0,24.032,66.0,0.0,-0.0,0.0,725,0,695,0,0,0,876,0,980,0,846,0,632,0,613,0,510,0,591,0.032,69818988363776.0,-2.004,2.7302298121797724e+23,41616,16791,24.032,-0.0,-0.0,-2229158281216.0,11.141,-0.0,70.0,60.0,66,0.0,0.0,10.0,2.0,0.0,0.0,0.0,0.0,0.0,0.0,0.0,0.0,0.0,0.0,0.0,0.0,62.0,62,18,65518,45,65476,0,300,0,0,8,20529,65476,0,0,44564,60.0,0.0,10.0,10.0,2.0,0.0
2026-02-05T00:05:15,ERR,ERR,ERR,ERR,ERR,ERR,ERR,ERR,ERR,ERR,ERR,ERR,ERR,ERR,ERR,ERR,ERR,ERR,ERR,ERR,ERR,ERR,ERR,ERR,ERR,ERR,ERR,ERR,ERR,ERR,ERR,ERR,ERR,ERR,ERR,ERR,ERR,ERR,ERR,ERR,ERR,ERR,ERR,ERR,ERR,ERR,ERR,ERR,ERR,ERR,ERR,ERR,ERR,ERR,ERR,ERR,ERR,ERR,ERR,ERR,ERR,ERR,ERR,ERR,ERR,ERR,ERR,ERR,ERR,ERR,ERR,ERR,ERR,ERR,ERR,ERR,ERR,ERR,ERR,ERR,ERR,ERR,ERR,ERR,ERR,ERR,ERR,ERR,ERR,ERR,ERR,ERR,ERR,ERR,ERR,ERR,ERR,ERR,ERR,ERR,ERR,ERR,ERR,ERR,ERR,ERR,ERR,ERR,ERR,ERR,ERR,ERR,ERR,ERR,ERR,ERR,ERR,ERR,ERR,ERR,ERR,ERR,ERR,ERR,ERR,2.7184260577004195e+23,-107615280.0,-0.0,0.0,0.0,282008760614912.0,-1.3415401833364675e+23,0.0,0,0,4,0,7670,-0.0,41,0.0,0.0,0.0,0.0,0.0,0,0,0,0,0.0,0,0,0,0,0,0,0,0,0,0,0,0,0,0,0,0,0,0,0,0,0,0,0,0,0,0,0,0,0,0,0,0,0,23,41,40,63,65476,0,300,0,0,8,21553,0.0,-107605600.0,0.0,0.0,0.0,0.0,0.0,0.0,0.0,0.0,0.0,0.0,0.0,0.0,0.0,0.0,0.0,0.0,0.0,0.0,0.0,2.004,2.004,-0.0,-0.0,-2.004,0.0,0.0,0.0,0.0,1654.75,0.0,0.0,2.7184260577004195e+23,-107615280.0,-0.0,0.0,0.0,0.0,2.004,2.004,68,107615280.0,-152013975322624.0,0.0,0.0,0.0,0.0,0.0,0.0,0.0,0,0,0,0.0,22850338816.0,-2.095380310474681e+29,-0.0,-2.3808080265732187e+36,-0.0,0.0,2.9248041035837315e+29,0.0,0.0,-0.0,0.743,-0.0,3494240512.0,0.0,1.3840253874592937e+38,0,1.3516416376850534e+27,68,0.0,136,0.0,98688.258,0,13107,17071,0,17092,13107,17065,0,0,0,105,99,100,0.0,50.8,0.0,61.45,-107615200.0,63.0,1,47,48,180,0,0,0,0,0.0,0.0,0.0,0.0,24.032,66.0,0.0,-0.0,0.0,725,0,695,0,0,0,876,0,980,0,846,0,632,0,613,0,510,0,591,0.032,69818988363776.0,-2.004,2.7302298121797724e+23,41616,16791,24.032,-0.0,-0.0,-2229158281216.0,11.141,-0.0,70.0,60.0,66,0.0,0.0,10.0,2.0,0.0,0.0,0.0,0.0,0.0,0.0,0.0,0.0,0.0,0.0,0.0,0.0,62.0,62,18,65518,45,65476,0,300,0,0,8,20529,65476,0,0,44564,60.0,0.0,10.0,10.0,2.0,0.0
2026-02-05T00:05:16,ERR,ERR,ERR,ERR,ERR,ERR,ERR,ERR,ERR,ERR,ERR,ERR,ERR,ERR,ERR,ERR,ERR,ERR,ERR,ERR,ERR,ERR,ERR,ERR,ERR,ERR,ERR,ERR,ERR,ERR,ERR,ERR,ERR,ERR,ERR,ERR,ERR,ERR,ERR,ERR,ERR,ERR,ERR,ERR,ERR,ERR,ERR,ERR,ERR,ERR,ERR,ERR,ERR,ERR,ERR,ERR,ERR,ERR,ERR,ERR,ERR,ERR,ERR,ERR,ERR,ERR,ERR,ERR,ERR,ERR,ERR,ERR,ERR,ERR,ERR,ERR,ERR,ERR,ERR,ERR,ERR,ERR,ERR,ERR,ERR,ERR,ERR,ERR,ERR,ERR,ERR,ERR,ERR,ERR,ERR,ERR,ERR,ERR,ERR,ERR,ERR,ERR,ERR,ERR,ERR,ERR,ERR,ERR,ERR,ERR,ERR,ERR,ERR,ERR,ERR,ERR,ERR,ERR,ERR,ERR,ERR,ERR,ERR,ERR,ERR,2.7184260577004195e+23,-107615280.0,-0.0,0.0,0.0,282008760614912.0,-1.3415401833364675e+23,0.0,0,0,4,0,7670,-0.0,41,0.0,0.0,0.0,0.0,0.0,0,0,0,0,0.0,0,0,0,0,0,0,0,0,0,0,0,0,0,0,0,0,0,0,0,0,0,0,0,0,0,0,0,0,0,0,0,0,0,23,41,40,63,65476,0,300,0,0,8,21553,0.0,-107605600.0,0.0,0.0,0.0,0.0,0.0,0.0,0.0,0.0,0.0,0.0,0.0,0.0,0.0,0.0,0.0,0.0,0.0,0.0,0.0,2.004,2.004,-0.0,-0.0,-2.004,0.0,0.0,0.0,0.0,1654.75,0.0,0.0,2.7184260577004195e+23,-107615280.0,-0.0,0.0,0.0,0.0,2.004,2.004,68,107615280.0,-152013975322624.0,0.0,0.0,0.0,0.0,0.0,0.0,0.0,0,0,0,0.0,22850338816.0,-2.095380310474681e+29,-0.0,-2.3808080265732187e+36,-0.0,0.0,2.9248041035837315e+29,0.0,0.0,-0.0,0.743,-0.0,3494240512.0,0.0,1.3840253874592937e+38,0,1.3516416376850534e+27,68,0.0,136,0.0,98688.258,0,13107,17071,0,17092,13107,17065,0,0,0,105,99,100,0.0,50.8,0.0,61.45,-107615200.0,63.0,1,47,48,180,0,0,0,0,0.0,0.0,0.0,0.0,24.032,66.0,0.0,-0.0,0.0,725,0,695,0,0,0,876,0,980,0,846,0,632,0,613,0,510,0,591,0.032,69818988363776.0,-2.004,2.7302298121797724e+23,41616,16791,24.032,-0.0,-0.0,-2229158281216.0,11.141,-0.0,70.0,60.0,66,0.0,0.0,10.0,2.0,0.0,0.0,0.0,0.0,0.0,0.0,0.0,0.0,0.0,0.0,0.0,0.0,62.0,62,18,65518,45,65476,0,300,0,0,8,20529,65476,0,0,44564,60.0,0.0,10.0,10.0,2.0,0.0
2026-02-05T00:05:17,ERR,ERR,ERR,ERR,ERR,ERR,ERR,ERR,ERR,ERR,ERR,ERR,ERR,ERR,ERR,ERR,ERR,ERR,ERR,ERR,ERR,ERR,ERR,ERR,ERR,ERR,ERR,ERR,ERR,ERR,ERR,ERR,ERR,ERR,ERR,ERR,ERR,ERR,ERR,ERR,ERR,ERR,ERR,ERR,ERR,ERR,ERR,ERR,ERR,ERR,ERR,ERR,ERR,ERR,ERR,ERR,ERR,ERR,ERR,ERR,ERR,ERR,ERR,ERR,ERR,ERR,ERR,ERR,ERR,ERR,ERR,ERR,ERR,ERR,ERR,ERR,ERR,ERR,ERR,ERR,ERR,ERR,ERR,ERR,ERR,ERR,ERR,ERR,ERR,ERR,ERR,ERR,ERR,ERR,ERR,ERR,ERR,ERR,ERR,ERR,ERR,ERR,ERR,ERR,ERR,ERR,ERR,ERR,ERR,ERR,ERR,ERR,ERR,ERR,ERR,ERR,ERR,ERR,ERR,ERR,ERR,ERR,ERR,ERR,ERR,2.7184260577004195e+23,-107615280.0,-0.0,0.0,0.0,282008760614912.0,-1.3415401833364675e+23,0.0,0,0,4,0,7670,-0.0,41,0.0,0.0,0.0,0.0,0.0,0,0,0,0,0.0,0,0,0,0,0,0,0,0,0,0,0,0,0,0,0,0,0,0,0,0,0,0,0,0,0,0,0,0,0,0,0,0,0,23,41,40,63,65476,0,300,0,0,8,21553,0.0,-107605600.0,0.0,0.0,0.0,0.0,0.0,0.0,0.0,0.0,0.0,0.0,0.0,0.0,0.0,0.0,0.0,0.0,0.0,0.0,0.0,2.004,2.004,-0.0,-0.0,-2.004,0.0,0.0,0.0,0.0,1654.75,0.0,0.0,2.7184260577004195e+23,-107615280.0,-0.0,0.0,0.0,0.0,2.004,2.004,68,107615280.0,-152013975322624.0,0.0,0.0,0.0,0.0,0.0,0.0,0.0,0,0,0,0.0,22850338816.0,-2.095380310474681e+29,-0.0,-2.3808080265732187e+36,-0.0,0.0,2.9248041035837315e+29,0.0,0.0,-0.0,0.743,-0.0,3494240512.0,0.0,1.3840253874592937e+38,0,1.3516416376850534e+27,68,0.0,136,0.0,98688.258,0,13107,17071,0,17092,13107,17065,0,0,0,105,99,100,0.0,50.8,0.0,61.45,-107615200.0,63.0,1,47,48,180,0,0,0,0,0.0,0.0,0.0,0.0,24.032,66.0,0.0,-0.0,0.0,725,0,695,0,0,0,876,0,980,0,846,0,632,0,613,0,510,0,591,0.032,69818988363776.0,-2.004,2.7302298121797724e+23,41616,16791,24.032,-0.0,-0.0,-2229158281216.0,11.141,-0.0,70.0,60.0,66,0.0,0.0,10.0,2.0,0.0,0.0,0.0,0.0,0.0,0.0,0.0,0.0,0.0,0.0,0.0,0.0,62.0,62,18,65518,45,65476,0,300,0,0,8,20529,65476,0,0,44564,60.0,0.0,10.0,10.0,2.0,0.0
2026-02-05T00:05:18,ERR,ERR,ERR,ERR,ERR,ERR,ERR,ERR,ERR,ERR,ERR,ERR,ERR,ERR,ERR,ERR,ERR,ERR,ERR,ERR,ERR,ERR,ERR,ERR,ERR,ERR,ERR,ERR,ERR,ERR,ERR,ERR,ERR,ERR,ERR,ERR,ERR,ERR,ERR,ERR,ERR,ERR,ERR,ERR,ERR,ERR,ERR,ERR,ERR,ERR,ERR,ERR,ERR,ERR,ERR,ERR,ERR,ERR,ERR,ERR,ERR,ERR,ERR,ERR,ERR,ERR,ERR,ERR,ERR,ERR,ERR,ERR,ERR,ERR,ERR,ERR,ERR,ERR,ERR,ERR,ERR,ERR,ERR,ERR,ERR,ERR,ERR,ERR,ERR,ERR,ERR,ERR,ERR,ERR,ERR,ERR,ERR,ERR,ERR,ERR,ERR,ERR,ERR,ERR,ERR,ERR,ERR,ERR,ERR,ERR,ERR,ERR,ERR,ERR,ERR,ERR,ERR,ERR,ERR,ERR,ERR,ERR,ERR,ERR,ERR,2.7184260577004195e+23,-107615280.0,-0.0,0.0,0.0,282008760614912.0,-1.3415401833364675e+23,0.0,0,0,4,0,7670,-0.0,41,0.0,0.0,0.0,0.0,0.0,0,0,0,0,0.0,0,0,0,0,0,0,0,0,0,0,0,0,0,0,0,0,0,0,0,0,0,0,0,0,0,0,0,0,0,0,0,0,0,23,41,40,63,65476,0,300,0,0,8,21553,0.0,-107605600.0,0.0,0.0,0.0,0.0,0.0,0.0,0.0,0.0,0.0,0.0,0.0,0.0,0.0,0.0,0.0,0.0,0.0,0.0,0.0,2.004,2.004,-0.0,-0.0,-2.004,0.0,0.0,0.0,0.0,1654.75,0.0,0.0,2.7184260577004195e+23,-107615280.0,-0.0,0.0,0.0,0.0,2.004,2.004,68,107615280.0,-152013975322624.0,0.0,0.0,0.0,0.0,0.0,0.0,0.0,0,0,0,0.0,22850338816.0,-2.095380310474681e+29,-0.0,-2.3808080265732187e+36,-0.0,0.0,2.9248041035837315e+29,0.0,0.0,-0.0,0.743,-0.0,3494240512.0,0.0,1.3840253874592937e+38,0,1.3516416376850534e+27,68,0.0,136,0.0,98688.258,0,13107,17071,0,17092,13107,17065,0,0,0,105,99,100,0.0,51.05,0.0,61.45,-107615200.0,63.0,1,47,48,180,0,0,0,0,0.0,0.0,0.0,0.0,513.039,66.0,0.0,-25598753767424.0,0.0,725,0,695,0,0,0,876,0,980,0,846,0,632,0,613,0,509,0,591,0.032,69544110456832.0,-2.004,2.7302298121797724e+23,55568,16791,1312848.5,28756881408.0,-0.0,0.0,0.0,0.0,70.0,60.0,66,0.0,0.0,10.0,2.0,0.0,0.0,0.0,0.0,0.0,0.0,0.0,0.0,0.0,0.0,0.0,0.0,62.0,62,18,65518,45,65476,0,300,0,0,8,20529,65476,0,0,44564,60.0,0.0,10.0,10.0,2.0,0.0
2026-02-05T00:05:19,ERR,ERR,ERR,ERR,ERR,ERR,ERR,ERR,ERR,ERR,ERR,ERR,ERR,ERR,ERR,ERR,ERR,ERR,ERR,ERR,ERR,ERR,ERR,ERR,ERR,ERR,ERR,ERR,ERR,ERR,ERR,ERR,ERR,ERR,ERR,ERR,ERR,ERR,ERR,ERR,ERR,ERR,ERR,ERR,ERR,ERR,ERR,ERR,ERR,ERR,ERR,ERR,ERR,ERR,ERR,ERR,ERR,ERR,ERR,ERR,ERR,ERR,ERR,ERR,ERR,ERR,ERR,ERR,ERR,ERR,ERR,ERR,ERR,ERR,ERR,ERR,ERR,ERR,ERR,ERR,ERR,ERR,ERR,ERR,ERR,ERR,ERR,ERR,ERR,ERR,ERR,ERR,ERR,ERR,ERR,ERR,ERR,ERR,ERR,ERR,ERR,ERR,ERR,ERR,ERR,ERR,ERR,ERR,ERR,ERR,ERR,ERR,ERR,ERR,ERR,ERR,ERR,ERR,ERR,ERR,ERR,ERR,ERR,ERR,ERR,2.7184260577004195e+23,-107615280.0,-0.0,0.0,0.0,-0.0,-0.0,0.0,0,0,4,0,7670,-0.0,41,0.0,0.0,0.0,0.0,0.0,0,0,0,0,0.0,0,0,0,0,0,0,0,0,0,0,0,0,0,0,0,0,0,0,0,0,0,0,0,0,0,0,0,0,0,0,0,0,0,23,41,40,63,65476,0,300,0,0,8,21553,0.0,-107605600.0,0.0,0.0,0.0,0.0,0.0,0.0,0.0,0.0,0.0,0.0,0.0,0.0,0.0,0.0,0.0,0.0,0.0,0.0,0.0,2.004,2.004,-0.0,-0.0,-2.004,0.0,0.0,0.0,0.0,1646.5,-3.697095094061918e+19,0.0,2.7184260577004195e+23,-107615280.0,-0.0,2.7184312818759872e+23,0.0,0.0,2.004,2.004,68,89221.047,-71.628,0.0,0.0,0.0,0.0,0.0,0.0,0.0,0,0,0,0.0,3.331517153786456e+31,0.0,3.770826365348404e+35,0.0,17567.6,3.488,-4.727,2.227374119924531e+16,0.0,-0.0,0.743,-0.0,3511017728.0,0.0,-0.0,0,1.3516416376850534e+27,68,0.0,136,0.0,98688.258,0,13107,17071,0,17092,13107,17065,0,0,0,105,99,100,0.0,51.05,0.0,61.45,-107615200.0,63.0,1,47,48,180,0,0,0,0,0.0,0.0,0.0,0.0,513.039,66.0,0.0,-25598753767424.0,0.0,725,0,695,0,0,0,876,0,980,0,846,0,632,0,613,0,509,0,591,0.032,69544110456832.0,-2.004,2.7302298121797724e+23,55568,16791,1312848.5,28756881408.0,-0.0,0.0,0.0,0.0,70.0,60.0,66,0.0,0.0,10.0,2.0,0.0,0.0,0.0,0.0,0.0,0.0,0.0,0.0,0.0,0.0,0.0,0.0,62.0,62,18,65518,45,65476,0,300,0,0,8,20529,65476,0,0,44564,60.0,0.0,10.0,10.0,2.0,0.0
2026-02-05T00:05:20,ERR,ERR,ERR,ERR,ERR,ERR,ERR,ERR,ERR,ERR,ERR,ERR,ERR,ERR,ERR,ERR,ERR,ERR,ERR,ERR,ERR,ERR,ERR,ERR,ERR,ERR,ERR,ERR,ERR,ERR,ERR,ERR,ERR,ERR,ERR,ERR,ERR,ERR,ERR,ERR,ERR,ERR,ERR,ERR,ERR,ERR,ERR,ERR,ERR,ERR,ERR,ERR,ERR,ERR,ERR,ERR,ERR,ERR,ERR,ERR,ERR,ERR,ERR,ERR,ERR,ERR,ERR,ERR,ERR,ERR,ERR,ERR,ERR,ERR,ERR,ERR,ERR,ERR,ERR,ERR,ERR,ERR,ERR,ERR,ERR,ERR,ERR,ERR,ERR,ERR,ERR,ERR,ERR,ERR,ERR,ERR,ERR,ERR,ERR,ERR,ERR,ERR,ERR,ERR,ERR,ERR,ERR,ERR,ERR,ERR,ERR,ERR,ERR,ERR,ERR,ERR,ERR,ERR,ERR,ERR,ERR,ERR,ERR,ERR,ERR,2.7184260577004195e+23,-107615280.0,-0.0,0.0,0.0,-0.0,-0.0,0.0,0,0,4,0,7670,-0.0,41,0.0,0.0,0.0,0.0,0.0,0,0,0,0,0.0,0,0,0,0,0,0,0,0,0,0,0,0,0,0,0,0,0,0,0,0,0,0,0,0,0,0,0,0,0,0,0,0,0,23,41,40,63,65476,0,300,0,0,8,21553,0.0,-107605600.0,0.0,0.0,0.0,0.0,0.0,0.0,0.0,0.0,0.0,0.0,0.0,0.0,0.0,0.0,0.0,0.0,0.0,0.0,0.0,2.004,2.004,-0.0,-0.0,-2.004,0.0,0.0,0.0,0.0,1646.5,-3.697095094061918e+19,0.0,2.7184260577004195e+23,-107615280.0,-0.0,2.7184312818759872e+23,0.0,0.0,2.004,2.004,68,89221.047,-71.628,0.0,0.0,0.0,0.0,0.0,0.0,0.0,0,0,0,0.0,3.331517153786456e+31,0.0,3.770826365348404e+35,0.0,17567.6,3.488,-4.727,2.227374119924531e+16,0.0,-0.0,0.743,-0.0,3511017728.0,0.0,-0.0,0,1.3516416376850534e+27,68,0.0,136,0.0,98688.258,0,13107,17071,0,17092,13107,17065,0,0,0,105,99,100,0.0,51.05,0.0,61.45,-107615200.0,63.0,1,47,48,180,0,0,0,0,0.0,0.0,0.0,0.0,513.039,66.0,0.0,-25598753767424.0,0.0,725,0,695,0,0,0,876,0,980,0,846,0,632,0,613,0,509,0,591,0.032,69544110456832.0,-2.004,2.7302298121797724e+23,55568,16791,1312848.5,28756881408.0,-0.0,0.0,0.0,0.0,70.0,60.0,66,0.0,0.0,10.0,2.0,0.0,0.0,0.0,0.0,0.0,0.0,0.0,0.0,0.0,0.0,0.0,0.0,62.0,62,18,65518,45,65476,0,300,0,0,8,20529,65476,0,0,44564,60.0,0.0,10.0,10.0,2.0,0.0
2026-02-05T00:05:21,ERR,ERR,ERR,ERR,ERR,ERR,ERR,ERR,ERR,ERR,ERR,ERR,ERR,ERR,ERR,ERR,ERR,ERR,ERR,ERR,ERR,ERR,ERR,ERR,ERR,ERR,ERR,ERR,ERR,ERR,ERR,ERR,ERR,ERR,ERR,ERR,ERR,ERR,ERR,ERR,ERR,ERR,ERR,ERR,ERR,ERR,ERR,ERR,ERR,ERR,ERR,ERR,ERR,ERR,ERR,ERR,ERR,ERR,ERR,ERR,ERR,ERR,ERR,ERR,ERR,ERR,ERR,ERR,ERR,ERR,ERR,ERR,ERR,ERR,ERR,ERR,ERR,ERR,ERR,ERR,ERR,ERR,ERR,ERR,ERR,ERR,ERR,ERR,ERR,ERR,ERR,ERR,ERR,ERR,ERR,ERR,ERR,ERR,ERR,ERR,ERR,ERR,ERR,ERR,ERR,ERR,ERR,ERR,ERR,ERR,ERR,ERR,ERR,ERR,ERR,ERR,ERR,ERR,ERR,ERR,ERR,ERR,ERR,ERR,ERR,2.7184260577004195e+23,-107615280.0,-0.0,0.0,0.0,-0.0,-0.0,0.0,0,0,4,0,7670,-0.0,41,0.0,0.0,0.0,0.0,0.0,0,0,0,0,0.0,0,0,0,0,0,0,0,0,0,0,0,0,0,0,0,0,0,0,0,0,0,0,0,0,0,0,0,0,0,0,0,0,0,23,41,40,63,65476,0,300,0,0,8,21553,0.0,-107605600.0,0.0,0.0,0.0,0.0,0.0,0.0,0.0,0.0,0.0,0.0,0.0,0.0,0.0,0.0,0.0,0.0,0.0,0.0,0.0,2.004,2.004,-0.0,-0.0,-2.004,0.0,0.0,0.0,0.0,1646.5,-3.697095094061918e+19,0.0,2.7184260577004195e+23,-107615280.0,-0.0,2.7184312818759872e+23,0.0,0.0,2.004,2.004,68,89221.047,-71.628,0.0,0.0,0.0,0.0,0.0,0.0,0.0,0,0,0,0.0,3.331517153786456e+31,0.0,3.770826365348404e+35,0.0,17567.6,3.488,-4.727,2.227374119924531e+16,0.0,-0.0,0.743,-0.0,3511017728.0,0.0,-0.0,0,1.3516416376850534e+27,68,0.0,136,0.0,98688.258,0,13107,17071,0,17092,13107,17065,0,0,0,105,99,100,0.0,51.05,0.0,61.45,-107615200.0,63.0,1,47,48,180,0,0,0,0,0.0,0.0,0.0,0.0,513.039,66.0,0.0,-25598753767424.0,0.0,725,0,695,0,0,0,876,0,980,0,846,0,632,0,613,0,509,0,591,0.032,69544110456832.0,-2.004,2.7302298121797724e+23,55568,16791,1312848.5,28756881408.0,-0.0,0.0,0.0,0.0,70.0,60.0,66,0.0,0.0,10.0,2.0,0.0,0.0,0.0,0.0,0.0,0.0,0.0,0.0,0.0,0.0,0.0,0.0,62.0,62,18,65518,45,65476,0,300,0,0,8,20529,65476,0,0,44564,60.0,0.0,10.0,10.0,2.0,0.0
2026-02-05T00:05:22,ERR,ERR,ERR,ERR,ERR,ERR,ERR,ERR,ERR,ERR,ERR,ERR,ERR,ERR,ERR,ERR,ERR,ERR,ERR,ERR,ERR,ERR,ERR,ERR,ERR,ERR,ERR,ERR,ERR,ERR,ERR,ERR,ERR,ERR,ERR,ERR,ERR,ERR,ERR,ERR,ERR,ERR,ERR,ERR,ERR,ERR,ERR,ERR,ERR,ERR,ERR,ERR,ERR,ERR,ERR,ERR,ERR,ERR,ERR,ERR,ERR,ERR,ERR,ERR,ERR,ERR,ERR,ERR,ERR,ERR,ERR,ERR,ERR,ERR,ERR,ERR,ERR,ERR,ERR,ERR,ERR,ERR,ERR,ERR,ERR,ERR,ERR,ERR,ERR,ERR,ERR,ERR,ERR,ERR,ERR,ERR,ERR,ERR,ERR,ERR,ERR,ERR,ERR,ERR,ERR,ERR,ERR,ERR,ERR,ERR,ERR,ERR,ERR,ERR,ERR,ERR,ERR,ERR,ERR,ERR,ERR,ERR,ERR,ERR,ERR,2.7184260577004195e+23,-107615280.0,-0.0,0.0,0.0,-0.0,-0.0,0.0,0,0,4,0,7670,-0.0,41,0.0,0.0,0.0,0.0,0.0,0,0,0,0,0.0,0,0,0,0,0,0,0,0,0,0,0,0,0,0,0,0,0,0,0,0,0,0,0,0,0,0,0,0,0,0,0,0,0,23,41,40,63,65476,0,300,0,0,8,21553,0.0,-107605600.0,0.0,0.0,0.0,0.0,0.0,0.0,0.0,0.0,0.0,0.0,0.0,0.0,0.0,0.0,0.0,0.0,0.0,0.0,0.0,2.004,2.004,-0.0,-0.0,-2.004,0.0,0.0,0.0,0.0,1646.5,-3.697095094061918e+19,0.0,2.7184260577004195e+23,-107615280.0,-0.0,2.7184312818759872e+23,0.0,0.0,2.004,2.004,68,89221.047,-71.628,0.0,0.0,0.0,0.0,0.0,0.0,0.0,0,0,0,0.0,3.331517153786456e+31,0.0,3.770826365348404e+35,0.0,17567.6,3.488,-4.727,2.227374119924531e+16,0.0,-0.0,0.743,-0.0,3511017728.0,0.0,-0.0,0,1.3516416376850534e+27,68,0.0,136,0.0,98688.258,0,13107,17071,0,17092,13107,17065,0,0,0,105,99,100,0.0,51.05,0.0,61.45,-107615200.0,63.0,1,47,48,180,0,0,0,0,0.0,0.0,0.0,0.0,1.002,66.0,0.0,1.3975023399450065e+34,0.0,725,0,695,0,0,0,877,0,980,0,846,0,632,0,613,0,510,0,591,0.032,69544110456832.0,-2.004,2.7302298121797724e+23,54672,16791,3492.157,1.3975023399450065e+34,-0.0,-9.554098003992772e+37,0.0,79054176256.0,70.0,60.0,66,0.0,0.0,10.0,2.0,0.0,0.0,0.0,0.0,0.0,0.0,0.0,0.0,0.0,0.0,0.0,0.0,62.0,62,18,65518,45,65476,0,300,0,0,8,20529,65476,0,0,44564,60.0,0.0,10.0,10.0,2.0,0.0
2026-02-05T00:05:23,ERR,ERR,ERR,ERR,ERR,ERR,ERR,ERR,ERR,ERR,ERR,ERR,ERR,ERR,ERR,ERR,ERR,ERR,ERR,ERR,ERR,ERR,ERR,ERR,ERR,ERR,ERR,ERR,ERR,ERR,ERR,ERR,ERR,ERR,ERR,ERR,ERR,ERR,ERR,ERR,ERR,ERR,ERR,ERR,ERR,ERR,ERR,ERR,ERR,ERR,ERR,ERR,ERR,ERR,ERR,ERR,ERR,ERR,ERR,ERR,ERR,ERR,ERR,ERR,ERR,ERR,ERR,ERR,ERR,ERR,ERR,ERR,ERR,ERR,ERR,ERR,ERR,ERR,ERR,ERR,ERR,ERR,ERR,ERR,ERR,ERR,ERR,ERR,ERR,ERR,ERR,ERR,ERR,ERR,ERR,ERR,ERR,ERR,ERR,ERR,ERR,ERR,ERR,ERR,ERR,ERR,ERR,ERR,ERR,ERR,ERR,ERR,ERR,ERR,ERR,ERR,ERR,ERR,ERR,ERR,ERR,ERR,ERR,ERR,ERR,2.7184260577004195e+23,-107615280.0,-0.0,0.0,0.0,-0.0,-0.0,0.0,0,0,4,0,7670,-0.0,41,0.0,0.0,0.0,0.0,0.0,0,0,0,0,0.0,0,0,0,0,0,0,0,0,0,0,0,0,0,0,0,0,0,0,0,0,0,0,0,0,0,0,0,0,0,0,0,0,0,23,41,40,63,65476,0,300,0,0,8,21553,0.0,-107605600.0,0.0,0.0,0.0,0.0,0.0,0.0,0.0,0.0,0.0,0.0,0.0,0.0,0.0,0.0,0.0,0.0,0.0,0.0,0.0,2.004,2.004,-0.0,-0.0,-2.004,0.0,0.0,0.0,0.0,1646.5,-3.697095094061918e+19,0.0,2.7184260577004195e+23,-107615280.0,-0.0,2.7184312818759872e+23,0.0,0.0,2.004,2.004,68,89221.047,-71.628,0.0,0.0,0.0,0.0,0.0,0.0,0.0,0,0,0,0.0,3.331517153786456e+31,0.0,3.770826365348404e+35,0.0,17567.6,3.488,-4.727,2.227374119924531e+16,0.0,-0.0,0.743,-0.0,3511017728.0,0.0,-0.0,0,1.3516416376850534e+27,68,0.0,136,0.0,98688.258,0,13107,17071,0,17092,13107,17065,0,0,0,105,99,100,0.0,51.05,0.0,61.45,-107615200.0,63.0,1,47,48,180,0,0,0,0,0.0,0.0,0.0,0.0,1.002,66.0,0.0,1.3975023399450065e+34,0.0,725,0,695,0,0,0,877,0,980,0,846,0,632,0,613,0,510,0,591,0.032,69544110456832.0,-2.004,2.7302298121797724e+23,54672,16791,3492.157,1.3975023399450065e+34,-0.0,-9.554098003992772e+37,0.0,79054176256.0,70.0,60.0,66,0.0,0.0,10.0,2.0,0.0,0.0,0.0,0.0,0.0,0.0,0.0,0.0,0.0,0.0,0.0,0.0,62.0,62,18,65518,45,65476,0,300,0,0,8,20529,65476,0,0,44564,60.0,0.0,10.0,10.0,2.0,0.0
2026-02-05T00:05:24,ERR,ERR,ERR,ERR,ERR,ERR,ERR,ERR,ERR,ERR,ERR,ERR,ERR,ERR,ERR,ERR,ERR,ERR,ERR,ERR,ERR,ERR,ERR,ERR,ERR,ERR,ERR,ERR,ERR,ERR,ERR,ERR,ERR,ERR,ERR,ERR,ERR,ERR,ERR,ERR,ERR,ERR,ERR,ERR,ERR,ERR,ERR,ERR,ERR,ERR,ERR,ERR,ERR,ERR,ERR,ERR,ERR,ERR,ERR,ERR,ERR,ERR,ERR,ERR,ERR,ERR,ERR,ERR,ERR,ERR,ERR,ERR,ERR,ERR,ERR,ERR,ERR,ERR,ERR,ERR,ERR,ERR,ERR,ERR,ERR,ERR,ERR,ERR,ERR,ERR,ERR,ERR,ERR,ERR,ERR,ERR,ERR,ERR,ERR,ERR,ERR,ERR,ERR,ERR,ERR,ERR,ERR,ERR,ERR,ERR,ERR,ERR,ERR,ERR,ERR,ERR,ERR,ERR,ERR,ERR,ERR,ERR,ERR,ERR,ERR,2.7184260577004195e+23,-107615280.0,-0.0,0.0,0.0,-0.0,-0.0,0.0,0,0,4,0,7670,-0.0,41,0.0,0.0,0.0,0.0,0.0,0,0,0,0,0.0,0,0,0,0,0,0,0,0,0,0,0,0,0,0,0,0,0,0,0,0,0,0,0,0,0,0,0,0,0,0,0,0,0,23,41,40,63,65476,0,300,0,0,8,21553,0.0,-107605600.0,0.0,0.0,0.0,0.0,0.0,0.0,0.0,0.0,0.0,0.0,0.0,0.0,0.0,0.0,0.0,0.0,0.0,0.0,0.0,2.004,2.004,-0.0,-0.0,-2.004,0.0,0.0,0.0,0.0,1646.5,-3.697095094061918e+19,0.0,2.7184260577004195e+23,-107615280.0,-0.0,2.7184312818759872e+23,0.0,0.0,2.004,2.004,68,89221.047,-71.628,0.0,0.0,0.0,0.0,0.0,0.0,0.0,0,0,0,0.0,3.331517153786456e+31,0.0,3.770826365348404e+35,0.0,17567.6,3.488,-4.727,2.227374119924531e+16,0.0,-0.0,0.743,-0.0,3511017728.0,0.0,-0.0,0,1.3516416376850534e+27,68,0.0,136,0.0,98688.258,0,13107,17071,0,17092,13107,17065,0,0,0,105,99,100,0.0,51.05,0.0,61.45,-107615200.0,63.0,1,47,48,180,0,0,0,0,0.0,0.0,0.0,0.0,1.002,66.0,0.0,1.3975023399450065e+34,0.0,725,0,695,0,0,0,877,0,980,0,846,0,632,0,613,0,510,0,591,0.032,69544110456832.0,-2.004,2.7302298121797724e+23,54672,16791,3492.157,1.3975023399450065e+34,-0.0,-9.554098003992772e+37,0.0,79054176256.0,70.0,60.0,66,0.0,0.0,10.0,2.0,0.0,0.0,0.0,0.0,0.0,0.0,0.0,0.0,0.0,0.0,0.0,0.0,62.0,62,18,65518,45,65476,0,300,0,0,8,20529,65476,0,0,44564,60.0,0.0,10.0,10.0,2.0,0.0
2026-02-05T00:05:25,ERR,ERR,ERR,ERR,ERR,ERR,ERR,ERR,ERR,ERR,ERR,ERR,ERR,ERR,ERR,ERR,ERR,ERR,ERR,ERR,ERR,ERR,ERR,ERR,ERR,ERR,ERR,ERR,ERR,ERR,ERR,ERR,ERR,ERR,ERR,ERR,ERR,ERR,ERR,ERR,ERR,ERR,ERR,ERR,ERR,ERR,ERR,ERR,ERR,ERR,ERR,ERR,ERR,ERR,ERR,ERR,ERR,ERR,ERR,ERR,ERR,ERR,ERR,ERR,ERR,ERR,ERR,ERR,ERR,ERR,ERR,ERR,ERR,ERR,ERR,ERR,ERR,ERR,ERR,ERR,ERR,ERR,ERR,ERR,ERR,ERR,ERR,ERR,ERR,ERR,ERR,ERR,ERR,ERR,ERR,ERR,ERR,ERR,ERR,ERR,ERR,ERR,ERR,ERR,ERR,ERR,ERR,ERR,ERR,ERR,ERR,ERR,ERR,ERR,ERR,ERR,ERR,ERR,ERR,ERR,ERR,ERR,ERR,ERR,ERR,2.7184260577004195e+23,-0.0,2.8364012726751064e+23,0.0,0.0,-6.548595453659455e+35,-0.0,0.0,0,0,4,0,7670,-0.0,41,0.0,0.0,0.0,0.0,0.0,0,0,0,0,0.0,0,0,0,0,0,0,0,0,0,0,0,0,0,0,0,0,0,0,0,0,0,0,0,0,0,0,0,0,0,0,0,0,0,23,41,40,63,65476,0,300,0,0,8,21553,0.0,-107605600.0,0.0,0.0,0.0,0.0,0.0,0.0,0.0,0.0,0.0,0.0,0.0,0.0,0.0,0.0,0.0,0.0,0.0,0.0,0.0,2.004,2.004,2.004,-0.0,-0.0,0.0,0.0,0.0,0.0,1655.5,-0.0,0.0,2.7184260577004195e+23,-107615280.0,-0.0,2.7184312818759872e+23,0.0,0.0,2.004,2.004,68,1.9056965742860698e+17,0.059,0.0,0.0,0.0,0.0,0.0,0.0,0.0,0,0,0,0.0,-0.0,-9.35707860681976e+36,-329095282688.0,0.0,-0.0,-7.082459482659226e+17,3.159523737299834e+24,0.0,0.0,-0.0,0.747,-0.0,3527794944.0,0.0,0.0,0,1.3516416376850534e+27,68,0.0,136,0.0,98688.258,0,13107,17071,0,17092,13107,17065,0,0,0,105,99,100,0.0,51.05,0.0,61.45,-107615200.0,63.0,1,47,48,180,0,0,0,0,0.0,0.0,0.0,0.0,1.002,66.0,0.0,1.3975023399450065e+34,0.0,725,0,695,0,0,0,877,0,980,0,846,0,632,0,613,0,510,0,591,0.032,69544110456832.0,-2.004,2.7302298121797724e+23,54672,16791,3492.157,1.3975023399450065e+34,-0.0,-9.554098003992772e+37,0.0,79054176256.0,70.0,60.0,66,0.0,0.0,10.0,2.0,0.0,0.0,0.0,0.0,0.0,0.0,0.0,0.0,0.0,0.0,0.0,0.0,62.0,62,18,65518,45,65476,0,300,0,0,8,20529,65476,0,0,44564,60.0,0.0,10.0,10.0,2.0,0.0
2026-02-05T00:05:26,ERR,ERR,ERR,ERR,ERR,ERR,ERR,ERR,ERR,ERR,ERR,ERR,ERR,ERR,ERR,ERR,ERR,ERR,ERR,ERR,ERR,ERR,ERR,ERR,ERR,ERR,ERR,ERR,ERR,ERR,ERR,ERR,ERR,ERR,ERR,ERR,ERR,ERR,ERR,ERR,ERR,ERR,ERR,ERR,ERR,ERR,ERR,ERR,ERR,ERR,ERR,ERR,ERR,ERR,ERR,ERR,ERR,ERR,ERR,ERR,ERR,ERR,ERR,ERR,ERR,ERR,ERR,ERR,ERR,ERR,ERR,ERR,ERR,ERR,ERR,ERR,ERR,ERR,ERR,ERR,ERR,ERR,ERR,ERR,ERR,ERR,ERR,ERR,ERR,ERR,ERR,ERR,ERR,ERR,ERR,ERR,ERR,ERR,ERR,ERR,ERR,ERR,ERR,ERR,ERR,ERR,ERR,ERR,ERR,ERR,ERR,ERR,ERR,ERR,ERR,ERR,ERR,ERR,ERR,ERR,ERR,ERR,ERR,ERR,ERR,2.7184260577004195e+23,-0.0,2.8364012726751064e+23,0.0,0.0,-6.548595453659455e+35,-0.0,0.0,0,0,4,0,7670,-0.0,41,0.0,0.0,0.0,0.0,0.0,0,0,0,0,0.0,0,0,0,0,0,0,0,0,0,0,0,0,0,0,0,0,0,0,0,0,0,0,0,0,0,0,0,0,0,0,0,0,0,23,41,40,63,65476,0,300,0,0,8,21553,0.0,-107605600.0,0.0,0.0,0.0,0.0,0.0,0.0,0.0,0.0,0.0,0.0,0.0,0.0,0.0,0.0,0.0,0.0,0.0,0.0,0.0,2.004,2.004,2.004,-0.0,-0.0,0.0,0.0,0.0,0.0,1655.5,-0.0,0.0,2.7184260577004195e+23,-107615280.0,-0.0,2.7184312818759872e+23,0.0,0.0,2.004,2.004,68,1.9056965742860698e+17,0.059,0.0,0.0,0.0,0.0,0.0,0.0,0.0,0,0,0,0.0,-0.0,-9.35707860681976e+36,-329095282688.0,0.0,-0.0,-7.082459482659226e+17,3.159523737299834e+24,0.0,0.0,-0.0,0.747,-0.0,3527794944.0,0.0,0.0,0,1.3516416376850534e+27,68,0.0,136,0.0,98688.258,0,13107,17071,0,17092,13107,17065,0,0,0,105,99,100,-0.0,50.8,0.0,61.45,-107615200.0,63.0,1,47,48,180,0,0,0,0,0.0,0.0,0.0,0.0,154.26,66.0,0.0,2285987328.0,0.0,725,0,695,0,0,0,876,0,980,0,846,0,632,0,613,0,510,0,591,0.032,69818988363776.0,-2.004,2.7302298121797724e+23,43152,16791,0.0,-0.0,2.1320910570143956e+35,0.0,-3.3771672323571494e+37,0.0,70.0,60.0,66,0.0,0.0,10.0,2.0,0.0,0.0,0.0,0.0,0.0,0.0,0.0,0.0,0.0,0.0,0.0,0.0,62.0,62,18,65518,45,65476,0,300,0,0,8,20529,65476,0,0,44564,60.0,0.0,10.0,10.0,2.0,0.0
2026-02-05T00:05:27,ERR,ERR,ERR,ERR,ERR,ERR,ERR,ERR,ERR,ERR,ERR,ERR,ERR,ERR,ERR,ERR,ERR,ERR,ERR,ERR,ERR,ERR,ERR,ERR,ERR,ERR,ERR,ERR,ERR,ERR,ERR,ERR,ERR,ERR,ERR,ERR,ERR,ERR,ERR,ERR,ERR,ERR,ERR,ERR,ERR,ERR,ERR,ERR,ERR,ERR,ERR,ERR,ERR,ERR,ERR,ERR,ERR,ERR,ERR,ERR,ERR,ERR,ERR,ERR,ERR,ERR,ERR,ERR,ERR,ERR,ERR,ERR,ERR,ERR,ERR,ERR,ERR,ERR,ERR,ERR,ERR,ERR,ERR,ERR,ERR,ERR,ERR,ERR,ERR,ERR,ERR,ERR,ERR,ERR,ERR,ERR,ERR,ERR,ERR,ERR,ERR,ERR,ERR,ERR,ERR,ERR,ERR,ERR,ERR,ERR,ERR,ERR,ERR,ERR,ERR,ERR,ERR,ERR,ERR,ERR,ERR,ERR,ERR,ERR,ERR,2.7184260577004195e+23,-0.0,2.8364012726751064e+23,0.0,0.0,-6.548595453659455e+35,-0.0,0.0,0,0,4,0,7670,-0.0,41,0.0,0.0,0.0,0.0,0.0,0,0,0,0,0.0,0,0,0,0,0,0,0,0,0,0,0,0,0,0,0,0,0,0,0,0,0,0,0,0,0,0,0,0,0,0,0,0,0,23,41,40,63,65476,0,300,0,0,8,21553,0.0,-107605600.0,0.0,0.0,0.0,0.0,0.0,0.0,0.0,0.0,0.0,0.0,0.0,0.0,0.0,0.0,0.0,0.0,0.0,0.0,0.0,2.004,2.004,2.004,-0.0,-0.0,0.0,0.0,0.0,0.0,1655.5,-0.0,0.0,2.7184260577004195e+23,-107615280.0,-0.0,2.7184312818759872e+23,0.0,0.0,2.004,2.004,68,1.9056965742860698e+17,0.059,0.0,0.0,0.0,0.0,0.0,0.0,0.0,0,0,0,0.0,-0.0,-9.35707860681976e+36,-329095282688.0,0.0,-0.0,-7.082459482659226e+17,3.159523737299834e+24,0.0,0.0,-0.0,0.747,-0.0,3527794944.0,0.0,0.0,0,1.3516416376850534e+27,68,0.0,136,0.0,98688.258,0,13107,17071,0,17092,13107,17065,0,0,0,105,99,100,-0.0,50.8,0.0,61.45,-107615200.0,63.0,1,47,48,180,0,0,0,0,0.0,0.0,0.0,0.0,154.26,66.0,0.0,2285987328.0,0.0,725,0,695,0,0,0,876,0,980,0,846,0,632,0,613,0,510,0,591,0.032,69818988363776.0,-2.004,2.7302298121797724e+23,43152,16791,0.0,-0.0,2.1320910570143956e+35,0.0,-3.3771672323571494e+37,0.0,70.0,60.0,66,0.0,0.0,10.0,2.0,0.0,0.0,0.0,0.0,0.0,0.0,0.0,0.0,0.0,0.0,0.0,0.0,62.0,62,18,65518,45,65476,0,300,0,0,8,20529,65476,0,0,44564,60.0,0.0,10.0,10.0,2.0,0.0
2026-02-05T00:05:28,ERR,ERR,ERR,ERR,ERR,ERR,ERR,ERR,ERR,ERR,ERR,ERR,ERR,ERR,ERR,ERR,ERR,ERR,ERR,ERR,ERR,ERR,ERR,ERR,ERR,ERR,ERR,ERR,ERR,ERR,ERR,ERR,ERR,ERR,ERR,ERR,ERR,ERR,ERR,ERR,ERR,ERR,ERR,ERR,ERR,ERR,ERR,ERR,ERR,ERR,ERR,ERR,ERR,ERR,ERR,ERR,ERR,ERR,ERR,ERR,ERR,ERR,ERR,ERR,ERR,ERR,ERR,ERR,ERR,ERR,ERR,ERR,ERR,ERR,ERR,ERR,ERR,ERR,ERR,ERR,ERR,ERR,ERR,ERR,ERR,ERR,ERR,ERR,ERR,ERR,ERR,ERR,ERR,ERR,ERR,ERR,ERR,ERR,ERR,ERR,ERR,ERR,ERR,ERR,ERR,ERR,ERR,ERR,ERR,ERR,ERR,ERR,ERR,ERR,ERR,ERR,ERR,ERR,ERR,ERR,ERR,ERR,ERR,ERR,ERR,2.7184260577004195e+23,-0.0,2.8364012726751064e+23,0.0,0.0,-6.548595453659455e+35,-0.0,0.0,0,0,4,0,7670,-0.0,41,0.0,0.0,0.0,0.0,0.0,0,0,0,0,0.0,0,0,0,0,0,0,0,0,0,0,0,0,0,0,0,0,0,0,0,0,0,0,0,0,0,0,0,0,0,0,0,0,0,23,41,40,63,65476,0,300,0,0,8,21553,0.0,-107605600.0,0.0,0.0,0.0,0.0,0.0,0.0,0.0,0.0,0.0,0.0,0.0,0.0,0.0,0.0,0.0,0.0,0.0,0.0,0.0,2.004,2.004,2.004,-0.0,-0.0,0.0,0.0,0.0,0.0,1655.5,-0.0,0.0,2.7184260577004195e+23,-107615280.0,-0.0,2.7184312818759872e+23,0.0,0.0,2.004,2.004,68,1.9056965742860698e+17,0.059,0.0,0.0,0.0,0.0,0.0,0.0,0.0,0,0,0,0.0,-0.0,-9.35707860681976e+36,-329095282688.0,0.0,-0.0,-7.082459482659226e+17,3.159523737299834e+24,0.0,0.0,-0.0,0.747,-0.0,3527794944.0,0.0,0.0,0,1.3516416376850534e+27,68,0.0,136,0.0,98688.258,0,13107,17071,0,17092,13107,17065,0,0,0,105,99,100,-0.0,50.8,0.0,61.45,-107615200.0,63.0,1,47,48,180,0,0,0,0,0.0,0.0,0.0,0.0,154.26,66.0,0.0,2285987328.0,0.0,725,0,695,0,0,0,876,0,980,0,846,0,632,0,613,0,510,0,591,0.032,69818988363776.0,-2.004,2.7302298121797724e+23,43152,16791,0.0,-0.0,2.1320910570143956e+35,0.0,-3.3771672323571494e+37,0.0,70.0,60.0,66,0.0,0.0,10.0,2.0,0.0,0.0,0.0,0.0,0.0,0.0,0.0,0.0,0.0,0.0,0.0,0.0,62.0,62,18,65518,45,65476,0,300,0,0,8,20529,65476,0,0,44564,60.0,0.0,10.0,10.0,2.0,0.0
2026-02-05T00:05:29,ERR,ERR,ERR,ERR,ERR,ERR,ERR,ERR,ERR,ERR,ERR,ERR,ERR,ERR,ERR,ERR,ERR,ERR,ERR,ERR,ERR,ERR,ERR,ERR,ERR,ERR,ERR,ERR,ERR,ERR,ERR,ERR,ERR,ERR,ERR,ERR,ERR,ERR,ERR,ERR,ERR,ERR,ERR,ERR,ERR,ERR,ERR,ERR,ERR,ERR,ERR,ERR,ERR,ERR,ERR,ERR,ERR,ERR,ERR,ERR,ERR,ERR,ERR,ERR,ERR,ERR,ERR,ERR,ERR,ERR,ERR,ERR,ERR,ERR,ERR,ERR,ERR,ERR,ERR,ERR,ERR,ERR,ERR,ERR,ERR,ERR,ERR,ERR,ERR,ERR,ERR,ERR,ERR,ERR,ERR,ERR,ERR,ERR,ERR,ERR,ERR,ERR,ERR,ERR,ERR,ERR,ERR,ERR,ERR,ERR,ERR,ERR,ERR,ERR,ERR,ERR,ERR,ERR,ERR,ERR,ERR,ERR,ERR,ERR,ERR,2.7184260577004195e+23,-0.0,2.8364012726751064e+23,0.0,0.0,-6.548595453659455e+35,-0.0,0.0,0,0,4,0,7670,-0.0,41,0.0,0.0,0.0,0.0,0.0,0,0,0,0,0.0,0,0,0,0,0,0,0,0,0,0,0,0,0,0,0,0,0,0,0,0,0,0,0,0,0,0,0,0,0,0,0,0,0,23,41,40,63,65476,0,300,0,0,8,21553,0.0,-107605600.0,0.0,0.0,0.0,0.0,0.0,0.0,0.0,0.0,0.0,0.0,0.0,0.0,0.0,0.0,0.0,0.0,0.0,0.0,0.0,2.004,2.004,2.004,-0.0,-0.0,0.0,0.0,0.0,0.0,1655.5,-0.0,0.0,2.7184260577004195e+23,-107615280.0,-0.0,2.7184312818759872e+23,0.0,0.0,2.004,2.004,68,1.9056965742860698e+17,0.059,0.0,0.0,0.0,0.0,0.0,0.0,0.0,0,0,0,0.0,-0.0,-9.35707860681976e+36,-329095282688.0,0.0,-0.0,-7.082459482659226e+17,3.159523737299834e+24,0.0,0.0,-0.0,0.747,-0.0,3527794944.0,0.0,0.0,0,1.3516416376850534e+27,68,0.0,136,0.0,98688.258,0,13107,17071,0,17092,13107,17065,0,0,0,105,99,100,-0.0,50.8,0.0,61.45,-107615200.0,63.0,1,47,48,180,0,0,0,0,0.0,0.0,0.0,0.0,154.26,66.0,0.0,2285987328.0,0.0,725,0,695,0,0,0,876,0,980,0,846,0,632,0,613,0,510,0,591,0.032,69818988363776.0,-2.004,2.7302298121797724e+23,43152,16791,0.0,-0.0,2.1320910570143956e+35,0.0,-3.3771672323571494e+37,0.0,70.0,60.0,66,0.0,0.0,10.0,2.0,0.0,0.0,0.0,0.0,0.0,0.0,0.0,0.0,0.0,0.0,0.0,0.0,62.0,62,18,65518,45,65476,0,300,0,0,8,20529,65476,0,0,44564,60.0,0.0,10.0,10.0,2.0,0.0
2026-02-05T00:05:30,ERR,ERR,ERR,ERR,ERR,ERR,ERR,ERR,ERR,ERR,ERR,ERR,ERR,ERR,ERR,ERR,ERR,ERR,ERR,ERR,ERR,ERR,ERR,ERR,ERR,ERR,ERR,ERR,ERR,ERR,ERR,ERR,ERR,ERR,ERR,ERR,ERR,ERR,ERR,ERR,ERR,ERR,ERR,ERR,ERR,ERR,ERR,ERR,ERR,ERR,ERR,ERR,ERR,ERR,ERR,ERR,ERR,ERR,ERR,ERR,ERR,ERR,ERR,ERR,ERR,ERR,ERR,ERR,ERR,ERR,ERR,ERR,ERR,ERR,ERR,ERR,ERR,ERR,ERR,ERR,ERR,ERR,ERR,ERR,ERR,ERR,ERR,ERR,ERR,ERR,ERR,ERR,ERR,ERR,ERR,ERR,ERR,ERR,ERR,ERR,ERR,ERR,ERR,ERR,ERR,ERR,ERR,ERR,ERR,ERR,ERR,ERR,ERR,ERR,ERR,ERR,ERR,ERR,ERR,ERR,ERR,ERR,ERR,ERR,ERR,2.7184260577004195e+23,-0.0,2.8364012726751064e+23,0.0,0.0,-6.548595453659455e+35,-0.0,0.0,0,0,4,0,7670,-0.0,41,0.0,0.0,0.0,0.0,0.0,0,0,0,0,0.0,0,0,0,0,0,0,0,0,0,0,0,0,0,0,0,0,0,0,0,0,0,0,0,0,0,0,0,0,0,0,0,0,0,23,41,40,63,65476,0,300,0,0,8,21553,0.0,-107605600.0,0.0,0.0,0.0,0.0,0.0,0.0,0.0,0.0,0.0,0.0,0.0,0.0,0.0,0.0,0.0,0.0,0.0,0.0,0.0,2.004,2.004,2.004,-0.0,-0.0,0.0,0.0,0.0,0.0,1655.5,-0.0,0.0,2.7184260577004195e+23,-107615280.0,-0.0,2.7184312818759872e+23,0.0,0.0,2.004,2.004,68,1.9056965742860698e+17,0.059,0.0,0.0,0.0,0.0,0.0,0.0,0.0,0,0,0,0.0,-0.0,-9.35707860681976e+36,-329095282688.0,0.0,-0.0,-7.082459482659226e+17,3.159523737299834e+24,0.0,0.0,-0.0,0.747,-0.0,3527794944.0,0.0,0.0,0,1.3516416376850534e+27,68,0.0,136,0.0,98688.258,0,13107,17071,0,17092,13107,17065,0,0,0,105,99,100,-0.0,50.8,0.0,61.45,-107615200.0,63.0,1,47,48,180,0,0,0,0,0.0,0.0,0.0,0.0,154.26,66.0,0.0,2285987328.0,0.0,725,0,695,0,0,0,876,0,980,0,846,0,632,0,613,0,510,0,591,0.032,69818988363776.0,-2.004,2.7302298121797724e+23,43152,16791,0.0,-0.0,2.1320910570143956e+35,0.0,-3.3771672323571494e+37,0.0,70.0,60.0,66,0.0,0.0,10.0,2.0,0.0,0.0,0.0,0.0,0.0,0.0,0.0,0.0,0.0,0.0,0.0,0.0,62.0,62,18,65518,45,65476,0,300,0,0,8,20529,65476,0,0,44564,60.0,0.0,10.0,10.0,2.0,0.0
2026-02-05T00:05:31,ERR,ERR,ERR,ERR,ERR,ERR,ERR,ERR,ERR,ERR,ERR,ERR,ERR,ERR,ERR,ERR,ERR,ERR,ERR,ERR,ERR,ERR,ERR,ERR,ERR,ERR,ERR,ERR,ERR,ERR,ERR,ERR,ERR,ERR,ERR,ERR,ERR,ERR,ERR,ERR,ERR,ERR,ERR,ERR,ERR,ERR,ERR,ERR,ERR,ERR,ERR,ERR,ERR,ERR,ERR,ERR,ERR,ERR,ERR,ERR,ERR,ERR,ERR,ERR,ERR,ERR,ERR,ERR,ERR,ERR,ERR,ERR,ERR,ERR,ERR,ERR,ERR,ERR,ERR,ERR,ERR,ERR,ERR,ERR,ERR,ERR,ERR,ERR,ERR,ERR,ERR,ERR,ERR,ERR,ERR,ERR,ERR,ERR,ERR,ERR,ERR,ERR,ERR,ERR,ERR,ERR,ERR,ERR,ERR,ERR,ERR,ERR,ERR,ERR,ERR,ERR,ERR,ERR,ERR,ERR,ERR,ERR,ERR,ERR,ERR,2.7184260577004195e+23,-107615280.0,-0.0,0.0,0.0,940542208.0,-3.6256813740332155e+18,0.0,0,0,4,0,7670,-0.0,41,0.0,0.0,0.0,0.0,0.0,0,0,0,0,0.0,0,0,0,0,0,0,0,0,0,0,0,0,0,0,0,0,0,0,0,0,0,0,0,0,0,0,0,0,0,0,0,0,0,23,41,40,63,65476,0,300,0,0,8,21553,0.0,-107605600.0,0.0,0.0,0.0,0.0,0.0,0.0,0.0,0.0,0.0,0.0,0.0,0.0,0.0,0.0,0.0,0.0,0.0,0.0,0.0,2.004,2.004,2.004,-0.0,-2.004,0.0,0.0,0.0,0.0,1679.5,0.0,0.0,2.7184260577004195e+23,-0.0,-0.0,2.7184312818759872e+23,0.0,0.0,2.004,2.004,68,1.9056965742860698e+17,-152014008877056.0,0.0,0.0,0.0,0.0,0.0,0.0,0.0,0,0,0,0.0,0.0,0.0,-0.0,0.0,-977452079775744.0,-1922.098,0.0,-2.1311587237663765e+37,0.0,-0.0,0.747,-0.0,3544572160.0,0.0,0.003,0,1.3516416376850534e+27,68,0.0,136,0.0,98688.258,0,13107,17071,0,17092,13107,17065,0,0,0,105,99,100,0.0,51.05,0.0,61.45,-107615200.0,63.0,1,47,48,180,0,0,0,0,0.0,0.0,0.0,0.0,0.0,66.0,0.0,1411116.75,0.0,725,0,695,0,0,0,876,0,980,0,846,0,632,0,613,0,510,0,592,0.032,69544110456832.0,0.0,-107615072.0,35856,16791,0.0,-0.0,-0.0,0.0,0.0,179.25,70.0,60.0,66,0.0,0.0,10.0,2.0,0.0,0.0,0.0,0.0,0.0,0.0,0.0,0.0,0.0,0.0,0.0,0.0,62.0,62,18,65518,45,65476,0,300,0,0,8,20529,65476,0,0,44564,60.0,0.0,10.0,10.0,2.0,0.0
2026-02-05T00:05:32,ERR,ERR,ERR,ERR,ERR,ERR,ERR,ERR,ERR,ERR,ERR,ERR,ERR,ERR,ERR,ERR,ERR,ERR,ERR,ERR,ERR,ERR,ERR,ERR,ERR,ERR,ERR,ERR,ERR,ERR,ERR,ERR,ERR,ERR,ERR,ERR,ERR,ERR,ERR,ERR,ERR,ERR,ERR,ERR,ERR,ERR,ERR,ERR,ERR,ERR,ERR,ERR,ERR,ERR,ERR,ERR,ERR,ERR,ERR,ERR,ERR,ERR,ERR,ERR,ERR,ERR,ERR,ERR,ERR,ERR,ERR,ERR,ERR,ERR,ERR,ERR,ERR,ERR,ERR,ERR,ERR,ERR,ERR,ERR,ERR,ERR,ERR,ERR,ERR,ERR,ERR,ERR,ERR,ERR,ERR,ERR,ERR,ERR,ERR,ERR,ERR,ERR,ERR,ERR,ERR,ERR,ERR,ERR,ERR,ERR,ERR,ERR,ERR,ERR,ERR,ERR,ERR,ERR,ERR,ERR,ERR,ERR,ERR,ERR,ERR,2.7184260577004195e+23,-107615280.0,-0.0,0.0,0.0,940542208.0,-3.6256813740332155e+18,0.0,0,0,4,0,7670,-0.0,41,0.0,0.0,0.0,0.0,0.0,0,0,0,0,0.0,0,0,0,0,0,0,0,0,0,0,0,0,0,0,0,0,0,0,0,0,0,0,0,0,0,0,0,0,0,0,0,0,0,23,41,40,63,65476,0,300,0,0,8,21553,0.0,-107605600.0,0.0,0.0,0.0,0.0,0.0,0.0,0.0,0.0,0.0,0.0,0.0,0.0,0.0,0.0,0.0,0.0,0.0,0.0,0.0,2.004,2.004,2.004,-0.0,-2.004,0.0,0.0,0.0,0.0,1679.5,0.0,0.0,2.7184260577004195e+23,-0.0,-0.0,2.7184312818759872e+23,0.0,0.0,2.004,2.004,68,1.9056965742860698e+17,-152014008877056.0,0.0,0.0,0.0,0.0,0.0,0.0,0.0,0,0,0,0.0,0.0,0.0,-0.0,0.0,-977452079775744.0,-1922.098,0.0,-2.1311587237663765e+37,0.0,-0.0,0.747,-0.0,3544572160.0,0.0,0.003,0,1.3516416376850534e+27,68,0.0,136,0.0,98688.258,0,13107,17071,0,17092,13107,17065,0,0,0,105,99,100,0.0,51.05,0.0,61.45,-107615200.0,63.0,1,47,48,180,0,0,0,0,0.0,0.0,0.0,0.0,0.0,66.0,0.0,1411116.75,0.0,725,0,695,0,0,0,876,0,980,0,846,0,632,0,613,0,510,0,592,0.032,69544110456832.0,0.0,-107615072.0,35856,16791,0.0,-0.0,-0.0,0.0,0.0,179.25,70.0,60.0,66,0.0,0.0,10.0,2.0,0.0,0.0,0.0,0.0,0.0,0.0,0.0,0.0,0.0,0.0,0.0,0.0,62.0,62,18,65518,45,65476,0,300,0,0,8,20529,65476,0,0,44564,60.0,0.0,10.0,10.0,2.0,0.0
2026-02-05T00:05:33,ERR,ERR,ERR,ERR,ERR,ERR,ERR,ERR,ERR,ERR,ERR,ERR,ERR,ERR,ERR,ERR,ERR,ERR,ERR,ERR,ERR,ERR,ERR,ERR,ERR,ERR,ERR,ERR,ERR,ERR,ERR,ERR,ERR,ERR,ERR,ERR,ERR,ERR,ERR,ERR,ERR,ERR,ERR,ERR,ERR,ERR,ERR,ERR,ERR,ERR,ERR,ERR,ERR,ERR,ERR,ERR,ERR,ERR,ERR,ERR,ERR,ERR,ERR,ERR,ERR,ERR,ERR,ERR,ERR,ERR,ERR,ERR,ERR,ERR,ERR,ERR,ERR,ERR,ERR,ERR,ERR,ERR,ERR,ERR,ERR,ERR,ERR,ERR,ERR,ERR,ERR,ERR,ERR,ERR,ERR,ERR,ERR,ERR,ERR,ERR,ERR,ERR,ERR,ERR,ERR,ERR,ERR,ERR,ERR,ERR,ERR,ERR,ERR,ERR,ERR,ERR,ERR,ERR,ERR,ERR,ERR,ERR,ERR,ERR,ERR,2.7184260577004195e+23,-107615280.0,-0.0,0.0,0.0,940542208.0,-3.6256813740332155e+18,0.0,0,0,4,0,7670,-0.0,41,0.0,0.0,0.0,0.0,0.0,0,0,0,0,0.0,0,0,0,0,0,0,0,0,0,0,0,0,0,0,0,0,0,0,0,0,0,0,0,0,0,0,0,0,0,0,0,0,0,23,41,40,63,65476,0,300,0,0,8,21553,0.0,-107605600.0,0.0,0.0,0.0,0.0,0.0,0.0,0.0,0.0,0.0,0.0,0.0,0.0,0.0,0.0,0.0,0.0,0.0,0.0,0.0,2.004,2.004,2.004,-0.0,-2.004,0.0,0.0,0.0,0.0,1679.5,0.0,0.0,2.7184260577004195e+23,-0.0,-0.0,2.7184312818759872e+23,0.0,0.0,2.004,2.004,68,1.9056965742860698e+17,-152014008877056.0,0.0,0.0,0.0,0.0,0.0,0.0,0.0,0,0,0,0.0,0.0,0.0,-0.0,0.0,-977452079775744.0,-1922.098,0.0,-2.1311587237663765e+37,0.0,-0.0,0.747,-0.0,3544572160.0,0.0,0.003,0,1.3516416376850534e+27,68,0.0,136,0.0,98688.258,0,13107,17071,0,17092,13107,17065,0,0,0,105,99,100,0.0,51.05,0.0,61.45,-107615200.0,63.0,1,47,48,180,0,0,0,0,0.0,0.0,0.0,0.0,0.0,66.0,0.0,1411116.75,0.0,725,0,695,0,0,0,876,0,980,0,846,0,632,0,613,0,510,0,592,0.032,69544110456832.0,0.0,-107615072.0,35856,16791,0.0,-0.0,-0.0,0.0,0.0,179.25,70.0,60.0,66,0.0,0.0,10.0,2.0,0.0,0.0,0.0,0.0,0.0,0.0,0.0,0.0,0.0,0.0,0.0,0.0,62.0,62,18,65518,45,65476,0,300,0,0,8,20529,65476,0,0,44564,60.0,0.0,10.0,10.0,2.0,0.0
2026-02-05T00:05:34,ERR,ERR,ERR,ERR,ERR,ERR,ERR,ERR,ERR,ERR,ERR,ERR,ERR,ERR,ERR,ERR,ERR,ERR,ERR,ERR,ERR,ERR,ERR,ERR,ERR,ERR,ERR,ERR,ERR,ERR,ERR,ERR,ERR,ERR,ERR,ERR,ERR,ERR,ERR,ERR,ERR,ERR,ERR,ERR,ERR,ERR,ERR,ERR,ERR,ERR,ERR,ERR,ERR,ERR,ERR,ERR,ERR,ERR,ERR,ERR,ERR,ERR,ERR,ERR,ERR,ERR,ERR,ERR,ERR,ERR,ERR,ERR,ERR,ERR,ERR,ERR,ERR,ERR,ERR,ERR,ERR,ERR,ERR,ERR,ERR,ERR,ERR,ERR,ERR,ERR,ERR,ERR,ERR,ERR,ERR,ERR,ERR,ERR,ERR,ERR,ERR,ERR,ERR,ERR,ERR,ERR,ERR,ERR,ERR,ERR,ERR,ERR,ERR,ERR,ERR,ERR,ERR,ERR,ERR,ERR,ERR,ERR,ERR,ERR,ERR,2.7184260577004195e+23,-107615280.0,-0.0,0.0,0.0,940542208.0,-3.6256813740332155e+18,0.0,0,0,4,0,7670,-0.0,41,0.0,0.0,0.0,0.0,0.0,0,0,0,0,0.0,0,0,0,0,0,0,0,0,0,0,0,0,0,0,0,0,0,0,0,0,0,0,0,0,0,0,0,0,0,0,0,0,0,23,41,40,63,65476,0,300,0,0,8,21553,0.0,-107605600.0,0.0,0.0,0.0,0.0,0.0,0.0,0.0,0.0,0.0,0.0,0.0,0.0,0.0,0.0,0.0,0.0,0.0,0.0,0.0,2.004,2.004,2.004,-0.0,-2.004,0.0,0.0,0.0,0.0,1679.5,0.0,0.0,2.7184260577004195e+23,-0.0,-0.0,2.7184312818759872e+23,0.0,0.0,2.004,2.004,68,1.9056965742860698e+17,-152014008877056.0,0.0,0.0,0.0,0.0,0.0,0.0,0.0,0,0,0,0.0,0.0,0.0,-0.0,0.0,-977452079775744.0,-1922.098,0.0,-2.1311587237663765e+37,0.0,-0.0,0.747,-0.0,3544572160.0,0.0,0.003,0,1.3516416376850534e+27,68,0.0,136,0.0,98688.258,0,13107,17071,0,17092,13107,17065,0,0,0,105,99,100,0.0,51.05,0.0,61.45,-107615200.0,63.0,1,47,48,180,0,0,0,0,0.0,0.0,0.0,0.0,0.0,66.0,0.0,1411116.75,0.0,725,0,695,0,0,0,876,0,980,0,846,0,632,0,613,0,510,0,592,0.032,69544110456832.0,0.0,-107615072.0,35856,16791,0.0,-0.0,-0.0,0.0,0.0,179.25,70.0,60.0,66,0.0,0.0,10.0,2.0,0.0,0.0,0.0,0.0,0.0,0.0,0.0,0.0,0.0,0.0,0.0,0.0,62.4,62,18,65518,45,65476,0,300,0,0,8,20529,65476,0,0,44564,60.0,0.0,10.0,10.0,2.0,0.0
2026-02-05T00:05:35,ERR,ERR,ERR,ERR,ERR,ERR,ERR,ERR,ERR,ERR,ERR,ERR,ERR,ERR,ERR,ERR,ERR,ERR,ERR,ERR,ERR,ERR,ERR,ERR,ERR,ERR,ERR,ERR,ERR,ERR,ERR,ERR,ERR,ERR,ERR,ERR,ERR,ERR,ERR,ERR,ERR,ERR,ERR,ERR,ERR,ERR,ERR,ERR,ERR,ERR,ERR,ERR,ERR,ERR,ERR,ERR,ERR,ERR,ERR,ERR,ERR,ERR,ERR,ERR,ERR,ERR,ERR,ERR,ERR,ERR,ERR,ERR,ERR,ERR,ERR,ERR,ERR,ERR,ERR,ERR,ERR,ERR,ERR,ERR,ERR,ERR,ERR,ERR,ERR,ERR,ERR,ERR,ERR,ERR,ERR,ERR,ERR,ERR,ERR,ERR,ERR,ERR,ERR,ERR,ERR,ERR,ERR,ERR,ERR,ERR,ERR,ERR,ERR,ERR,ERR,ERR,ERR,ERR,ERR,ERR,ERR,ERR,ERR,ERR,ERR,2.7184260577004195e+23,-107615280.0,-0.0,0.0,0.0,940542208.0,-3.6256813740332155e+18,0.0,0,0,4,0,7670,-0.0,41,0.0,0.0,0.0,0.0,0.0,0,0,0,0,0.0,0,0,0,0,0,0,0,0,0,0,0,0,0,0,0,0,0,0,0,0,0,0,0,0,0,0,0,0,0,0,0,0,0,23,41,40,63,65476,0,300,0,0,8,21553,0.0,-107605600.0,0.0,0.0,0.0,0.0,0.0,0.0,0.0,0.0,0.0,0.0,0.0,0.0,0.0,0.0,0.0,0.0,0.0,0.0,0.0,2.004,2.004,2.004,-0.0,-2.004,0.0,0.0,0.0,0.0,1679.5,0.0,0.0,2.7184260577004195e+23,-0.0,-0.0,2.7184312818759872e+23,0.0,0.0,2.004,2.004,68,1.9056965742860698e+17,-152014008877056.0,0.0,0.0,0.0,0.0,0.0,0.0,0.0,0,0,0,0.0,0.0,0.0,-0.0,0.0,-977452079775744.0,-1922.098,0.0,-2.1311587237663765e+37,0.0,-0.0,0.747,-0.0,3544572160.0,0.0,0.003,0,1.3516416376850534e+27,68,0.0,136,0.0,98688.258,0,13107,17071,0,17092,13107,17065,0,0,0,105,99,100,-0.0,50.8,0.0,61.45,-107615200.0,63.0,1,47,48,180,0,0,0,0,0.0,0.0,0.0,0.0,0.0,66.0,0.0,-0.0,0.0,725,0,695,0,0,0,877,0,980,0,846,0,632,0,613,0,510,0,592,0.032,69544110456832.0,0.0,-107615072.0,46736,16791,0.0,-0.0,-0.0,0.0,0.0,0.0,70.0,60.0,66,0.0,0.0,10.0,2.0,0.0,0.0,0.0,0.0,0.0,0.0,0.0,0.0,0.0,0.0,0.0,0.0,62.4,62,18,65518,45,65476,0,300,0,0,8,20529,65476,0,0,44564,60.0,0.0,10.0,10.0,2.0,0.0
2026-02-05T00:05:36,ERR,ERR,ERR,ERR,ERR,ERR,ERR,ERR,ERR,ERR,ERR,ERR,ERR,ERR,ERR,ERR,ERR,ERR,ERR,ERR,ERR,ERR,ERR,ERR,ERR,ERR,ERR,ERR,ERR,ERR,ERR,ERR,ERR,ERR,ERR,ERR,ERR,ERR,ERR,ERR,ERR,ERR,ERR,ERR,ERR,ERR,ERR,ERR,ERR,ERR,ERR,ERR,ERR,ERR,ERR,ERR,ERR,ERR,ERR,ERR,ERR,ERR,ERR,ERR,ERR,ERR,ERR,ERR,ERR,ERR,ERR,ERR,ERR,ERR,ERR,ERR,ERR,ERR,ERR,ERR,ERR,ERR,ERR,ERR,ERR,ERR,ERR,ERR,ERR,ERR,ERR,ERR,ERR,ERR,ERR,ERR,ERR,ERR,ERR,ERR,ERR,ERR,ERR,ERR,ERR,ERR,ERR,ERR,ERR,ERR,ERR,ERR,ERR,ERR,ERR,ERR,ERR,ERR,ERR,ERR,ERR,ERR,ERR,ERR,ERR,2.7184260577004195e+23,-107615280.0,-0.0,0.0,0.0,17540146266112.0,0.0,0.0,0,0,4,0,7670,-0.0,41,0.0,0.0,0.0,0.0,0.0,0,0,0,0,0.0,0,0,0,0,0,0,0,0,0,0,0,0,0,0,0,0,0,0,0,0,0,0,0,0,0,0,0,0,0,0,0,0,0,23,41,40,63,65476,0,300,0,0,8,21553,0.0,-107605600.0,0.0,0.0,0.0,0.0,0.0,0.0,0.0,0.0,0.0,0.0,0.0,0.0,0.0,0.0,0.0,0.0,0.0,0.0,0.0,2.004,2.004,2.004,-0.0,-2.004,0.0,0.0,0.0,0.0,1680.0,-0.0,0.0,2.7184260577004195e+23,-107615280.0,-0.0,2.7184312818759872e+23,0.0,0.0,2.004,2.004,68,152018320621568.0,0.0,0.0,0.0,0.0,0.0,0.0,0.0,0.0,0,0,0,0.0,0.0,-1.4381321510043723e+34,-0.0,0.0,0.0,0.0,-2.5658014921909712e+29,-4168.462,0.0,-0.0,0.751,-0.0,3544572160.0,0.0,-0.0,0,1.3516416376850534e+27,68,0.0,136,0.0,98688.258,0,13107,17071,0,17092,13107,17065,0,0,0,105,99,100,-0.0,50.8,0.0,61.45,-107615200.0,63.0,1,47,48,180,0,0,0,0,0.0,0.0,0.0,0.0,0.0,66.0,0.0,-0.0,0.0,725,0,695,0,0,0,877,0,980,0,846,0,632,0,613,0,510,0,592,0.032,69544110456832.0,0.0,-107615072.0,46736,16791,0.0,-0.0,-0.0,0.0,0.0,0.0,70.0,60.0,66,0.0,0.0,10.0,2.0,0.0,0.0,0.0,0.0,0.0,0.0,0.0,0.0,0.0,0.0,0.0,0.0,62.0,62,18,65518,45,65476,0,300,0,0,8,20529,65476,0,0,44564,60.0,0.0,10.0,10.0,2.0,0.0
2026-02-05T00:05:37,ERR,ERR,ERR,ERR,ERR,ERR,ERR,ERR,ERR,ERR,ERR,ERR,ERR,ERR,ERR,ERR,ERR,ERR,ERR,ERR,ERR,ERR,ERR,ERR,ERR,ERR,ERR,ERR,ERR,ERR,ERR,ERR,ERR,ERR,ERR,ERR,ERR,ERR,ERR,ERR,ERR,ERR,ERR,ERR,ERR,ERR,ERR,ERR,ERR,ERR,ERR,ERR,ERR,ERR,ERR,ERR,ERR,ERR,ERR,ERR,ERR,ERR,ERR,ERR,ERR,ERR,ERR,ERR,ERR,ERR,ERR,ERR,ERR,ERR,ERR,ERR,ERR,ERR,ERR,ERR,ERR,ERR,ERR,ERR,ERR,ERR,ERR,ERR,ERR,ERR,ERR,ERR,ERR,ERR,ERR,ERR,ERR,ERR,ERR,ERR,ERR,ERR,ERR,ERR,ERR,ERR,ERR,ERR,ERR,ERR,ERR,ERR,ERR,ERR,ERR,ERR,ERR,ERR,ERR,ERR,ERR,ERR,ERR,ERR,ERR,2.7184260577004195e+23,-107615280.0,-0.0,0.0,0.0,17540146266112.0,0.0,0.0,0,0,4,0,7670,-0.0,41,0.0,0.0,0.0,0.0,0.0,0,0,0,0,0.0,0,0,0,0,0,0,0,0,0,0,0,0,0,0,0,0,0,0,0,0,0,0,0,0,0,0,0,0,0,0,0,0,0,23,41,40,63,65476,0,300,0,0,8,21553,0.0,-107605600.0,0.0,0.0,0.0,0.0,0.0,0.0,0.0,0.0,0.0,0.0,0.0,0.0,0.0,0.0,0.0,0.0,0.0,0.0,0.0,2.004,2.004,2.004,-0.0,-2.004,0.0,0.0,0.0,0.0,1680.0,-0.0,0.0,2.7184260577004195e+23,-107615280.0,-0.0,2.7184312818759872e+23,0.0,0.0,2.004,2.004,68,152018320621568.0,0.0,0.0,0.0,0.0,0.0,0.0,0.0,0.0,0,0,0,0.0,0.0,-1.4381321510043723e+34,-0.0,0.0,0.0,0.0,-2.5658014921909712e+29,-4168.462,0.0,-0.0,0.751,-0.0,3544572160.0,0.0,-0.0,0,1.3516416376850534e+27,68,0.0,136,0.0,98688.258,0,13107,17071,0,17092,13107,17065,0,0,0,105,99,100,-0.0,50.8,0.0,61.45,-107615200.0,63.0,1,47,48,180,0,0,0,0,0.0,0.0,0.0,0.0,0.0,66.0,0.0,-0.0,0.0,725,0,695,0,0,0,877,0,980,0,846,0,632,0,613,0,510,0,592,0.032,69544110456832.0,0.0,-107615072.0,46736,16791,0.0,-0.0,-0.0,0.0,0.0,0.0,70.0,60.0,66,0.0,0.0,10.0,2.0,0.0,0.0,0.0,0.0,0.0,0.0,0.0,0.0,0.0,0.0,0.0,0.0,62.0,62,18,65518,45,65476,0,300,0,0,8,20529,65476,0,0,44564,60.0,0.0,10.0,10.0,2.0,0.0
2026-02-05T00:05:38,ERR,ERR,ERR,ERR,ERR,ERR,ERR,ERR,ERR,ERR,ERR,ERR,ERR,ERR,ERR,ERR,ERR,ERR,ERR,ERR,ERR,ERR,ERR,ERR,ERR,ERR,ERR,ERR,ERR,ERR,ERR,ERR,ERR,ERR,ERR,ERR,ERR,ERR,ERR,ERR,ERR,ERR,ERR,ERR,ERR,ERR,ERR,ERR,ERR,ERR,ERR,ERR,ERR,ERR,ERR,ERR,ERR,ERR,ERR,ERR,ERR,ERR,ERR,ERR,ERR,ERR,ERR,ERR,ERR,ERR,ERR,ERR,ERR,ERR,ERR,ERR,ERR,ERR,ERR,ERR,ERR,ERR,ERR,ERR,ERR,ERR,ERR,ERR,ERR,ERR,ERR,ERR,ERR,ERR,ERR,ERR,ERR,ERR,ERR,ERR,ERR,ERR,ERR,ERR,ERR,ERR,ERR,ERR,ERR,ERR,ERR,ERR,ERR,ERR,ERR,ERR,ERR,ERR,ERR,ERR,ERR,ERR,ERR,ERR,ERR,2.7184260577004195e+23,-107615280.0,-0.0,0.0,0.0,17540146266112.0,0.0,0.0,0,0,4,0,7670,-0.0,41,0.0,0.0,0.0,0.0,0.0,0,0,0,0,0.0,0,0,0,0,0,0,0,0,0,0,0,0,0,0,0,0,0,0,0,0,0,0,0,0,0,0,0,0,0,0,0,0,0,23,41,40,63,65476,0,300,0,0,8,21553,0.0,-107605600.0,0.0,0.0,0.0,0.0,0.0,0.0,0.0,0.0,0.0,0.0,0.0,0.0,0.0,0.0,0.0,0.0,0.0,0.0,0.0,2.004,2.004,2.004,-0.0,-2.004,0.0,0.0,0.0,0.0,1680.0,-0.0,0.0,2.7184260577004195e+23,-107615280.0,-0.0,2.7184312818759872e+23,0.0,0.0,2.004,2.004,68,152018320621568.0,0.0,0.0,0.0,0.0,0.0,0.0,0.0,0.0,0,0,0,0.0,0.0,-1.4381321510043723e+34,-0.0,0.0,0.0,0.0,-2.5658014921909712e+29,-4168.462,0.0,-0.0,0.751,-0.0,3544572160.0,0.0,-0.0,0,1.3516416376850534e+27,68,0.0,136,0.0,98688.258,0,13107,17071,0,17092,13107,17065,0,0,0,105,99,100,-0.0,50.8,0.0,61.45,-107615200.0,63.0,1,47,48,180,0,0,0,0,0.0,0.0,0.0,0.0,0.0,66.0,0.0,-0.0,0.0,725,0,695,0,0,0,877,0,980,0,846,0,632,0,613,0,510,0,592,0.032,69544110456832.0,0.0,-107615072.0,46736,16791,0.0,-0.0,-0.0,0.0,0.0,0.0,70.0,60.0,66,0.0,0.0,10.0,2.0,0.0,0.0,0.0,0.0,0.0,0.0,0.0,0.0,0.0,0.0,0.0,0.0,62.0,62,18,65518,45,65476,0,300,0,0,8,20529,65476,0,0,44564,60.0,0.0,10.0,10.0,2.0,0.0
2026-02-05T00:05:39,ERR,ERR,ERR,ERR,ERR,ERR,ERR,ERR,ERR,ERR,ERR,ERR,ERR,ERR,ERR,ERR,ERR,ERR,ERR,ERR,ERR,ERR,ERR,ERR,ERR,ERR,ERR,ERR,ERR,ERR,ERR,ERR,ERR,ERR,ERR,ERR,ERR,ERR,ERR,ERR,ERR,ERR,ERR,ERR,ERR,ERR,ERR,ERR,ERR,ERR,ERR,ERR,ERR,ERR,ERR,ERR,ERR,ERR,ERR,ERR,ERR,ERR,ERR,ERR,ERR,ERR,ERR,ERR,ERR,ERR,ERR,ERR,ERR,ERR,ERR,ERR,ERR,ERR,ERR,ERR,ERR,ERR,ERR,ERR,ERR,ERR,ERR,ERR,ERR,ERR,ERR,ERR,ERR,ERR,ERR,ERR,ERR,ERR,ERR,ERR,ERR,ERR,ERR,ERR,ERR,ERR,ERR,ERR,ERR,ERR,ERR,ERR,ERR,ERR,ERR,ERR,ERR,ERR,ERR,ERR,ERR,ERR,ERR,ERR,ERR,2.7184260577004195e+23,-107615280.0,-0.0,0.0,0.0,17540146266112.0,0.0,0.0,0,0,4,0,7670,-0.0,41,0.0,0.0,0.0,0.0,0.0,0,0,0,0,0.0,0,0,0,0,0,0,0,0,0,0,0,0,0,0,0,0,0,0,0,0,0,0,0,0,0,0,0,0,0,0,0,0,0,23,41,40,63,65476,0,300,0,0,8,21553,0.0,-107605600.0,0.0,0.0,0.0,0.0,0.0,0.0,0.0,0.0,0.0,0.0,0.0,0.0,0.0,0.0,0.0,0.0,0.0,0.0,0.0,2.004,2.004,2.004,-0.0,-2.004,0.0,0.0,0.0,0.0,1680.0,-0.0,0.0,2.7184260577004195e+23,-107615280.0,-0.0,2.7184312818759872e+23,0.0,0.0,2.004,2.004,68,152018320621568.0,0.0,0.0,0.0,0.0,0.0,0.0,0.0,0.0,0,0,0,0.0,0.0,-1.4381321510043723e+34,-0.0,0.0,0.0,0.0,-2.5658014921909712e+29,-4168.462,0.0,-0.0,0.751,-0.0,3544572160.0,0.0,-0.0,0,1.3516416376850534e+27,68,0.0,136,0.0,98688.258,0,13107,17071,0,17092,13107,17065,0,0,0,105,99,100,-0.0,50.8,0.0,61.45,-107615200.0,63.0,1,47,48,180,0,0,0,0,0.0,0.0,0.0,0.0,0.0,66.0,0.0,7.075248030701174e+31,0.0,725,0,695,0,0,0,876,0,980,0,846,0,632,0,613,0,509,0,592,0.032,69544110456832.0,0.0,-107615072.0,37264,16791,0.007,-0.0,-0.0,-7.767811992512447e+37,0.0,102676496384.0,70.0,60.0,66,0.0,0.0,10.0,2.0,0.0,0.0,0.0,0.0,0.0,0.0,0.0,0.0,0.0,0.0,0.0,0.0,62.0,62,18,65518,45,65476,0,300,0,0,8,20529,65476,0,0,44564,60.0,0.0,10.0,10.0,2.0,0.0
2026-02-05T00:05:40,ERR,ERR,ERR,ERR,ERR,ERR,ERR,ERR,ERR,ERR,ERR,ERR,ERR,ERR,ERR,ERR,ERR,ERR,ERR,ERR,ERR,ERR,ERR,ERR,ERR,ERR,ERR,ERR,ERR,ERR,ERR,ERR,ERR,ERR,ERR,ERR,ERR,ERR,ERR,ERR,ERR,ERR,ERR,ERR,ERR,ERR,ERR,ERR,ERR,ERR,ERR,ERR,ERR,ERR,ERR,ERR,ERR,ERR,ERR,ERR,ERR,ERR,ERR,ERR,ERR,ERR,ERR,ERR,ERR,ERR,ERR,ERR,ERR,ERR,ERR,ERR,ERR,ERR,ERR,ERR,ERR,ERR,ERR,ERR,ERR,ERR,ERR,ERR,ERR,ERR,ERR,ERR,ERR,ERR,ERR,ERR,ERR,ERR,ERR,ERR,ERR,ERR,ERR,ERR,ERR,ERR,ERR,ERR,ERR,ERR,ERR,ERR,ERR,ERR,ERR,ERR,ERR,ERR,ERR,ERR,ERR,ERR,ERR,ERR,ERR,2.7184260577004195e+23,-107615280.0,-0.0,0.0,0.0,17540146266112.0,0.0,0.0,0,0,4,0,7670,-0.0,41,0.0,0.0,0.0,0.0,0.0,0,0,0,0,0.0,0,0,0,0,0,0,0,0,0,0,0,0,0,0,0,0,0,0,0,0,0,0,0,0,0,0,0,0,0,0,0,0,0,23,41,40,63,65476,0,300,0,0,8,21553,0.0,-107605600.0,0.0,0.0,0.0,0.0,0.0,0.0,0.0,0.0,0.0,0.0,0.0,0.0,0.0,0.0,0.0,0.0,0.0,0.0,0.0,2.004,2.004,2.004,-0.0,-2.004,0.0,0.0,0.0,0.0,1680.0,-0.0,0.0,2.7184260577004195e+23,-107615280.0,-0.0,2.7184312818759872e+23,0.0,0.0,2.004,2.004,68,152018320621568.0,0.0,0.0,0.0,0.0,0.0,0.0,0.0,0.0,0,0,0,0.0,0.0,-1.4381321510043723e+34,-0.0,0.0,0.0,0.0,-2.5658014921909712e+29,-4168.462,0.0,-0.0,0.751,-0.0,3544572160.0,0.0,-0.0,0,1.3516416376850534e+27,68,0.0,136,0.0,98688.258,0,13107,17071,0,17092,13107,17065,0,0,0,105,99,100,-0.0,50.8,0.0,61.45,-107615200.0,63.0,1,47,48,180,0,0,0,0,0.0,0.0,0.0,0.0,0.0,66.0,0.0,7.075248030701174e+31,0.0,725,0,695,0,0,0,876,0,980,0,846,0,632,0,613,0,509,0,592,0.032,69544110456832.0,0.0,-107615072.0,37264,16791,0.007,-0.0,-0.0,-7.767811992512447e+37,0.0,102676496384.0,70.0,60.0,66,0.0,0.0,10.0,2.0,0.0,0.0,0.0,0.0,0.0,0.0,0.0,0.0,0.0,0.0,0.0,0.0,62.0,62,18,65518,45,65476,0,300,0,0,8,20529,65476,0,0,44564,60.0,0.0,10.0,10.0,2.0,0.0
2026-02-05T00:05:41,ERR,ERR,ERR,ERR,ERR,ERR,ERR,ERR,ERR,ERR,ERR,ERR,ERR,ERR,ERR,ERR,ERR,ERR,ERR,ERR,ERR,ERR,ERR,ERR,ERR,ERR,ERR,ERR,ERR,ERR,ERR,ERR,ERR,ERR,ERR,ERR,ERR,ERR,ERR,ERR,ERR,ERR,ERR,ERR,ERR,ERR,ERR,ERR,ERR,ERR,ERR,ERR,ERR,ERR,ERR,ERR,ERR,ERR,ERR,ERR,ERR,ERR,ERR,ERR,ERR,ERR,ERR,ERR,ERR,ERR,ERR,ERR,ERR,ERR,ERR,ERR,ERR,ERR,ERR,ERR,ERR,ERR,ERR,ERR,ERR,ERR,ERR,ERR,ERR,ERR,ERR,ERR,ERR,ERR,ERR,ERR,ERR,ERR,ERR,ERR,ERR,ERR,ERR,ERR,ERR,ERR,ERR,ERR,ERR,ERR,ERR,ERR,ERR,ERR,ERR,ERR,ERR,ERR,ERR,ERR,ERR,ERR,ERR,ERR,ERR,2.7184260577004195e+23,-107615280.0,-0.0,0.0,0.0,17540146266112.0,0.0,0.0,0,0,4,0,7670,-0.0,41,0.0,0.0,0.0,0.0,0.0,0,0,0,0,0.0,0,0,0,0,0,0,0,0,0,0,0,0,0,0,0,0,0,0,0,0,0,0,0,0,0,0,0,0,0,0,0,0,0,23,41,40,63,65476,0,300,0,0,8,21553,0.0,-107605600.0,0.0,0.0,0.0,0.0,0.0,0.0,0.0,0.0,0.0,0.0,0.0,0.0,0.0,0.0,0.0,0.0,0.0,0.0,0.0,2.004,2.004,2.004,-0.0,-2.004,0.0,0.0,0.0,0.0,1680.0,-0.0,0.0,2.7184260577004195e+23,-107615280.0,-0.0,2.7184312818759872e+23,0.0,0.0,2.004,2.004,68,152018320621568.0,0.0,0.0,0.0,0.0,0.0,0.0,0.0,0.0,0,0,0,0.0,0.0,-1.4381321510043723e+34,-0.0,0.0,0.0,0.0,-2.5658014921909712e+29,-4168.462,0.0,-0.0,0.751,-0.0,3544572160.0,0.0,-0.0,0,1.3516416376850534e+27,68,0.0,136,0.0,98688.258,0,13107,17071,0,17092,13107,17065,0,0,0,105,99,100,-0.0,50.8,0.0,61.45,-107615200.0,63.0,1,47,48,180,0,0,0,0,0.0,0.0,0.0,0.0,0.0,66.0,0.0,7.075248030701174e+31,0.0,725,0,695,0,0,0,876,0,980,0,846,0,632,0,613,0,509,0,592,0.032,69544110456832.0,0.0,-107615072.0,37264,16791,0.007,-0.0,-0.0,-7.767811992512447e+37,0.0,102676496384.0,70.0,60.0,66,0.0,0.0,10.0,2.0,0.0,0.0,0.0,0.0,0.0,0.0,0.0,0.0,0.0,0.0,0.0,0.0,62.0,62,18,65518,45,65476,0,300,0,0,8,20529,65476,0,0,44564,60.0,0.0,10.0,10.0,2.0,0.0
2026-02-05T00:05:42,ERR,ERR,ERR,ERR,ERR,ERR,ERR,ERR,ERR,ERR,ERR,ERR,ERR,ERR,ERR,ERR,ERR,ERR,ERR,ERR,ERR,ERR,ERR,ERR,ERR,ERR,ERR,ERR,ERR,ERR,ERR,ERR,ERR,ERR,ERR,ERR,ERR,ERR,ERR,ERR,ERR,ERR,ERR,ERR,ERR,ERR,ERR,ERR,ERR,ERR,ERR,ERR,ERR,ERR,ERR,ERR,ERR,ERR,ERR,ERR,ERR,ERR,ERR,ERR,ERR,ERR,ERR,ERR,ERR,ERR,ERR,ERR,ERR,ERR,ERR,ERR,ERR,ERR,ERR,ERR,ERR,ERR,ERR,ERR,ERR,ERR,ERR,ERR,ERR,ERR,ERR,ERR,ERR,ERR,ERR,ERR,ERR,ERR,ERR,ERR,ERR,ERR,ERR,ERR,ERR,ERR,ERR,ERR,ERR,ERR,ERR,ERR,ERR,ERR,ERR,ERR,ERR,ERR,ERR,ERR,ERR,ERR,ERR,ERR,ERR,2.7184260577004195e+23,-107615280.0,-0.0,0.0,0.0,17540146266112.0,0.0,0.0,0,0,4,0,7670,-0.0,41,0.0,0.0,0.0,0.0,0.0,0,0,0,0,0.0,0,0,0,0,0,0,0,0,0,0,0,0,0,0,0,0,0,0,0,0,0,0,0,0,0,0,0,0,0,0,0,0,0,23,41,40,63,65476,0,300,0,0,8,21553,0.0,-107605600.0,0.0,0.0,0.0,0.0,0.0,0.0,0.0,0.0,0.0,0.0,0.0,0.0,0.0,0.0,0.0,0.0,0.0,0.0,0.0,2.004,2.004,2.004,-0.0,-2.004,0.0,0.0,0.0,0.0,1680.0,-0.0,0.0,2.7184260577004195e+23,-107615280.0,-0.0,2.7184312818759872e+23,0.0,0.0,2.004,2.004,68,152018320621568.0,0.0,0.0,0.0,0.0,0.0,0.0,0.0,0.0,0,0,0,0.0,0.0,-1.4381321510043723e+34,-0.0,0.0,0.0,0.0,-2.5658014921909712e+29,-4168.462,0.0,-0.0,0.751,-0.0,3544572160.0,0.0,-0.0,0,1.3516416376850534e+27,68,0.0,136,0.0,98688.258,0,13107,17071,0,17092,13107,17065,0,0,0,105,99,100,-0.0,50.8,0.0,61.45,-107615200.0,63.0,1,47,48,180,0,0,0,0,0.0,0.0,0.0,0.0,0.0,66.0,0.0,7.075248030701174e+31,0.0,725,0,695,0,0,0,876,0,980,0,846,0,632,0,613,0,509,0,592,0.032,69544110456832.0,0.0,-107615072.0,37264,16791,0.007,-0.0,-0.0,-7.767811992512447e+37,0.0,102676496384.0,70.0,60.0,66,0.0,0.0,10.0,2.0,0.0,0.0,0.0,0.0,0.0,0.0,0.0,0.0,0.0,0.0,0.0,0.0,62.0,62,18,65518,45,65476,0,300,0,0,8,20529,65476,0,0,44564,60.0,0.0,10.0,10.0,2.0,0.0
2026-02-05T00:05:43,ERR,ERR,ERR,ERR,ERR,ERR,ERR,ERR,ERR,ERR,ERR,ERR,ERR,ERR,ERR,ERR,ERR,ERR,ERR,ERR,ERR,ERR,ERR,ERR,ERR,ERR,ERR,ERR,ERR,ERR,ERR,ERR,ERR,ERR,ERR,ERR,ERR,ERR,ERR,ERR,ERR,ERR,ERR,ERR,ERR,ERR,ERR,ERR,ERR,ERR,ERR,ERR,ERR,ERR,ERR,ERR,ERR,ERR,ERR,ERR,ERR,ERR,ERR,ERR,ERR,ERR,ERR,ERR,ERR,ERR,ERR,ERR,ERR,ERR,ERR,ERR,ERR,ERR,ERR,ERR,ERR,ERR,ERR,ERR,ERR,ERR,ERR,ERR,ERR,ERR,ERR,ERR,ERR,ERR,ERR,ERR,ERR,ERR,ERR,ERR,ERR,ERR,ERR,ERR,ERR,ERR,ERR,ERR,ERR,ERR,ERR,ERR,ERR,ERR,ERR,ERR,ERR,ERR,ERR,ERR,ERR,ERR,ERR,ERR,ERR,2.7184260577004195e+23,-0.0,2.8364012726751064e+23,0.0,0.0,0.0,-1.375093823457198e+17,0.0,0,0,4,0,7670,-0.0,41,0.0,0.0,0.0,0.0,0.0,0,0,0,0,0.0,0,0,0,0,0,0,0,0,0,0,0,0,0,0,0,0,0,0,0,0,0,0,0,0,0,0,0,0,0,0,0,0,0,23,41,40,63,65476,0,300,0,0,8,21553,0.0,-107605600.0,0.0,0.0,0.0,0.0,0.0,0.0,0.0,0.0,0.0,0.0,0.0,0.0,0.0,0.0,0.0,0.0,0.0,0.0,0.0,2.004,2.004,2.004,-0.0,-2.004,0.0,0.0,0.0,0.0,1664.0,-3.69709597367122e+19,0.0,2.7184260577004195e+23,-0.0,-0.0,0.0,0.0,0.0,2.004,2.004,68,1.9056965742860698e+17,0.0,0.0,0.0,0.0,0.0,0.0,0.0,0.0,0,0,0,0.0,-6.717485617376748e+23,-4.38777067933193e+36,-0.0,0.0,-0.0,0.0,0.0,-1.5696346248275558e+18,0.0,-0.0,0.751,-0.0,3561349376.0,0.0,0.0,0,1.3516416376850534e+27,68,0.0,136,0.0,98688.258,0,13107,17071,0,17092,13107,17065,0,0,0,105,99,100,-0.0,50.8,0.0,61.45,-107615200.0,63.0,1,47,48,180,0,0,0,0,0.0,0.0,0.0,0.0,0.0,66.0,0.0,7.075248030701174e+31,0.0,725,0,695,0,0,0,876,0,980,0,846,0,632,0,613,0,509,0,592,0.032,69544110456832.0,0.0,-107615072.0,37264,16791,0.007,-0.0,-0.0,-7.767811992512447e+37,0.0,102676496384.0,70.0,60.0,66,0.0,0.0,10.0,2.0,0.0,0.0,0.0,0.0,0.0,0.0,0.0,0.0,0.0,0.0,0.0,0.0,62.0,62,18,65518,45,65476,0,300,0,0,8,20529,65476,0,0,44564,60.0,0.0,10.0,10.0,2.0,0.0
2026-02-05T00:05:44,ERR,ERR,ERR,ERR,ERR,ERR,ERR,ERR,ERR,ERR,ERR,ERR,ERR,ERR,ERR,ERR,ERR,ERR,ERR,ERR,ERR,ERR,ERR,ERR,ERR,ERR,ERR,ERR,ERR,ERR,ERR,ERR,ERR,ERR,ERR,ERR,ERR,ERR,ERR,ERR,ERR,ERR,ERR,ERR,ERR,ERR,ERR,ERR,ERR,ERR,ERR,ERR,ERR,ERR,ERR,ERR,ERR,ERR,ERR,ERR,ERR,ERR,ERR,ERR,ERR,ERR,ERR,ERR,ERR,ERR,ERR,ERR,ERR,ERR,ERR,ERR,ERR,ERR,ERR,ERR,ERR,ERR,ERR,ERR,ERR,ERR,ERR,ERR,ERR,ERR,ERR,ERR,ERR,ERR,ERR,ERR,ERR,ERR,ERR,ERR,ERR,ERR,ERR,ERR,ERR,ERR,ERR,ERR,ERR,ERR,ERR,ERR,ERR,ERR,ERR,ERR,ERR,ERR,ERR,ERR,ERR,ERR,ERR,ERR,ERR,2.7184260577004195e+23,-0.0,2.8364012726751064e+23,0.0,0.0,0.0,-1.375093823457198e+17,0.0,0,0,4,0,7670,-0.0,41,0.0,0.0,0.0,0.0,0.0,0,0,0,0,0.0,0,0,0,0,0,0,0,0,0,0,0,0,0,0,0,0,0,0,0,0,0,0,0,0,0,0,0,0,0,0,0,0,0,23,41,40,63,65476,0,300,0,0,8,21553,0.0,-107605600.0,0.0,0.0,0.0,0.0,0.0,0.0,0.0,0.0,0.0,0.0,0.0,0.0,0.0,0.0,0.0,0.0,0.0,0.0,0.0,2.004,2.004,2.004,-0.0,-2.004,0.0,0.0,0.0,0.0,1664.0,-3.69709597367122e+19,0.0,2.7184260577004195e+23,-0.0,-0.0,0.0,0.0,0.0,2.004,2.004,68,1.9056965742860698e+17,0.0,0.0,0.0,0.0,0.0,0.0,0.0,0.0,0,0,0,0.0,-6.717485617376748e+23,-4.38777067933193e+36,-0.0,0.0,-0.0,0.0,0.0,-1.5696346248275558e+18,0.0,-0.0,0.751,-0.0,3561349376.0,0.0,0.0,0,1.3516416376850534e+27,68,0.0,136,0.0,98688.258,0,13107,17071,0,17092,13107,17065,0,0,0,105,99,100,-0.0,50.8,0.0,61.45,-107615200.0,63.0,1,47,48,180,0,0,0,0,0.0,0.0,0.0,0.0,0.163,66.0,0.0,-0.0,0.0,725,0,695,0,0,0,876,0,980,0,846,0,632,0,613,0,509,0,591,0.032,69544110456832.0,-2.004,2.7302298121797724e+23,36624,16791,0.0,3.2865886277804895e+38,-0.014,0.0,0.0,-8.056275758953785e+27,70.0,60.0,66,0.0,0.0,10.0,2.0,0.0,0.0,0.0,0.0,0.0,0.0,0.0,0.0,0.0,0.0,0.0,0.0,62.0,62,18,65518,45,65476,0,300,0,0,8,20529,65476,0,0,44564,60.0,0.0,10.0,10.0,2.0,0.0
2026-02-05T00:05:45,ERR,ERR,ERR,ERR,ERR,ERR,ERR,ERR,ERR,ERR,ERR,ERR,ERR,ERR,ERR,ERR,ERR,ERR,ERR,ERR,ERR,ERR,ERR,ERR,ERR,ERR,ERR,ERR,ERR,ERR,ERR,ERR,ERR,ERR,ERR,ERR,ERR,ERR,ERR,ERR,ERR,ERR,ERR,ERR,ERR,ERR,ERR,ERR,ERR,ERR,ERR,ERR,ERR,ERR,ERR,ERR,ERR,ERR,ERR,ERR,ERR,ERR,ERR,ERR,ERR,ERR,ERR,ERR,ERR,ERR,ERR,ERR,ERR,ERR,ERR,ERR,ERR,ERR,ERR,ERR,ERR,ERR,ERR,ERR,ERR,ERR,ERR,ERR,ERR,ERR,ERR,ERR,ERR,ERR,ERR,ERR,ERR,ERR,ERR,ERR,ERR,ERR,ERR,ERR,ERR,ERR,ERR,ERR,ERR,ERR,ERR,ERR,ERR,ERR,ERR,ERR,ERR,ERR,ERR,ERR,ERR,ERR,ERR,ERR,ERR,2.7184260577004195e+23,-0.0,2.8364012726751064e+23,0.0,0.0,0.0,-1.375093823457198e+17,0.0,0,0,4,0,7670,-0.0,41,0.0,0.0,0.0,0.0,0.0,0,0,0,0,0.0,0,0,0,0,0,0,0,0,0,0,0,0,0,0,0,0,0,0,0,0,0,0,0,0,0,0,0,0,0,0,0,0,0,23,41,40,63,65476,0,300,0,0,8,21553,0.0,-107605600.0,0.0,0.0,0.0,0.0,0.0,0.0,0.0,0.0,0.0,0.0,0.0,0.0,0.0,0.0,0.0,0.0,0.0,0.0,0.0,2.004,2.004,2.004,-0.0,-2.004,0.0,0.0,0.0,0.0,1664.0,-3.69709597367122e+19,0.0,2.7184260577004195e+23,-0.0,-0.0,0.0,0.0,0.0,2.004,2.004,68,1.9056965742860698e+17,0.0,0.0,0.0,0.0,0.0,0.0,0.0,0.0,0,0,0,0.0,-6.717485617376748e+23,-4.38777067933193e+36,-0.0,0.0,-0.0,0.0,0.0,-1.5696346248275558e+18,0.0,-0.0,0.751,-0.0,3561349376.0,0.0,0.0,0,1.3516416376850534e+27,68,0.0,136,0.0,98688.258,0,13107,17071,0,17092,13107,17065,0,0,0,105,99,100,-0.0,50.8,0.0,61.45,-107615200.0,63.0,1,47,48,180,0,0,0,0,0.0,0.0,0.0,0.0,0.163,66.0,0.0,-0.0,0.0,725,0,695,0,0,0,876,0,980,0,846,0,632,0,613,0,509,0,591,0.032,69544110456832.0,-2.004,2.7302298121797724e+23,36624,16791,0.0,3.2865886277804895e+38,-0.014,0.0,0.0,-8.056275758953785e+27,70.0,60.0,66,0.0,0.0,10.0,2.0,0.0,0.0,0.0,0.0,0.0,0.0,0.0,0.0,0.0,0.0,0.0,0.0,62.0,62,18,65518,45,65476,0,300,0,0,8,20529,65476,0,0,44564,60.0,0.0,10.0,10.0,2.0,0.0
2026-02-05T00:05:46,ERR,ERR,ERR,ERR,ERR,ERR,ERR,ERR,ERR,ERR,ERR,ERR,ERR,ERR,ERR,ERR,ERR,ERR,ERR,ERR,ERR,ERR,ERR,ERR,ERR,ERR,ERR,ERR,ERR,ERR,ERR,ERR,ERR,ERR,ERR,ERR,ERR,ERR,ERR,ERR,ERR,ERR,ERR,ERR,ERR,ERR,ERR,ERR,ERR,ERR,ERR,ERR,ERR,ERR,ERR,ERR,ERR,ERR,ERR,ERR,ERR,ERR,ERR,ERR,ERR,ERR,ERR,ERR,ERR,ERR,ERR,ERR,ERR,ERR,ERR,ERR,ERR,ERR,ERR,ERR,ERR,ERR,ERR,ERR,ERR,ERR,ERR,ERR,ERR,ERR,ERR,ERR,ERR,ERR,ERR,ERR,ERR,ERR,ERR,ERR,ERR,ERR,ERR,ERR,ERR,ERR,ERR,ERR,ERR,ERR,ERR,ERR,ERR,ERR,ERR,ERR,ERR,ERR,ERR,ERR,ERR,ERR,ERR,ERR,ERR,2.7184260577004195e+23,-0.0,2.8364012726751064e+23,0.0,0.0,0.0,-1.375093823457198e+17,0.0,0,0,4,0,7670,-0.0,41,0.0,0.0,0.0,0.0,0.0,0,0,0,0,0.0,0,0,0,0,0,0,0,0,0,0,0,0,0,0,0,0,0,0,0,0,0,0,0,0,0,0,0,0,0,0,0,0,0,23,41,40,63,65476,0,300,0,0,8,21553,0.0,-107605600.0,0.0,0.0,0.0,0.0,0.0,0.0,0.0,0.0,0.0,0.0,0.0,0.0,0.0,0.0,0.0,0.0,0.0,0.0,0.0,2.004,2.004,2.004,-0.0,-2.004,0.0,0.0,0.0,0.0,1664.0,-3.69709597367122e+19,0.0,2.7184260577004195e+23,-0.0,-0.0,0.0,0.0,0.0,2.004,2.004,68,1.9056965742860698e+17,0.0,0.0,0.0,0.0,0.0,0.0,0.0,0.0,0,0,0,0.0,-6.717485617376748e+23,-4.38777067933193e+36,-0.0,0.0,-0.0,0.0,0.0,-1.5696346248275558e+18,0.0,-0.0,0.751,-0.0,3561349376.0,0.0,0.0,0,1.3516416376850534e+27,68,0.0,136,0.0,98688.258,0,13107,17071,0,17092,13107,17065,0,0,0,105,99,100,-0.0,50.8,0.0,61.45,-107615200.0,63.0,1,47,48,180,0,0,0,0,0.0,0.0,0.0,0.0,0.163,66.0,0.0,-0.0,0.0,725,0,695,0,0,0,876,0,980,0,846,0,632,0,613,0,509,0,591,0.032,69544110456832.0,-2.004,2.7302298121797724e+23,36624,16791,0.0,3.2865886277804895e+38,-0.014,0.0,0.0,-8.056275758953785e+27,70.0,60.0,66,0.0,0.0,10.0,2.0,0.0,0.0,0.0,0.0,0.0,0.0,0.0,0.0,0.0,0.0,0.0,0.0,62.0,62,18,65518,45,65476,0,300,0,0,8,20529,65476,0,0,44564,60.0,0.0,10.0,10.0,2.0,0.0
2026-02-05T00:05:47,ERR,ERR,ERR,ERR,ERR,ERR,ERR,ERR,ERR,ERR,ERR,ERR,ERR,ERR,ERR,ERR,ERR,ERR,ERR,ERR,ERR,ERR,ERR,ERR,ERR,ERR,ERR,ERR,ERR,ERR,ERR,ERR,ERR,ERR,ERR,ERR,ERR,ERR,ERR,ERR,ERR,ERR,ERR,ERR,ERR,ERR,ERR,ERR,ERR,ERR,ERR,ERR,ERR,ERR,ERR,ERR,ERR,ERR,ERR,ERR,ERR,ERR,ERR,ERR,ERR,ERR,ERR,ERR,ERR,ERR,ERR,ERR,ERR,ERR,ERR,ERR,ERR,ERR,ERR,ERR,ERR,ERR,ERR,ERR,ERR,ERR,ERR,ERR,ERR,ERR,ERR,ERR,ERR,ERR,ERR,ERR,ERR,ERR,ERR,ERR,ERR,ERR,ERR,ERR,ERR,ERR,ERR,ERR,ERR,ERR,ERR,ERR,ERR,ERR,ERR,ERR,ERR,ERR,ERR,ERR,ERR,ERR,ERR,ERR,ERR,2.7184260577004195e+23,-0.0,2.8364012726751064e+23,0.0,0.0,0.0,-1.375093823457198e+17,0.0,0,0,4,0,7670,-0.0,41,0.0,0.0,0.0,0.0,0.0,0,0,0,0,0.0,0,0,0,0,0,0,0,0,0,0,0,0,0,0,0,0,0,0,0,0,0,0,0,0,0,0,0,0,0,0,0,0,0,23,41,40,63,65476,0,300,0,0,8,21553,0.0,-107605600.0,0.0,0.0,0.0,0.0,0.0,0.0,0.0,0.0,0.0,0.0,0.0,0.0,0.0,0.0,0.0,0.0,0.0,0.0,0.0,2.004,2.004,2.004,-0.0,-2.004,0.0,0.0,0.0,0.0,1664.0,-3.69709597367122e+19,0.0,2.7184260577004195e+23,-0.0,-0.0,0.0,0.0,0.0,2.004,2.004,68,1.9056965742860698e+17,0.0,0.0,0.0,0.0,0.0,0.0,0.0,0.0,0,0,0,0.0,-6.717485617376748e+23,-4.38777067933193e+36,-0.0,0.0,-0.0,0.0,0.0,-1.5696346248275558e+18,0.0,-0.0,0.751,-0.0,3561349376.0,0.0,0.0,0,1.3516416376850534e+27,68,0.0,136,0.0,98688.258,0,13107,17071,0,17092,13107,17065,0,0,0,105,99,100,-0.0,50.8,0.0,61.45,-107615200.0,63.0,1,47,48,180,0,0,0,0,0.0,0.0,0.0,0.0,0.163,66.0,0.0,-0.0,0.0,725,0,695,0,0,0,876,0,980,0,846,0,632,0,613,0,509,0,591,0.032,69544110456832.0,-2.004,2.7302298121797724e+23,36624,16791,0.0,3.2865886277804895e+38,-0.014,0.0,0.0,-8.056275758953785e+27,70.0,60.0,66,0.0,0.0,10.0,2.0,0.0,0.0,0.0,0.0,0.0,0.0,0.0,0.0,0.0,0.0,0.0,0.0,62.4,62,18,65518,45,65476,0,300,0,0,8,20529,65476,0,0,44564,60.0,0.0,10.0,10.0,2.0,0.0
2026-02-05T00:05:48,ERR,ERR,ERR,ERR,ERR,ERR,ERR,ERR,ERR,ERR,ERR,ERR,ERR,ERR,ERR,ERR,ERR,ERR,ERR,ERR,ERR,ERR,ERR,ERR,ERR,ERR,ERR,ERR,ERR,ERR,ERR,ERR,ERR,ERR,ERR,ERR,ERR,ERR,ERR,ERR,ERR,ERR,ERR,ERR,ERR,ERR,ERR,ERR,ERR,ERR,ERR,ERR,ERR,ERR,ERR,ERR,ERR,ERR,ERR,ERR,ERR,ERR,ERR,ERR,ERR,ERR,ERR,ERR,ERR,ERR,ERR,ERR,ERR,ERR,ERR,ERR,ERR,ERR,ERR,ERR,ERR,ERR,ERR,ERR,ERR,ERR,ERR,ERR,ERR,ERR,ERR,ERR,ERR,ERR,ERR,ERR,ERR,ERR,ERR,ERR,ERR,ERR,ERR,ERR,ERR,ERR,ERR,ERR,ERR,ERR,ERR,ERR,ERR,ERR,ERR,ERR,ERR,ERR,ERR,ERR,ERR,ERR,ERR,ERR,ERR,2.7184260577004195e+23,-0.0,2.8364012726751064e+23,0.0,0.0,0.0,-1.375093823457198e+17,0.0,0,0,4,0,7670,-0.0,41,0.0,0.0,0.0,0.0,0.0,0,0,0,0,0.0,0,0,0,0,0,0,0,0,0,0,0,0,0,0,0,0,0,0,0,0,0,0,0,0,0,0,0,0,0,0,0,0,0,23,41,40,63,65476,0,300,0,0,8,21553,0.0,-107605600.0,0.0,0.0,0.0,0.0,0.0,0.0,0.0,0.0,0.0,0.0,0.0,0.0,0.0,0.0,0.0,0.0,0.0,0.0,0.0,2.004,2.004,2.004,-0.0,-2.004,0.0,0.0,0.0,0.0,1664.0,-3.69709597367122e+19,0.0,2.7184260577004195e+23,-0.0,-0.0,0.0,0.0,0.0,2.004,2.004,68,1.9056965742860698e+17,0.0,0.0,0.0,0.0,0.0,0.0,0.0,0.0,0,0,0,0.0,-6.717485617376748e+23,-4.38777067933193e+36,-0.0,0.0,-0.0,0.0,0.0,-1.5696346248275558e+18,0.0,-0.0,0.751,-0.0,3561349376.0,0.0,0.0,0,1.3516416376850534e+27,68,0.0,136,0.0,98688.258,0,13107,17071,0,17092,13107,17065,0,0,0,105,99,100,-0.0,50.8,0.0,61.45,-107615200.0,63.0,1,47,48,180,0,0,0,0,0.0,0.0,0.0,0.0,0.0,66.0,0.0,160809565028352.0,0.0,725,0,695,0,0,0,876,0,980,0,846,0,632,0,613,0,509,0,591,0.032,69818988363776.0,-2.004,2.7302298121797724e+23,29840,16791,0.0,160809565028352.0,-0.0,20832.527,-9.267920203216844e+23,-660.999,70.0,60.0,66,0.0,0.0,10.0,2.0,0.0,0.0,0.0,0.0,0.0,0.0,0.0,0.0,0.0,0.0,0.0,0.0,62.4,62,18,65518,45,65476,0,300,0,0,8,20529,65476,0,0,44564,60.0,0.0,10.0,10.0,2.0,0.0
2026-02-05T00:05:49,ERR,ERR,ERR,ERR,ERR,ERR,ERR,ERR,ERR,ERR,ERR,ERR,ERR,ERR,ERR,ERR,ERR,ERR,ERR,ERR,ERR,ERR,ERR,ERR,ERR,ERR,ERR,ERR,ERR,ERR,ERR,ERR,ERR,ERR,ERR,ERR,ERR,ERR,ERR,ERR,ERR,ERR,ERR,ERR,ERR,ERR,ERR,ERR,ERR,ERR,ERR,ERR,ERR,ERR,ERR,ERR,ERR,ERR,ERR,ERR,ERR,ERR,ERR,ERR,ERR,ERR,ERR,ERR,ERR,ERR,ERR,ERR,ERR,ERR,ERR,ERR,ERR,ERR,ERR,ERR,ERR,ERR,ERR,ERR,ERR,ERR,ERR,ERR,ERR,ERR,ERR,ERR,ERR,ERR,ERR,ERR,ERR,ERR,ERR,ERR,ERR,ERR,ERR,ERR,ERR,ERR,ERR,ERR,ERR,ERR,ERR,ERR,ERR,ERR,ERR,ERR,ERR,ERR,ERR,ERR,ERR,ERR,ERR,ERR,ERR,2.7184260577004195e+23,-107615280.0,-0.0,0.0,0.0,-9.439292720322862e+36,-2692.252,0.0,0,0,4,0,7670,-0.0,41,0.0,0.0,0.0,0.0,0.0,0,0,0,0,0.0,0,0,0,0,0,0,0,0,0,0,0,0,0,0,0,0,0,0,0,0,0,0,0,0,0,0,0,0,0,0,0,0,0,23,41,40,63,65476,0,300,0,0,8,21553,0.0,-107605600.0,0.0,0.0,0.0,0.0,0.0,0.0,0.0,0.0,0.0,0.0,0.0,0.0,0.0,0.0,0.0,0.0,0.0,0.0,0.0,2.004,2.004,2.004,-0.0,-2.004,0.0,0.0,0.0,0.0,1662.75,-2.004,0.0,2.7184260577004195e+23,-107615280.0,-0.0,2.7184312818759872e+23,0.0,0.0,2.004,2.004,68,107615280.0,-4.950325694120999e+32,0.0,0.0,0.0,0.0,0.0,0.0,0.0,0,0,0,0.0,-0.0,0.0,-0.0,0.0,-726909779968.0,0.0,-1.066261239220544e+29,-145678.797,0.0,-0.0,0.755,-0.0,3578126592.0,0.0,0.0,0,1.3516416376850534e+27,68,0.0,136,0.0,98688.258,0,13107,17071,0,17092,13107,17065,0,0,0,105,99,100,-0.0,50.8,0.0,61.45,-107615200.0,63.0,1,47,48,180,0,0,0,0,0.0,0.0,0.0,0.0,0.0,66.0,0.0,160809565028352.0,0.0,725,0,695,0,0,0,876,0,980,0,846,0,632,0,613,0,509,0,591,0.032,69818988363776.0,-2.004,2.7302298121797724e+23,29840,16791,0.0,160809565028352.0,-0.0,20832.527,-9.267920203216844e+23,-660.999,70.0,60.0,66,0.0,0.0,10.0,2.0,0.0,0.0,0.0,0.0,0.0,0.0,0.0,0.0,0.0,0.0,0.0,0.0,62.0,62,18,65518,45,65476,0,300,0,0,8,20529,65476,0,0,44564,60.0,0.0,10.0,10.0,2.0,0.0
2026-02-05T00:05:50,ERR,ERR,ERR,ERR,ERR,ERR,ERR,ERR,ERR,ERR,ERR,ERR,ERR,ERR,ERR,ERR,ERR,ERR,ERR,ERR,ERR,ERR,ERR,ERR,ERR,ERR,ERR,ERR,ERR,ERR,ERR,ERR,ERR,ERR,ERR,ERR,ERR,ERR,ERR,ERR,ERR,ERR,ERR,ERR,ERR,ERR,ERR,ERR,ERR,ERR,ERR,ERR,ERR,ERR,ERR,ERR,ERR,ERR,ERR,ERR,ERR,ERR,ERR,ERR,ERR,ERR,ERR,ERR,ERR,ERR,ERR,ERR,ERR,ERR,ERR,ERR,ERR,ERR,ERR,ERR,ERR,ERR,ERR,ERR,ERR,ERR,ERR,ERR,ERR,ERR,ERR,ERR,ERR,ERR,ERR,ERR,ERR,ERR,ERR,ERR,ERR,ERR,ERR,ERR,ERR,ERR,ERR,ERR,ERR,ERR,ERR,ERR,ERR,ERR,ERR,ERR,ERR,ERR,ERR,ERR,ERR,ERR,ERR,ERR,ERR,2.7184260577004195e+23,-107615280.0,-0.0,0.0,0.0,-9.439292720322862e+36,-2692.252,0.0,0,0,4,0,7670,-0.0,41,0.0,0.0,0.0,0.0,0.0,0,0,0,0,0.0,0,0,0,0,0,0,0,0,0,0,0,0,0,0,0,0,0,0,0,0,0,0,0,0,0,0,0,0,0,0,0,0,0,23,41,40,63,65476,0,300,0,0,8,21553,0.0,-107605600.0,0.0,0.0,0.0,0.0,0.0,0.0,0.0,0.0,0.0,0.0,0.0,0.0,0.0,0.0,0.0,0.0,0.0,0.0,0.0,2.004,2.004,2.004,-0.0,-2.004,0.0,0.0,0.0,0.0,1662.75,-2.004,0.0,2.7184260577004195e+23,-107615280.0,-0.0,2.7184312818759872e+23,0.0,0.0,2.004,2.004,68,107615280.0,-4.950325694120999e+32,0.0,0.0,0.0,0.0,0.0,0.0,0.0,0,0,0,0.0,-0.0,0.0,-0.0,0.0,-726909779968.0,0.0,-1.066261239220544e+29,-145678.797,0.0,-0.0,0.755,-0.0,3578126592.0,0.0,0.0,0,1.3516416376850534e+27,68,0.0,136,0.0,98688.258,0,13107,17071,0,17092,13107,17065,0,0,0,105,99,100,-0.0,50.8,0.0,61.45,-107615200.0,63.0,1,47,48,180,0,0,0,0,0.0,0.0,0.0,0.0,0.0,66.0,0.0,160809565028352.0,0.0,725,0,695,0,0,0,876,0,980,0,846,0,632,0,613,0,509,0,591,0.032,69818988363776.0,-2.004,2.7302298121797724e+23,29840,16791,0.0,160809565028352.0,-0.0,20832.527,-9.267920203216844e+23,-660.999,70.0,60.0,66,0.0,0.0,10.0,2.0,0.0,0.0,0.0,0.0,0.0,0.0,0.0,0.0,0.0,0.0,0.0,0.0,62.0,62,18,65518,45,65476,0,300,0,0,8,20529,65476,0,0,44564,60.0,0.0,10.0,10.0,2.0,0.0
2026-02-05T00:05:51,ERR,ERR,ERR,ERR,ERR,ERR,ERR,ERR,ERR,ERR,ERR,ERR,ERR,ERR,ERR,ERR,ERR,ERR,ERR,ERR,ERR,ERR,ERR,ERR,ERR,ERR,ERR,ERR,ERR,ERR,ERR,ERR,ERR,ERR,ERR,ERR,ERR,ERR,ERR,ERR,ERR,ERR,ERR,ERR,ERR,ERR,ERR,ERR,ERR,ERR,ERR,ERR,ERR,ERR,ERR,ERR,ERR,ERR,ERR,ERR,ERR,ERR,ERR,ERR,ERR,ERR,ERR,ERR,ERR,ERR,ERR,ERR,ERR,ERR,ERR,ERR,ERR,ERR,ERR,ERR,ERR,ERR,ERR,ERR,ERR,ERR,ERR,ERR,ERR,ERR,ERR,ERR,ERR,ERR,ERR,ERR,ERR,ERR,ERR,ERR,ERR,ERR,ERR,ERR,ERR,ERR,ERR,ERR,ERR,ERR,ERR,ERR,ERR,ERR,ERR,ERR,ERR,ERR,ERR,ERR,ERR,ERR,ERR,ERR,ERR,2.7184260577004195e+23,-107615280.0,-0.0,0.0,0.0,-9.439292720322862e+36,-2692.252,0.0,0,0,4,0,7670,-0.0,41,0.0,0.0,0.0,0.0,0.0,0,0,0,0,0.0,0,0,0,0,0,0,0,0,0,0,0,0,0,0,0,0,0,0,0,0,0,0,0,0,0,0,0,0,0,0,0,0,0,23,41,40,63,65476,0,300,0,0,8,21553,0.0,-107605600.0,0.0,0.0,0.0,0.0,0.0,0.0,0.0,0.0,0.0,0.0,0.0,0.0,0.0,0.0,0.0,0.0,0.0,0.0,0.0,2.004,2.004,2.004,-0.0,-2.004,0.0,0.0,0.0,0.0,1662.75,-2.004,0.0,2.7184260577004195e+23,-107615280.0,-0.0,2.7184312818759872e+23,0.0,0.0,2.004,2.004,68,107615280.0,-4.950325694120999e+32,0.0,0.0,0.0,0.0,0.0,0.0,0.0,0,0,0,0.0,-0.0,0.0,-0.0,0.0,-726909779968.0,0.0,-1.066261239220544e+29,-145678.797,0.0,-0.0,0.755,-0.0,3578126592.0,0.0,0.0,0,1.3516416376850534e+27,68,0.0,136,0.0,98688.258,0,13107,17071,0,17092,13107,17065,0,0,0,105,99,100,-0.0,50.8,0.0,61.45,-107615200.0,63.0,1,47,48,180,0,0,0,0,0.0,0.0,0.0,0.0,0.0,66.0,0.0,160809565028352.0,0.0,725,0,695,0,0,0,876,0,980,0,846,0,632,0,613,0,509,0,591,0.032,69818988363776.0,-2.004,2.7302298121797724e+23,29840,16791,0.0,160809565028352.0,-0.0,20832.527,-9.267920203216844e+23,-660.999,70.0,60.0,66,0.0,0.0,10.0,2.0,0.0,0.0,0.0,0.0,0.0,0.0,0.0,0.0,0.0,0.0,0.0,0.0,62.4,62,18,65518,45,65476,0,300,0,0,8,20529,65476,0,0,44564,60.0,0.0,10.0,10.0,2.0,0.0
2026-02-05T00:05:52,ERR,ERR,ERR,ERR,ERR,ERR,ERR,ERR,ERR,ERR,ERR,ERR,ERR,ERR,ERR,ERR,ERR,ERR,ERR,ERR,ERR,ERR,ERR,ERR,ERR,ERR,ERR,ERR,ERR,ERR,ERR,ERR,ERR,ERR,ERR,ERR,ERR,ERR,ERR,ERR,ERR,ERR,ERR,ERR,ERR,ERR,ERR,ERR,ERR,ERR,ERR,ERR,ERR,ERR,ERR,ERR,ERR,ERR,ERR,ERR,ERR,ERR,ERR,ERR,ERR,ERR,ERR,ERR,ERR,ERR,ERR,ERR,ERR,ERR,ERR,ERR,ERR,ERR,ERR,ERR,ERR,ERR,ERR,ERR,ERR,ERR,ERR,ERR,ERR,ERR,ERR,ERR,ERR,ERR,ERR,ERR,ERR,ERR,ERR,ERR,ERR,ERR,ERR,ERR,ERR,ERR,ERR,ERR,ERR,ERR,ERR,ERR,ERR,ERR,ERR,ERR,ERR,ERR,ERR,ERR,ERR,ERR,ERR,ERR,ERR,2.7184260577004195e+23,-107615280.0,-0.0,0.0,0.0,-9.439292720322862e+36,-2692.252,0.0,0,0,4,0,7670,-0.0,41,0.0,0.0,0.0,0.0,0.0,0,0,0,0,0.0,0,0,0,0,0,0,0,0,0,0,0,0,0,0,0,0,0,0,0,0,0,0,0,0,0,0,0,0,0,0,0,0,0,23,41,40,63,65476,0,300,0,0,8,21553,0.0,-107605600.0,0.0,0.0,0.0,0.0,0.0,0.0,0.0,0.0,0.0,0.0,0.0,0.0,0.0,0.0,0.0,0.0,0.0,0.0,0.0,2.004,2.004,2.004,-0.0,-2.004,0.0,0.0,0.0,0.0,1662.75,-2.004,0.0,2.7184260577004195e+23,-107615280.0,-0.0,2.7184312818759872e+23,0.0,0.0,2.004,2.004,68,107615280.0,-4.950325694120999e+32,0.0,0.0,0.0,0.0,0.0,0.0,0.0,0,0,0,0.0,-0.0,0.0,-0.0,0.0,-726909779968.0,0.0,-1.066261239220544e+29,-145678.797,0.0,-0.0,0.755,-0.0,3578126592.0,0.0,0.0,0,1.3516416376850534e+27,68,0.0,136,0.0,98688.258,0,13107,17071,0,17092,13107,17065,0,0,0,105,99,100,-0.0,50.8,0.0,61.45,-107615200.0,63.0,1,47,48,180,0,0,0,0,0.0,0.0,0.0,0.0,0.0,66.0,0.0,160809565028352.0,0.0,725,0,695,0,0,0,876,0,980,0,846,0,632,0,613,0,509,0,591,0.032,69818988363776.0,-2.004,2.7302298121797724e+23,29840,16791,0.0,160809565028352.0,-0.0,20832.527,-9.267920203216844e+23,-660.999,70.0,60.0,66,0.0,0.0,10.0,2.0,0.0,0.0,0.0,0.0,0.0,0.0,0.0,0.0,0.0,0.0,0.0,0.0,62.4,62,18,65518,45,65476,0,300,0,0,8,20529,65476,0,0,44564,60.0,0.0,10.0,10.0,2.0,0.0
2026-02-05T00:05:53,ERR,ERR,ERR,ERR,ERR,ERR,ERR,ERR,ERR,ERR,ERR,ERR,ERR,ERR,ERR,ERR,ERR,ERR,ERR,ERR,ERR,ERR,ERR,ERR,ERR,ERR,ERR,ERR,ERR,ERR,ERR,ERR,ERR,ERR,ERR,ERR,ERR,ERR,ERR,ERR,ERR,ERR,ERR,ERR,ERR,ERR,ERR,ERR,ERR,ERR,ERR,ERR,ERR,ERR,ERR,ERR,ERR,ERR,ERR,ERR,ERR,ERR,ERR,ERR,ERR,ERR,ERR,ERR,ERR,ERR,ERR,ERR,ERR,ERR,ERR,ERR,ERR,ERR,ERR,ERR,ERR,ERR,ERR,ERR,ERR,ERR,ERR,ERR,ERR,ERR,ERR,ERR,ERR,ERR,ERR,ERR,ERR,ERR,ERR,ERR,ERR,ERR,ERR,ERR,ERR,ERR,ERR,ERR,ERR,ERR,ERR,ERR,ERR,ERR,ERR,ERR,ERR,ERR,ERR,ERR,ERR,ERR,ERR,ERR,ERR,2.7184260577004195e+23,-107615280.0,-0.0,0.0,0.0,-9.439292720322862e+36,-2692.252,0.0,0,0,4,0,7670,-0.0,41,0.0,0.0,0.0,0.0,0.0,0,0,0,0,0.0,0,0,0,0,0,0,0,0,0,0,0,0,0,0,0,0,0,0,0,0,0,0,0,0,0,0,0,0,0,0,0,0,0,23,41,40,63,65476,0,300,0,0,8,21553,0.0,-107605600.0,0.0,0.0,0.0,0.0,0.0,0.0,0.0,0.0,0.0,0.0,0.0,0.0,0.0,0.0,0.0,0.0,0.0,0.0,0.0,2.004,2.004,2.004,-0.0,-2.004,0.0,0.0,0.0,0.0,1662.75,-2.004,0.0,2.7184260577004195e+23,-107615280.0,-0.0,2.7184312818759872e+23,0.0,0.0,2.004,2.004,68,107615280.0,-4.950325694120999e+32,0.0,0.0,0.0,0.0,0.0,0.0,0.0,0,0,0,0.0,-0.0,0.0,-0.0,0.0,-726909779968.0,0.0,-1.066261239220544e+29,-145678.797,0.0,-0.0,0.755,-0.0,3578126592.0,0.0,0.0,0,1.3516416376850534e+27,68,0.0,136,0.0,98688.258,0,0,17071,52429,17091,13107,17065,0,0,0,105,99,100,-0.0,50.8,0.0,61.45,-107615200.0,63.0,1,47,48,180,0,0,0,0,0.0,0.0,0.0,0.0,0.0,66.0,0.0,133731096461312.0,0.0,725,0,695,0,0,0,876,0,980,0,846,0,632,0,613,0,509,0,592,0.032,69544110456832.0,0.0,-107615072.0,27280,16791,0.0,-1.0010336111362048e+16,0.0,-3.1683042929033274e+21,-268971968.0,0.0,70.0,60.0,66,0.0,0.0,10.0,2.0,0.0,0.0,0.0,0.0,0.0,0.0,0.0,0.0,0.0,0.0,0.0,0.0,62.4,62,18,65518,45,65476,0,300,0,0,8,20529,65476,0,0,44564,60.0,0.0,10.0,10.0,2.0,0.0
2026-02-05T00:05:54,ERR,ERR,ERR,ERR,ERR,ERR,ERR,ERR,ERR,ERR,ERR,ERR,ERR,ERR,ERR,ERR,ERR,ERR,ERR,ERR,ERR,ERR,ERR,ERR,ERR,ERR,ERR,ERR,ERR,ERR,ERR,ERR,ERR,ERR,ERR,ERR,ERR,ERR,ERR,ERR,ERR,ERR,ERR,ERR,ERR,ERR,ERR,ERR,ERR,ERR,ERR,ERR,ERR,ERR,ERR,ERR,ERR,ERR,ERR,ERR,ERR,ERR,ERR,ERR,ERR,ERR,ERR,ERR,ERR,ERR,ERR,ERR,ERR,ERR,ERR,ERR,ERR,ERR,ERR,ERR,ERR,ERR,ERR,ERR,ERR,ERR,ERR,ERR,ERR,ERR,ERR,ERR,ERR,ERR,ERR,ERR,ERR,ERR,ERR,ERR,ERR,ERR,ERR,ERR,ERR,ERR,ERR,ERR,ERR,ERR,ERR,ERR,ERR,ERR,ERR,ERR,ERR,ERR,ERR,ERR,ERR,ERR,ERR,ERR,ERR,2.7184260577004195e+23,-107615280.0,-0.0,0.0,0.0,-9.439292720322862e+36,-2692.252,0.0,0,0,4,0,7670,-0.0,41,0.0,0.0,0.0,0.0,0.0,0,0,0,0,0.0,0,0,0,0,0,0,0,0,0,0,0,0,0,0,0,0,0,0,0,0,0,0,0,0,0,0,0,0,0,0,0,0,0,23,41,40,63,65476,0,300,0,0,8,21553,0.0,-107605600.0,0.0,0.0,0.0,0.0,0.0,0.0,0.0,0.0,0.0,0.0,0.0,0.0,0.0,0.0,0.0,0.0,0.0,0.0,0.0,2.004,2.004,2.004,-0.0,-2.004,0.0,0.0,0.0,0.0,1662.75,-2.004,0.0,2.7184260577004195e+23,-107615280.0,-0.0,2.7184312818759872e+23,0.0,0.0,2.004,2.004,68,107615280.0,-4.950325694120999e+32,0.0,0.0,0.0,0.0,0.0,0.0,0.0,0,0,0,0.0,-0.0,0.0,-0.0,0.0,-726909779968.0,0.0,-1.066261239220544e+29,-145678.797,0.0,-0.0,0.755,-0.0,3578126592.0,0.0,0.0,0,1.3516416376850534e+27,68,0.0,136,0.0,98688.258,0,0,17071,52429,17091,13107,17065,0,0,0,105,99,100,-0.0,50.8,0.0,61.45,-107615200.0,63.0,1,47,48,180,0,0,0,0,0.0,0.0,0.0,0.0,0.0,66.0,0.0,133731096461312.0,0.0,725,0,695,0,0,0,876,0,980,0,846,0,632,0,613,0,509,0,592,0.032,69544110456832.0,0.0,-107615072.0,27280,16791,0.0,-1.0010336111362048e+16,0.0,-3.1683042929033274e+21,-268971968.0,0.0,70.0,60.0,66,0.0,0.0,10.0,2.0,0.0,0.0,0.0,0.0,0.0,0.0,0.0,0.0,0.0,0.0,0.0,0.0,62.4,62,18,65518,45,65476,0,300,0,0,8,20529,65476,0,0,44564,60.0,0.0,10.0,10.0,2.0,0.0
2026-02-05T00:05:55,ERR,ERR,ERR,ERR,ERR,ERR,ERR,ERR,ERR,ERR,ERR,ERR,ERR,ERR,ERR,ERR,ERR,ERR,ERR,ERR,ERR,ERR,ERR,ERR,ERR,ERR,ERR,ERR,ERR,ERR,ERR,ERR,ERR,ERR,ERR,ERR,ERR,ERR,ERR,ERR,ERR,ERR,ERR,ERR,ERR,ERR,ERR,ERR,ERR,ERR,ERR,ERR,ERR,ERR,ERR,ERR,ERR,ERR,ERR,ERR,ERR,ERR,ERR,ERR,ERR,ERR,ERR,ERR,ERR,ERR,ERR,ERR,ERR,ERR,ERR,ERR,ERR,ERR,ERR,ERR,ERR,ERR,ERR,ERR,ERR,ERR,ERR,ERR,ERR,ERR,ERR,ERR,ERR,ERR,ERR,ERR,ERR,ERR,ERR,ERR,ERR,ERR,ERR,ERR,ERR,ERR,ERR,ERR,ERR,ERR,ERR,ERR,ERR,ERR,ERR,ERR,ERR,ERR,ERR,ERR,ERR,ERR,ERR,ERR,ERR,2.7184260577004195e+23,-0.0,2.8364012726751064e+23,0.0,0.0,0.0,-168.266,0.0,0,0,4,0,7670,-0.0,41,0.0,0.0,0.0,0.0,0.0,0,0,0,0,0.0,0,0,0,0,0,0,0,0,0,0,0,0,0,0,0,0,0,0,0,0,0,0,0,0,0,0,0,0,0,0,0,0,0,23,41,40,63,65476,0,300,0,0,8,21553,0.0,-107605600.0,0.0,0.0,0.0,0.0,0.0,0.0,0.0,0.0,0.0,0.0,0.0,0.0,0.0,0.0,0.0,0.0,0.0,0.0,0.0,2.004,2.004,-0.0,-0.0,-2.004,0.0,0.0,0.0,0.0,1662.75,3.69709597367122e+19,0.0,2.7184260577004195e+23,-107615280.0,-0.0,0.0,0.0,0.0,2.004,2.004,68,107615280.0,-0.0,0.0,0.0,0.0,0.0,0.0,0.0,0.0,0,0,0,0.0,-877650944.0,0.0,-0.0,0.0,-0.0,-5.070998046549473e+34,-4.203809164805687e+33,-0.0,0.0,-0.0,0.755,-0.0,3594903808.0,0.0,0.0,0,1.3516416376850534e+27,68,0.0,136,0.0,98688.258,0,0,17071,52429,17091,13107,17065,0,0,0,105,99,100,-0.0,50.8,0.0,61.45,-107615200.0,63.0,1,47,48,180,0,0,0,0,0.0,0.0,0.0,0.0,0.0,66.0,0.0,133731096461312.0,0.0,725,0,695,0,0,0,876,0,980,0,846,0,632,0,613,0,509,0,592,0.032,69544110456832.0,0.0,-107615072.0,27280,16791,0.0,-1.0010336111362048e+16,0.0,-3.1683042929033274e+21,-268971968.0,0.0,70.0,60.0,66,0.0,0.0,10.0,2.0,0.0,0.0,0.0,0.0,0.0,0.0,0.0,0.0,0.0,0.0,0.0,0.0,62.0,62,18,65518,45,65476,0,300,0,0,8,20529,65476,0,0,44564,60.0,0.0,10.0,10.0,2.0,0.0
2026-02-05T00:05:56,ERR,ERR,ERR,ERR,ERR,ERR,ERR,ERR,ERR,ERR,ERR,ERR,ERR,ERR,ERR,ERR,ERR,ERR,ERR,ERR,ERR,ERR,ERR,ERR,ERR,ERR,ERR,ERR,ERR,ERR,ERR,ERR,ERR,ERR,ERR,ERR,ERR,ERR,ERR,ERR,ERR,ERR,ERR,ERR,ERR,ERR,ERR,ERR,ERR,ERR,ERR,ERR,ERR,ERR,ERR,ERR,ERR,ERR,ERR,ERR,ERR,ERR,ERR,ERR,ERR,ERR,ERR,ERR,ERR,ERR,ERR,ERR,ERR,ERR,ERR,ERR,ERR,ERR,ERR,ERR,ERR,ERR,ERR,ERR,ERR,ERR,ERR,ERR,ERR,ERR,ERR,ERR,ERR,ERR,ERR,ERR,ERR,ERR,ERR,ERR,ERR,ERR,ERR,ERR,ERR,ERR,ERR,ERR,ERR,ERR,ERR,ERR,ERR,ERR,ERR,ERR,ERR,ERR,ERR,ERR,ERR,ERR,ERR,ERR,ERR,2.7184260577004195e+23,-0.0,2.8364012726751064e+23,0.0,0.0,0.0,-168.266,0.0,0,0,4,0,7670,-0.0,41,0.0,0.0,0.0,0.0,0.0,0,0,0,0,0.0,0,0,0,0,0,0,0,0,0,0,0,0,0,0,0,0,0,0,0,0,0,0,0,0,0,0,0,0,0,0,0,0,0,23,41,40,63,65476,0,300,0,0,8,21553,0.0,-107605600.0,0.0,0.0,0.0,0.0,0.0,0.0,0.0,0.0,0.0,0.0,0.0,0.0,0.0,0.0,0.0,0.0,0.0,0.0,0.0,2.004,2.004,-0.0,-0.0,-2.004,0.0,0.0,0.0,0.0,1662.75,3.69709597367122e+19,0.0,2.7184260577004195e+23,-107615280.0,-0.0,0.0,0.0,0.0,2.004,2.004,68,107615280.0,-0.0,0.0,0.0,0.0,0.0,0.0,0.0,0.0,0,0,0,0.0,-877650944.0,0.0,-0.0,0.0,-0.0,-5.070998046549473e+34,-4.203809164805687e+33,-0.0,0.0,-0.0,0.755,-0.0,3594903808.0,0.0,0.0,0,1.3516416376850534e+27,68,0.0,136,0.0,98688.258,0,0,17071,52429,17091,13107,17065,0,0,0,105,99,100,-0.0,50.8,0.0,61.45,-107615200.0,63.0,1,47,48,180,0,0,0,0,0.0,0.0,0.0,0.0,0.0,66.0,0.0,133731096461312.0,0.0,725,0,695,0,0,0,876,0,980,0,846,0,632,0,613,0,509,0,592,0.032,69544110456832.0,0.0,-107615072.0,27280,16791,0.0,-1.0010336111362048e+16,0.0,-3.1683042929033274e+21,-268971968.0,0.0,70.0,60.0,66,0.0,0.0,10.0,2.0,0.0,0.0,0.0,0.0,0.0,0.0,0.0,0.0,0.0,0.0,0.0,0.0,62.0,62,18,65518,45,65476,0,300,0,0,8,20529,65476,0,0,44564,60.0,0.0,10.0,10.0,2.0,0.0
2026-02-05T00:05:57,ERR,ERR,ERR,ERR,ERR,ERR,ERR,ERR,ERR,ERR,ERR,ERR,ERR,ERR,ERR,ERR,ERR,ERR,ERR,ERR,ERR,ERR,ERR,ERR,ERR,ERR,ERR,ERR,ERR,ERR,ERR,ERR,ERR,ERR,ERR,ERR,ERR,ERR,ERR,ERR,ERR,ERR,ERR,ERR,ERR,ERR,ERR,ERR,ERR,ERR,ERR,ERR,ERR,ERR,ERR,ERR,ERR,ERR,ERR,ERR,ERR,ERR,ERR,ERR,ERR,ERR,ERR,ERR,ERR,ERR,ERR,ERR,ERR,ERR,ERR,ERR,ERR,ERR,ERR,ERR,ERR,ERR,ERR,ERR,ERR,ERR,ERR,ERR,ERR,ERR,ERR,ERR,ERR,ERR,ERR,ERR,ERR,ERR,ERR,ERR,ERR,ERR,ERR,ERR,ERR,ERR,ERR,ERR,ERR,ERR,ERR,ERR,ERR,ERR,ERR,ERR,ERR,ERR,ERR,ERR,ERR,ERR,ERR,ERR,ERR,2.7184260577004195e+23,-0.0,2.8364012726751064e+23,0.0,0.0,0.0,-168.266,0.0,0,0,4,0,7670,-0.0,41,0.0,0.0,0.0,0.0,0.0,0,0,0,0,0.0,0,0,0,0,0,0,0,0,0,0,0,0,0,0,0,0,0,0,0,0,0,0,0,0,0,0,0,0,0,0,0,0,0,23,41,40,63,65476,0,300,0,0,8,21553,0.0,-107605600.0,0.0,0.0,0.0,0.0,0.0,0.0,0.0,0.0,0.0,0.0,0.0,0.0,0.0,0.0,0.0,0.0,0.0,0.0,0.0,2.004,2.004,-0.0,-0.0,-2.004,0.0,0.0,0.0,0.0,1662.75,3.69709597367122e+19,0.0,2.7184260577004195e+23,-107615280.0,-0.0,0.0,0.0,0.0,2.004,2.004,68,107615280.0,-0.0,0.0,0.0,0.0,0.0,0.0,0.0,0.0,0,0,0,0.0,-877650944.0,0.0,-0.0,0.0,-0.0,-5.070998046549473e+34,-4.203809164805687e+33,-0.0,0.0,-0.0,0.755,-0.0,3594903808.0,0.0,0.0,0,1.3516416376850534e+27,68,0.0,136,0.0,98688.258,0,13107,17071,0,17092,13107,17065,0,0,0,105,99,100,0.0,51.05,0.0,61.45,-107615200.0,63.0,1,47,48,180,0,0,0,0,0.0,0.0,0.0,0.0,0.0,66.0,0.0,-1.973919724601344e+16,0.0,725,0,694,0,0,0,876,0,979,0,846,0,632,0,613,0,510,0,592,0.032,69544110456832.0,0.0,-107615072.0,33424,16791,0.0,-1.973919724601344e+16,0.0,-2.417916435591332e+17,-7186613083832320.0,0.0,70.0,60.0,66,0.0,0.0,10.0,2.0,0.0,0.0,0.0,0.0,0.0,0.0,0.0,0.0,0.0,0.0,0.0,0.0,62.0,62,18,65518,45,65476,0,300,0,0,8,20529,65476,0,0,44564,60.0,0.0,10.0,10.0,2.0,0.0
2026-02-05T00:05:58,ERR,ERR,ERR,ERR,ERR,ERR,ERR,ERR,ERR,ERR,ERR,ERR,ERR,ERR,ERR,ERR,ERR,ERR,ERR,ERR,ERR,ERR,ERR,ERR,ERR,ERR,ERR,ERR,ERR,ERR,ERR,ERR,ERR,ERR,ERR,ERR,ERR,ERR,ERR,ERR,ERR,ERR,ERR,ERR,ERR,ERR,ERR,ERR,ERR,ERR,ERR,ERR,ERR,ERR,ERR,ERR,ERR,ERR,ERR,ERR,ERR,ERR,ERR,ERR,ERR,ERR,ERR,ERR,ERR,ERR,ERR,ERR,ERR,ERR,ERR,ERR,ERR,ERR,ERR,ERR,ERR,ERR,ERR,ERR,ERR,ERR,ERR,ERR,ERR,ERR,ERR,ERR,ERR,ERR,ERR,ERR,ERR,ERR,ERR,ERR,ERR,ERR,ERR,ERR,ERR,ERR,ERR,ERR,ERR,ERR,ERR,ERR,ERR,ERR,ERR,ERR,ERR,ERR,ERR,ERR,ERR,ERR,ERR,ERR,ERR,2.7184260577004195e+23,-0.0,2.8364012726751064e+23,0.0,0.0,0.0,-168.266,0.0,0,0,4,0,7670,-0.0,41,0.0,0.0,0.0,0.0,0.0,0,0,0,0,0.0,0,0,0,0,0,0,0,0,0,0,0,0,0,0,0,0,0,0,0,0,0,0,0,0,0,0,0,0,0,0,0,0,0,23,41,40,63,65476,0,300,0,0,8,21553,0.0,-107605600.0,0.0,0.0,0.0,0.0,0.0,0.0,0.0,0.0,0.0,0.0,0.0,0.0,0.0,0.0,0.0,0.0,0.0,0.0,0.0,2.004,2.004,-0.0,-0.0,-2.004,0.0,0.0,0.0,0.0,1662.75,3.69709597367122e+19,0.0,2.7184260577004195e+23,-107615280.0,-0.0,0.0,0.0,0.0,2.004,2.004,68,107615280.0,-0.0,0.0,0.0,0.0,0.0,0.0,0.0,0.0,0,0,0,0.0,-877650944.0,0.0,-0.0,0.0,-0.0,-5.070998046549473e+34,-4.203809164805687e+33,-0.0,0.0,-0.0,0.755,-0.0,3594903808.0,0.0,0.0,0,1.3516416376850534e+27,68,0.0,136,0.0,98688.258,0,13107,17071,0,17092,13107,17065,0,0,0,105,99,100,0.0,51.05,0.0,61.45,-107615200.0,63.0,1,47,48,180,0,0,0,0,0.0,0.0,0.0,0.0,0.0,66.0,0.0,-1.973919724601344e+16,0.0,725,0,694,0,0,0,876,0,979,0,846,0,632,0,613,0,510,0,592,0.032,69544110456832.0,0.0,-107615072.0,33424,16791,0.0,-1.973919724601344e+16,0.0,-2.417916435591332e+17,-7186613083832320.0,0.0,70.0,60.0,66,0.0,0.0,10.0,2.0,0.0,0.0,0.0,0.0,0.0,0.0,0.0,0.0,0.0,0.0,0.0,0.0,62.0,62,18,65518,45,65476,0,300,0,0,8,20529,65476,0,0,44564,60.0,0.0,10.0,10.0,2.0,0.0
2026-02-05T00:05:59,ERR,ERR,ERR,ERR,ERR,ERR,ERR,ERR,ERR,ERR,ERR,ERR,ERR,ERR,ERR,ERR,ERR,ERR,ERR,ERR,ERR,ERR,ERR,ERR,ERR,ERR,ERR,ERR,ERR,ERR,ERR,ERR,ERR,ERR,ERR,ERR,ERR,ERR,ERR,ERR,ERR,ERR,ERR,ERR,ERR,ERR,ERR,ERR,ERR,ERR,ERR,ERR,ERR,ERR,ERR,ERR,ERR,ERR,ERR,ERR,ERR,ERR,ERR,ERR,ERR,ERR,ERR,ERR,ERR,ERR,ERR,ERR,ERR,ERR,ERR,ERR,ERR,ERR,ERR,ERR,ERR,ERR,ERR,ERR,ERR,ERR,ERR,ERR,ERR,ERR,ERR,ERR,ERR,ERR,ERR,ERR,ERR,ERR,ERR,ERR,ERR,ERR,ERR,ERR,ERR,ERR,ERR,ERR,ERR,ERR,ERR,ERR,ERR,ERR,ERR,ERR,ERR,ERR,ERR,ERR,ERR,ERR,ERR,ERR,ERR,2.7184260577004195e+23,-0.0,2.8364012726751064e+23,0.0,0.0,0.0,-168.266,0.0,0,0,4,0,7670,-0.0,41,0.0,0.0,0.0,0.0,0.0,0,0,0,0,0.0,0,0,0,0,0,0,0,0,0,0,0,0,0,0,0,0,0,0,0,0,0,0,0,0,0,0,0,0,0,0,0,0,0,23,41,40,63,65476,0,300,0,0,8,21553,0.0,-107605600.0,0.0,0.0,0.0,0.0,0.0,0.0,0.0,0.0,0.0,0.0,0.0,0.0,0.0,0.0,0.0,0.0,0.0,0.0,0.0,2.004,2.004,-0.0,-0.0,-2.004,0.0,0.0,0.0,0.0,1662.75,3.69709597367122e+19,0.0,2.7184260577004195e+23,-107615280.0,-0.0,0.0,0.0,0.0,2.004,2.004,68,107615280.0,-0.0,0.0,0.0,0.0,0.0,0.0,0.0,0.0,0,0,0,0.0,-877650944.0,0.0,-0.0,0.0,-0.0,-5.070998046549473e+34,-4.203809164805687e+33,-0.0,0.0,-0.0,0.755,-0.0,3594903808.0,0.0,0.0,0,1.3516416376850534e+27,68,0.0,136,0.0,98688.258,0,13107,17071,0,17092,13107,17065,0,0,0,105,99,100,0.0,51.05,0.0,61.45,-107615200.0,63.0,1,47,48,180,0,0,0,0,0.0,0.0,0.0,0.0,0.0,66.0,0.0,-1.973919724601344e+16,0.0,725,0,694,0,0,0,876,0,979,0,846,0,632,0,613,0,510,0,592,0.032,69544110456832.0,0.0,-107615072.0,33424,16791,0.0,-1.973919724601344e+16,0.0,-2.417916435591332e+17,-7186613083832320.0,0.0,70.0,60.0,66,0.0,0.0,10.0,2.0,0.0,0.0,0.0,0.0,0.0,0.0,0.0,0.0,0.0,0.0,0.0,0.0,62.0,62,18,65518,45,65476,0,300,0,0,8,20529,65476,0,0,44564,60.0,0.0,10.0,10.0,2.0,0.0
2026-02-05T00:06:00,ERR,ERR,ERR,ERR,ERR,ERR,ERR,ERR,ERR,ERR,ERR,ERR,ERR,ERR,ERR,ERR,ERR,ERR,ERR,ERR,ERR,ERR,ERR,ERR,ERR,ERR,ERR,ERR,ERR,ERR,ERR,ERR,ERR,ERR,ERR,ERR,ERR,ERR,ERR,ERR,ERR,ERR,ERR,ERR,ERR,ERR,ERR,ERR,ERR,ERR,ERR,ERR,ERR,ERR,ERR,ERR,ERR,ERR,ERR,ERR,ERR,ERR,ERR,ERR,ERR,ERR,ERR,ERR,ERR,ERR,ERR,ERR,ERR,ERR,ERR,ERR,ERR,ERR,ERR,ERR,ERR,ERR,ERR,ERR,ERR,ERR,ERR,ERR,ERR,ERR,ERR,ERR,ERR,ERR,ERR,ERR,ERR,ERR,ERR,ERR,ERR,ERR,ERR,ERR,ERR,ERR,ERR,ERR,ERR,ERR,ERR,ERR,ERR,ERR,ERR,ERR,ERR,ERR,ERR,ERR,ERR,ERR,ERR,ERR,ERR,2.7184260577004195e+23,-0.0,2.8364012726751064e+23,0.0,0.0,0.0,-168.266,0.0,0,0,4,0,7670,-0.0,41,0.0,0.0,0.0,0.0,0.0,0,0,0,0,0.0,0,0,0,0,0,0,0,0,0,0,0,0,0,0,0,0,0,0,0,0,0,0,0,0,0,0,0,0,0,0,0,0,0,23,41,40,63,65476,0,300,0,0,8,21553,0.0,-107605600.0,0.0,0.0,0.0,0.0,0.0,0.0,0.0,0.0,0.0,0.0,0.0,0.0,0.0,0.0,0.0,0.0,0.0,0.0,0.0,2.004,2.004,-0.0,-0.0,-2.004,0.0,0.0,0.0,0.0,1662.75,3.69709597367122e+19,0.0,2.7184260577004195e+23,-107615280.0,-0.0,0.0,0.0,0.0,2.004,2.004,68,107615280.0,-0.0,0.0,0.0,0.0,0.0,0.0,0.0,0.0,0,0,0,0.0,-877650944.0,0.0,-0.0,0.0,-0.0,-5.070998046549473e+34,-4.203809164805687e+33,-0.0,0.0,-0.0,0.755,-0.0,3594903808.0,0.0,0.0,0,1.3516416376850534e+27,68,0.0,136,0.0,98688.258,0,13107,17071,0,17092,13107,17065,0,0,0,105,99,100,0.0,51.05,0.0,61.45,-107615200.0,63.0,1,47,48,180,0,0,0,0,0.0,0.0,0.0,0.0,0.0,66.0,0.0,-1.973919724601344e+16,0.0,725,0,694,0,0,0,876,0,979,0,846,0,632,0,613,0,510,0,592,0.032,69544110456832.0,0.0,-107615072.0,33424,16791,0.0,-1.973919724601344e+16,0.0,-2.417916435591332e+17,-7186613083832320.0,0.0,70.0,60.0,66,0.0,0.0,10.0,2.0,0.0,0.0,0.0,0.0,0.0,0.0,0.0,0.0,0.0,0.0,0.0,0.0,62.0,62,18,65518,45,65476,0,300,0,0,8,20529,65476,0,0,44564,60.0,0.0,10.0,10.0,2.0,0.0
2026-02-05T00:06:01,ERR,ERR,ERR,ERR,ERR,ERR,ERR,ERR,ERR,ERR,ERR,ERR,ERR,ERR,ERR,ERR,ERR,ERR,ERR,ERR,ERR,ERR,ERR,ERR,ERR,ERR,ERR,ERR,ERR,ERR,ERR,ERR,ERR,ERR,ERR,ERR,ERR,ERR,ERR,ERR,ERR,ERR,ERR,ERR,ERR,ERR,ERR,ERR,ERR,ERR,ERR,ERR,ERR,ERR,ERR,ERR,ERR,ERR,ERR,ERR,ERR,ERR,ERR,ERR,ERR,ERR,ERR,ERR,ERR,ERR,ERR,ERR,ERR,ERR,ERR,ERR,ERR,ERR,ERR,ERR,ERR,ERR,ERR,ERR,ERR,ERR,ERR,ERR,ERR,ERR,ERR,ERR,ERR,ERR,ERR,ERR,ERR,ERR,ERR,ERR,ERR,ERR,ERR,ERR,ERR,ERR,ERR,ERR,ERR,ERR,ERR,ERR,ERR,ERR,ERR,ERR,ERR,ERR,ERR,ERR,ERR,ERR,ERR,ERR,ERR,2.7184260577004195e+23,-0.0,2.8364012726751064e+23,0.0,0.0,-3.379,2.3542484185846124e+24,0.0,0,0,4,0,7670,-0.0,41,0.0,0.0,0.0,0.0,0.0,0,0,0,0,0.0,0,0,0,0,0,0,0,0,0,0,0,0,0,0,0,0,0,0,0,0,0,0,0,0,0,0,0,0,0,0,0,0,0,23,41,40,63,65476,0,300,0,0,8,21553,0.0,-107605600.0,0.0,0.0,0.0,0.0,0.0,0.0,0.0,0.0,0.0,0.0,0.0,0.0,0.0,0.0,0.0,0.0,0.0,0.0,0.0,2.004,2.004,2.004,-0.0,-2.004,0.0,0.0,0.0,0.0,1670.0,0.0,0.0,2.7184260577004195e+23,-0.0,-0.0,2.7184312818759872e+23,0.0,0.0,2.004,2.004,68,0.059,0.0,0.0,0.0,0.0,0.0,0.0,0.0,0.0,0,0,0,0.0,-76.624,0.0,0.0,0.0,nan,217991601979392.0,0.0,-1.1310409458369934e+35,0.0,-0.0,0.759,-0.0,3611681024.0,0.0,-0.0,0,1.3516416376850534e+27,68,0.0,136,0.0,98688.258,0,13107,17071,52429,17091,13107,17065,0,0,0,105,99,100,-0.0,50.8,0.0,61.45,-107615200.0,63.0,1,47,48,180,0,0,0,0,0.0,0.0,0.0,0.0,0.0,66.0,0.0,0.0,0.0,725,0,694,0,0,0,876,0,980,0,846,0,632,0,613,0,509,0,593,0.032,69544110456832.0,2.004,0.0,46608,16791,0.0,0.0,2.010461400106606e+38,7.228784480265698e+34,-0.0,-0.0,70.0,60.0,66,0.0,0.0,10.0,2.0,0.0,0.0,0.0,0.0,0.0,0.0,0.0,0.0,0.0,0.0,0.0,0.0,62.0,62,18,65518,45,65476,0,300,0,0,8,20529,65476,0,0,44564,60.0,0.0,10.0,10.0,2.0,0.0
2026-02-05T00:06:02,ERR,ERR,ERR,ERR,ERR,ERR,ERR,ERR,ERR,ERR,ERR,ERR,ERR,ERR,ERR,ERR,ERR,ERR,ERR,ERR,ERR,ERR,ERR,ERR,ERR,ERR,ERR,ERR,ERR,ERR,ERR,ERR,ERR,ERR,ERR,ERR,ERR,ERR,ERR,ERR,ERR,ERR,ERR,ERR,ERR,ERR,ERR,ERR,ERR,ERR,ERR,ERR,ERR,ERR,ERR,ERR,ERR,ERR,ERR,ERR,ERR,ERR,ERR,ERR,ERR,ERR,ERR,ERR,ERR,ERR,ERR,ERR,ERR,ERR,ERR,ERR,ERR,ERR,ERR,ERR,ERR,ERR,ERR,ERR,ERR,ERR,ERR,ERR,ERR,ERR,ERR,ERR,ERR,ERR,ERR,ERR,ERR,ERR,ERR,ERR,ERR,ERR,ERR,ERR,ERR,ERR,ERR,ERR,ERR,ERR,ERR,ERR,ERR,ERR,ERR,ERR,ERR,ERR,ERR,ERR,ERR,ERR,ERR,ERR,ERR,2.7184260577004195e+23,-0.0,2.8364012726751064e+23,0.0,0.0,-3.379,2.3542484185846124e+24,0.0,0,0,4,0,7670,-0.0,41,0.0,0.0,0.0,0.0,0.0,0,0,0,0,0.0,0,0,0,0,0,0,0,0,0,0,0,0,0,0,0,0,0,0,0,0,0,0,0,0,0,0,0,0,0,0,0,0,0,23,41,40,63,65476,0,300,0,0,8,21553,0.0,-107605600.0,0.0,0.0,0.0,0.0,0.0,0.0,0.0,0.0,0.0,0.0,0.0,0.0,0.0,0.0,0.0,0.0,0.0,0.0,0.0,2.004,2.004,2.004,-0.0,-2.004,0.0,0.0,0.0,0.0,1670.0,0.0,0.0,2.7184260577004195e+23,-0.0,-0.0,2.7184312818759872e+23,0.0,0.0,2.004,2.004,68,0.059,0.0,0.0,0.0,0.0,0.0,0.0,0.0,0.0,0,0,0,0.0,-76.624,0.0,0.0,0.0,nan,217991601979392.0,0.0,-1.1310409458369934e+35,0.0,-0.0,0.759,-0.0,3611681024.0,0.0,-0.0,0,1.3516416376850534e+27,68,0.0,136,0.0,98688.258,0,13107,17071,52429,17091,13107,17065,0,0,0,105,99,100,-0.0,50.8,0.0,61.45,-107615200.0,63.0,1,47,48,180,0,0,0,0,0.0,0.0,0.0,0.0,0.0,66.0,0.0,0.0,0.0,725,0,694,0,0,0,876,0,980,0,846,0,632,0,613,0,509,0,593,0.032,69544110456832.0,2.004,0.0,46608,16791,0.0,0.0,2.010461400106606e+38,7.228784480265698e+34,-0.0,-0.0,70.0,60.0,66,0.0,0.0,10.0,2.0,0.0,0.0,0.0,0.0,0.0,0.0,0.0,0.0,0.0,0.0,0.0,0.0,62.0,62,18,65518,45,65476,0,300,0,0,8,20529,65476,0,0,44564,60.0,0.0,10.0,10.0,2.0,0.0
2026-02-05T00:06:03,ERR,ERR,ERR,ERR,ERR,ERR,ERR,ERR,ERR,ERR,ERR,ERR,ERR,ERR,ERR,ERR,ERR,ERR,ERR,ERR,ERR,ERR,ERR,ERR,ERR,ERR,ERR,ERR,ERR,ERR,ERR,ERR,ERR,ERR,ERR,ERR,ERR,ERR,ERR,ERR,ERR,ERR,ERR,ERR,ERR,ERR,ERR,ERR,ERR,ERR,ERR,ERR,ERR,ERR,ERR,ERR,ERR,ERR,ERR,ERR,ERR,ERR,ERR,ERR,ERR,ERR,ERR,ERR,ERR,ERR,ERR,ERR,ERR,ERR,ERR,ERR,ERR,ERR,ERR,ERR,ERR,ERR,ERR,ERR,ERR,ERR,ERR,ERR,ERR,ERR,ERR,ERR,ERR,ERR,ERR,ERR,ERR,ERR,ERR,ERR,ERR,ERR,ERR,ERR,ERR,ERR,ERR,ERR,ERR,ERR,ERR,ERR,ERR,ERR,ERR,ERR,ERR,ERR,ERR,ERR,ERR,ERR,ERR,ERR,ERR,2.7184260577004195e+23,-0.0,2.8364012726751064e+23,0.0,0.0,-3.379,2.3542484185846124e+24,0.0,0,0,4,0,7670,-0.0,41,0.0,0.0,0.0,0.0,0.0,0,0,0,0,0.0,0,0,0,0,0,0,0,0,0,0,0,0,0,0,0,0,0,0,0,0,0,0,0,0,0,0,0,0,0,0,0,0,0,23,41,40,63,65476,0,300,0,0,8,21553,0.0,-107605600.0,0.0,0.0,0.0,0.0,0.0,0.0,0.0,0.0,0.0,0.0,0.0,0.0,0.0,0.0,0.0,0.0,0.0,0.0,0.0,2.004,2.004,2.004,-0.0,-2.004,0.0,0.0,0.0,0.0,1670.0,0.0,0.0,2.7184260577004195e+23,-0.0,-0.0,2.7184312818759872e+23,0.0,0.0,2.004,2.004,68,0.059,0.0,0.0,0.0,0.0,0.0,0.0,0.0,0.0,0,0,0,0.0,-76.624,0.0,0.0,0.0,nan,217991601979392.0,0.0,-1.1310409458369934e+35,0.0,-0.0,0.759,-0.0,3611681024.0,0.0,-0.0,0,1.3516416376850534e+27,68,0.0,136,0.0,98688.258,0,13107,17071,52429,17091,13107,17065,0,0,0,105,99,100,-0.0,50.8,0.0,61.45,-107615200.0,63.0,1,47,48,180,0,0,0,0,0.0,0.0,0.0,0.0,0.0,66.0,0.0,0.0,0.0,725,0,694,0,0,0,876,0,980,0,846,0,632,0,613,0,509,0,593,0.032,69544110456832.0,2.004,0.0,46608,16791,0.0,0.0,2.010461400106606e+38,7.228784480265698e+34,-0.0,-0.0,70.0,60.0,66,0.0,0.0,10.0,2.0,0.0,0.0,0.0,0.0,0.0,0.0,0.0,0.0,0.0,0.0,0.0,0.0,62.4,62,18,65518,45,65476,0,300,0,0,8,20529,65476,0,0,44564,60.0,0.0,10.0,10.0,2.0,0.0
2026-02-05T00:06:04,ERR,ERR,ERR,ERR,ERR,ERR,ERR,ERR,ERR,ERR,ERR,ERR,ERR,ERR,ERR,ERR,ERR,ERR,ERR,ERR,ERR,ERR,ERR,ERR,ERR,ERR,ERR,ERR,ERR,ERR,ERR,ERR,ERR,ERR,ERR,ERR,ERR,ERR,ERR,ERR,ERR,ERR,ERR,ERR,ERR,ERR,ERR,ERR,ERR,ERR,ERR,ERR,ERR,ERR,ERR,ERR,ERR,ERR,ERR,ERR,ERR,ERR,ERR,ERR,ERR,ERR,ERR,ERR,ERR,ERR,ERR,ERR,ERR,ERR,ERR,ERR,ERR,ERR,ERR,ERR,ERR,ERR,ERR,ERR,ERR,ERR,ERR,ERR,ERR,ERR,ERR,ERR,ERR,ERR,ERR,ERR,ERR,ERR,ERR,ERR,ERR,ERR,ERR,ERR,ERR,ERR,ERR,ERR,ERR,ERR,ERR,ERR,ERR,ERR,ERR,ERR,ERR,ERR,ERR,ERR,ERR,ERR,ERR,ERR,ERR,2.7184260577004195e+23,-0.0,2.8364012726751064e+23,0.0,0.0,-3.379,2.3542484185846124e+24,0.0,0,0,4,0,7670,-0.0,41,0.0,0.0,0.0,0.0,0.0,0,0,0,0,0.0,0,0,0,0,0,0,0,0,0,0,0,0,0,0,0,0,0,0,0,0,0,0,0,0,0,0,0,0,0,0,0,0,0,23,41,40,63,65476,0,300,0,0,8,21553,0.0,-107605600.0,0.0,0.0,0.0,0.0,0.0,0.0,0.0,0.0,0.0,0.0,0.0,0.0,0.0,0.0,0.0,0.0,0.0,0.0,0.0,2.004,2.004,2.004,-0.0,-2.004,0.0,0.0,0.0,0.0,1670.0,0.0,0.0,2.7184260577004195e+23,-0.0,-0.0,2.7184312818759872e+23,0.0,0.0,2.004,2.004,68,0.059,0.0,0.0,0.0,0.0,0.0,0.0,0.0,0.0,0,0,0,0.0,-76.624,0.0,0.0,0.0,nan,217991601979392.0,0.0,-1.1310409458369934e+35,0.0,-0.0,0.759,-0.0,3611681024.0,0.0,-0.0,0,1.3516416376850534e+27,68,0.0,136,0.0,98688.258,0,13107,17071,52429,17091,13107,17065,0,0,0,105,99,100,-0.0,50.8,0.0,61.45,-107615200.0,63.0,1,47,48,180,0,0,0,0,0.0,0.0,0.0,0.0,0.0,66.0,0.0,0.0,0.0,725,0,694,0,0,0,876,0,980,0,846,0,632,0,613,0,509,0,593,0.032,69544110456832.0,2.004,0.0,46608,16791,0.0,0.0,2.010461400106606e+38,7.228784480265698e+34,-0.0,-0.0,70.0,60.0,66,0.0,0.0,10.0,2.0,0.0,0.0,0.0,0.0,0.0,0.0,0.0,0.0,0.0,0.0,0.0,0.0,62.4,62,18,65518,45,65476,0,300,0,0,8,20529,65476,0,0,44564,60.0,0.0,10.0,10.0,2.0,0.0
2026-02-05T00:06:05,ERR,ERR,ERR,ERR,ERR,ERR,ERR,ERR,ERR,ERR,ERR,ERR,ERR,ERR,ERR,ERR,ERR,ERR,ERR,ERR,ERR,ERR,ERR,ERR,ERR,ERR,ERR,ERR,ERR,ERR,ERR,ERR,ERR,ERR,ERR,ERR,ERR,ERR,ERR,ERR,ERR,ERR,ERR,ERR,ERR,ERR,ERR,ERR,ERR,ERR,ERR,ERR,ERR,ERR,ERR,ERR,ERR,ERR,ERR,ERR,ERR,ERR,ERR,ERR,ERR,ERR,ERR,ERR,ERR,ERR,ERR,ERR,ERR,ERR,ERR,ERR,ERR,ERR,ERR,ERR,ERR,ERR,ERR,ERR,ERR,ERR,ERR,ERR,ERR,ERR,ERR,ERR,ERR,ERR,ERR,ERR,ERR,ERR,ERR,ERR,ERR,ERR,ERR,ERR,ERR,ERR,ERR,ERR,ERR,ERR,ERR,ERR,ERR,ERR,ERR,ERR,ERR,ERR,ERR,ERR,ERR,ERR,ERR,ERR,ERR,2.7184260577004195e+23,-0.0,2.8364012726751064e+23,0.0,0.0,-3.379,2.3542484185846124e+24,0.0,0,0,4,0,7670,-0.0,41,0.0,0.0,0.0,0.0,0.0,0,0,0,0,0.0,0,0,0,0,0,0,0,0,0,0,0,0,0,0,0,0,0,0,0,0,0,0,0,0,0,0,0,0,0,0,0,0,0,23,41,40,63,65476,0,300,0,0,8,21553,0.0,-107605600.0,0.0,0.0,0.0,0.0,0.0,0.0,0.0,0.0,0.0,0.0,0.0,0.0,0.0,0.0,0.0,0.0,0.0,0.0,0.0,2.004,2.004,2.004,-0.0,-2.004,0.0,0.0,0.0,0.0,1670.0,0.0,0.0,2.7184260577004195e+23,-0.0,-0.0,2.7184312818759872e+23,0.0,0.0,2.004,2.004,68,0.059,0.0,0.0,0.0,0.0,0.0,0.0,0.0,0.0,0,0,0,0.0,-76.624,0.0,0.0,0.0,nan,217991601979392.0,0.0,-1.1310409458369934e+35,0.0,-0.0,0.759,-0.0,3611681024.0,0.0,-0.0,0,1.3516416376850534e+27,68,0.0,136,0.0,98688.258,0,13107,17071,52429,17091,13107,17065,0,0,0,105,99,100,-0.0,50.8,0.0,61.45,-107615200.0,63.0,1,47,48,180,0,0,0,0,0.0,0.0,0.0,0.0,0.0,66.0,0.0,0.0,0.0,725,0,694,0,0,0,876,0,980,0,846,0,632,0,613,0,509,0,593,0.032,69544110456832.0,2.004,0.0,46608,16791,0.0,0.0,2.010461400106606e+38,7.228784480265698e+34,-0.0,-0.0,70.0,60.0,66,0.0,0.0,10.0,2.0,0.0,0.0,0.0,0.0,0.0,0.0,0.0,0.0,0.0,0.0,0.0,0.0,62.4,62,18,65518,45,65476,0,300,0,0,8,20529,65476,0,0,44564,60.0,0.0,10.0,10.0,2.0,0.0
2026-02-05T00:06:06,ERR,ERR,ERR,ERR,ERR,ERR,ERR,ERR,ERR,ERR,ERR,ERR,ERR,ERR,ERR,ERR,ERR,ERR,ERR,ERR,ERR,ERR,ERR,ERR,ERR,ERR,ERR,ERR,ERR,ERR,ERR,ERR,ERR,ERR,ERR,ERR,ERR,ERR,ERR,ERR,ERR,ERR,ERR,ERR,ERR,ERR,ERR,ERR,ERR,ERR,ERR,ERR,ERR,ERR,ERR,ERR,ERR,ERR,ERR,ERR,ERR,ERR,ERR,ERR,ERR,ERR,ERR,ERR,ERR,ERR,ERR,ERR,ERR,ERR,ERR,ERR,ERR,ERR,ERR,ERR,ERR,ERR,ERR,ERR,ERR,ERR,ERR,ERR,ERR,ERR,ERR,ERR,ERR,ERR,ERR,ERR,ERR,ERR,ERR,ERR,ERR,ERR,ERR,ERR,ERR,ERR,ERR,ERR,ERR,ERR,ERR,ERR,ERR,ERR,ERR,ERR,ERR,ERR,ERR,ERR,ERR,ERR,ERR,ERR,ERR,2.7184260577004195e+23,-0.0,2.8364012726751064e+23,0.0,0.0,-3.379,2.3542484185846124e+24,0.0,0,0,4,0,7670,-0.0,41,0.0,0.0,0.0,0.0,0.0,0,0,0,0,0.0,0,0,0,0,0,0,0,0,0,0,0,0,0,0,0,0,0,0,0,0,0,0,0,0,0,0,0,0,0,0,0,0,0,23,41,40,63,65476,0,300,0,0,8,21553,0.0,-107605600.0,0.0,0.0,0.0,0.0,0.0,0.0,0.0,0.0,0.0,0.0,0.0,0.0,0.0,0.0,0.0,0.0,0.0,0.0,0.0,2.004,2.004,2.004,-0.0,-2.004,0.0,0.0,0.0,0.0,1670.0,0.0,0.0,2.7184260577004195e+23,-0.0,-0.0,2.7184312818759872e+23,0.0,0.0,2.004,2.004,68,0.059,0.0,0.0,0.0,0.0,0.0,0.0,0.0,0.0,0,0,0,0.0,-76.624,0.0,0.0,0.0,nan,217991601979392.0,0.0,-1.1310409458369934e+35,0.0,-0.0,0.759,-0.0,3611681024.0,0.0,-0.0,0,1.3516416376850534e+27,68,0.0,136,0.0,98688.258,0,13107,17071,0,17092,13107,17065,0,0,0,105,99,100,-0.0,51.05,0.0,61.45,-107615200.0,63.0,1,47,48,180,0,52429,0,0,0.0,0.0,0.0,0.0,0.0,66.0,0.0,0.0,0.0,725,0,694,0,0,0,876,0,980,0,846,0,632,0,613,0,509,0,593,0.032,69544110456832.0,2.004,0.0,39312,16791,0.001,0.0,-0.0,2.2607311276465558e+27,-0.0,-0.0,70.0,60.0,66,0.0,0.0,10.0,2.0,0.0,0.0,0.0,0.0,0.0,0.0,0.0,0.0,0.0,0.0,0.0,0.0,62.4,62,18,65518,45,65476,0,300,0,0,8,20529,65476,0,0,44564,60.0,0.0,10.0,10.0,2.0,0.0
2026-02-05T00:06:07,ERR,ERR,ERR,ERR,ERR,ERR,ERR,ERR,ERR,ERR,ERR,ERR,ERR,ERR,ERR,ERR,ERR,ERR,ERR,ERR,ERR,ERR,ERR,ERR,ERR,ERR,ERR,ERR,ERR,ERR,ERR,ERR,ERR,ERR,ERR,ERR,ERR,ERR,ERR,ERR,ERR,ERR,ERR,ERR,ERR,ERR,ERR,ERR,ERR,ERR,ERR,ERR,ERR,ERR,ERR,ERR,ERR,ERR,ERR,ERR,ERR,ERR,ERR,ERR,ERR,ERR,ERR,ERR,ERR,ERR,ERR,ERR,ERR,ERR,ERR,ERR,ERR,ERR,ERR,ERR,ERR,ERR,ERR,ERR,ERR,ERR,ERR,ERR,ERR,ERR,ERR,ERR,ERR,ERR,ERR,ERR,ERR,ERR,ERR,ERR,ERR,ERR,ERR,ERR,ERR,ERR,ERR,ERR,ERR,ERR,ERR,ERR,ERR,ERR,ERR,ERR,ERR,ERR,ERR,ERR,ERR,ERR,ERR,ERR,ERR,2.7184260577004195e+23,-0.0,2.8364012726751064e+23,0.0,0.0,-0.0,25462800.0,0.0,0,0,4,0,7670,-0.0,41,0.0,0.0,0.0,0.0,0.0,0,0,0,0,0.0,0,0,0,0,0,0,0,0,0,0,0,0,0,0,0,0,0,0,0,0,0,0,0,0,0,0,0,0,0,0,0,0,0,23,41,40,63,65476,0,300,0,0,8,21553,0.0,-107605600.0,0.0,0.0,0.0,0.0,0.0,0.0,0.0,0.0,0.0,0.0,0.0,0.0,0.0,0.0,0.0,0.0,0.0,0.0,0.0,2.004,2.004,2.004,-0.0,-0.0,0.0,0.0,0.0,0.0,1671.5,0.0,0.0,2.7184260577004195e+23,-0.0,-0.0,0.0,0.0,0.0,2.004,2.004,68,126841044992.0,0.0,0.0,0.0,0.0,0.0,0.0,0.0,0.0,0,0,0,0.0,0.0,-7.5191796152031735e+31,-178428.859,0.0,-389625.594,35531324915712.0,-929.055,5.492945452355754e+34,0.0,-0.0,0.759,-0.0,3628458240.0,0.0,-0.0,0,1.3516416376850534e+27,68,0.0,136,0.0,98688.258,0,13107,17071,0,17092,13107,17065,0,0,0,105,99,100,-0.0,51.05,0.0,61.45,-107615200.0,63.0,1,47,48,180,0,52429,0,0,0.0,0.0,0.0,0.0,0.0,66.0,0.0,0.0,0.0,725,0,694,0,0,0,876,0,980,0,846,0,632,0,613,0,509,0,593,0.032,69544110456832.0,2.004,0.0,39312,16791,0.001,0.0,-0.0,2.2607311276465558e+27,-0.0,-0.0,70.0,60.0,66,0.0,0.0,10.0,2.0,0.0,0.0,0.0,0.0,0.0,0.0,0.0,0.0,0.0,0.0,0.0,0.0,62.0,62,18,65518,45,65476,0,300,0,0,8,20529,65476,0,0,44564,60.0,0.0,10.0,10.0,2.0,0.0
2026-02-05T00:06:08,ERR,ERR,ERR,ERR,ERR,ERR,ERR,ERR,ERR,ERR,ERR,ERR,ERR,ERR,ERR,ERR,ERR,ERR,ERR,ERR,ERR,ERR,ERR,ERR,ERR,ERR,ERR,ERR,ERR,ERR,ERR,ERR,ERR,ERR,ERR,ERR,ERR,ERR,ERR,ERR,ERR,ERR,ERR,ERR,ERR,ERR,ERR,ERR,ERR,ERR,ERR,ERR,ERR,ERR,ERR,ERR,ERR,ERR,ERR,ERR,ERR,ERR,ERR,ERR,ERR,ERR,ERR,ERR,ERR,ERR,ERR,ERR,ERR,ERR,ERR,ERR,ERR,ERR,ERR,ERR,ERR,ERR,ERR,ERR,ERR,ERR,ERR,ERR,ERR,ERR,ERR,ERR,ERR,ERR,ERR,ERR,ERR,ERR,ERR,ERR,ERR,ERR,ERR,ERR,ERR,ERR,ERR,ERR,ERR,ERR,ERR,ERR,ERR,ERR,ERR,ERR,ERR,ERR,ERR,ERR,ERR,ERR,ERR,ERR,ERR,2.7184260577004195e+23,-0.0,2.8364012726751064e+23,0.0,0.0,-0.0,25462800.0,0.0,0,0,4,0,7670,-0.0,41,0.0,0.0,0.0,0.0,0.0,0,0,0,0,0.0,0,0,0,0,0,0,0,0,0,0,0,0,0,0,0,0,0,0,0,0,0,0,0,0,0,0,0,0,0,0,0,0,0,23,41,40,63,65476,0,300,0,0,8,21553,0.0,-107605600.0,0.0,0.0,0.0,0.0,0.0,0.0,0.0,0.0,0.0,0.0,0.0,0.0,0.0,0.0,0.0,0.0,0.0,0.0,0.0,2.004,2.004,2.004,-0.0,-0.0,0.0,0.0,0.0,0.0,1671.5,0.0,0.0,2.7184260577004195e+23,-0.0,-0.0,0.0,0.0,0.0,2.004,2.004,68,126841044992.0,0.0,0.0,0.0,0.0,0.0,0.0,0.0,0.0,0,0,0,0.0,0.0,-7.5191796152031735e+31,-178428.859,0.0,-389625.594,35531324915712.0,-929.055,5.492945452355754e+34,0.0,-0.0,0.759,-0.0,3628458240.0,0.0,-0.0,0,1.3516416376850534e+27,68,0.0,136,0.0,98688.258,0,13107,17071,0,17092,13107,17065,0,0,0,105,99,100,-0.0,51.05,0.0,61.45,-107615200.0,63.0,1,47,48,180,0,52429,0,0,0.0,0.0,0.0,0.0,0.0,66.0,0.0,0.0,0.0,725,0,694,0,0,0,876,0,980,0,846,0,632,0,613,0,509,0,593,0.032,69544110456832.0,2.004,0.0,39312,16791,0.001,0.0,-0.0,2.2607311276465558e+27,-0.0,-0.0,70.0,60.0,66,0.0,0.0,10.0,2.0,0.0,0.0,0.0,0.0,0.0,0.0,0.0,0.0,0.0,0.0,0.0,0.0,62.0,62,18,65518,45,65476,0,300,0,0,8,20529,65476,0,0,44564,60.0,0.0,10.0,10.0,2.0,0.0
2026-02-05T00:06:09,ERR,ERR,ERR,ERR,ERR,ERR,ERR,ERR,ERR,ERR,ERR,ERR,ERR,ERR,ERR,ERR,ERR,ERR,ERR,ERR,ERR,ERR,ERR,ERR,ERR,ERR,ERR,ERR,ERR,ERR,ERR,ERR,ERR,ERR,ERR,ERR,ERR,ERR,ERR,ERR,ERR,ERR,ERR,ERR,ERR,ERR,ERR,ERR,ERR,ERR,ERR,ERR,ERR,ERR,ERR,ERR,ERR,ERR,ERR,ERR,ERR,ERR,ERR,ERR,ERR,ERR,ERR,ERR,ERR,ERR,ERR,ERR,ERR,ERR,ERR,ERR,ERR,ERR,ERR,ERR,ERR,ERR,ERR,ERR,ERR,ERR,ERR,ERR,ERR,ERR,ERR,ERR,ERR,ERR,ERR,ERR,ERR,ERR,ERR,ERR,ERR,ERR,ERR,ERR,ERR,ERR,ERR,ERR,ERR,ERR,ERR,ERR,ERR,ERR,ERR,ERR,ERR,ERR,ERR,ERR,ERR,ERR,ERR,ERR,ERR,2.7184260577004195e+23,-0.0,2.8364012726751064e+23,0.0,0.0,-0.0,25462800.0,0.0,0,0,4,0,7670,-0.0,41,0.0,0.0,0.0,0.0,0.0,0,0,0,0,0.0,0,0,0,0,0,0,0,0,0,0,0,0,0,0,0,0,0,0,0,0,0,0,0,0,0,0,0,0,0,0,0,0,0,23,41,40,63,65476,0,300,0,0,8,21553,0.0,-107605600.0,0.0,0.0,0.0,0.0,0.0,0.0,0.0,0.0,0.0,0.0,0.0,0.0,0.0,0.0,0.0,0.0,0.0,0.0,0.0,2.004,2.004,2.004,-0.0,-0.0,0.0,0.0,0.0,0.0,1671.5,0.0,0.0,2.7184260577004195e+23,-0.0,-0.0,0.0,0.0,0.0,2.004,2.004,68,126841044992.0,0.0,0.0,0.0,0.0,0.0,0.0,0.0,0.0,0,0,0,0.0,0.0,-7.5191796152031735e+31,-178428.859,0.0,-389625.594,35531324915712.0,-929.055,5.492945452355754e+34,0.0,-0.0,0.759,-0.0,3628458240.0,0.0,-0.0,0,1.3516416376850534e+27,68,0.0,136,0.0,98688.258,0,13107,17071,0,17092,13107,17065,0,0,0,105,99,100,-0.0,51.05,0.0,61.45,-107615200.0,63.0,1,47,48,180,0,52429,0,0,0.0,0.0,0.0,0.0,0.0,66.0,0.0,0.0,0.0,725,0,694,0,0,0,876,0,980,0,846,0,632,0,613,0,509,0,593,0.032,69544110456832.0,2.004,0.0,39312,16791,0.001,0.0,-0.0,2.2607311276465558e+27,-0.0,-0.0,70.0,60.0,66,0.0,0.0,10.0,2.0,0.0,0.0,0.0,0.0,0.0,0.0,0.0,0.0,0.0,0.0,0.0,0.0,62.0,62,18,65518,45,65476,0,300,0,0,8,20529,65476,0,0,44564,60.0,0.0,10.0,10.0,2.0,0.0
2026-02-05T00:06:10,ERR,ERR,ERR,ERR,ERR,ERR,ERR,ERR,ERR,ERR,ERR,ERR,ERR,ERR,ERR,ERR,ERR,ERR,ERR,ERR,ERR,ERR,ERR,ERR,ERR,ERR,ERR,ERR,ERR,ERR,ERR,ERR,ERR,ERR,ERR,ERR,ERR,ERR,ERR,ERR,ERR,ERR,ERR,ERR,ERR,ERR,ERR,ERR,ERR,ERR,ERR,ERR,ERR,ERR,ERR,ERR,ERR,ERR,ERR,ERR,ERR,ERR,ERR,ERR,ERR,ERR,ERR,ERR,ERR,ERR,ERR,ERR,ERR,ERR,ERR,ERR,ERR,ERR,ERR,ERR,ERR,ERR,ERR,ERR,ERR,ERR,ERR,ERR,ERR,ERR,ERR,ERR,ERR,ERR,ERR,ERR,ERR,ERR,ERR,ERR,ERR,ERR,ERR,ERR,ERR,ERR,ERR,ERR,ERR,ERR,ERR,ERR,ERR,ERR,ERR,ERR,ERR,ERR,ERR,ERR,ERR,ERR,ERR,ERR,ERR,2.7184260577004195e+23,-0.0,2.8364012726751064e+23,0.0,0.0,-0.0,25462800.0,0.0,0,0,4,0,7670,-0.0,41,0.0,0.0,0.0,0.0,0.0,0,0,0,0,0.0,0,0,0,0,0,0,0,0,0,0,0,0,0,0,0,0,0,0,0,0,0,0,0,0,0,0,0,0,0,0,0,0,0,23,41,40,63,65476,0,300,0,0,8,21553,0.0,-107605600.0,0.0,0.0,0.0,0.0,0.0,0.0,0.0,0.0,0.0,0.0,0.0,0.0,0.0,0.0,0.0,0.0,0.0,0.0,0.0,2.004,2.004,2.004,-0.0,-0.0,0.0,0.0,0.0,0.0,1671.5,0.0,0.0,2.7184260577004195e+23,-0.0,-0.0,0.0,0.0,0.0,2.004,2.004,68,126841044992.0,0.0,0.0,0.0,0.0,0.0,0.0,0.0,0.0,0,0,0,0.0,0.0,-7.5191796152031735e+31,-178428.859,0.0,-389625.594,35531324915712.0,-929.055,5.492945452355754e+34,0.0,-0.0,0.759,-0.0,3628458240.0,0.0,-0.0,0,1.3516416376850534e+27,68,0.0,136,0.0,98688.258,0,13107,17071,0,17092,13107,17065,0,0,0,105,99,100,-0.0,50.8,0.0,61.45,-107615200.0,63.0,1,47,48,180,0,52429,0,0,0.0,0.0,0.0,0.0,83.63,66.0,0.0,-8.866216883155926e+20,0.0,725,0,695,0,0,0,876,0,979,0,846,0,632,0,613,0,509,0,593,0.032,69269232549888.0,2.004,0.0,39312,16791,262676.125,-8.089097686505056e+21,-0.0,2.0351104672648397e+17,-3.754,-0.0,70.0,60.0,66,0.0,0.0,10.0,2.0,0.0,0.0,0.0,0.0,0.0,0.0,0.0,0.0,0.0,0.0,0.0,0.0,62.0,62,18,65518,45,65476,0,300,0,0,8,20529,65476,0,0,44564,60.0,0.0,10.0,10.0,2.0,0.0
2026-02-05T00:06:11,ERR,ERR,ERR,ERR,ERR,ERR,ERR,ERR,ERR,ERR,ERR,ERR,ERR,ERR,ERR,ERR,ERR,ERR,ERR,ERR,ERR,ERR,ERR,ERR,ERR,ERR,ERR,ERR,ERR,ERR,ERR,ERR,ERR,ERR,ERR,ERR,ERR,ERR,ERR,ERR,ERR,ERR,ERR,ERR,ERR,ERR,ERR,ERR,ERR,ERR,ERR,ERR,ERR,ERR,ERR,ERR,ERR,ERR,ERR,ERR,ERR,ERR,ERR,ERR,ERR,ERR,ERR,ERR,ERR,ERR,ERR,ERR,ERR,ERR,ERR,ERR,ERR,ERR,ERR,ERR,ERR,ERR,ERR,ERR,ERR,ERR,ERR,ERR,ERR,ERR,ERR,ERR,ERR,ERR,ERR,ERR,ERR,ERR,ERR,ERR,ERR,ERR,ERR,ERR,ERR,ERR,ERR,ERR,ERR,ERR,ERR,ERR,ERR,ERR,ERR,ERR,ERR,ERR,ERR,ERR,ERR,ERR,ERR,ERR,ERR,2.7184260577004195e+23,-0.0,2.8364012726751064e+23,0.0,0.0,-0.0,25462800.0,0.0,0,0,4,0,7670,-0.0,41,0.0,0.0,0.0,0.0,0.0,0,0,0,0,0.0,0,0,0,0,0,0,0,0,0,0,0,0,0,0,0,0,0,0,0,0,0,0,0,0,0,0,0,0,0,0,0,0,0,23,41,40,63,65476,0,300,0,0,8,21553,0.0,-107605600.0,0.0,0.0,0.0,0.0,0.0,0.0,0.0,0.0,0.0,0.0,0.0,0.0,0.0,0.0,0.0,0.0,0.0,0.0,0.0,2.004,2.004,2.004,-0.0,-0.0,0.0,0.0,0.0,0.0,1671.5,0.0,0.0,2.7184260577004195e+23,-0.0,-0.0,0.0,0.0,0.0,2.004,2.004,68,126841044992.0,0.0,0.0,0.0,0.0,0.0,0.0,0.0,0.0,0,0,0,0.0,0.0,-7.5191796152031735e+31,-178428.859,0.0,-389625.594,35531324915712.0,-929.055,5.492945452355754e+34,0.0,-0.0,0.759,-0.0,3628458240.0,0.0,-0.0,0,1.3516416376850534e+27,68,0.0,136,0.0,98688.258,0,13107,17071,0,17092,13107,17065,0,0,0,105,99,100,-0.0,50.8,0.0,61.45,-107615200.0,63.0,1,47,48,180,0,52429,0,0,0.0,0.0,0.0,0.0,83.63,66.0,0.0,-8.866216883155926e+20,0.0,725,0,695,0,0,0,876,0,979,0,846,0,632,0,613,0,509,0,593,0.032,69269232549888.0,2.004,0.0,39312,16791,262676.125,-8.089097686505056e+21,-0.0,2.0351104672648397e+17,-3.754,-0.0,70.0,60.0,66,0.0,0.0,10.0,2.0,0.0,0.0,0.0,0.0,0.0,0.0,0.0,0.0,0.0,0.0,0.0,0.0,62.4,62,18,65518,45,65476,0,300,0,0,8,20529,65476,0,0,44564,60.0,0.0,10.0,10.0,2.0,0.0
2026-02-05T00:06:12,ERR,ERR,ERR,ERR,ERR,ERR,ERR,ERR,ERR,ERR,ERR,ERR,ERR,ERR,ERR,ERR,ERR,ERR,ERR,ERR,ERR,ERR,ERR,ERR,ERR,ERR,ERR,ERR,ERR,ERR,ERR,ERR,ERR,ERR,ERR,ERR,ERR,ERR,ERR,ERR,ERR,ERR,ERR,ERR,ERR,ERR,ERR,ERR,ERR,ERR,ERR,ERR,ERR,ERR,ERR,ERR,ERR,ERR,ERR,ERR,ERR,ERR,ERR,ERR,ERR,ERR,ERR,ERR,ERR,ERR,ERR,ERR,ERR,ERR,ERR,ERR,ERR,ERR,ERR,ERR,ERR,ERR,ERR,ERR,ERR,ERR,ERR,ERR,ERR,ERR,ERR,ERR,ERR,ERR,ERR,ERR,ERR,ERR,ERR,ERR,ERR,ERR,ERR,ERR,ERR,ERR,ERR,ERR,ERR,ERR,ERR,ERR,ERR,ERR,ERR,ERR,ERR,ERR,ERR,ERR,ERR,ERR,ERR,ERR,ERR,2.7184260577004195e+23,-0.0,2.8364012726751064e+23,0.0,0.0,-0.0,25462800.0,0.0,0,0,4,0,7670,-0.0,41,0.0,0.0,0.0,0.0,0.0,0,0,0,0,0.0,0,0,0,0,0,0,0,0,0,0,0,0,0,0,0,0,0,0,0,0,0,0,0,0,0,0,0,0,0,0,0,0,0,23,41,40,63,65476,0,300,0,0,8,21553,0.0,-107605600.0,0.0,0.0,0.0,0.0,0.0,0.0,0.0,0.0,0.0,0.0,0.0,0.0,0.0,0.0,0.0,0.0,0.0,0.0,0.0,2.004,2.004,2.004,-0.0,-0.0,0.0,0.0,0.0,0.0,1671.5,0.0,0.0,2.7184260577004195e+23,-0.0,-0.0,0.0,0.0,0.0,2.004,2.004,68,126841044992.0,0.0,0.0,0.0,0.0,0.0,0.0,0.0,0.0,0,0,0,0.0,0.0,-7.5191796152031735e+31,-178428.859,0.0,-389625.594,35531324915712.0,-929.055,5.492945452355754e+34,0.0,-0.0,0.759,-0.0,3628458240.0,0.0,-0.0,0,1.3516416376850534e+27,68,0.0,136,0.0,98688.258,0,13107,17071,0,17092,13107,17065,0,0,0,105,99,100,-0.0,50.8,0.0,61.45,-107615200.0,63.0,1,47,48,180,0,52429,0,0,0.0,0.0,0.0,0.0,83.63,66.0,0.0,-8.866216883155926e+20,0.0,725,0,695,0,0,0,876,0,979,0,846,0,632,0,613,0,509,0,593,0.032,69269232549888.0,2.004,0.0,39312,16791,262676.125,-8.089097686505056e+21,-0.0,2.0351104672648397e+17,-3.754,-0.0,70.0,60.0,66,0.0,0.0,10.0,2.0,0.0,0.0,0.0,0.0,0.0,0.0,0.0,0.0,0.0,0.0,0.0,0.0,62.4,62,18,65518,45,65476,0,300,0,0,8,20529,65476,0,0,44564,60.0,0.0,10.0,10.0,2.0,0.0
2026-02-05T00:06:13,ERR,ERR,ERR,ERR,ERR,ERR,ERR,ERR,ERR,ERR,ERR,ERR,ERR,ERR,ERR,ERR,ERR,ERR,ERR,ERR,ERR,ERR,ERR,ERR,ERR,ERR,ERR,ERR,ERR,ERR,ERR,ERR,ERR,ERR,ERR,ERR,ERR,ERR,ERR,ERR,ERR,ERR,ERR,ERR,ERR,ERR,ERR,ERR,ERR,ERR,ERR,ERR,ERR,ERR,ERR,ERR,ERR,ERR,ERR,ERR,ERR,ERR,ERR,ERR,ERR,ERR,ERR,ERR,ERR,ERR,ERR,ERR,ERR,ERR,ERR,ERR,ERR,ERR,ERR,ERR,ERR,ERR,ERR,ERR,ERR,ERR,ERR,ERR,ERR,ERR,ERR,ERR,ERR,ERR,ERR,ERR,ERR,ERR,ERR,ERR,ERR,ERR,ERR,ERR,ERR,ERR,ERR,ERR,ERR,ERR,ERR,ERR,ERR,ERR,ERR,ERR,ERR,ERR,ERR,ERR,ERR,ERR,ERR,ERR,ERR,2.7184260577004195e+23,-0.0,2.8364012726751064e+23,0.0,0.0,-0.236,0.005,0.0,0,0,4,0,7670,-0.0,41,0.0,0.0,0.0,0.0,0.0,0,0,0,0,0.0,0,0,0,0,0,0,0,0,0,0,0,0,0,0,0,0,0,0,0,0,0,0,0,0,0,0,0,0,0,0,0,0,0,23,41,40,63,65476,0,300,0,0,8,21553,0.0,-107605600.0,0.0,0.0,0.0,0.0,0.0,0.0,0.0,0.0,0.0,0.0,0.0,0.0,0.0,0.0,0.0,0.0,0.0,0.0,0.0,2.004,2.004,2.004,-0.0,-2.004,0.0,0.0,0.0,0.0,1669.75,-3.69709597367122e+19,0.0,2.7184260577004195e+23,-0.0,-0.0,0.0,0.0,0.0,2.004,2.004,68,0.0,0.0,0.0,0.0,0.0,0.0,0.0,0.0,0.0,0,0,0,0.0,-0.0,-6.003943035018395e+35,2.118916136887124e+18,-1.0520153103131562e+37,-726909779968.0,-2.937051168863384e+35,-3.3611218339600794e+17,-0.0,0.0,-0.0,0.763,-0.0,3645235456.0,0.0,1024437760.0,0,1.3516416376850534e+27,68,0.0,136,0.0,98688.258,0,13107,17071,0,17092,13107,17065,0,0,0,105,99,100,-0.0,50.8,0.0,61.45,-107615200.0,63.0,1,47,48,180,0,52429,0,0,0.0,0.0,0.0,0.0,83.63,66.0,0.0,-8.866216883155926e+20,0.0,725,0,695,0,0,0,876,0,979,0,846,0,632,0,613,0,509,0,593,0.032,69269232549888.0,2.004,0.0,39312,16791,262676.125,-8.089097686505056e+21,-0.0,2.0351104672648397e+17,-3.754,-0.0,70.0,60.0,66,0.0,0.0,10.0,2.0,0.0,0.0,0.0,0.0,0.0,0.0,0.0,0.0,0.0,0.0,0.0,0.0,62.4,62,18,65518,45,65476,0,300,0,0,8,20529,65476,0,0,44564,60.0,0.0,10.0,10.0,2.0,0.0
2026-02-05T00:06:14,ERR,ERR,ERR,ERR,ERR,ERR,ERR,ERR,ERR,ERR,ERR,ERR,ERR,ERR,ERR,ERR,ERR,ERR,ERR,ERR,ERR,ERR,ERR,ERR,ERR,ERR,ERR,ERR,ERR,ERR,ERR,ERR,ERR,ERR,ERR,ERR,ERR,ERR,ERR,ERR,ERR,ERR,ERR,ERR,ERR,ERR,ERR,ERR,ERR,ERR,ERR,ERR,ERR,ERR,ERR,ERR,ERR,ERR,ERR,ERR,ERR,ERR,ERR,ERR,ERR,ERR,ERR,ERR,ERR,ERR,ERR,ERR,ERR,ERR,ERR,ERR,ERR,ERR,ERR,ERR,ERR,ERR,ERR,ERR,ERR,ERR,ERR,ERR,ERR,ERR,ERR,ERR,ERR,ERR,ERR,ERR,ERR,ERR,ERR,ERR,ERR,ERR,ERR,ERR,ERR,ERR,ERR,ERR,ERR,ERR,ERR,ERR,ERR,ERR,ERR,ERR,ERR,ERR,ERR,ERR,ERR,ERR,ERR,ERR,ERR,2.7184260577004195e+23,-0.0,2.8364012726751064e+23,0.0,0.0,-0.236,0.005,0.0,0,0,4,0,7670,-0.0,41,0.0,0.0,0.0,0.0,0.0,0,0,0,0,0.0,0,0,0,0,0,0,0,0,0,0,0,0,0,0,0,0,0,0,0,0,0,0,0,0,0,0,0,0,0,0,0,0,0,23,41,40,63,65476,0,300,0,0,8,21553,0.0,-107605600.0,0.0,0.0,0.0,0.0,0.0,0.0,0.0,0.0,0.0,0.0,0.0,0.0,0.0,0.0,0.0,0.0,0.0,0.0,0.0,2.004,2.004,2.004,-0.0,-2.004,0.0,0.0,0.0,0.0,1669.75,-3.69709597367122e+19,0.0,2.7184260577004195e+23,-0.0,-0.0,0.0,0.0,0.0,2.004,2.004,68,0.0,0.0,0.0,0.0,0.0,0.0,0.0,0.0,0.0,0,0,0,0.0,-0.0,-6.003943035018395e+35,2.118916136887124e+18,-1.0520153103131562e+37,-726909779968.0,-2.937051168863384e+35,-3.3611218339600794e+17,-0.0,0.0,-0.0,0.763,-0.0,3645235456.0,0.0,1024437760.0,0,1.3516416376850534e+27,68,0.0,136,0.0,98688.258,0,13107,17071,0,17092,13107,17065,0,0,0,105,99,100,0.0,51.05,0.0,61.45,-107615200.0,63.0,1,47,48,180,0,52429,0,0,0.0,0.0,0.0,0.0,0.0,66.0,0.0,-0.0,0.0,725,0,694,0,0,0,876,0,980,0,846,0,632,0,613,0,509,0,593,0.032,69818988363776.0,2.004,0.0,47120,16791,0.0,-0.0,13647892.0,-0.425,0.0,0.0,70.0,60.0,66,0.0,0.0,10.0,2.0,0.0,0.0,0.0,0.0,0.0,0.0,0.0,0.0,0.0,0.0,0.0,0.0,62.4,62,18,65518,45,65476,0,300,0,0,8,20529,65476,0,0,44564,60.0,0.0,10.0,10.0,2.0,0.0
2026-02-05T00:06:15,ERR,ERR,ERR,ERR,ERR,ERR,ERR,ERR,ERR,ERR,ERR,ERR,ERR,ERR,ERR,ERR,ERR,ERR,ERR,ERR,ERR,ERR,ERR,ERR,ERR,ERR,ERR,ERR,ERR,ERR,ERR,ERR,ERR,ERR,ERR,ERR,ERR,ERR,ERR,ERR,ERR,ERR,ERR,ERR,ERR,ERR,ERR,ERR,ERR,ERR,ERR,ERR,ERR,ERR,ERR,ERR,ERR,ERR,ERR,ERR,ERR,ERR,ERR,ERR,ERR,ERR,ERR,ERR,ERR,ERR,ERR,ERR,ERR,ERR,ERR,ERR,ERR,ERR,ERR,ERR,ERR,ERR,ERR,ERR,ERR,ERR,ERR,ERR,ERR,ERR,ERR,ERR,ERR,ERR,ERR,ERR,ERR,ERR,ERR,ERR,ERR,ERR,ERR,ERR,ERR,ERR,ERR,ERR,ERR,ERR,ERR,ERR,ERR,ERR,ERR,ERR,ERR,ERR,ERR,ERR,ERR,ERR,ERR,ERR,ERR,2.7184260577004195e+23,-0.0,2.8364012726751064e+23,0.0,0.0,-0.236,0.005,0.0,0,0,4,0,7670,-0.0,41,0.0,0.0,0.0,0.0,0.0,0,0,0,0,0.0,0,0,0,0,0,0,0,0,0,0,0,0,0,0,0,0,0,0,0,0,0,0,0,0,0,0,0,0,0,0,0,0,0,23,41,40,63,65476,0,300,0,0,8,21553,0.0,-107605600.0,0.0,0.0,0.0,0.0,0.0,0.0,0.0,0.0,0.0,0.0,0.0,0.0,0.0,0.0,0.0,0.0,0.0,0.0,0.0,2.004,2.004,2.004,-0.0,-2.004,0.0,0.0,0.0,0.0,1669.75,-3.69709597367122e+19,0.0,2.7184260577004195e+23,-0.0,-0.0,0.0,0.0,0.0,2.004,2.004,68,0.0,0.0,0.0,0.0,0.0,0.0,0.0,0.0,0.0,0,0,0,0.0,-0.0,-6.003943035018395e+35,2.118916136887124e+18,-1.0520153103131562e+37,-726909779968.0,-2.937051168863384e+35,-3.3611218339600794e+17,-0.0,0.0,-0.0,0.763,-0.0,3645235456.0,0.0,1024437760.0,0,1.3516416376850534e+27,68,0.0,136,0.0,98688.258,0,13107,17071,0,17092,13107,17065,0,0,0,105,99,100,0.0,51.05,0.0,61.45,-107615200.0,63.0,1,47,48,180,0,52429,0,0,0.0,0.0,0.0,0.0,0.0,66.0,0.0,-0.0,0.0,725,0,694,0,0,0,876,0,980,0,846,0,632,0,613,0,509,0,593,0.032,69818988363776.0,2.004,0.0,47120,16791,0.0,-0.0,13647892.0,-0.425,0.0,0.0,70.0,60.0,66,0.0,0.0,10.0,2.0,0.0,0.0,0.0,0.0,0.0,0.0,0.0,0.0,0.0,0.0,0.0,0.0,62.0,62,18,65518,45,65476,0,300,0,0,8,20529,65476,0,0,44564,60.0,0.0,10.0,10.0,2.0,0.0
2026-02-05T00:06:16,ERR,ERR,ERR,ERR,ERR,ERR,ERR,ERR,ERR,ERR,ERR,ERR,ERR,ERR,ERR,ERR,ERR,ERR,ERR,ERR,ERR,ERR,ERR,ERR,ERR,ERR,ERR,ERR,ERR,ERR,ERR,ERR,ERR,ERR,ERR,ERR,ERR,ERR,ERR,ERR,ERR,ERR,ERR,ERR,ERR,ERR,ERR,ERR,ERR,ERR,ERR,ERR,ERR,ERR,ERR,ERR,ERR,ERR,ERR,ERR,ERR,ERR,ERR,ERR,ERR,ERR,ERR,ERR,ERR,ERR,ERR,ERR,ERR,ERR,ERR,ERR,ERR,ERR,ERR,ERR,ERR,ERR,ERR,ERR,ERR,ERR,ERR,ERR,ERR,ERR,ERR,ERR,ERR,ERR,ERR,ERR,ERR,ERR,ERR,ERR,ERR,ERR,ERR,ERR,ERR,ERR,ERR,ERR,ERR,ERR,ERR,ERR,ERR,ERR,ERR,ERR,ERR,ERR,ERR,ERR,ERR,ERR,ERR,ERR,ERR,2.7184260577004195e+23,-0.0,2.8364012726751064e+23,0.0,0.0,-0.236,0.005,0.0,0,0,4,0,7670,-0.0,41,0.0,0.0,0.0,0.0,0.0,0,0,0,0,0.0,0,0,0,0,0,0,0,0,0,0,0,0,0,0,0,0,0,0,0,0,0,0,0,0,0,0,0,0,0,0,0,0,0,23,41,40,63,65476,0,300,0,0,8,21553,0.0,-107605600.0,0.0,0.0,0.0,0.0,0.0,0.0,0.0,0.0,0.0,0.0,0.0,0.0,0.0,0.0,0.0,0.0,0.0,0.0,0.0,2.004,2.004,2.004,-0.0,-2.004,0.0,0.0,0.0,0.0,1669.75,-3.69709597367122e+19,0.0,2.7184260577004195e+23,-0.0,-0.0,0.0,0.0,0.0,2.004,2.004,68,0.0,0.0,0.0,0.0,0.0,0.0,0.0,0.0,0.0,0,0,0,0.0,-0.0,-6.003943035018395e+35,2.118916136887124e+18,-1.0520153103131562e+37,-726909779968.0,-2.937051168863384e+35,-3.3611218339600794e+17,-0.0,0.0,-0.0,0.763,-0.0,3645235456.0,0.0,1024437760.0,0,1.3516416376850534e+27,68,0.0,136,0.0,98688.258,0,13107,17071,0,17092,13107,17065,0,0,0,105,99,100,0.0,51.05,0.0,61.45,-107615200.0,63.0,1,47,48,180,0,52429,0,0,0.0,0.0,0.0,0.0,0.0,66.0,0.0,-0.0,0.0,725,0,694,0,0,0,876,0,980,0,846,0,632,0,613,0,509,0,593,0.032,69818988363776.0,2.004,0.0,47120,16791,0.0,-0.0,13647892.0,-0.425,0.0,0.0,70.0,60.0,66,0.0,0.0,10.0,2.0,0.0,0.0,0.0,0.0,0.0,0.0,0.0,0.0,0.0,0.0,0.0,0.0,62.0,62,18,65518,45,65476,0,300,0,0,8,20529,65476,0,0,44564,60.0,0.0,10.0,10.0,2.0,0.0
2026-02-05T00:06:17,ERR,ERR,ERR,ERR,ERR,ERR,ERR,ERR,ERR,ERR,ERR,ERR,ERR,ERR,ERR,ERR,ERR,ERR,ERR,ERR,ERR,ERR,ERR,ERR,ERR,ERR,ERR,ERR,ERR,ERR,ERR,ERR,ERR,ERR,ERR,ERR,ERR,ERR,ERR,ERR,ERR,ERR,ERR,ERR,ERR,ERR,ERR,ERR,ERR,ERR,ERR,ERR,ERR,ERR,ERR,ERR,ERR,ERR,ERR,ERR,ERR,ERR,ERR,ERR,ERR,ERR,ERR,ERR,ERR,ERR,ERR,ERR,ERR,ERR,ERR,ERR,ERR,ERR,ERR,ERR,ERR,ERR,ERR,ERR,ERR,ERR,ERR,ERR,ERR,ERR,ERR,ERR,ERR,ERR,ERR,ERR,ERR,ERR,ERR,ERR,ERR,ERR,ERR,ERR,ERR,ERR,ERR,ERR,ERR,ERR,ERR,ERR,ERR,ERR,ERR,ERR,ERR,ERR,ERR,ERR,ERR,ERR,ERR,ERR,ERR,2.7184260577004195e+23,-0.0,2.8364012726751064e+23,0.0,0.0,-0.236,0.005,0.0,0,0,4,0,7670,-0.0,41,0.0,0.0,0.0,0.0,0.0,0,0,0,0,0.0,0,0,0,0,0,0,0,0,0,0,0,0,0,0,0,0,0,0,0,0,0,0,0,0,0,0,0,0,0,0,0,0,0,23,41,40,63,65476,0,300,0,0,8,21553,0.0,-107605600.0,0.0,0.0,0.0,0.0,0.0,0.0,0.0,0.0,0.0,0.0,0.0,0.0,0.0,0.0,0.0,0.0,0.0,0.0,0.0,2.004,2.004,2.004,-0.0,-2.004,0.0,0.0,0.0,0.0,1669.75,-3.69709597367122e+19,0.0,2.7184260577004195e+23,-0.0,-0.0,0.0,0.0,0.0,2.004,2.004,68,0.0,0.0,0.0,0.0,0.0,0.0,0.0,0.0,0.0,0,0,0,0.0,-0.0,-6.003943035018395e+35,2.118916136887124e+18,-1.0520153103131562e+37,-726909779968.0,-2.937051168863384e+35,-3.3611218339600794e+17,-0.0,0.0,-0.0,0.763,-0.0,3645235456.0,0.0,1024437760.0,0,1.3516416376850534e+27,68,0.0,136,0.0,98688.258,0,13107,17071,0,17092,13107,17065,0,0,0,105,99,100,0.0,51.05,0.0,61.45,-107615200.0,63.0,1,47,48,180,0,52429,0,0,0.0,0.0,0.0,0.0,0.0,66.0,0.0,-0.0,0.0,725,0,694,0,0,0,876,0,980,0,846,0,632,0,613,0,509,0,593,0.032,69818988363776.0,2.004,0.0,47120,16791,0.0,-0.0,13647892.0,-0.425,0.0,0.0,70.0,60.0,66,0.0,0.0,10.0,2.0,0.0,0.0,0.0,0.0,0.0,0.0,0.0,0.0,0.0,0.0,0.0,0.0,62.0,62,18,65518,45,65476,0,300,0,0,8,20529,65476,0,0,44564,60.0,0.0,10.0,10.0,2.0,0.0
2026-02-05T00:06:18,ERR,ERR,ERR,ERR,ERR,ERR,ERR,ERR,ERR,ERR,ERR,ERR,ERR,ERR,ERR,ERR,ERR,ERR,ERR,ERR,ERR,ERR,ERR,ERR,ERR,ERR,ERR,ERR,ERR,ERR,ERR,ERR,ERR,ERR,ERR,ERR,ERR,ERR,ERR,ERR,ERR,ERR,ERR,ERR,ERR,ERR,ERR,ERR,ERR,ERR,ERR,ERR,ERR,ERR,ERR,ERR,ERR,ERR,ERR,ERR,ERR,ERR,ERR,ERR,ERR,ERR,ERR,ERR,ERR,ERR,ERR,ERR,ERR,ERR,ERR,ERR,ERR,ERR,ERR,ERR,ERR,ERR,ERR,ERR,ERR,ERR,ERR,ERR,ERR,ERR,ERR,ERR,ERR,ERR,ERR,ERR,ERR,ERR,ERR,ERR,ERR,ERR,ERR,ERR,ERR,ERR,ERR,ERR,ERR,ERR,ERR,ERR,ERR,ERR,ERR,ERR,ERR,ERR,ERR,ERR,ERR,ERR,ERR,ERR,ERR,2.7184260577004195e+23,-0.0,2.8364012726751064e+23,0.0,0.0,-0.236,0.005,0.0,0,0,4,0,7670,-0.0,41,0.0,0.0,0.0,0.0,0.0,0,0,0,0,0.0,0,0,0,0,0,0,0,0,0,0,0,0,0,0,0,0,0,0,0,0,0,0,0,0,0,0,0,0,0,0,0,0,0,23,41,40,63,65476,0,300,0,0,8,21553,0.0,-107605600.0,0.0,0.0,0.0,0.0,0.0,0.0,0.0,0.0,0.0,0.0,0.0,0.0,0.0,0.0,0.0,0.0,0.0,0.0,0.0,2.004,2.004,2.004,-0.0,-2.004,0.0,0.0,0.0,0.0,1669.75,-3.69709597367122e+19,0.0,2.7184260577004195e+23,-0.0,-0.0,0.0,0.0,0.0,2.004,2.004,68,0.0,0.0,0.0,0.0,0.0,0.0,0.0,0.0,0.0,0,0,0,0.0,-0.0,-6.003943035018395e+35,2.118916136887124e+18,-1.0520153103131562e+37,-726909779968.0,-2.937051168863384e+35,-3.3611218339600794e+17,-0.0,0.0,-0.0,0.763,-0.0,3645235456.0,0.0,1024437760.0,0,1.3516416376850534e+27,68,0.0,136,0.0,98688.258,0,13107,17071,0,17092,13107,17065,0,0,0,105,99,100,0.0,51.05,0.0,61.45,-107615200.0,63.0,1,47,48,180,0,52429,0,0,0.0,0.0,0.0,0.0,0.0,66.0,0.0,-0.0,0.0,725,0,694,0,0,0,876,0,980,0,846,0,632,0,613,0,509,0,593,0.032,69818988363776.0,2.004,0.0,47120,16791,0.0,-0.0,13647892.0,-0.425,0.0,0.0,70.0,60.0,66,0.0,0.0,10.0,2.0,0.0,0.0,0.0,0.0,0.0,0.0,0.0,0.0,0.0,0.0,0.0,0.0,62.0,62,18,65518,45,65476,0,300,0,0,8,20529,65476,0,0,44564,60.0,0.0,10.0,10.0,2.0,0.0
2026-02-05T00:06:19,ERR,ERR,ERR,ERR,ERR,ERR,ERR,ERR,ERR,ERR,ERR,ERR,ERR,ERR,ERR,ERR,ERR,ERR,ERR,ERR,ERR,ERR,ERR,ERR,ERR,ERR,ERR,ERR,ERR,ERR,ERR,ERR,ERR,ERR,ERR,ERR,ERR,ERR,ERR,ERR,ERR,ERR,ERR,ERR,ERR,ERR,ERR,ERR,ERR,ERR,ERR,ERR,ERR,ERR,ERR,ERR,ERR,ERR,ERR,ERR,ERR,ERR,ERR,ERR,ERR,ERR,ERR,ERR,ERR,ERR,ERR,ERR,ERR,ERR,ERR,ERR,ERR,ERR,ERR,ERR,ERR,ERR,ERR,ERR,ERR,ERR,ERR,ERR,ERR,ERR,ERR,ERR,ERR,ERR,ERR,ERR,ERR,ERR,ERR,ERR,ERR,ERR,ERR,ERR,ERR,ERR,ERR,ERR,ERR,ERR,ERR,ERR,ERR,ERR,ERR,ERR,ERR,ERR,ERR,ERR,ERR,ERR,ERR,ERR,ERR,2.7184260577004195e+23,-0.0,2.8364012726751064e+23,0.0,0.0,-4.2214284716914197e+27,1.6903283075791087e+21,0.0,0,0,4,0,7670,-0.0,41,0.0,0.0,0.0,0.0,0.0,0,0,0,0,0.0,0,0,0,0,0,0,0,0,0,0,0,0,0,0,0,0,0,0,0,0,0,0,0,0,0,0,0,0,0,0,0,0,0,23,41,40,63,65476,0,300,0,0,8,21553,0.0,-107605600.0,0.0,0.0,0.0,0.0,0.0,0.0,0.0,0.0,0.0,0.0,0.0,0.0,0.0,0.0,0.0,0.0,0.0,0.0,0.0,2.004,2.004,2.004,-0.0,-2.004,0.0,0.0,0.0,0.0,1670.25,-2.004,0.0,2.7184260577004195e+23,-0.0,-0.0,0.0,0.0,0.0,2.004,2.004,68,0.059,-0.0,0.0,0.0,0.0,0.0,0.0,0.0,0.0,0,0,0,0.0,3.596173501720343e+29,0.0,-3.4475870737567395e+29,0.0,0.731,0.0,-1.162028099712739e+19,-0.0,0.0,-0.0,0.763,-0.0,3662012672.0,0.0,1.0964923914266131e+33,0,1.3516416376850534e+27,68,0.0,136,0.0,98688.258,0,13107,17071,0,17092,13107,17065,0,0,0,105,99,100,-0.0,50.8,0.0,61.45,-107615200.0,63.0,1,47,48,180,0,52429,0,0,0.0,0.0,0.0,0.0,484987008.0,66.0,0.0,0.0,0.0,725,0,694,0,0,0,876,0,979,0,846,0,632,0,613,0,509,0,593,0.032,69544110456832.0,2.004,0.0,44176,16791,248313348096.0,0.0,-4647165100032.0,-5.12488224887674e+36,0.0,0.0,70.0,60.0,66,0.0,0.0,10.0,2.0,0.0,0.0,0.0,0.0,0.0,0.0,0.0,0.0,0.0,0.0,0.0,0.0,62.0,62,18,65518,45,65476,0,300,0,0,8,20529,65476,0,0,44564,60.0,0.0,10.0,10.0,2.0,0.0
2026-02-05T00:06:20,ERR,ERR,ERR,ERR,ERR,ERR,ERR,ERR,ERR,ERR,ERR,ERR,ERR,ERR,ERR,ERR,ERR,ERR,ERR,ERR,ERR,ERR,ERR,ERR,ERR,ERR,ERR,ERR,ERR,ERR,ERR,ERR,ERR,ERR,ERR,ERR,ERR,ERR,ERR,ERR,ERR,ERR,ERR,ERR,ERR,ERR,ERR,ERR,ERR,ERR,ERR,ERR,ERR,ERR,ERR,ERR,ERR,ERR,ERR,ERR,ERR,ERR,ERR,ERR,ERR,ERR,ERR,ERR,ERR,ERR,ERR,ERR,ERR,ERR,ERR,ERR,ERR,ERR,ERR,ERR,ERR,ERR,ERR,ERR,ERR,ERR,ERR,ERR,ERR,ERR,ERR,ERR,ERR,ERR,ERR,ERR,ERR,ERR,ERR,ERR,ERR,ERR,ERR,ERR,ERR,ERR,ERR,ERR,ERR,ERR,ERR,ERR,ERR,ERR,ERR,ERR,ERR,ERR,ERR,ERR,ERR,ERR,ERR,ERR,ERR,2.7184260577004195e+23,-0.0,2.8364012726751064e+23,0.0,0.0,-4.2214284716914197e+27,1.6903283075791087e+21,0.0,0,0,4,0,7670,-0.0,41,0.0,0.0,0.0,0.0,0.0,0,0,0,0,0.0,0,0,0,0,0,0,0,0,0,0,0,0,0,0,0,0,0,0,0,0,0,0,0,0,0,0,0,0,0,0,0,0,0,23,41,40,63,65476,0,300,0,0,8,21553,0.0,-107605600.0,0.0,0.0,0.0,0.0,0.0,0.0,0.0,0.0,0.0,0.0,0.0,0.0,0.0,0.0,0.0,0.0,0.0,0.0,0.0,2.004,2.004,2.004,-0.0,-2.004,0.0,0.0,0.0,0.0,1670.25,-2.004,0.0,2.7184260577004195e+23,-0.0,-0.0,0.0,0.0,0.0,2.004,2.004,68,0.059,-0.0,0.0,0.0,0.0,0.0,0.0,0.0,0.0,0,0,0,0.0,3.596173501720343e+29,0.0,-3.4475870737567395e+29,0.0,0.731,0.0,-1.162028099712739e+19,-0.0,0.0,-0.0,0.763,-0.0,3662012672.0,0.0,1.0964923914266131e+33,0,1.3516416376850534e+27,68,0.0,136,0.0,98688.258,0,13107,17071,0,17092,13107,17065,0,0,0,105,99,100,-0.0,50.8,0.0,61.45,-107615200.0,63.0,1,47,48,180,0,52429,0,0,0.0,0.0,0.0,0.0,484987008.0,66.0,0.0,0.0,0.0,725,0,694,0,0,0,876,0,979,0,846,0,632,0,613,0,509,0,593,0.032,69544110456832.0,2.004,0.0,44176,16791,248313348096.0,0.0,-4647165100032.0,-5.12488224887674e+36,0.0,0.0,70.0,60.0,66,0.0,0.0,10.0,2.0,0.0,0.0,0.0,0.0,0.0,0.0,0.0,0.0,0.0,0.0,0.0,0.0,62.0,62,18,65518,45,65476,0,300,0,0,8,20529,65476,0,0,44564,60.0,0.0,10.0,10.0,2.0,0.0
2026-02-05T00:06:21,ERR,ERR,ERR,ERR,ERR,ERR,ERR,ERR,ERR,ERR,ERR,ERR,ERR,ERR,ERR,ERR,ERR,ERR,ERR,ERR,ERR,ERR,ERR,ERR,ERR,ERR,ERR,ERR,ERR,ERR,ERR,ERR,ERR,ERR,ERR,ERR,ERR,ERR,ERR,ERR,ERR,ERR,ERR,ERR,ERR,ERR,ERR,ERR,ERR,ERR,ERR,ERR,ERR,ERR,ERR,ERR,ERR,ERR,ERR,ERR,ERR,ERR,ERR,ERR,ERR,ERR,ERR,ERR,ERR,ERR,ERR,ERR,ERR,ERR,ERR,ERR,ERR,ERR,ERR,ERR,ERR,ERR,ERR,ERR,ERR,ERR,ERR,ERR,ERR,ERR,ERR,ERR,ERR,ERR,ERR,ERR,ERR,ERR,ERR,ERR,ERR,ERR,ERR,ERR,ERR,ERR,ERR,ERR,ERR,ERR,ERR,ERR,ERR,ERR,ERR,ERR,ERR,ERR,ERR,ERR,ERR,ERR,ERR,ERR,ERR,2.7184260577004195e+23,-0.0,2.8364012726751064e+23,0.0,0.0,-4.2214284716914197e+27,1.6903283075791087e+21,0.0,0,0,4,0,7670,-0.0,41,0.0,0.0,0.0,0.0,0.0,0,0,0,0,0.0,0,0,0,0,0,0,0,0,0,0,0,0,0,0,0,0,0,0,0,0,0,0,0,0,0,0,0,0,0,0,0,0,0,23,41,40,63,65476,0,300,0,0,8,21553,0.0,-107605600.0,0.0,0.0,0.0,0.0,0.0,0.0,0.0,0.0,0.0,0.0,0.0,0.0,0.0,0.0,0.0,0.0,0.0,0.0,0.0,2.004,2.004,2.004,-0.0,-2.004,0.0,0.0,0.0,0.0,1670.25,-2.004,0.0,2.7184260577004195e+23,-0.0,-0.0,0.0,0.0,0.0,2.004,2.004,68,0.059,-0.0,0.0,0.0,0.0,0.0,0.0,0.0,0.0,0,0,0,0.0,3.596173501720343e+29,0.0,-3.4475870737567395e+29,0.0,0.731,0.0,-1.162028099712739e+19,-0.0,0.0,-0.0,0.763,-0.0,3662012672.0,0.0,1.0964923914266131e+33,0,1.3516416376850534e+27,68,0.0,136,0.0,98688.258,0,13107,17071,0,17092,13107,17065,0,0,0,105,99,100,-0.0,50.8,0.0,61.45,-107615200.0,63.0,1,47,48,180,0,52429,0,0,0.0,0.0,0.0,0.0,484987008.0,66.0,0.0,0.0,0.0,725,0,694,0,0,0,876,0,979,0,846,0,632,0,613,0,509,0,593,0.032,69544110456832.0,2.004,0.0,44176,16791,248313348096.0,0.0,-4647165100032.0,-5.12488224887674e+36,0.0,0.0,70.0,60.0,66,0.0,0.0,10.0,2.0,0.0,0.0,0.0,0.0,0.0,0.0,0.0,0.0,0.0,0.0,0.0,0.0,62.0,62,18,65518,45,65476,0,300,0,0,8,20529,65476,0,0,44564,60.0,0.0,10.0,10.0,2.0,0.0
2026-02-05T00:06:22,ERR,ERR,ERR,ERR,ERR,ERR,ERR,ERR,ERR,ERR,ERR,ERR,ERR,ERR,ERR,ERR,ERR,ERR,ERR,ERR,ERR,ERR,ERR,ERR,ERR,ERR,ERR,ERR,ERR,ERR,ERR,ERR,ERR,ERR,ERR,ERR,ERR,ERR,ERR,ERR,ERR,ERR,ERR,ERR,ERR,ERR,ERR,ERR,ERR,ERR,ERR,ERR,ERR,ERR,ERR,ERR,ERR,ERR,ERR,ERR,ERR,ERR,ERR,ERR,ERR,ERR,ERR,ERR,ERR,ERR,ERR,ERR,ERR,ERR,ERR,ERR,ERR,ERR,ERR,ERR,ERR,ERR,ERR,ERR,ERR,ERR,ERR,ERR,ERR,ERR,ERR,ERR,ERR,ERR,ERR,ERR,ERR,ERR,ERR,ERR,ERR,ERR,ERR,ERR,ERR,ERR,ERR,ERR,ERR,ERR,ERR,ERR,ERR,ERR,ERR,ERR,ERR,ERR,ERR,ERR,ERR,ERR,ERR,ERR,ERR,2.7184260577004195e+23,-0.0,2.8364012726751064e+23,0.0,0.0,-4.2214284716914197e+27,1.6903283075791087e+21,0.0,0,0,4,0,7670,-0.0,41,0.0,0.0,0.0,0.0,0.0,0,0,0,0,0.0,0,0,0,0,0,0,0,0,0,0,0,0,0,0,0,0,0,0,0,0,0,0,0,0,0,0,0,0,0,0,0,0,0,23,41,40,63,65476,0,300,0,0,8,21553,0.0,-107605600.0,0.0,0.0,0.0,0.0,0.0,0.0,0.0,0.0,0.0,0.0,0.0,0.0,0.0,0.0,0.0,0.0,0.0,0.0,0.0,2.004,2.004,2.004,-0.0,-2.004,0.0,0.0,0.0,0.0,1670.25,-2.004,0.0,2.7184260577004195e+23,-0.0,-0.0,0.0,0.0,0.0,2.004,2.004,68,0.059,-0.0,0.0,0.0,0.0,0.0,0.0,0.0,0.0,0,0,0,0.0,3.596173501720343e+29,0.0,-3.4475870737567395e+29,0.0,0.731,0.0,-1.162028099712739e+19,-0.0,0.0,-0.0,0.763,-0.0,3662012672.0,0.0,1.0964923914266131e+33,0,1.3516416376850534e+27,68,0.0,136,0.0,98688.258,0,13107,17071,0,17092,13107,17065,0,0,0,105,99,100,-0.0,50.8,0.0,61.45,-107615200.0,63.0,1,47,48,180,0,52429,0,0,0.0,0.0,0.0,0.0,484987008.0,66.0,0.0,0.0,0.0,725,0,694,0,0,0,876,0,979,0,846,0,632,0,613,0,509,0,593,0.032,69544110456832.0,2.004,0.0,44176,16791,248313348096.0,0.0,-4647165100032.0,-5.12488224887674e+36,0.0,0.0,70.0,60.0,66,0.0,0.0,10.0,2.0,0.0,0.0,0.0,0.0,0.0,0.0,0.0,0.0,0.0,0.0,0.0,0.0,62.0,62,18,65518,45,65476,0,300,0,0,8,20529,65476,0,0,44564,60.0,0.0,10.0,10.0,2.0,0.0
2026-02-05T00:06:23,ERR,ERR,ERR,ERR,ERR,ERR,ERR,ERR,ERR,ERR,ERR,ERR,ERR,ERR,ERR,ERR,ERR,ERR,ERR,ERR,ERR,ERR,ERR,ERR,ERR,ERR,ERR,ERR,ERR,ERR,ERR,ERR,ERR,ERR,ERR,ERR,ERR,ERR,ERR,ERR,ERR,ERR,ERR,ERR,ERR,ERR,ERR,ERR,ERR,ERR,ERR,ERR,ERR,ERR,ERR,ERR,ERR,ERR,ERR,ERR,ERR,ERR,ERR,ERR,ERR,ERR,ERR,ERR,ERR,ERR,ERR,ERR,ERR,ERR,ERR,ERR,ERR,ERR,ERR,ERR,ERR,ERR,ERR,ERR,ERR,ERR,ERR,ERR,ERR,ERR,ERR,ERR,ERR,ERR,ERR,ERR,ERR,ERR,ERR,ERR,ERR,ERR,ERR,ERR,ERR,ERR,ERR,ERR,ERR,ERR,ERR,ERR,ERR,ERR,ERR,ERR,ERR,ERR,ERR,ERR,ERR,ERR,ERR,ERR,ERR,2.7184260577004195e+23,-0.0,2.8364012726751064e+23,0.0,0.0,-4.2214284716914197e+27,1.6903283075791087e+21,0.0,0,0,4,0,7670,-0.0,41,0.0,0.0,0.0,0.0,0.0,0,0,0,0,0.0,0,0,0,0,0,0,0,0,0,0,0,0,0,0,0,0,0,0,0,0,0,0,0,0,0,0,0,0,0,0,0,0,0,23,41,40,63,65476,0,300,0,0,8,21553,0.0,-107605600.0,0.0,0.0,0.0,0.0,0.0,0.0,0.0,0.0,0.0,0.0,0.0,0.0,0.0,0.0,0.0,0.0,0.0,0.0,0.0,2.004,2.004,2.004,-0.0,-2.004,0.0,0.0,0.0,0.0,1670.25,-2.004,0.0,2.7184260577004195e+23,-0.0,-0.0,0.0,0.0,0.0,2.004,2.004,68,0.059,-0.0,0.0,0.0,0.0,0.0,0.0,0.0,0.0,0,0,0,0.0,3.596173501720343e+29,0.0,-3.4475870737567395e+29,0.0,0.731,0.0,-1.162028099712739e+19,-0.0,0.0,-0.0,0.763,-0.0,3662012672.0,0.0,1.0964923914266131e+33,0,1.3516416376850534e+27,68,0.0,136,0.0,98688.258,0,13107,17071,0,17092,0,17065,0,0,0,105,99,100,-0.0,50.8,0.0,61.45,-107615200.0,63.0,1,47,48,180,0,52429,0,0,0.0,0.0,0.0,0.0,885879209984.0,66.0,0.0,-2.5994641278686358e+35,0.0,725,0,694,0,0,0,876,0,979,0,845,0,632,0,613,0,509,0,593,0.032,69544110456832.0,2.004,0.0,41232,16791,9.266,-2.5994641278686358e+35,-0.0,1.1702343267368776e+21,-0.0,-0.0,70.0,60.0,66,0.0,0.0,10.0,2.0,0.0,0.0,0.0,0.0,0.0,0.0,0.0,0.0,0.0,0.0,0.0,0.0,62.0,62,18,65518,45,65476,0,300,0,0,8,20529,65476,0,0,44564,60.0,0.0,10.0,10.0,2.0,0.0
2026-02-05T00:06:24,ERR,ERR,ERR,ERR,ERR,ERR,ERR,ERR,ERR,ERR,ERR,ERR,ERR,ERR,ERR,ERR,ERR,ERR,ERR,ERR,ERR,ERR,ERR,ERR,ERR,ERR,ERR,ERR,ERR,ERR,ERR,ERR,ERR,ERR,ERR,ERR,ERR,ERR,ERR,ERR,ERR,ERR,ERR,ERR,ERR,ERR,ERR,ERR,ERR,ERR,ERR,ERR,ERR,ERR,ERR,ERR,ERR,ERR,ERR,ERR,ERR,ERR,ERR,ERR,ERR,ERR,ERR,ERR,ERR,ERR,ERR,ERR,ERR,ERR,ERR,ERR,ERR,ERR,ERR,ERR,ERR,ERR,ERR,ERR,ERR,ERR,ERR,ERR,ERR,ERR,ERR,ERR,ERR,ERR,ERR,ERR,ERR,ERR,ERR,ERR,ERR,ERR,ERR,ERR,ERR,ERR,ERR,ERR,ERR,ERR,ERR,ERR,ERR,ERR,ERR,ERR,ERR,ERR,ERR,ERR,ERR,ERR,ERR,ERR,ERR,2.7184260577004195e+23,-0.0,2.8364012726751064e+23,0.0,0.0,-4.2214284716914197e+27,1.6903283075791087e+21,0.0,0,0,4,0,7670,-0.0,41,0.0,0.0,0.0,0.0,0.0,0,0,0,0,0.0,0,0,0,0,0,0,0,0,0,0,0,0,0,0,0,0,0,0,0,0,0,0,0,0,0,0,0,0,0,0,0,0,0,23,41,40,63,65476,0,300,0,0,8,21553,0.0,-107605600.0,0.0,0.0,0.0,0.0,0.0,0.0,0.0,0.0,0.0,0.0,0.0,0.0,0.0,0.0,0.0,0.0,0.0,0.0,0.0,2.004,2.004,2.004,-0.0,-2.004,0.0,0.0,0.0,0.0,1670.25,-2.004,0.0,2.7184260577004195e+23,-0.0,-0.0,0.0,0.0,0.0,2.004,2.004,68,0.059,-0.0,0.0,0.0,0.0,0.0,0.0,0.0,0.0,0,0,0,0.0,3.596173501720343e+29,0.0,-3.4475870737567395e+29,0.0,0.731,0.0,-1.162028099712739e+19,-0.0,0.0,-0.0,0.763,-0.0,3662012672.0,0.0,1.0964923914266131e+33,0,1.3516416376850534e+27,68,0.0,136,0.0,98688.258,0,13107,17071,0,17092,0,17065,0,0,0,105,99,100,-0.0,50.8,0.0,61.45,-107615200.0,63.0,1,47,48,180,0,52429,0,0,0.0,0.0,0.0,0.0,885879209984.0,66.0,0.0,-2.5994641278686358e+35,0.0,725,0,694,0,0,0,876,0,979,0,845,0,632,0,613,0,509,0,593,0.032,69544110456832.0,2.004,0.0,41232,16791,9.266,-2.5994641278686358e+35,-0.0,1.1702343267368776e+21,-0.0,-0.0,70.0,60.0,66,0.0,0.0,10.0,2.0,0.0,0.0,0.0,0.0,0.0,0.0,0.0,0.0,0.0,0.0,0.0,0.0,62.0,62,18,65518,45,65476,0,300,0,0,8,20529,65476,0,0,44564,60.0,0.0,10.0,10.0,2.0,0.0
2026-02-05T00:06:25,ERR,ERR,ERR,ERR,ERR,ERR,ERR,ERR,ERR,ERR,ERR,ERR,ERR,ERR,ERR,ERR,ERR,ERR,ERR,ERR,ERR,ERR,ERR,ERR,ERR,ERR,ERR,ERR,ERR,ERR,ERR,ERR,ERR,ERR,ERR,ERR,ERR,ERR,ERR,ERR,ERR,ERR,ERR,ERR,ERR,ERR,ERR,ERR,ERR,ERR,ERR,ERR,ERR,ERR,ERR,ERR,ERR,ERR,ERR,ERR,ERR,ERR,ERR,ERR,ERR,ERR,ERR,ERR,ERR,ERR,ERR,ERR,ERR,ERR,ERR,ERR,ERR,ERR,ERR,ERR,ERR,ERR,ERR,ERR,ERR,ERR,ERR,ERR,ERR,ERR,ERR,ERR,ERR,ERR,ERR,ERR,ERR,ERR,ERR,ERR,ERR,ERR,ERR,ERR,ERR,ERR,ERR,ERR,ERR,ERR,ERR,ERR,ERR,ERR,ERR,ERR,ERR,ERR,ERR,ERR,ERR,ERR,ERR,ERR,ERR,2.7184260577004195e+23,-0.0,2.8364012726751064e+23,0.0,0.0,0.0,-0.0,0.0,0,0,4,0,7670,-0.0,41,0.0,0.0,0.0,0.0,0.0,0,0,0,0,0.0,0,0,0,0,0,0,0,0,0,0,0,0,0,0,0,0,0,0,0,0,0,0,0,0,0,0,0,0,0,0,0,0,0,23,41,40,63,65476,0,300,0,0,8,21553,0.0,-107605600.0,0.0,0.0,0.0,0.0,0.0,0.0,0.0,0.0,0.0,0.0,0.0,0.0,0.0,0.0,0.0,0.0,0.0,0.0,0.0,2.004,2.004,2.004,-0.0,-0.0,0.0,0.0,0.0,0.0,1679.25,-0.0,0.0,2.7184260577004195e+23,-0.0,-0.0,2.7184312818759872e+23,-107612256.0,0.0,2.004,2.004,68,152018320621568.0,0.0,0.0,0.0,0.0,0.0,0.0,0.0,0.0,0,0,0,0.0,0.0,0.0,0.018,0.0,-0.206,-0.0,393756.281,0.0,0.0,-0.0,0.767,-0.0,3678789888.0,0.0,5108494336.0,0,1.3516416376850534e+27,68,0.0,136,0.0,98688.258,0,13107,17071,0,17092,0,17065,0,0,0,105,99,100,-0.0,50.8,0.0,61.45,-107615200.0,63.0,1,47,48,180,0,52429,0,0,0.0,0.0,0.0,0.0,885879209984.0,66.0,0.0,-2.5994641278686358e+35,0.0,725,0,694,0,0,0,876,0,979,0,845,0,632,0,613,0,509,0,593,0.032,69544110456832.0,2.004,0.0,41232,16791,9.266,-2.5994641278686358e+35,-0.0,1.1702343267368776e+21,-0.0,-0.0,70.0,60.0,66,0.0,0.0,10.0,2.0,0.0,0.0,0.0,0.0,0.0,0.0,0.0,0.0,0.0,0.0,0.0,0.0,62.0,62,18,65518,45,65476,0,300,0,0,8,20529,65476,0,0,44564,60.0,0.0,10.0,10.0,2.0,0.0
2026-02-05T00:06:26,ERR,ERR,ERR,ERR,ERR,ERR,ERR,ERR,ERR,ERR,ERR,ERR,ERR,ERR,ERR,ERR,ERR,ERR,ERR,ERR,ERR,ERR,ERR,ERR,ERR,ERR,ERR,ERR,ERR,ERR,ERR,ERR,ERR,ERR,ERR,ERR,ERR,ERR,ERR,ERR,ERR,ERR,ERR,ERR,ERR,ERR,ERR,ERR,ERR,ERR,ERR,ERR,ERR,ERR,ERR,ERR,ERR,ERR,ERR,ERR,ERR,ERR,ERR,ERR,ERR,ERR,ERR,ERR,ERR,ERR,ERR,ERR,ERR,ERR,ERR,ERR,ERR,ERR,ERR,ERR,ERR,ERR,ERR,ERR,ERR,ERR,ERR,ERR,ERR,ERR,ERR,ERR,ERR,ERR,ERR,ERR,ERR,ERR,ERR,ERR,ERR,ERR,ERR,ERR,ERR,ERR,ERR,ERR,ERR,ERR,ERR,ERR,ERR,ERR,ERR,ERR,ERR,ERR,ERR,ERR,ERR,ERR,ERR,ERR,ERR,2.7184260577004195e+23,-0.0,2.8364012726751064e+23,0.0,0.0,0.0,-0.0,0.0,0,0,4,0,7670,-0.0,41,0.0,0.0,0.0,0.0,0.0,0,0,0,0,0.0,0,0,0,0,0,0,0,0,0,0,0,0,0,0,0,0,0,0,0,0,0,0,0,0,0,0,0,0,0,0,0,0,0,23,41,40,63,65476,0,300,0,0,8,21553,0.0,-107605600.0,0.0,0.0,0.0,0.0,0.0,0.0,0.0,0.0,0.0,0.0,0.0,0.0,0.0,0.0,0.0,0.0,0.0,0.0,0.0,2.004,2.004,2.004,-0.0,-0.0,0.0,0.0,0.0,0.0,1679.25,-0.0,0.0,2.7184260577004195e+23,-0.0,-0.0,2.7184312818759872e+23,-107612256.0,0.0,2.004,2.004,68,152018320621568.0,0.0,0.0,0.0,0.0,0.0,0.0,0.0,0.0,0,0,0,0.0,0.0,0.0,0.018,0.0,-0.206,-0.0,393756.281,0.0,0.0,-0.0,0.767,-0.0,3678789888.0,0.0,5108494336.0,0,1.3516416376850534e+27,68,0.0,136,0.0,98688.258,0,13107,17071,0,17092,0,17065,0,0,0,105,99,100,-0.0,50.8,0.0,61.45,-107615200.0,63.0,1,47,48,180,0,52429,0,0,0.0,0.0,0.0,0.0,885879209984.0,66.0,0.0,-2.5994641278686358e+35,0.0,725,0,694,0,0,0,876,0,979,0,845,0,632,0,613,0,509,0,593,0.032,69544110456832.0,2.004,0.0,41232,16791,9.266,-2.5994641278686358e+35,-0.0,1.1702343267368776e+21,-0.0,-0.0,70.0,60.0,66,0.0,0.0,10.0,2.0,0.0,0.0,0.0,0.0,0.0,0.0,0.0,0.0,0.0,0.0,0.0,0.0,62.0,62,18,65518,45,65476,0,300,0,0,8,20529,65476,0,0,44564,60.0,0.0,10.0,10.0,2.0,0.0
2026-02-05T00:06:27,ERR,ERR,ERR,ERR,ERR,ERR,ERR,ERR,ERR,ERR,ERR,ERR,ERR,ERR,ERR,ERR,ERR,ERR,ERR,ERR,ERR,ERR,ERR,ERR,ERR,ERR,ERR,ERR,ERR,ERR,ERR,ERR,ERR,ERR,ERR,ERR,ERR,ERR,ERR,ERR,ERR,ERR,ERR,ERR,ERR,ERR,ERR,ERR,ERR,ERR,ERR,ERR,ERR,ERR,ERR,ERR,ERR,ERR,ERR,ERR,ERR,ERR,ERR,ERR,ERR,ERR,ERR,ERR,ERR,ERR,ERR,ERR,ERR,ERR,ERR,ERR,ERR,ERR,ERR,ERR,ERR,ERR,ERR,ERR,ERR,ERR,ERR,ERR,ERR,ERR,ERR,ERR,ERR,ERR,ERR,ERR,ERR,ERR,ERR,ERR,ERR,ERR,ERR,ERR,ERR,ERR,ERR,ERR,ERR,ERR,ERR,ERR,ERR,ERR,ERR,ERR,ERR,ERR,ERR,ERR,ERR,ERR,ERR,ERR,ERR,2.7184260577004195e+23,-0.0,2.8364012726751064e+23,0.0,0.0,0.0,-0.0,0.0,0,0,4,0,7670,-0.0,41,0.0,0.0,0.0,0.0,0.0,0,0,0,0,0.0,0,0,0,0,0,0,0,0,0,0,0,0,0,0,0,0,0,0,0,0,0,0,0,0,0,0,0,0,0,0,0,0,0,23,41,40,63,65476,0,300,0,0,8,21553,0.0,-107605600.0,0.0,0.0,0.0,0.0,0.0,0.0,0.0,0.0,0.0,0.0,0.0,0.0,0.0,0.0,0.0,0.0,0.0,0.0,0.0,2.004,2.004,2.004,-0.0,-0.0,0.0,0.0,0.0,0.0,1679.25,-0.0,0.0,2.7184260577004195e+23,-0.0,-0.0,2.7184312818759872e+23,-107612256.0,0.0,2.004,2.004,68,152018320621568.0,0.0,0.0,0.0,0.0,0.0,0.0,0.0,0.0,0,0,0,0.0,0.0,0.0,0.018,0.0,-0.206,-0.0,393756.281,0.0,0.0,-0.0,0.767,-0.0,3678789888.0,0.0,5108494336.0,0,1.3516416376850534e+27,68,0.0,136,0.0,98688.258,0,13107,17071,0,17092,0,17065,0,0,0,105,99,100,-0.0,50.8,0.0,61.45,-107615200.0,63.0,1,47,48,180,0,52429,0,0,0.0,0.0,0.0,0.0,885879209984.0,66.0,0.0,-2.5994641278686358e+35,0.0,725,0,694,0,0,0,876,0,979,0,845,0,632,0,613,0,509,0,593,0.032,69544110456832.0,2.004,0.0,41232,16791,9.266,-2.5994641278686358e+35,-0.0,1.1702343267368776e+21,-0.0,-0.0,70.0,60.0,66,0.0,0.0,10.0,2.0,0.0,0.0,0.0,0.0,0.0,0.0,0.0,0.0,0.0,0.0,0.0,0.0,62.0,62,18,65518,45,65476,0,300,0,0,8,20529,65476,0,0,44564,60.0,0.0,10.0,10.0,2.0,0.0
2026-02-05T00:06:28,ERR,ERR,ERR,ERR,ERR,ERR,ERR,ERR,ERR,ERR,ERR,ERR,ERR,ERR,ERR,ERR,ERR,ERR,ERR,ERR,ERR,ERR,ERR,ERR,ERR,ERR,ERR,ERR,ERR,ERR,ERR,ERR,ERR,ERR,ERR,ERR,ERR,ERR,ERR,ERR,ERR,ERR,ERR,ERR,ERR,ERR,ERR,ERR,ERR,ERR,ERR,ERR,ERR,ERR,ERR,ERR,ERR,ERR,ERR,ERR,ERR,ERR,ERR,ERR,ERR,ERR,ERR,ERR,ERR,ERR,ERR,ERR,ERR,ERR,ERR,ERR,ERR,ERR,ERR,ERR,ERR,ERR,ERR,ERR,ERR,ERR,ERR,ERR,ERR,ERR,ERR,ERR,ERR,ERR,ERR,ERR,ERR,ERR,ERR,ERR,ERR,ERR,ERR,ERR,ERR,ERR,ERR,ERR,ERR,ERR,ERR,ERR,ERR,ERR,ERR,ERR,ERR,ERR,ERR,ERR,ERR,ERR,ERR,ERR,ERR,2.7184260577004195e+23,-0.0,2.8364012726751064e+23,0.0,0.0,0.0,-0.0,0.0,0,0,4,0,7670,-0.0,41,0.0,0.0,0.0,0.0,0.0,0,0,0,0,0.0,0,0,0,0,0,0,0,0,0,0,0,0,0,0,0,0,0,0,0,0,0,0,0,0,0,0,0,0,0,0,0,0,0,23,41,40,63,65476,0,300,0,0,8,21553,0.0,-107605600.0,0.0,0.0,0.0,0.0,0.0,0.0,0.0,0.0,0.0,0.0,0.0,0.0,0.0,0.0,0.0,0.0,0.0,0.0,0.0,2.004,2.004,2.004,-0.0,-0.0,0.0,0.0,0.0,0.0,1679.25,-0.0,0.0,2.7184260577004195e+23,-0.0,-0.0,2.7184312818759872e+23,-107612256.0,0.0,2.004,2.004,68,152018320621568.0,0.0,0.0,0.0,0.0,0.0,0.0,0.0,0.0,0,0,0,0.0,0.0,0.0,0.018,0.0,-0.206,-0.0,393756.281,0.0,0.0,-0.0,0.767,-0.0,3678789888.0,0.0,5108494336.0,0,1.3516416376850534e+27,68,0.0,136,0.0,98688.258,0,13107,17071,0,17092,0,17065,0,0,0,105,99,100,-0.0,50.8,0.0,61.45,-107615200.0,63.0,1,47,48,180,0,52429,0,0,0.0,0.0,0.0,0.0,108677.031,66.0,0.0,1.0291811088072704e+16,0.0,725,0,694,0,0,0,876,0,980,0,845,0,632,0,613,0,509,0,593,0.032,69544110456832.0,2.004,0.0,42768,16791,0.0,9.388033747121913e+37,0.0,-3.825120983195085e+27,-0.003,-8.580261843630926e+35,70.0,60.0,66,0.0,0.0,10.0,2.0,0.0,0.0,0.0,0.0,0.0,0.0,0.0,0.0,0.0,0.0,0.0,0.0,62.4,62,18,65518,45,65476,0,300,0,0,8,20529,65476,0,0,44564,60.0,0.0,10.0,10.0,2.0,0.0
2026-02-05T00:06:29,ERR,ERR,ERR,ERR,ERR,ERR,ERR,ERR,ERR,ERR,ERR,ERR,ERR,ERR,ERR,ERR,ERR,ERR,ERR,ERR,ERR,ERR,ERR,ERR,ERR,ERR,ERR,ERR,ERR,ERR,ERR,ERR,ERR,ERR,ERR,ERR,ERR,ERR,ERR,ERR,ERR,ERR,ERR,ERR,ERR,ERR,ERR,ERR,ERR,ERR,ERR,ERR,ERR,ERR,ERR,ERR,ERR,ERR,ERR,ERR,ERR,ERR,ERR,ERR,ERR,ERR,ERR,ERR,ERR,ERR,ERR,ERR,ERR,ERR,ERR,ERR,ERR,ERR,ERR,ERR,ERR,ERR,ERR,ERR,ERR,ERR,ERR,ERR,ERR,ERR,ERR,ERR,ERR,ERR,ERR,ERR,ERR,ERR,ERR,ERR,ERR,ERR,ERR,ERR,ERR,ERR,ERR,ERR,ERR,ERR,ERR,ERR,ERR,ERR,ERR,ERR,ERR,ERR,ERR,ERR,ERR,ERR,ERR,ERR,ERR,2.7184260577004195e+23,-0.0,2.8364012726751064e+23,0.0,0.0,0.0,-0.0,0.0,0,0,4,0,7670,-0.0,41,0.0,0.0,0.0,0.0,0.0,0,0,0,0,0.0,0,0,0,0,0,0,0,0,0,0,0,0,0,0,0,0,0,0,0,0,0,0,0,0,0,0,0,0,0,0,0,0,0,23,41,40,63,65476,0,300,0,0,8,21553,0.0,-107605600.0,0.0,0.0,0.0,0.0,0.0,0.0,0.0,0.0,0.0,0.0,0.0,0.0,0.0,0.0,0.0,0.0,0.0,0.0,0.0,2.004,2.004,2.004,-0.0,-0.0,0.0,0.0,0.0,0.0,1679.25,-0.0,0.0,2.7184260577004195e+23,-0.0,-0.0,2.7184312818759872e+23,-107612256.0,0.0,2.004,2.004,68,152018320621568.0,0.0,0.0,0.0,0.0,0.0,0.0,0.0,0.0,0,0,0,0.0,0.0,0.0,0.018,0.0,-0.206,-0.0,393756.281,0.0,0.0,-0.0,0.767,-0.0,3678789888.0,0.0,5108494336.0,0,1.3516416376850534e+27,68,0.0,136,0.0,98688.258,0,13107,17071,0,17092,0,17065,0,0,0,105,99,100,-0.0,50.8,0.0,61.45,-107615200.0,63.0,1,47,48,180,0,52429,0,0,0.0,0.0,0.0,0.0,108677.031,66.0,0.0,1.0291811088072704e+16,0.0,725,0,694,0,0,0,876,0,980,0,845,0,632,0,613,0,509,0,593,0.032,69544110456832.0,2.004,0.0,42768,16791,0.0,9.388033747121913e+37,0.0,-3.825120983195085e+27,-0.003,-8.580261843630926e+35,70.0,60.0,66,0.0,0.0,10.0,2.0,0.0,0.0,0.0,0.0,0.0,0.0,0.0,0.0,0.0,0.0,0.0,0.0,62.4,62,18,65518,45,65476,0,300,0,0,8,20529,65476,0,0,44564,60.0,0.0,10.0,10.0,2.0,0.0
2026-02-05T00:06:30,ERR,ERR,ERR,ERR,ERR,ERR,ERR,ERR,ERR,ERR,ERR,ERR,ERR,ERR,ERR,ERR,ERR,ERR,ERR,ERR,ERR,ERR,ERR,ERR,ERR,ERR,ERR,ERR,ERR,ERR,ERR,ERR,ERR,ERR,ERR,ERR,ERR,ERR,ERR,ERR,ERR,ERR,ERR,ERR,ERR,ERR,ERR,ERR,ERR,ERR,ERR,ERR,ERR,ERR,ERR,ERR,ERR,ERR,ERR,ERR,ERR,ERR,ERR,ERR,ERR,ERR,ERR,ERR,ERR,ERR,ERR,ERR,ERR,ERR,ERR,ERR,ERR,ERR,ERR,ERR,ERR,ERR,ERR,ERR,ERR,ERR,ERR,ERR,ERR,ERR,ERR,ERR,ERR,ERR,ERR,ERR,ERR,ERR,ERR,ERR,ERR,ERR,ERR,ERR,ERR,ERR,ERR,ERR,ERR,ERR,ERR,ERR,ERR,ERR,ERR,ERR,ERR,ERR,ERR,ERR,ERR,ERR,ERR,ERR,ERR,2.7184260577004195e+23,-0.0,2.8364012726751064e+23,0.0,0.0,0.0,-0.0,0.0,0,0,4,0,7670,-0.0,41,0.0,0.0,0.0,0.0,0.0,0,0,0,0,0.0,0,0,0,0,0,0,0,0,0,0,0,0,0,0,0,0,0,0,0,0,0,0,0,0,0,0,0,0,0,0,0,0,0,23,41,40,63,65476,0,300,0,0,8,21553,0.0,-107605600.0,0.0,0.0,0.0,0.0,0.0,0.0,0.0,0.0,0.0,0.0,0.0,0.0,0.0,0.0,0.0,0.0,0.0,0.0,0.0,2.004,2.004,2.004,-0.0,-0.0,0.0,0.0,0.0,0.0,1679.25,-0.0,0.0,2.7184260577004195e+23,-0.0,-0.0,2.7184312818759872e+23,-107612256.0,0.0,2.004,2.004,68,152018320621568.0,0.0,0.0,0.0,0.0,0.0,0.0,0.0,0.0,0,0,0,0.0,0.0,0.0,0.018,0.0,-0.206,-0.0,393756.281,0.0,0.0,-0.0,0.767,-0.0,3678789888.0,0.0,5108494336.0,0,1.3516416376850534e+27,68,0.0,136,0.0,98688.258,0,13107,17071,0,17092,0,17065,0,0,0,105,99,100,-0.0,50.8,0.0,61.45,-107615200.0,63.0,1,47,48,180,0,52429,0,0,0.0,0.0,0.0,0.0,108677.031,66.0,0.0,1.0291811088072704e+16,0.0,725,0,694,0,0,0,876,0,980,0,845,0,632,0,613,0,509,0,593,0.032,69544110456832.0,2.004,0.0,42768,16791,0.0,9.388033747121913e+37,0.0,-3.825120983195085e+27,-0.003,-8.580261843630926e+35,70.0,60.0,66,0.0,0.0,10.0,2.0,0.0,0.0,0.0,0.0,0.0,0.0,0.0,0.0,0.0,0.0,0.0,0.0,62.0,62,18,65518,45,65476,0,300,0,0,8,20529,65476,0,0,44564,60.0,0.0,10.0,10.0,2.0,0.0
2026-02-05T00:06:31,ERR,ERR,ERR,ERR,ERR,ERR,ERR,ERR,ERR,ERR,ERR,ERR,ERR,ERR,ERR,ERR,ERR,ERR,ERR,ERR,ERR,ERR,ERR,ERR,ERR,ERR,ERR,ERR,ERR,ERR,ERR,ERR,ERR,ERR,ERR,ERR,ERR,ERR,ERR,ERR,ERR,ERR,ERR,ERR,ERR,ERR,ERR,ERR,ERR,ERR,ERR,ERR,ERR,ERR,ERR,ERR,ERR,ERR,ERR,ERR,ERR,ERR,ERR,ERR,ERR,ERR,ERR,ERR,ERR,ERR,ERR,ERR,ERR,ERR,ERR,ERR,ERR,ERR,ERR,ERR,ERR,ERR,ERR,ERR,ERR,ERR,ERR,ERR,ERR,ERR,ERR,ERR,ERR,ERR,ERR,ERR,ERR,ERR,ERR,ERR,ERR,ERR,ERR,ERR,ERR,ERR,ERR,ERR,ERR,ERR,ERR,ERR,ERR,ERR,ERR,ERR,ERR,ERR,ERR,ERR,ERR,ERR,ERR,ERR,ERR,2.7184260577004195e+23,-0.0,2.8364012726751064e+23,0.0,0.0,3.7794732901208844e+28,-7.699713707194391e+34,0.0,0,0,4,0,7670,-0.0,41,0.0,0.0,0.0,0.0,0.0,0,0,0,0,0.0,0,0,0,0,0,0,0,0,0,0,0,0,0,0,0,0,0,0,0,0,0,0,0,0,0,0,0,0,0,0,0,0,0,23,41,40,63,65476,0,300,0,0,8,21553,0.0,-107605600.0,0.0,0.0,0.0,0.0,0.0,0.0,0.0,0.0,0.0,0.0,0.0,0.0,0.0,0.0,0.0,0.0,0.0,0.0,0.0,2.004,0.0,2.004,-0.0,-0.0,0.0,0.0,0.0,0.0,1687.75,-3.697097293085173e+19,0.0,2.7184260577004195e+23,-0.0,-0.0,2.7184312818759872e+23,0.0,0.0,2.004,2.004,68,126841044992.0,-4.950326467833524e+32,0.0,0.0,0.0,0.0,0.0,0.0,0.0,0,0,0,0.0,-0.0,0.0,8.207358231537735e+24,0.0,0.0,-8.853075212317491e+16,2.0060423433747055e+34,-0.0,0.0,-0.0,0.767,-0.0,3695567104.0,0.0,-0.0,0,1.3516416376850534e+27,68,0.0,136,0.0,98688.258,0,13107,17071,0,17092,0,17065,0,0,0,105,99,100,-0.0,50.8,0.0,61.45,-107615200.0,63.0,1,47,48,180,0,52429,0,0,0.0,0.0,0.0,0.0,108677.031,66.0,0.0,1.0291811088072704e+16,0.0,725,0,694,0,0,0,876,0,980,0,845,0,632,0,613,0,509,0,593,0.032,69544110456832.0,2.004,0.0,42768,16791,0.0,9.388033747121913e+37,0.0,-3.825120983195085e+27,-0.003,-8.580261843630926e+35,70.0,60.0,66,0.0,0.0,10.0,2.0,0.0,0.0,0.0,0.0,0.0,0.0,0.0,0.0,0.0,0.0,0.0,0.0,62.0,62,18,65518,45,65476,0,300,0,0,8,20529,65476,0,0,44564,60.0,0.0,10.0,10.0,2.0,0.0
2026-02-05T00:06:32,ERR,ERR,ERR,ERR,ERR,ERR,ERR,ERR,ERR,ERR,ERR,ERR,ERR,ERR,ERR,ERR,ERR,ERR,ERR,ERR,ERR,ERR,ERR,ERR,ERR,ERR,ERR,ERR,ERR,ERR,ERR,ERR,ERR,ERR,ERR,ERR,ERR,ERR,ERR,ERR,ERR,ERR,ERR,ERR,ERR,ERR,ERR,ERR,ERR,ERR,ERR,ERR,ERR,ERR,ERR,ERR,ERR,ERR,ERR,ERR,ERR,ERR,ERR,ERR,ERR,ERR,ERR,ERR,ERR,ERR,ERR,ERR,ERR,ERR,ERR,ERR,ERR,ERR,ERR,ERR,ERR,ERR,ERR,ERR,ERR,ERR,ERR,ERR,ERR,ERR,ERR,ERR,ERR,ERR,ERR,ERR,ERR,ERR,ERR,ERR,ERR,ERR,ERR,ERR,ERR,ERR,ERR,ERR,ERR,ERR,ERR,ERR,ERR,ERR,ERR,ERR,ERR,ERR,ERR,ERR,ERR,ERR,ERR,ERR,ERR,2.7184260577004195e+23,-0.0,2.8364012726751064e+23,0.0,0.0,3.7794732901208844e+28,-7.699713707194391e+34,0.0,0,0,4,0,7670,-0.0,41,0.0,0.0,0.0,0.0,0.0,0,0,0,0,0.0,0,0,0,0,0,0,0,0,0,0,0,0,0,0,0,0,0,0,0,0,0,0,0,0,0,0,0,0,0,0,0,0,0,23,41,40,63,65476,0,300,0,0,8,21553,0.0,-107605600.0,0.0,0.0,0.0,0.0,0.0,0.0,0.0,0.0,0.0,0.0,0.0,0.0,0.0,0.0,0.0,0.0,0.0,0.0,0.0,2.004,0.0,2.004,-0.0,-0.0,0.0,0.0,0.0,0.0,1687.75,-3.697097293085173e+19,0.0,2.7184260577004195e+23,-0.0,-0.0,2.7184312818759872e+23,0.0,0.0,2.004,2.004,68,126841044992.0,-4.950326467833524e+32,0.0,0.0,0.0,0.0,0.0,0.0,0.0,0,0,0,0.0,-0.0,0.0,8.207358231537735e+24,0.0,0.0,-8.853075212317491e+16,2.0060423433747055e+34,-0.0,0.0,-0.0,0.767,-0.0,3695567104.0,0.0,-0.0,0,1.3516416376850534e+27,68,0.0,136,0.0,98688.258,0,13107,17071,0,17092,0,17065,0,0,0,105,99,100,-0.0,50.85,2.7302316136196234e+23,61.45,-107615200.0,63.0,1,47,48,180,0,52429,0,0,0.0,0.0,0.0,0.0,16016.629,66.0,0.0,-0.0,0.0,725,0,694,0,0,0,876,0,979,0,845,0,632,0,613,0,509,0,593,0.032,69544110456832.0,-0.0,-0.0,39824,16791,0.0,0.0,-709744590848.0,7.076293074224886e+22,-2.476582633861634e+21,8.477582164338347e+25,70.0,60.0,66,0.0,0.0,10.0,2.0,0.0,0.0,0.0,0.0,0.0,0.0,0.0,0.0,0.0,0.0,0.0,0.0,62.0,62,18,65518,45,65476,0,300,0,0,8,20529,65476,0,0,44564,60.0,0.0,10.0,10.0,2.0,0.0
2026-02-05T00:06:33,ERR,ERR,ERR,ERR,ERR,ERR,ERR,ERR,ERR,ERR,ERR,ERR,ERR,ERR,ERR,ERR,ERR,ERR,ERR,ERR,ERR,ERR,ERR,ERR,ERR,ERR,ERR,ERR,ERR,ERR,ERR,ERR,ERR,ERR,ERR,ERR,ERR,ERR,ERR,ERR,ERR,ERR,ERR,ERR,ERR,ERR,ERR,ERR,ERR,ERR,ERR,ERR,ERR,ERR,ERR,ERR,ERR,ERR,ERR,ERR,ERR,ERR,ERR,ERR,ERR,ERR,ERR,ERR,ERR,ERR,ERR,ERR,ERR,ERR,ERR,ERR,ERR,ERR,ERR,ERR,ERR,ERR,ERR,ERR,ERR,ERR,ERR,ERR,ERR,ERR,ERR,ERR,ERR,ERR,ERR,ERR,ERR,ERR,ERR,ERR,ERR,ERR,ERR,ERR,ERR,ERR,ERR,ERR,ERR,ERR,ERR,ERR,ERR,ERR,ERR,ERR,ERR,ERR,ERR,ERR,ERR,ERR,ERR,ERR,ERR,2.7184260577004195e+23,-0.0,2.8364012726751064e+23,0.0,0.0,3.7794732901208844e+28,-7.699713707194391e+34,0.0,0,0,4,0,7670,-0.0,41,0.0,0.0,0.0,0.0,0.0,0,0,0,0,0.0,0,0,0,0,0,0,0,0,0,0,0,0,0,0,0,0,0,0,0,0,0,0,0,0,0,0,0,0,0,0,0,0,0,23,41,40,63,65476,0,300,0,0,8,21553,0.0,-107605600.0,0.0,0.0,0.0,0.0,0.0,0.0,0.0,0.0,0.0,0.0,0.0,0.0,0.0,0.0,0.0,0.0,0.0,0.0,0.0,2.004,0.0,2.004,-0.0,-0.0,0.0,0.0,0.0,0.0,1687.75,-3.697097293085173e+19,0.0,2.7184260577004195e+23,-0.0,-0.0,2.7184312818759872e+23,0.0,0.0,2.004,2.004,68,126841044992.0,-4.950326467833524e+32,0.0,0.0,0.0,0.0,0.0,0.0,0.0,0,0,0,0.0,-0.0,0.0,8.207358231537735e+24,0.0,0.0,-8.853075212317491e+16,2.0060423433747055e+34,-0.0,0.0,-0.0,0.767,-0.0,3695567104.0,0.0,-0.0,0,1.3516416376850534e+27,68,0.0,136,0.0,98688.258,0,13107,17071,0,17092,0,17065,0,0,0,105,99,100,-0.0,50.85,2.7302316136196234e+23,61.45,-107615200.0,63.0,1,47,48,180,0,52429,0,0,0.0,0.0,0.0,0.0,16016.629,66.0,0.0,-0.0,0.0,725,0,694,0,0,0,876,0,979,0,845,0,632,0,613,0,509,0,593,0.032,69544110456832.0,-0.0,-0.0,39824,16791,0.0,0.0,-709744590848.0,7.076293074224886e+22,-2.476582633861634e+21,8.477582164338347e+25,70.0,60.0,66,0.0,0.0,10.0,2.0,0.0,0.0,0.0,0.0,0.0,0.0,0.0,0.0,0.0,0.0,0.0,0.0,62.0,62,18,65518,45,65476,0,300,0,0,8,20529,65476,0,0,44564,60.0,0.0,10.0,10.0,2.0,0.0
2026-02-05T00:06:34,ERR,ERR,ERR,ERR,ERR,ERR,ERR,ERR,ERR,ERR,ERR,ERR,ERR,ERR,ERR,ERR,ERR,ERR,ERR,ERR,ERR,ERR,ERR,ERR,ERR,ERR,ERR,ERR,ERR,ERR,ERR,ERR,ERR,ERR,ERR,ERR,ERR,ERR,ERR,ERR,ERR,ERR,ERR,ERR,ERR,ERR,ERR,ERR,ERR,ERR,ERR,ERR,ERR,ERR,ERR,ERR,ERR,ERR,ERR,ERR,ERR,ERR,ERR,ERR,ERR,ERR,ERR,ERR,ERR,ERR,ERR,ERR,ERR,ERR,ERR,ERR,ERR,ERR,ERR,ERR,ERR,ERR,ERR,ERR,ERR,ERR,ERR,ERR,ERR,ERR,ERR,ERR,ERR,ERR,ERR,ERR,ERR,ERR,ERR,ERR,ERR,ERR,ERR,ERR,ERR,ERR,ERR,ERR,ERR,ERR,ERR,ERR,ERR,ERR,ERR,ERR,ERR,ERR,ERR,ERR,ERR,ERR,ERR,ERR,ERR,2.7184260577004195e+23,-0.0,2.8364012726751064e+23,0.0,0.0,3.7794732901208844e+28,-7.699713707194391e+34,0.0,0,0,4,0,7670,-0.0,41,0.0,0.0,0.0,0.0,0.0,0,0,0,0,0.0,0,0,0,0,0,0,0,0,0,0,0,0,0,0,0,0,0,0,0,0,0,0,0,0,0,0,0,0,0,0,0,0,0,23,41,40,63,65476,0,300,0,0,8,21553,0.0,-107605600.0,0.0,0.0,0.0,0.0,0.0,0.0,0.0,0.0,0.0,0.0,0.0,0.0,0.0,0.0,0.0,0.0,0.0,0.0,0.0,2.004,0.0,2.004,-0.0,-0.0,0.0,0.0,0.0,0.0,1687.75,-3.697097293085173e+19,0.0,2.7184260577004195e+23,-0.0,-0.0,2.7184312818759872e+23,0.0,0.0,2.004,2.004,68,126841044992.0,-4.950326467833524e+32,0.0,0.0,0.0,0.0,0.0,0.0,0.0,0,0,0,0.0,-0.0,0.0,8.207358231537735e+24,0.0,0.0,-8.853075212317491e+16,2.0060423433747055e+34,-0.0,0.0,-0.0,0.767,-0.0,3695567104.0,0.0,-0.0,0,1.3516416376850534e+27,68,0.0,136,0.0,98688.258,0,13107,17071,0,17092,0,17065,0,0,0,105,99,100,-0.0,50.85,2.7302316136196234e+23,61.45,-107615200.0,63.0,1,47,48,180,0,52429,0,0,0.0,0.0,0.0,0.0,16016.629,66.0,0.0,-0.0,0.0,725,0,694,0,0,0,876,0,979,0,845,0,632,0,613,0,509,0,593,0.032,69544110456832.0,-0.0,-0.0,39824,16791,0.0,0.0,-709744590848.0,7.076293074224886e+22,-2.476582633861634e+21,8.477582164338347e+25,70.0,60.0,66,0.0,0.0,10.0,2.0,0.0,0.0,0.0,0.0,0.0,0.0,0.0,0.0,0.0,0.0,0.0,0.0,62.4,62,18,65518,45,65476,0,300,0,0,8,20529,65476,0,0,44564,60.0,0.0,10.0,10.0,2.0,0.0
2026-02-05T00:06:35,ERR,ERR,ERR,ERR,ERR,ERR,ERR,ERR,ERR,ERR,ERR,ERR,ERR,ERR,ERR,ERR,ERR,ERR,ERR,ERR,ERR,ERR,ERR,ERR,ERR,ERR,ERR,ERR,ERR,ERR,ERR,ERR,ERR,ERR,ERR,ERR,ERR,ERR,ERR,ERR,ERR,ERR,ERR,ERR,ERR,ERR,ERR,ERR,ERR,ERR,ERR,ERR,ERR,ERR,ERR,ERR,ERR,ERR,ERR,ERR,ERR,ERR,ERR,ERR,ERR,ERR,ERR,ERR,ERR,ERR,ERR,ERR,ERR,ERR,ERR,ERR,ERR,ERR,ERR,ERR,ERR,ERR,ERR,ERR,ERR,ERR,ERR,ERR,ERR,ERR,ERR,ERR,ERR,ERR,ERR,ERR,ERR,ERR,ERR,ERR,ERR,ERR,ERR,ERR,ERR,ERR,ERR,ERR,ERR,ERR,ERR,ERR,ERR,ERR,ERR,ERR,ERR,ERR,ERR,ERR,ERR,ERR,ERR,ERR,ERR,2.7184260577004195e+23,-0.0,2.8364012726751064e+23,0.0,0.0,3.7794732901208844e+28,-7.699713707194391e+34,0.0,0,0,4,0,7670,-0.0,41,0.0,0.0,0.0,0.0,0.0,0,0,0,0,0.0,0,0,0,0,0,0,0,0,0,0,0,0,0,0,0,0,0,0,0,0,0,0,0,0,0,0,0,0,0,0,0,0,0,23,41,40,63,65476,0,300,0,0,8,21553,0.0,-107605600.0,0.0,0.0,0.0,0.0,0.0,0.0,0.0,0.0,0.0,0.0,0.0,0.0,0.0,0.0,0.0,0.0,0.0,0.0,0.0,2.004,0.0,2.004,-0.0,-0.0,0.0,0.0,0.0,0.0,1687.75,-3.697097293085173e+19,0.0,2.7184260577004195e+23,-0.0,-0.0,2.7184312818759872e+23,0.0,0.0,2.004,2.004,68,126841044992.0,-4.950326467833524e+32,0.0,0.0,0.0,0.0,0.0,0.0,0.0,0,0,0,0.0,-0.0,0.0,8.207358231537735e+24,0.0,0.0,-8.853075212317491e+16,2.0060423433747055e+34,-0.0,0.0,-0.0,0.767,-0.0,3695567104.0,0.0,-0.0,0,1.3516416376850534e+27,68,0.0,136,0.0,98688.258,0,13107,17071,0,17092,0,17065,0,0,0,105,99,100,-0.0,50.85,2.7302316136196234e+23,61.45,-107615200.0,63.0,1,47,48,180,0,52429,0,0,0.0,0.0,0.0,0.0,16016.629,66.0,0.0,-0.0,0.0,725,0,694,0,0,0,876,0,979,0,845,0,632,0,613,0,509,0,593,0.032,69544110456832.0,-0.0,-0.0,39824,16791,0.0,0.0,-709744590848.0,7.076293074224886e+22,-2.476582633861634e+21,8.477582164338347e+25,70.0,60.0,66,0.0,0.0,10.0,2.0,0.0,0.0,0.0,0.0,0.0,0.0,0.0,0.0,0.0,0.0,0.0,0.0,62.4,62,18,65518,45,65476,0,300,0,0,8,20529,65476,0,0,44564,60.0,0.0,10.0,10.0,2.0,0.0
2026-02-05T00:06:36,ERR,ERR,ERR,ERR,ERR,ERR,ERR,ERR,ERR,ERR,ERR,ERR,ERR,ERR,ERR,ERR,ERR,ERR,ERR,ERR,ERR,ERR,ERR,ERR,ERR,ERR,ERR,ERR,ERR,ERR,ERR,ERR,ERR,ERR,ERR,ERR,ERR,ERR,ERR,ERR,ERR,ERR,ERR,ERR,ERR,ERR,ERR,ERR,ERR,ERR,ERR,ERR,ERR,ERR,ERR,ERR,ERR,ERR,ERR,ERR,ERR,ERR,ERR,ERR,ERR,ERR,ERR,ERR,ERR,ERR,ERR,ERR,ERR,ERR,ERR,ERR,ERR,ERR,ERR,ERR,ERR,ERR,ERR,ERR,ERR,ERR,ERR,ERR,ERR,ERR,ERR,ERR,ERR,ERR,ERR,ERR,ERR,ERR,ERR,ERR,ERR,ERR,ERR,ERR,ERR,ERR,ERR,ERR,ERR,ERR,ERR,ERR,ERR,ERR,ERR,ERR,ERR,ERR,ERR,ERR,ERR,ERR,ERR,ERR,ERR,2.7184260577004195e+23,-0.0,2.8364012726751064e+23,0.0,0.0,3.7794732901208844e+28,-7.699713707194391e+34,0.0,0,0,4,0,7670,-0.0,41,0.0,0.0,0.0,0.0,0.0,0,0,0,0,0.0,0,0,0,0,0,0,0,0,0,0,0,0,0,0,0,0,0,0,0,0,0,0,0,0,0,0,0,0,0,0,0,0,0,23,41,40,63,65476,0,300,0,0,8,21553,0.0,-107605600.0,0.0,0.0,0.0,0.0,0.0,0.0,0.0,0.0,0.0,0.0,0.0,0.0,0.0,0.0,0.0,0.0,0.0,0.0,0.0,2.004,0.0,2.004,-0.0,-0.0,0.0,0.0,0.0,0.0,1687.75,-3.697097293085173e+19,0.0,2.7184260577004195e+23,-0.0,-0.0,2.7184312818759872e+23,0.0,0.0,2.004,2.004,68,126841044992.0,-4.950326467833524e+32,0.0,0.0,0.0,0.0,0.0,0.0,0.0,0,0,0,0.0,-0.0,0.0,8.207358231537735e+24,0.0,0.0,-8.853075212317491e+16,2.0060423433747055e+34,-0.0,0.0,-0.0,0.767,-0.0,3695567104.0,0.0,-0.0,0,1.3516416376850534e+27,68,0.0,136,0.0,98688.258,0,13107,17071,52429,17091,0,17065,0,0,0,105,99,100,-0.0,50.8,0.0,61.45,-107615200.0,63.0,1,47,48,180,0,52429,0,0,0.0,0.0,0.0,0.0,0.0,66.0,0.0,8.174463276704376e+20,0.0,725,0,694,0,0,0,875,0,980,0,845,0,632,0,613,0,509,0,594,0.032,69544110456832.0,2.004,0.0,47504,16791,0.0,8.174463276704376e+20,1.0290998563876401e+26,-1.053438616399074e+33,-3.46337256705255e+18,-0.019,70.0,60.0,66,0.0,0.0,10.0,2.0,0.0,0.0,0.0,0.0,0.0,0.0,0.0,0.0,0.0,0.0,0.0,0.0,62.0,62,18,65518,45,65476,0,300,0,0,8,20529,65476,0,0,44564,60.0,0.0,10.0,10.0,2.0,0.0
2026-02-05T00:06:37,ERR,ERR,ERR,ERR,ERR,ERR,ERR,ERR,ERR,ERR,ERR,ERR,ERR,ERR,ERR,ERR,ERR,ERR,ERR,ERR,ERR,ERR,ERR,ERR,ERR,ERR,ERR,ERR,ERR,ERR,ERR,ERR,ERR,ERR,ERR,ERR,ERR,ERR,ERR,ERR,ERR,ERR,ERR,ERR,ERR,ERR,ERR,ERR,ERR,ERR,ERR,ERR,ERR,ERR,ERR,ERR,ERR,ERR,ERR,ERR,ERR,ERR,ERR,ERR,ERR,ERR,ERR,ERR,ERR,ERR,ERR,ERR,ERR,ERR,ERR,ERR,ERR,ERR,ERR,ERR,ERR,ERR,ERR,ERR,ERR,ERR,ERR,ERR,ERR,ERR,ERR,ERR,ERR,ERR,ERR,ERR,ERR,ERR,ERR,ERR,ERR,ERR,ERR,ERR,ERR,ERR,ERR,ERR,ERR,ERR,ERR,ERR,ERR,ERR,ERR,ERR,ERR,ERR,ERR,ERR,ERR,ERR,ERR,ERR,ERR,2.7184260577004195e+23,-0.0,2.8364012726751064e+23,0.0,0.0,-1.560209463866352e+36,-589.063,0.0,0,0,4,0,7670,-0.0,41,0.0,0.0,0.0,0.0,0.0,0,0,0,0,0.0,0,0,0,0,0,0,0,0,0,0,0,0,0,0,0,0,0,0,0,0,0,0,0,0,0,0,0,0,0,0,0,0,0,23,41,40,63,65476,0,300,0,0,8,21553,0.0,-107605600.0,0.0,0.0,0.0,0.0,0.0,0.0,0.0,0.0,0.0,0.0,0.0,0.0,0.0,0.0,0.0,0.0,0.0,0.0,0.0,2.004,2.004,-0.0,-0.0,-2.004,0.0,0.0,0.0,0.0,1686.75,0.0,0.0,2.7184260577004195e+23,-0.0,-0.0,0.0,0.0,0.0,2.004,2.004,68,71.63,5.8479788318417524e+35,0.0,0.0,0.0,0.0,0.0,0.0,0.0,0,0,0,0.0,-5.619021096438036e+27,-5.770289676384328e+35,9.199777913314738e+26,-1.0983641783556869e+38,6.539255932339538e+21,-2166915858432.0,2.231448587401116e+24,7.508,0.0,-0.0,0.771,-0.0,3695567104.0,0.0,0.0,0,1.3516416376850534e+27,68,0.0,136,0.0,98688.258,0,13107,17071,52429,17091,0,17065,0,0,0,105,99,100,-0.0,50.8,0.0,61.45,-107615200.0,63.0,1,47,48,180,0,52429,0,0,0.0,0.0,0.0,0.0,0.0,66.0,0.0,8.174463276704376e+20,0.0,725,0,694,0,0,0,875,0,980,0,845,0,632,0,613,0,509,0,594,0.032,69544110456832.0,2.004,0.0,47504,16791,0.0,8.174463276704376e+20,1.0290998563876401e+26,-1.053438616399074e+33,-3.46337256705255e+18,-0.019,70.0,60.0,66,0.0,0.0,10.0,2.0,0.0,0.0,0.0,0.0,0.0,0.0,0.0,0.0,0.0,0.0,0.0,0.0,62.0,62,18,65518,45,65476,0,300,0,0,8,20529,65476,0,0,44564,60.0,0.0,10.0,10.0,2.0,0.0
2026-02-05T00:06:38,ERR,ERR,ERR,ERR,ERR,ERR,ERR,ERR,ERR,ERR,ERR,ERR,ERR,ERR,ERR,ERR,ERR,ERR,ERR,ERR,ERR,ERR,ERR,ERR,ERR,ERR,ERR,ERR,ERR,ERR,ERR,ERR,ERR,ERR,ERR,ERR,ERR,ERR,ERR,ERR,ERR,ERR,ERR,ERR,ERR,ERR,ERR,ERR,ERR,ERR,ERR,ERR,ERR,ERR,ERR,ERR,ERR,ERR,ERR,ERR,ERR,ERR,ERR,ERR,ERR,ERR,ERR,ERR,ERR,ERR,ERR,ERR,ERR,ERR,ERR,ERR,ERR,ERR,ERR,ERR,ERR,ERR,ERR,ERR,ERR,ERR,ERR,ERR,ERR,ERR,ERR,ERR,ERR,ERR,ERR,ERR,ERR,ERR,ERR,ERR,ERR,ERR,ERR,ERR,ERR,ERR,ERR,ERR,ERR,ERR,ERR,ERR,ERR,ERR,ERR,ERR,ERR,ERR,ERR,ERR,ERR,ERR,ERR,ERR,ERR,2.7184260577004195e+23,-0.0,2.8364012726751064e+23,0.0,0.0,-1.560209463866352e+36,-589.063,0.0,0,0,4,0,7670,-0.0,41,0.0,0.0,0.0,0.0,0.0,0,0,0,0,0.0,0,0,0,0,0,0,0,0,0,0,0,0,0,0,0,0,0,0,0,0,0,0,0,0,0,0,0,0,0,0,0,0,0,23,41,40,63,65476,0,300,0,0,8,21553,0.0,-107605600.0,0.0,0.0,0.0,0.0,0.0,0.0,0.0,0.0,0.0,0.0,0.0,0.0,0.0,0.0,0.0,0.0,0.0,0.0,0.0,2.004,2.004,-0.0,-0.0,-2.004,0.0,0.0,0.0,0.0,1686.75,0.0,0.0,2.7184260577004195e+23,-0.0,-0.0,0.0,0.0,0.0,2.004,2.004,68,71.63,5.8479788318417524e+35,0.0,0.0,0.0,0.0,0.0,0.0,0.0,0,0,0,0.0,-5.619021096438036e+27,-5.770289676384328e+35,9.199777913314738e+26,-1.0983641783556869e+38,6.539255932339538e+21,-2166915858432.0,2.231448587401116e+24,7.508,0.0,-0.0,0.771,-0.0,3695567104.0,0.0,0.0,0,1.3516416376850534e+27,68,0.0,136,0.0,98688.258,0,13107,17071,52429,17091,0,17065,0,0,0,105,99,100,-0.0,50.8,0.0,61.45,-107615200.0,63.0,1,47,48,180,0,52429,0,0,0.0,0.0,0.0,0.0,0.0,66.0,0.0,8.174463276704376e+20,0.0,725,0,694,0,0,0,875,0,980,0,845,0,632,0,613,0,509,0,594,0.032,69544110456832.0,2.004,0.0,47504,16791,0.0,8.174463276704376e+20,1.0290998563876401e+26,-1.053438616399074e+33,-3.46337256705255e+18,-0.019,70.0,60.0,66,0.0,0.0,10.0,2.0,0.0,0.0,0.0,0.0,0.0,0.0,0.0,0.0,0.0,0.0,0.0,0.0,62.0,62,18,65518,45,65476,0,300,0,0,8,20529,65476,0,0,44564,60.0,0.0,10.0,10.0,2.0,0.0
2026-02-05T00:06:39,ERR,ERR,ERR,ERR,ERR,ERR,ERR,ERR,ERR,ERR,ERR,ERR,ERR,ERR,ERR,ERR,ERR,ERR,ERR,ERR,ERR,ERR,ERR,ERR,ERR,ERR,ERR,ERR,ERR,ERR,ERR,ERR,ERR,ERR,ERR,ERR,ERR,ERR,ERR,ERR,ERR,ERR,ERR,ERR,ERR,ERR,ERR,ERR,ERR,ERR,ERR,ERR,ERR,ERR,ERR,ERR,ERR,ERR,ERR,ERR,ERR,ERR,ERR,ERR,ERR,ERR,ERR,ERR,ERR,ERR,ERR,ERR,ERR,ERR,ERR,ERR,ERR,ERR,ERR,ERR,ERR,ERR,ERR,ERR,ERR,ERR,ERR,ERR,ERR,ERR,ERR,ERR,ERR,ERR,ERR,ERR,ERR,ERR,ERR,ERR,ERR,ERR,ERR,ERR,ERR,ERR,ERR,ERR,ERR,ERR,ERR,ERR,ERR,ERR,ERR,ERR,ERR,ERR,ERR,ERR,ERR,ERR,ERR,ERR,ERR,2.7184260577004195e+23,-0.0,2.8364012726751064e+23,0.0,0.0,-1.560209463866352e+36,-589.063,0.0,0,0,4,0,7670,-0.0,41,0.0,0.0,0.0,0.0,0.0,0,0,0,0,0.0,0,0,0,0,0,0,0,0,0,0,0,0,0,0,0,0,0,0,0,0,0,0,0,0,0,0,0,0,0,0,0,0,0,23,41,40,63,65476,0,300,0,0,8,21553,0.0,-107605600.0,0.0,0.0,0.0,0.0,0.0,0.0,0.0,0.0,0.0,0.0,0.0,0.0,0.0,0.0,0.0,0.0,0.0,0.0,0.0,2.004,2.004,-0.0,-0.0,-2.004,0.0,0.0,0.0,0.0,1686.75,0.0,0.0,2.7184260577004195e+23,-0.0,-0.0,0.0,0.0,0.0,2.004,2.004,68,71.63,5.8479788318417524e+35,0.0,0.0,0.0,0.0,0.0,0.0,0.0,0,0,0,0.0,-5.619021096438036e+27,-5.770289676384328e+35,9.199777913314738e+26,-1.0983641783556869e+38,6.539255932339538e+21,-2166915858432.0,2.231448587401116e+24,7.508,0.0,-0.0,0.771,-0.0,3695567104.0,0.0,0.0,0,1.3516416376850534e+27,68,0.0,136,0.0,98688.258,0,13107,17071,52429,17091,0,17065,0,0,0,105,99,100,-0.0,50.8,0.0,61.45,-107615200.0,63.0,1,47,48,180,0,52429,0,0,0.0,0.0,0.0,0.0,0.0,66.0,0.0,8.174463276704376e+20,0.0,725,0,694,0,0,0,875,0,980,0,845,0,632,0,613,0,509,0,594,0.032,69544110456832.0,2.004,0.0,47504,16791,0.0,8.174463276704376e+20,1.0290998563876401e+26,-1.053438616399074e+33,-3.46337256705255e+18,-0.019,70.0,60.0,66,0.0,0.0,10.0,2.0,0.0,0.0,0.0,0.0,0.0,0.0,0.0,0.0,0.0,0.0,0.0,0.0,62.0,62,18,65518,45,65476,0,300,0,0,8,20529,65476,0,0,44564,60.0,0.0,10.0,10.0,2.0,0.0
2026-02-05T00:06:40,ERR,ERR,ERR,ERR,ERR,ERR,ERR,ERR,ERR,ERR,ERR,ERR,ERR,ERR,ERR,ERR,ERR,ERR,ERR,ERR,ERR,ERR,ERR,ERR,ERR,ERR,ERR,ERR,ERR,ERR,ERR,ERR,ERR,ERR,ERR,ERR,ERR,ERR,ERR,ERR,ERR,ERR,ERR,ERR,ERR,ERR,ERR,ERR,ERR,ERR,ERR,ERR,ERR,ERR,ERR,ERR,ERR,ERR,ERR,ERR,ERR,ERR,ERR,ERR,ERR,ERR,ERR,ERR,ERR,ERR,ERR,ERR,ERR,ERR,ERR,ERR,ERR,ERR,ERR,ERR,ERR,ERR,ERR,ERR,ERR,ERR,ERR,ERR,ERR,ERR,ERR,ERR,ERR,ERR,ERR,ERR,ERR,ERR,ERR,ERR,ERR,ERR,ERR,ERR,ERR,ERR,ERR,ERR,ERR,ERR,ERR,ERR,ERR,ERR,ERR,ERR,ERR,ERR,ERR,ERR,ERR,ERR,ERR,ERR,ERR,2.7184260577004195e+23,-0.0,2.8364012726751064e+23,0.0,0.0,-1.560209463866352e+36,-589.063,0.0,0,0,4,0,7670,-0.0,41,0.0,0.0,0.0,0.0,0.0,0,0,0,0,0.0,0,0,0,0,0,0,0,0,0,0,0,0,0,0,0,0,0,0,0,0,0,0,0,0,0,0,0,0,0,0,0,0,0,23,41,40,63,65476,0,300,0,0,8,21553,0.0,-107605600.0,0.0,0.0,0.0,0.0,0.0,0.0,0.0,0.0,0.0,0.0,0.0,0.0,0.0,0.0,0.0,0.0,0.0,0.0,0.0,2.004,2.004,-0.0,-0.0,-2.004,0.0,0.0,0.0,0.0,1686.75,0.0,0.0,2.7184260577004195e+23,-0.0,-0.0,0.0,0.0,0.0,2.004,2.004,68,71.63,5.8479788318417524e+35,0.0,0.0,0.0,0.0,0.0,0.0,0.0,0,0,0,0.0,-5.619021096438036e+27,-5.770289676384328e+35,9.199777913314738e+26,-1.0983641783556869e+38,6.539255932339538e+21,-2166915858432.0,2.231448587401116e+24,7.508,0.0,-0.0,0.771,-0.0,3695567104.0,0.0,0.0,0,1.3516416376850534e+27,68,0.0,136,0.0,98688.258,0,13107,17071,52429,17091,0,17065,0,0,0,105,99,100,-0.0,50.8,0.0,61.45,-107615200.0,63.0,1,47,48,180,0,52429,0,0,0.0,0.0,0.0,0.0,0.0,66.0,0.0,8.174463276704376e+20,0.0,725,0,694,0,0,0,875,0,980,0,845,0,632,0,613,0,509,0,594,0.032,69544110456832.0,2.004,0.0,47504,16791,0.0,8.174463276704376e+20,1.0290998563876401e+26,-1.053438616399074e+33,-3.46337256705255e+18,-0.019,70.0,60.0,66,0.0,0.0,10.0,2.0,0.0,0.0,0.0,0.0,0.0,0.0,0.0,0.0,0.0,0.0,0.0,0.0,62.0,62,18,65518,45,65476,0,300,0,0,8,20529,65476,0,0,44564,60.0,0.0,10.0,10.0,2.0,0.0
2026-02-05T00:06:41,ERR,ERR,ERR,ERR,ERR,ERR,ERR,ERR,ERR,ERR,ERR,ERR,ERR,ERR,ERR,ERR,ERR,ERR,ERR,ERR,ERR,ERR,ERR,ERR,ERR,ERR,ERR,ERR,ERR,ERR,ERR,ERR,ERR,ERR,ERR,ERR,ERR,ERR,ERR,ERR,ERR,ERR,ERR,ERR,ERR,ERR,ERR,ERR,ERR,ERR,ERR,ERR,ERR,ERR,ERR,ERR,ERR,ERR,ERR,ERR,ERR,ERR,ERR,ERR,ERR,ERR,ERR,ERR,ERR,ERR,ERR,ERR,ERR,ERR,ERR,ERR,ERR,ERR,ERR,ERR,ERR,ERR,ERR,ERR,ERR,ERR,ERR,ERR,ERR,ERR,ERR,ERR,ERR,ERR,ERR,ERR,ERR,ERR,ERR,ERR,ERR,ERR,ERR,ERR,ERR,ERR,ERR,ERR,ERR,ERR,ERR,ERR,ERR,ERR,ERR,ERR,ERR,ERR,ERR,ERR,ERR,ERR,ERR,ERR,ERR,2.7184260577004195e+23,-0.0,2.8364012726751064e+23,0.0,0.0,-1.560209463866352e+36,-589.063,0.0,0,0,4,0,7670,-0.0,41,0.0,0.0,0.0,0.0,0.0,0,0,0,0,0.0,0,0,0,0,0,0,0,0,0,0,0,0,0,0,0,0,0,0,0,0,0,0,0,0,0,0,0,0,0,0,0,0,0,23,41,40,63,65476,0,300,0,0,8,21553,0.0,-107605600.0,0.0,0.0,0.0,0.0,0.0,0.0,0.0,0.0,0.0,0.0,0.0,0.0,0.0,0.0,0.0,0.0,0.0,0.0,0.0,2.004,2.004,-0.0,-0.0,-2.004,0.0,0.0,0.0,0.0,1686.75,0.0,0.0,2.7184260577004195e+23,-0.0,-0.0,0.0,0.0,0.0,2.004,2.004,68,71.63,5.8479788318417524e+35,0.0,0.0,0.0,0.0,0.0,0.0,0.0,0,0,0,0.0,-5.619021096438036e+27,-5.770289676384328e+35,9.199777913314738e+26,-1.0983641783556869e+38,6.539255932339538e+21,-2166915858432.0,2.231448587401116e+24,7.508,0.0,-0.0,0.771,-0.0,3695567104.0,0.0,0.0,0,1.3516416376850534e+27,68,0.0,136,0.0,98688.258,0,13107,17071,0,17092,0,17065,0,0,0,105,99,100,-0.0,50.8,0.0,61.45,-107615200.0,63.0,1,47,48,180,52429,52429,0,0,0.0,0.0,0.0,0.0,0.0,66.0,0.0,0.0,0.0,725,0,694,0,0,0,876,0,980,0,845,0,632,0,613,0,509,0,594,0.032,69818988363776.0,-0.0,-0.0,50064,16791,0.0,-0.0,-1.572572831219627e+28,-0.0,-0.0,-1.2398727858276567e+28,70.0,60.0,66,0.0,0.0,10.0,2.0,0.0,0.0,0.0,0.0,0.0,0.0,0.0,0.0,0.0,0.0,0.0,0.0,62.0,62,18,65518,45,65476,0,300,0,0,8,20529,65476,0,0,44564,60.0,0.0,10.0,10.0,2.0,0.0
2026-02-05T00:06:42,ERR,ERR,ERR,ERR,ERR,ERR,ERR,ERR,ERR,ERR,ERR,ERR,ERR,ERR,ERR,ERR,ERR,ERR,ERR,ERR,ERR,ERR,ERR,ERR,ERR,ERR,ERR,ERR,ERR,ERR,ERR,ERR,ERR,ERR,ERR,ERR,ERR,ERR,ERR,ERR,ERR,ERR,ERR,ERR,ERR,ERR,ERR,ERR,ERR,ERR,ERR,ERR,ERR,ERR,ERR,ERR,ERR,ERR,ERR,ERR,ERR,ERR,ERR,ERR,ERR,ERR,ERR,ERR,ERR,ERR,ERR,ERR,ERR,ERR,ERR,ERR,ERR,ERR,ERR,ERR,ERR,ERR,ERR,ERR,ERR,ERR,ERR,ERR,ERR,ERR,ERR,ERR,ERR,ERR,ERR,ERR,ERR,ERR,ERR,ERR,ERR,ERR,ERR,ERR,ERR,ERR,ERR,ERR,ERR,ERR,ERR,ERR,ERR,ERR,ERR,ERR,ERR,ERR,ERR,ERR,ERR,ERR,ERR,ERR,ERR,2.7184260577004195e+23,-0.0,2.8364012726751064e+23,0.0,0.0,-0.001,-0.0,0.0,0,0,4,0,7670,-0.0,41,0.0,0.0,0.0,0.0,0.0,0,0,0,0,0.0,0,0,0,0,0,0,0,0,0,0,0,0,0,0,0,0,0,0,0,0,0,0,0,0,0,0,0,0,0,0,0,0,0,23,41,40,63,65476,0,300,0,0,8,21553,0.0,-107605600.0,0.0,0.0,0.0,0.0,0.0,0.0,0.0,0.0,0.0,0.0,0.0,0.0,0.0,0.0,0.0,0.0,0.0,0.0,0.0,2.004,2.004,2.004,-0.0,-0.0,0.0,0.0,0.0,0.0,1680.0,0.0,0.0,2.7184260577004195e+23,-0.0,-0.0,2.7184312818759872e+23,0.0,0.0,2.004,2.004,68,152018320621568.0,2.7183824628560265e+23,0.0,0.0,0.0,0.0,0.0,0.0,0.0,0,0,0,0.0,0.0,-1.8382300079627688e+33,-1.477084226494336e+38,-2.330526697206431e+37,0.0,816178.0,-1.7469624143389394e+33,-22.158,0.0,-0.0,0.771,-0.0,3712344320.0,0.0,-68.122,0,1.3516416376850534e+27,68,0.0,136,0.0,98688.258,0,13107,17071,0,17092,0,17065,0,0,0,105,99,100,-0.0,50.8,0.0,61.45,-107615200.0,63.0,1,47,48,180,52429,52429,0,0,0.0,0.0,0.0,0.0,0.0,66.0,0.0,0.0,0.0,725,0,694,0,0,0,876,0,980,0,845,0,632,0,613,0,509,0,594,0.032,69818988363776.0,-0.0,-0.0,50064,16791,0.0,-0.0,-1.572572831219627e+28,-0.0,-0.0,-1.2398727858276567e+28,70.0,60.0,66,0.0,0.0,10.0,2.0,0.0,0.0,0.0,0.0,0.0,0.0,0.0,0.0,0.0,0.0,0.0,0.0,62.0,62,18,65518,45,65476,0,300,0,0,8,20529,65476,0,0,44564,60.0,0.0,10.0,10.0,2.0,0.0
2026-02-05T00:06:43,ERR,ERR,ERR,ERR,ERR,ERR,ERR,ERR,ERR,ERR,ERR,ERR,ERR,ERR,ERR,ERR,ERR,ERR,ERR,ERR,ERR,ERR,ERR,ERR,ERR,ERR,ERR,ERR,ERR,ERR,ERR,ERR,ERR,ERR,ERR,ERR,ERR,ERR,ERR,ERR,ERR,ERR,ERR,ERR,ERR,ERR,ERR,ERR,ERR,ERR,ERR,ERR,ERR,ERR,ERR,ERR,ERR,ERR,ERR,ERR,ERR,ERR,ERR,ERR,ERR,ERR,ERR,ERR,ERR,ERR,ERR,ERR,ERR,ERR,ERR,ERR,ERR,ERR,ERR,ERR,ERR,ERR,ERR,ERR,ERR,ERR,ERR,ERR,ERR,ERR,ERR,ERR,ERR,ERR,ERR,ERR,ERR,ERR,ERR,ERR,ERR,ERR,ERR,ERR,ERR,ERR,ERR,ERR,ERR,ERR,ERR,ERR,ERR,ERR,ERR,ERR,ERR,ERR,ERR,ERR,ERR,ERR,ERR,ERR,ERR,2.7184260577004195e+23,-0.0,2.8364012726751064e+23,0.0,0.0,-0.001,-0.0,0.0,0,0,4,0,7670,-0.0,41,0.0,0.0,0.0,0.0,0.0,0,0,0,0,0.0,0,0,0,0,0,0,0,0,0,0,0,0,0,0,0,0,0,0,0,0,0,0,0,0,0,0,0,0,0,0,0,0,0,23,41,40,63,65476,0,300,0,0,8,21553,0.0,-107605600.0,0.0,0.0,0.0,0.0,0.0,0.0,0.0,0.0,0.0,0.0,0.0,0.0,0.0,0.0,0.0,0.0,0.0,0.0,0.0,2.004,2.004,2.004,-0.0,-0.0,0.0,0.0,0.0,0.0,1680.0,0.0,0.0,2.7184260577004195e+23,-0.0,-0.0,2.7184312818759872e+23,0.0,0.0,2.004,2.004,68,152018320621568.0,2.7183824628560265e+23,0.0,0.0,0.0,0.0,0.0,0.0,0.0,0,0,0,0.0,0.0,-1.8382300079627688e+33,-1.477084226494336e+38,-2.330526697206431e+37,0.0,816178.0,-1.7469624143389394e+33,-22.158,0.0,-0.0,0.771,-0.0,3712344320.0,0.0,-68.122,0,1.3516416376850534e+27,68,0.0,136,0.0,98688.258,0,13107,17071,0,17092,0,17065,0,0,0,105,99,100,-0.0,50.8,0.0,61.45,-107615200.0,63.0,1,47,48,180,52429,52429,0,0,0.0,0.0,0.0,0.0,0.0,66.0,0.0,0.0,0.0,725,0,694,0,0,0,876,0,980,0,845,0,632,0,613,0,509,0,594,0.032,69818988363776.0,-0.0,-0.0,50064,16791,0.0,-0.0,-1.572572831219627e+28,-0.0,-0.0,-1.2398727858276567e+28,70.0,60.0,66,0.0,0.0,10.0,2.0,0.0,0.0,0.0,0.0,0.0,0.0,0.0,0.0,0.0,0.0,0.0,0.0,62.0,62,18,65518,45,65476,0,300,0,0,8,20529,65476,0,0,44564,60.0,0.0,10.0,10.0,2.0,0.0
2026-02-05T00:06:44,ERR,ERR,ERR,ERR,ERR,ERR,ERR,ERR,ERR,ERR,ERR,ERR,ERR,ERR,ERR,ERR,ERR,ERR,ERR,ERR,ERR,ERR,ERR,ERR,ERR,ERR,ERR,ERR,ERR,ERR,ERR,ERR,ERR,ERR,ERR,ERR,ERR,ERR,ERR,ERR,ERR,ERR,ERR,ERR,ERR,ERR,ERR,ERR,ERR,ERR,ERR,ERR,ERR,ERR,ERR,ERR,ERR,ERR,ERR,ERR,ERR,ERR,ERR,ERR,ERR,ERR,ERR,ERR,ERR,ERR,ERR,ERR,ERR,ERR,ERR,ERR,ERR,ERR,ERR,ERR,ERR,ERR,ERR,ERR,ERR,ERR,ERR,ERR,ERR,ERR,ERR,ERR,ERR,ERR,ERR,ERR,ERR,ERR,ERR,ERR,ERR,ERR,ERR,ERR,ERR,ERR,ERR,ERR,ERR,ERR,ERR,ERR,ERR,ERR,ERR,ERR,ERR,ERR,ERR,ERR,ERR,ERR,ERR,ERR,ERR,2.7184260577004195e+23,-0.0,2.8364012726751064e+23,0.0,0.0,-0.001,-0.0,0.0,0,0,4,0,7670,-0.0,41,0.0,0.0,0.0,0.0,0.0,0,0,0,0,0.0,0,0,0,0,0,0,0,0,0,0,0,0,0,0,0,0,0,0,0,0,0,0,0,0,0,0,0,0,0,0,0,0,0,23,41,40,63,65476,0,300,0,0,8,21553,0.0,-107605600.0,0.0,0.0,0.0,0.0,0.0,0.0,0.0,0.0,0.0,0.0,0.0,0.0,0.0,0.0,0.0,0.0,0.0,0.0,0.0,2.004,2.004,2.004,-0.0,-0.0,0.0,0.0,0.0,0.0,1680.0,0.0,0.0,2.7184260577004195e+23,-0.0,-0.0,2.7184312818759872e+23,0.0,0.0,2.004,2.004,68,152018320621568.0,2.7183824628560265e+23,0.0,0.0,0.0,0.0,0.0,0.0,0.0,0,0,0,0.0,0.0,-1.8382300079627688e+33,-1.477084226494336e+38,-2.330526697206431e+37,0.0,816178.0,-1.7469624143389394e+33,-22.158,0.0,-0.0,0.771,-0.0,3712344320.0,0.0,-68.122,0,1.3516416376850534e+27,68,0.0,136,0.0,98688.258,0,13107,17071,0,17092,0,17065,0,0,0,105,99,100,-0.0,50.8,0.0,61.45,-107615200.0,63.0,1,47,48,180,52429,52429,0,0,0.0,0.0,0.0,0.0,0.0,66.0,0.0,0.0,0.0,725,0,694,0,0,0,876,0,980,0,845,0,632,0,613,0,509,0,594,0.032,69818988363776.0,-0.0,-0.0,50064,16791,0.0,-0.0,-1.572572831219627e+28,-0.0,-0.0,-1.2398727858276567e+28,70.0,60.0,66,0.0,0.0,10.0,2.0,0.0,0.0,0.0,0.0,0.0,0.0,0.0,0.0,0.0,0.0,0.0,0.0,62.4,62,18,65518,45,65476,0,300,0,0,8,20529,65476,0,0,44564,60.0,0.0,10.0,10.0,2.0,0.0
2026-02-05T00:06:45,ERR,ERR,ERR,ERR,ERR,ERR,ERR,ERR,ERR,ERR,ERR,ERR,ERR,ERR,ERR,ERR,ERR,ERR,ERR,ERR,ERR,ERR,ERR,ERR,ERR,ERR,ERR,ERR,ERR,ERR,ERR,ERR,ERR,ERR,ERR,ERR,ERR,ERR,ERR,ERR,ERR,ERR,ERR,ERR,ERR,ERR,ERR,ERR,ERR,ERR,ERR,ERR,ERR,ERR,ERR,ERR,ERR,ERR,ERR,ERR,ERR,ERR,ERR,ERR,ERR,ERR,ERR,ERR,ERR,ERR,ERR,ERR,ERR,ERR,ERR,ERR,ERR,ERR,ERR,ERR,ERR,ERR,ERR,ERR,ERR,ERR,ERR,ERR,ERR,ERR,ERR,ERR,ERR,ERR,ERR,ERR,ERR,ERR,ERR,ERR,ERR,ERR,ERR,ERR,ERR,ERR,ERR,ERR,ERR,ERR,ERR,ERR,ERR,ERR,ERR,ERR,ERR,ERR,ERR,ERR,ERR,ERR,ERR,ERR,ERR,2.7184260577004195e+23,-0.0,2.8364012726751064e+23,0.0,0.0,-0.001,-0.0,0.0,0,0,4,0,7670,-0.0,41,0.0,0.0,0.0,0.0,0.0,0,0,0,0,0.0,0,0,0,0,0,0,0,0,0,0,0,0,0,0,0,0,0,0,0,0,0,0,0,0,0,0,0,0,0,0,0,0,0,23,41,40,63,65476,0,300,0,0,8,21553,0.0,-107605600.0,0.0,0.0,0.0,0.0,0.0,0.0,0.0,0.0,0.0,0.0,0.0,0.0,0.0,0.0,0.0,0.0,0.0,0.0,0.0,2.004,2.004,2.004,-0.0,-0.0,0.0,0.0,0.0,0.0,1680.0,0.0,0.0,2.7184260577004195e+23,-0.0,-0.0,2.7184312818759872e+23,0.0,0.0,2.004,2.004,68,152018320621568.0,2.7183824628560265e+23,0.0,0.0,0.0,0.0,0.0,0.0,0.0,0,0,0,0.0,0.0,-1.8382300079627688e+33,-1.477084226494336e+38,-2.330526697206431e+37,0.0,816178.0,-1.7469624143389394e+33,-22.158,0.0,-0.0,0.771,-0.0,3712344320.0,0.0,-68.122,0,1.3516416376850534e+27,68,0.0,136,0.0,98688.258,0,13107,17071,0,17092,0,17065,0,0,0,105,99,100,-0.0,50.8,0.0,61.45,-107615200.0,63.0,1,47,48,180,52429,52429,0,0,0.0,0.0,0.0,0.0,0.002,66.0,0.0,2.627594602092617e+29,0.0,724,0,694,0,0,0,875,0,979,0,845,0,632,0,613,0,509,0,595,0.032,69818988363776.0,-0.0,-0.0,40592,16791,12.891,2.778044438091429e+30,-9.114177688231957e+24,-0.0,-0.0,-7.284240932339203e+23,70.0,60.0,66,0.0,0.0,10.0,2.0,0.0,0.0,0.0,0.0,0.0,0.0,0.0,0.0,0.0,0.0,0.0,0.0,62.4,62,18,65518,45,65476,0,300,0,0,8,20529,65476,0,0,44564,60.0,0.0,10.0,10.0,2.0,0.0
2026-02-05T00:06:46,ERR,ERR,ERR,ERR,ERR,ERR,ERR,ERR,ERR,ERR,ERR,ERR,ERR,ERR,ERR,ERR,ERR,ERR,ERR,ERR,ERR,ERR,ERR,ERR,ERR,ERR,ERR,ERR,ERR,ERR,ERR,ERR,ERR,ERR,ERR,ERR,ERR,ERR,ERR,ERR,ERR,ERR,ERR,ERR,ERR,ERR,ERR,ERR,ERR,ERR,ERR,ERR,ERR,ERR,ERR,ERR,ERR,ERR,ERR,ERR,ERR,ERR,ERR,ERR,ERR,ERR,ERR,ERR,ERR,ERR,ERR,ERR,ERR,ERR,ERR,ERR,ERR,ERR,ERR,ERR,ERR,ERR,ERR,ERR,ERR,ERR,ERR,ERR,ERR,ERR,ERR,ERR,ERR,ERR,ERR,ERR,ERR,ERR,ERR,ERR,ERR,ERR,ERR,ERR,ERR,ERR,ERR,ERR,ERR,ERR,ERR,ERR,ERR,ERR,ERR,ERR,ERR,ERR,ERR,ERR,ERR,ERR,ERR,ERR,ERR,2.7184260577004195e+23,-0.0,2.8364012726751064e+23,0.0,0.0,-0.001,-0.0,0.0,0,0,4,0,7670,-0.0,41,0.0,0.0,0.0,0.0,0.0,0,0,0,0,0.0,0,0,0,0,0,0,0,0,0,0,0,0,0,0,0,0,0,0,0,0,0,0,0,0,0,0,0,0,0,0,0,0,0,23,41,40,63,65476,0,300,0,0,8,21553,0.0,-107605600.0,0.0,0.0,0.0,0.0,0.0,0.0,0.0,0.0,0.0,0.0,0.0,0.0,0.0,0.0,0.0,0.0,0.0,0.0,0.0,2.004,2.004,2.004,-0.0,-0.0,0.0,0.0,0.0,0.0,1680.0,0.0,0.0,2.7184260577004195e+23,-0.0,-0.0,2.7184312818759872e+23,0.0,0.0,2.004,2.004,68,152018320621568.0,2.7183824628560265e+23,0.0,0.0,0.0,0.0,0.0,0.0,0.0,0,0,0,0.0,0.0,-1.8382300079627688e+33,-1.477084226494336e+38,-2.330526697206431e+37,0.0,816178.0,-1.7469624143389394e+33,-22.158,0.0,-0.0,0.771,-0.0,3712344320.0,0.0,-68.122,0,1.3516416376850534e+27,68,0.0,136,0.0,98688.258,0,13107,17071,0,17092,0,17065,0,0,0,105,99,100,-0.0,50.8,0.0,61.45,-107615200.0,63.0,1,47,48,180,52429,52429,0,0,0.0,0.0,0.0,0.0,0.002,66.0,0.0,2.627594602092617e+29,0.0,724,0,694,0,0,0,875,0,979,0,845,0,632,0,613,0,509,0,595,0.032,69818988363776.0,-0.0,-0.0,40592,16791,12.891,2.778044438091429e+30,-9.114177688231957e+24,-0.0,-0.0,-7.284240932339203e+23,70.0,60.0,66,0.0,0.0,10.0,2.0,0.0,0.0,0.0,0.0,0.0,0.0,0.0,0.0,0.0,0.0,0.0,0.0,62.0,62,18,65518,45,65476,0,300,0,0,8,20529,65476,0,0,44564,60.0,0.0,10.0,10.0,2.0,0.0
2026-02-05T00:06:47,ERR,ERR,ERR,ERR,ERR,ERR,ERR,ERR,ERR,ERR,ERR,ERR,ERR,ERR,ERR,ERR,ERR,ERR,ERR,ERR,ERR,ERR,ERR,ERR,ERR,ERR,ERR,ERR,ERR,ERR,ERR,ERR,ERR,ERR,ERR,ERR,ERR,ERR,ERR,ERR,ERR,ERR,ERR,ERR,ERR,ERR,ERR,ERR,ERR,ERR,ERR,ERR,ERR,ERR,ERR,ERR,ERR,ERR,ERR,ERR,ERR,ERR,ERR,ERR,ERR,ERR,ERR,ERR,ERR,ERR,ERR,ERR,ERR,ERR,ERR,ERR,ERR,ERR,ERR,ERR,ERR,ERR,ERR,ERR,ERR,ERR,ERR,ERR,ERR,ERR,ERR,ERR,ERR,ERR,ERR,ERR,ERR,ERR,ERR,ERR,ERR,ERR,ERR,ERR,ERR,ERR,ERR,ERR,ERR,ERR,ERR,ERR,ERR,ERR,ERR,ERR,ERR,ERR,ERR,ERR,ERR,ERR,ERR,ERR,ERR,2.7184260577004195e+23,-0.0,2.8364012726751064e+23,0.0,0.0,-0.001,-0.0,0.0,0,0,4,0,7670,-0.0,41,0.0,0.0,0.0,0.0,0.0,0,0,0,0,0.0,0,0,0,0,0,0,0,0,0,0,0,0,0,0,0,0,0,0,0,0,0,0,0,0,0,0,0,0,0,0,0,0,0,23,41,40,63,65476,0,300,0,0,8,21553,0.0,-107605600.0,0.0,0.0,0.0,0.0,0.0,0.0,0.0,0.0,0.0,0.0,0.0,0.0,0.0,0.0,0.0,0.0,0.0,0.0,0.0,2.004,2.004,2.004,-0.0,-0.0,0.0,0.0,0.0,0.0,1680.0,0.0,0.0,2.7184260577004195e+23,-0.0,-0.0,2.7184312818759872e+23,0.0,0.0,2.004,2.004,68,152018320621568.0,2.7183824628560265e+23,0.0,0.0,0.0,0.0,0.0,0.0,0.0,0,0,0,0.0,0.0,-1.8382300079627688e+33,-1.477084226494336e+38,-2.330526697206431e+37,0.0,816178.0,-1.7469624143389394e+33,-22.158,0.0,-0.0,0.771,-0.0,3712344320.0,0.0,-68.122,0,1.3516416376850534e+27,68,0.0,136,0.0,98688.258,0,13107,17071,0,17092,0,17065,0,0,0,105,99,100,-0.0,50.8,0.0,61.45,-107615200.0,63.0,1,47,48,180,52429,52429,0,0,0.0,0.0,0.0,0.0,0.002,66.0,0.0,2.627594602092617e+29,0.0,724,0,694,0,0,0,875,0,979,0,845,0,632,0,613,0,509,0,595,0.032,69818988363776.0,-0.0,-0.0,40592,16791,12.891,2.778044438091429e+30,-9.114177688231957e+24,-0.0,-0.0,-7.284240932339203e+23,70.0,60.0,66,0.0,0.0,10.0,2.0,0.0,0.0,0.0,0.0,0.0,0.0,0.0,0.0,0.0,0.0,0.0,0.0,62.0,62,18,65518,45,65476,0,300,0,0,8,20529,65476,0,0,44564,60.0,0.0,10.0,10.0,2.0,0.0
2026-02-05T00:06:48,ERR,ERR,ERR,ERR,ERR,ERR,ERR,ERR,ERR,ERR,ERR,ERR,ERR,ERR,ERR,ERR,ERR,ERR,ERR,ERR,ERR,ERR,ERR,ERR,ERR,ERR,ERR,ERR,ERR,ERR,ERR,ERR,ERR,ERR,ERR,ERR,ERR,ERR,ERR,ERR,ERR,ERR,ERR,ERR,ERR,ERR,ERR,ERR,ERR,ERR,ERR,ERR,ERR,ERR,ERR,ERR,ERR,ERR,ERR,ERR,ERR,ERR,ERR,ERR,ERR,ERR,ERR,ERR,ERR,ERR,ERR,ERR,ERR,ERR,ERR,ERR,ERR,ERR,ERR,ERR,ERR,ERR,ERR,ERR,ERR,ERR,ERR,ERR,ERR,ERR,ERR,ERR,ERR,ERR,ERR,ERR,ERR,ERR,ERR,ERR,ERR,ERR,ERR,ERR,ERR,ERR,ERR,ERR,ERR,ERR,ERR,ERR,ERR,ERR,ERR,ERR,ERR,ERR,ERR,ERR,ERR,ERR,ERR,ERR,ERR,2.7184260577004195e+23,-0.0,2.8364012726751064e+23,0.0,0.0,-235135536.0,8.408712552549224e+30,0.0,0,0,4,0,7670,-0.0,41,0.0,0.0,0.0,0.0,0.0,0,0,0,0,0.0,0,0,0,0,0,0,0,0,0,0,0,0,0,0,0,0,0,0,0,0,0,0,0,0,0,0,0,0,0,0,0,0,0,23,41,40,63,65476,0,300,0,0,8,21553,0.0,-107605600.0,0.0,0.0,0.0,0.0,0.0,0.0,0.0,0.0,0.0,0.0,0.0,0.0,0.0,0.0,0.0,0.0,0.0,0.0,0.0,2.004,2.004,2.004,-0.0,-2.004,0.0,0.0,0.0,0.0,1686.75,0.0,0.0,2.7184260577004195e+23,-0.0,-0.0,0.0,0.0,0.0,2.004,2.004,68,71.63,5.8479788318417524e+35,0.0,0.0,0.0,0.0,0.0,0.0,0.0,0,0,0,0.0,-2.055062878713335e+20,-2.9145114744352283e+38,0.0,0.0,-2089474588672.0,8.404156709324456e+18,-2.405717598552191e+34,-0.0,0.0,-0.0,0.775,-0.0,3729121536.0,0.0,0.0,0,1.3516416376850534e+27,68,0.0,136,0.0,98688.258,0,13107,17071,0,17092,0,17065,0,0,0,105,99,100,-0.0,50.8,0.0,61.45,-107615200.0,63.0,1,47,48,180,52429,52429,0,0,0.0,0.0,0.0,0.0,0.002,66.0,0.0,2.627594602092617e+29,0.0,724,0,694,0,0,0,875,0,979,0,845,0,632,0,613,0,509,0,595,0.032,69818988363776.0,-0.0,-0.0,40592,16791,12.891,2.778044438091429e+30,-9.114177688231957e+24,-0.0,-0.0,-7.284240932339203e+23,70.0,60.0,66,0.0,0.0,10.0,2.0,0.0,0.0,0.0,0.0,0.0,0.0,0.0,0.0,0.0,0.0,0.0,0.0,62.4,62,18,65518,45,65476,0,300,0,0,8,20529,65476,0,0,44564,60.0,0.0,10.0,10.0,2.0,0.0
2026-02-05T00:06:49,ERR,ERR,ERR,ERR,ERR,ERR,ERR,ERR,ERR,ERR,ERR,ERR,ERR,ERR,ERR,ERR,ERR,ERR,ERR,ERR,ERR,ERR,ERR,ERR,ERR,ERR,ERR,ERR,ERR,ERR,ERR,ERR,ERR,ERR,ERR,ERR,ERR,ERR,ERR,ERR,ERR,ERR,ERR,ERR,ERR,ERR,ERR,ERR,ERR,ERR,ERR,ERR,ERR,ERR,ERR,ERR,ERR,ERR,ERR,ERR,ERR,ERR,ERR,ERR,ERR,ERR,ERR,ERR,ERR,ERR,ERR,ERR,ERR,ERR,ERR,ERR,ERR,ERR,ERR,ERR,ERR,ERR,ERR,ERR,ERR,ERR,ERR,ERR,ERR,ERR,ERR,ERR,ERR,ERR,ERR,ERR,ERR,ERR,ERR,ERR,ERR,ERR,ERR,ERR,ERR,ERR,ERR,ERR,ERR,ERR,ERR,ERR,ERR,ERR,ERR,ERR,ERR,ERR,ERR,ERR,ERR,ERR,ERR,ERR,ERR,2.7184260577004195e+23,-0.0,2.8364012726751064e+23,0.0,0.0,-235135536.0,8.408712552549224e+30,0.0,0,0,4,0,7670,-0.0,41,0.0,0.0,0.0,0.0,0.0,0,0,0,0,0.0,0,0,0,0,0,0,0,0,0,0,0,0,0,0,0,0,0,0,0,0,0,0,0,0,0,0,0,0,0,0,0,0,0,23,41,40,63,65476,0,300,0,0,8,21553,0.0,-107605600.0,0.0,0.0,0.0,0.0,0.0,0.0,0.0,0.0,0.0,0.0,0.0,0.0,0.0,0.0,0.0,0.0,0.0,0.0,0.0,2.004,2.004,2.004,-0.0,-2.004,0.0,0.0,0.0,0.0,1686.75,0.0,0.0,2.7184260577004195e+23,-0.0,-0.0,0.0,0.0,0.0,2.004,2.004,68,71.63,5.8479788318417524e+35,0.0,0.0,0.0,0.0,0.0,0.0,0.0,0,0,0,0.0,-2.055062878713335e+20,-2.9145114744352283e+38,0.0,0.0,-2089474588672.0,8.404156709324456e+18,-2.405717598552191e+34,-0.0,0.0,-0.0,0.775,-0.0,3729121536.0,0.0,0.0,0,1.3516416376850534e+27,68,0.0,136,0.0,98688.258,0,0,17071,52429,17091,0,17065,0,0,0,105,99,100,-0.0,50.8,0.0,61.45,-107615200.0,63.0,1,47,48,180,0,52429,0,0,0.0,0.0,0.0,0.0,0.0,66.0,0.0,20768.691,0.0,724,0,694,0,0,0,875,0,979,0,845,0,632,0,613,0,509,0,595,0.032,69544110456832.0,-2.004,0.0,35984,16791,0.0,20768.691,-0.0,-2.8998033604737444e+32,0.0,-0.0,70.0,60.0,66,0.0,0.0,10.0,2.0,0.0,0.0,0.0,0.0,0.0,0.0,0.0,0.0,0.0,0.0,0.0,0.0,62.4,62,18,65518,45,65476,0,300,0,0,8,20529,65476,0,0,44564,60.0,0.0,10.0,10.0,2.0,0.0
2026-02-05T00:06:50,ERR,ERR,ERR,ERR,ERR,ERR,ERR,ERR,ERR,ERR,ERR,ERR,ERR,ERR,ERR,ERR,ERR,ERR,ERR,ERR,ERR,ERR,ERR,ERR,ERR,ERR,ERR,ERR,ERR,ERR,ERR,ERR,ERR,ERR,ERR,ERR,ERR,ERR,ERR,ERR,ERR,ERR,ERR,ERR,ERR,ERR,ERR,ERR,ERR,ERR,ERR,ERR,ERR,ERR,ERR,ERR,ERR,ERR,ERR,ERR,ERR,ERR,ERR,ERR,ERR,ERR,ERR,ERR,ERR,ERR,ERR,ERR,ERR,ERR,ERR,ERR,ERR,ERR,ERR,ERR,ERR,ERR,ERR,ERR,ERR,ERR,ERR,ERR,ERR,ERR,ERR,ERR,ERR,ERR,ERR,ERR,ERR,ERR,ERR,ERR,ERR,ERR,ERR,ERR,ERR,ERR,ERR,ERR,ERR,ERR,ERR,ERR,ERR,ERR,ERR,ERR,ERR,ERR,ERR,ERR,ERR,ERR,ERR,ERR,ERR,2.7184260577004195e+23,-0.0,2.8364012726751064e+23,0.0,0.0,-235135536.0,8.408712552549224e+30,0.0,0,0,4,0,7670,-0.0,41,0.0,0.0,0.0,0.0,0.0,0,0,0,0,0.0,0,0,0,0,0,0,0,0,0,0,0,0,0,0,0,0,0,0,0,0,0,0,0,0,0,0,0,0,0,0,0,0,0,23,41,40,63,65476,0,300,0,0,8,21553,0.0,-107605600.0,0.0,0.0,0.0,0.0,0.0,0.0,0.0,0.0,0.0,0.0,0.0,0.0,0.0,0.0,0.0,0.0,0.0,0.0,0.0,2.004,2.004,2.004,-0.0,-2.004,0.0,0.0,0.0,0.0,1686.75,0.0,0.0,2.7184260577004195e+23,-0.0,-0.0,0.0,0.0,0.0,2.004,2.004,68,71.63,5.8479788318417524e+35,0.0,0.0,0.0,0.0,0.0,0.0,0.0,0,0,0,0.0,-2.055062878713335e+20,-2.9145114744352283e+38,0.0,0.0,-2089474588672.0,8.404156709324456e+18,-2.405717598552191e+34,-0.0,0.0,-0.0,0.775,-0.0,3729121536.0,0.0,0.0,0,1.3516416376850534e+27,68,0.0,136,0.0,98688.258,0,0,17071,52429,17091,0,17065,0,0,0,105,99,100,-0.0,50.8,0.0,61.45,-107615200.0,63.0,1,47,48,180,0,52429,0,0,0.0,0.0,0.0,0.0,0.0,66.0,0.0,20768.691,0.0,724,0,694,0,0,0,875,0,979,0,845,0,632,0,613,0,509,0,595,0.032,69544110456832.0,-2.004,0.0,35984,16791,0.0,20768.691,-0.0,-2.8998033604737444e+32,0.0,-0.0,70.0,60.0,66,0.0,0.0,10.0,2.0,0.0,0.0,0.0,0.0,0.0,0.0,0.0,0.0,0.0,0.0,0.0,0.0,62.0,62,18,65518,45,65476,0,300,0,0,8,20529,65476,0,0,44564,60.0,0.0,10.0,10.0,2.0,0.0
2026-02-05T00:06:51,ERR,ERR,ERR,ERR,ERR,ERR,ERR,ERR,ERR,ERR,ERR,ERR,ERR,ERR,ERR,ERR,ERR,ERR,ERR,ERR,ERR,ERR,ERR,ERR,ERR,ERR,ERR,ERR,ERR,ERR,ERR,ERR,ERR,ERR,ERR,ERR,ERR,ERR,ERR,ERR,ERR,ERR,ERR,ERR,ERR,ERR,ERR,ERR,ERR,ERR,ERR,ERR,ERR,ERR,ERR,ERR,ERR,ERR,ERR,ERR,ERR,ERR,ERR,ERR,ERR,ERR,ERR,ERR,ERR,ERR,ERR,ERR,ERR,ERR,ERR,ERR,ERR,ERR,ERR,ERR,ERR,ERR,ERR,ERR,ERR,ERR,ERR,ERR,ERR,ERR,ERR,ERR,ERR,ERR,ERR,ERR,ERR,ERR,ERR,ERR,ERR,ERR,ERR,ERR,ERR,ERR,ERR,ERR,ERR,ERR,ERR,ERR,ERR,ERR,ERR,ERR,ERR,ERR,ERR,ERR,ERR,ERR,ERR,ERR,ERR,2.7184260577004195e+23,-0.0,2.8364012726751064e+23,0.0,0.0,-235135536.0,8.408712552549224e+30,0.0,0,0,4,0,7670,-0.0,41,0.0,0.0,0.0,0.0,0.0,0,0,0,0,0.0,0,0,0,0,0,0,0,0,0,0,0,0,0,0,0,0,0,0,0,0,0,0,0,0,0,0,0,0,0,0,0,0,0,23,41,40,63,65476,0,300,0,0,8,21553,0.0,-107605600.0,0.0,0.0,0.0,0.0,0.0,0.0,0.0,0.0,0.0,0.0,0.0,0.0,0.0,0.0,0.0,0.0,0.0,0.0,0.0,2.004,2.004,2.004,-0.0,-2.004,0.0,0.0,0.0,0.0,1686.75,0.0,0.0,2.7184260577004195e+23,-0.0,-0.0,0.0,0.0,0.0,2.004,2.004,68,71.63,5.8479788318417524e+35,0.0,0.0,0.0,0.0,0.0,0.0,0.0,0,0,0,0.0,-2.055062878713335e+20,-2.9145114744352283e+38,0.0,0.0,-2089474588672.0,8.404156709324456e+18,-2.405717598552191e+34,-0.0,0.0,-0.0,0.775,-0.0,3729121536.0,0.0,0.0,0,1.3516416376850534e+27,68,0.0,136,0.0,98688.258,0,0,17071,52429,17091,0,17065,0,0,0,105,99,100,-0.0,50.8,0.0,61.45,-107615200.0,63.0,1,47,48,180,0,52429,0,0,0.0,0.0,0.0,0.0,0.0,66.0,0.0,20768.691,0.0,724,0,694,0,0,0,875,0,979,0,845,0,632,0,613,0,509,0,595,0.032,69544110456832.0,-2.004,0.0,35984,16791,0.0,20768.691,-0.0,-2.8998033604737444e+32,0.0,-0.0,70.0,60.0,66,0.0,0.0,10.0,2.0,0.0,0.0,0.0,0.0,0.0,0.0,0.0,0.0,0.0,0.0,0.0,0.0,62.0,62,18,65518,45,65476,0,300,0,0,8,20529,65476,0,0,44564,60.0,0.0,10.0,10.0,2.0,0.0
2026-02-05T00:06:52,ERR,ERR,ERR,ERR,ERR,ERR,ERR,ERR,ERR,ERR,ERR,ERR,ERR,ERR,ERR,ERR,ERR,ERR,ERR,ERR,ERR,ERR,ERR,ERR,ERR,ERR,ERR,ERR,ERR,ERR,ERR,ERR,ERR,ERR,ERR,ERR,ERR,ERR,ERR,ERR,ERR,ERR,ERR,ERR,ERR,ERR,ERR,ERR,ERR,ERR,ERR,ERR,ERR,ERR,ERR,ERR,ERR,ERR,ERR,ERR,ERR,ERR,ERR,ERR,ERR,ERR,ERR,ERR,ERR,ERR,ERR,ERR,ERR,ERR,ERR,ERR,ERR,ERR,ERR,ERR,ERR,ERR,ERR,ERR,ERR,ERR,ERR,ERR,ERR,ERR,ERR,ERR,ERR,ERR,ERR,ERR,ERR,ERR,ERR,ERR,ERR,ERR,ERR,ERR,ERR,ERR,ERR,ERR,ERR,ERR,ERR,ERR,ERR,ERR,ERR,ERR,ERR,ERR,ERR,ERR,ERR,ERR,ERR,ERR,ERR,2.7184260577004195e+23,-0.0,2.8364012726751064e+23,0.0,0.0,-235135536.0,8.408712552549224e+30,0.0,0,0,4,0,7670,-0.0,41,0.0,0.0,0.0,0.0,0.0,0,0,0,0,0.0,0,0,0,0,0,0,0,0,0,0,0,0,0,0,0,0,0,0,0,0,0,0,0,0,0,0,0,0,0,0,0,0,0,23,41,40,63,65476,0,300,0,0,8,21553,0.0,-107605600.0,0.0,0.0,0.0,0.0,0.0,0.0,0.0,0.0,0.0,0.0,0.0,0.0,0.0,0.0,0.0,0.0,0.0,0.0,0.0,2.004,2.004,2.004,-0.0,-2.004,0.0,0.0,0.0,0.0,1686.75,0.0,0.0,2.7184260577004195e+23,-0.0,-0.0,0.0,0.0,0.0,2.004,2.004,68,71.63,5.8479788318417524e+35,0.0,0.0,0.0,0.0,0.0,0.0,0.0,0,0,0,0.0,-2.055062878713335e+20,-2.9145114744352283e+38,0.0,0.0,-2089474588672.0,8.404156709324456e+18,-2.405717598552191e+34,-0.0,0.0,-0.0,0.775,-0.0,3729121536.0,0.0,0.0,0,1.3516416376850534e+27,68,0.0,136,0.0,98688.258,0,0,17071,52429,17091,0,17065,0,0,0,105,99,100,-0.0,50.8,0.0,61.45,-107615200.0,63.0,1,47,48,180,0,52429,0,0,0.0,0.0,0.0,0.0,0.0,66.0,0.0,20768.691,0.0,724,0,694,0,0,0,875,0,979,0,845,0,632,0,613,0,509,0,595,0.032,69544110456832.0,-2.004,0.0,35984,16791,0.0,20768.691,-0.0,-2.8998033604737444e+32,0.0,-0.0,70.0,60.0,66,0.0,0.0,10.0,2.0,0.0,0.0,0.0,0.0,0.0,0.0,0.0,0.0,0.0,0.0,0.0,0.0,62.4,62,18,65518,45,65476,0,300,0,0,8,20529,65476,0,0,44564,60.0,0.0,10.0,10.0,2.0,0.0
2026-02-05T00:06:53,ERR,ERR,ERR,ERR,ERR,ERR,ERR,ERR,ERR,ERR,ERR,ERR,ERR,ERR,ERR,ERR,ERR,ERR,ERR,ERR,ERR,ERR,ERR,ERR,ERR,ERR,ERR,ERR,ERR,ERR,ERR,ERR,ERR,ERR,ERR,ERR,ERR,ERR,ERR,ERR,ERR,ERR,ERR,ERR,ERR,ERR,ERR,ERR,ERR,ERR,ERR,ERR,ERR,ERR,ERR,ERR,ERR,ERR,ERR,ERR,ERR,ERR,ERR,ERR,ERR,ERR,ERR,ERR,ERR,ERR,ERR,ERR,ERR,ERR,ERR,ERR,ERR,ERR,ERR,ERR,ERR,ERR,ERR,ERR,ERR,ERR,ERR,ERR,ERR,ERR,ERR,ERR,ERR,ERR,ERR,ERR,ERR,ERR,ERR,ERR,ERR,ERR,ERR,ERR,ERR,ERR,ERR,ERR,ERR,ERR,ERR,ERR,ERR,ERR,ERR,ERR,ERR,ERR,ERR,ERR,ERR,ERR,ERR,ERR,ERR,2.7184260577004195e+23,-0.0,2.8364012726751064e+23,0.0,0.0,-235135536.0,8.408712552549224e+30,0.0,0,0,4,0,7670,-0.0,41,0.0,0.0,0.0,0.0,0.0,0,0,0,0,0.0,0,0,0,0,0,0,0,0,0,0,0,0,0,0,0,0,0,0,0,0,0,0,0,0,0,0,0,0,0,0,0,0,0,23,41,40,63,65476,0,300,0,0,8,21553,0.0,-107605600.0,0.0,0.0,0.0,0.0,0.0,0.0,0.0,0.0,0.0,0.0,0.0,0.0,0.0,0.0,0.0,0.0,0.0,0.0,0.0,2.004,2.004,2.004,-0.0,-2.004,0.0,0.0,0.0,0.0,1686.75,0.0,0.0,2.7184260577004195e+23,-0.0,-0.0,0.0,0.0,0.0,2.004,2.004,68,71.63,5.8479788318417524e+35,0.0,0.0,0.0,0.0,0.0,0.0,0.0,0,0,0,0.0,-2.055062878713335e+20,-2.9145114744352283e+38,0.0,0.0,-2089474588672.0,8.404156709324456e+18,-2.405717598552191e+34,-0.0,0.0,-0.0,0.775,-0.0,3729121536.0,0.0,0.0,0,1.3516416376850534e+27,68,0.0,136,0.0,98688.258,0,0,17071,52429,17091,0,17065,0,0,0,105,99,100,-0.0,50.8,0.0,61.45,-107615200.0,63.0,1,47,48,180,0,52429,0,0,0.0,0.0,0.0,0.0,0.0,66.0,0.0,20768.691,0.0,724,0,694,0,0,0,875,0,979,0,845,0,632,0,613,0,509,0,595,0.032,69544110456832.0,-2.004,0.0,35984,16791,0.0,20768.691,-0.0,-2.8998033604737444e+32,0.0,-0.0,70.0,60.0,66,0.0,0.0,10.0,2.0,0.0,0.0,0.0,0.0,0.0,0.0,0.0,0.0,0.0,0.0,0.0,0.0,62.4,62,18,65518,45,65476,0,300,0,0,8,20529,65476,0,0,44564,60.0,0.0,10.0,10.0,2.0,0.0
2026-02-05T00:06:54,ERR,ERR,ERR,ERR,ERR,ERR,ERR,ERR,ERR,ERR,ERR,ERR,ERR,ERR,ERR,ERR,ERR,ERR,ERR,ERR,ERR,ERR,ERR,ERR,ERR,ERR,ERR,ERR,ERR,ERR,ERR,ERR,ERR,ERR,ERR,ERR,ERR,ERR,ERR,ERR,ERR,ERR,ERR,ERR,ERR,ERR,ERR,ERR,ERR,ERR,ERR,ERR,ERR,ERR,ERR,ERR,ERR,ERR,ERR,ERR,ERR,ERR,ERR,ERR,ERR,ERR,ERR,ERR,ERR,ERR,ERR,ERR,ERR,ERR,ERR,ERR,ERR,ERR,ERR,ERR,ERR,ERR,ERR,ERR,ERR,ERR,ERR,ERR,ERR,ERR,ERR,ERR,ERR,ERR,ERR,ERR,ERR,ERR,ERR,ERR,ERR,ERR,ERR,ERR,ERR,ERR,ERR,ERR,ERR,ERR,ERR,ERR,ERR,ERR,ERR,ERR,ERR,ERR,ERR,ERR,ERR,ERR,ERR,ERR,ERR,2.7184260577004195e+23,-0.0,2.8364012726751064e+23,0.0,0.0,-3.1469071281237367e+22,-0.0,0.0,0,0,4,0,7670,-0.0,41,0.0,0.0,0.0,0.0,0.0,0,0,0,0,0.0,0,0,0,0,0,0,0,0,0,0,0,0,0,0,0,0,0,0,0,0,0,0,0,0,0,0,0,0,0,0,0,0,0,23,41,40,63,65476,0,300,0,0,8,21553,0.0,-107605600.0,0.0,0.0,0.0,0.0,0.0,0.0,0.0,0.0,0.0,0.0,0.0,0.0,0.0,0.0,0.0,0.0,0.0,0.0,0.0,2.004,0.0,2.004,-0.0,-0.0,0.0,0.0,0.0,0.0,1677.75,-3.697096853280522e+19,0.0,2.7184260577004195e+23,-0.0,-0.0,2.7184312818759872e+23,0.0,0.0,2.004,2.004,68,89221.047,2.7183824628560265e+23,0.0,0.0,0.0,0.0,0.0,0.0,0.0,0,0,0,0.0,-8.448848657460981e+37,0.0,-1.0259590243418112e+17,0.0,0.0,-0.0,0.0,-1.8924660489424212e+34,0.0,-0.0,0.775,-0.0,3745898752.0,0.0,7.502816659292291e+18,0,1.3516416376850534e+27,68,0.0,136,0.0,98688.258,0,13107,17071,52429,17091,0,17065,0,0,0,105,99,100,-0.0,50.8,0.0,61.45,-107615200.0,63.0,1,47,48,180,52429,52429,0,0,0.0,0.0,0.0,0.0,0.0,66.0,0.0,-2.8245693437963884e+31,0.0,724,0,694,0,0,0,875,0,979,0,845,0,632,0,613,0,509,0,595,0.032,69544110456832.0,-2.004,0.0,31888,16791,0.0,-2.8245693437963884e+31,2.1494727636059573e+27,2933570305785856.0,1.963652560612596e+19,0.0,70.0,60.0,66,0.0,0.0,10.0,2.0,0.0,0.0,0.0,0.0,0.0,0.0,0.0,0.0,0.0,0.0,0.0,0.0,62.0,62,18,65518,45,65476,0,300,0,0,8,20529,65476,0,0,44564,60.0,0.0,10.0,10.0,2.0,0.0
2026-02-05T00:06:55,ERR,ERR,ERR,ERR,ERR,ERR,ERR,ERR,ERR,ERR,ERR,ERR,ERR,ERR,ERR,ERR,ERR,ERR,ERR,ERR,ERR,ERR,ERR,ERR,ERR,ERR,ERR,ERR,ERR,ERR,ERR,ERR,ERR,ERR,ERR,ERR,ERR,ERR,ERR,ERR,ERR,ERR,ERR,ERR,ERR,ERR,ERR,ERR,ERR,ERR,ERR,ERR,ERR,ERR,ERR,ERR,ERR,ERR,ERR,ERR,ERR,ERR,ERR,ERR,ERR,ERR,ERR,ERR,ERR,ERR,ERR,ERR,ERR,ERR,ERR,ERR,ERR,ERR,ERR,ERR,ERR,ERR,ERR,ERR,ERR,ERR,ERR,ERR,ERR,ERR,ERR,ERR,ERR,ERR,ERR,ERR,ERR,ERR,ERR,ERR,ERR,ERR,ERR,ERR,ERR,ERR,ERR,ERR,ERR,ERR,ERR,ERR,ERR,ERR,ERR,ERR,ERR,ERR,ERR,ERR,ERR,ERR,ERR,ERR,ERR,2.7184260577004195e+23,-0.0,2.8364012726751064e+23,0.0,0.0,-3.1469071281237367e+22,-0.0,0.0,0,0,4,0,7670,-0.0,41,0.0,0.0,0.0,0.0,0.0,0,0,0,0,0.0,0,0,0,0,0,0,0,0,0,0,0,0,0,0,0,0,0,0,0,0,0,0,0,0,0,0,0,0,0,0,0,0,0,23,41,40,63,65476,0,300,0,0,8,21553,0.0,-107605600.0,0.0,0.0,0.0,0.0,0.0,0.0,0.0,0.0,0.0,0.0,0.0,0.0,0.0,0.0,0.0,0.0,0.0,0.0,0.0,2.004,0.0,2.004,-0.0,-0.0,0.0,0.0,0.0,0.0,1677.75,-3.697096853280522e+19,0.0,2.7184260577004195e+23,-0.0,-0.0,2.7184312818759872e+23,0.0,0.0,2.004,2.004,68,89221.047,2.7183824628560265e+23,0.0,0.0,0.0,0.0,0.0,0.0,0.0,0,0,0,0.0,-8.448848657460981e+37,0.0,-1.0259590243418112e+17,0.0,0.0,-0.0,0.0,-1.8924660489424212e+34,0.0,-0.0,0.775,-0.0,3745898752.0,0.0,7.502816659292291e+18,0,1.3516416376850534e+27,68,0.0,136,0.0,98688.258,0,13107,17071,52429,17091,0,17065,0,0,0,105,99,100,-0.0,50.8,0.0,61.45,-107615200.0,63.0,1,47,48,180,52429,52429,0,0,0.0,0.0,0.0,0.0,0.0,66.0,0.0,-2.8245693437963884e+31,0.0,724,0,694,0,0,0,875,0,979,0,845,0,632,0,613,0,509,0,595,0.032,69544110456832.0,-2.004,0.0,31888,16791,0.0,-2.8245693437963884e+31,2.1494727636059573e+27,2933570305785856.0,1.963652560612596e+19,0.0,70.0,60.0,66,0.0,0.0,10.0,2.0,0.0,0.0,0.0,0.0,0.0,0.0,0.0,0.0,0.0,0.0,0.0,0.0,62.0,62,18,65518,45,65476,0,300,0,0,8,20529,65476,0,0,44564,60.0,0.0,10.0,10.0,2.0,0.0
2026-02-05T00:06:56,ERR,ERR,ERR,ERR,ERR,ERR,ERR,ERR,ERR,ERR,ERR,ERR,ERR,ERR,ERR,ERR,ERR,ERR,ERR,ERR,ERR,ERR,ERR,ERR,ERR,ERR,ERR,ERR,ERR,ERR,ERR,ERR,ERR,ERR,ERR,ERR,ERR,ERR,ERR,ERR,ERR,ERR,ERR,ERR,ERR,ERR,ERR,ERR,ERR,ERR,ERR,ERR,ERR,ERR,ERR,ERR,ERR,ERR,ERR,ERR,ERR,ERR,ERR,ERR,ERR,ERR,ERR,ERR,ERR,ERR,ERR,ERR,ERR,ERR,ERR,ERR,ERR,ERR,ERR,ERR,ERR,ERR,ERR,ERR,ERR,ERR,ERR,ERR,ERR,ERR,ERR,ERR,ERR,ERR,ERR,ERR,ERR,ERR,ERR,ERR,ERR,ERR,ERR,ERR,ERR,ERR,ERR,ERR,ERR,ERR,ERR,ERR,ERR,ERR,ERR,ERR,ERR,ERR,ERR,ERR,ERR,ERR,ERR,ERR,ERR,2.7184260577004195e+23,-0.0,2.8364012726751064e+23,0.0,0.0,-3.1469071281237367e+22,-0.0,0.0,0,0,4,0,7670,-0.0,41,0.0,0.0,0.0,0.0,0.0,0,0,0,0,0.0,0,0,0,0,0,0,0,0,0,0,0,0,0,0,0,0,0,0,0,0,0,0,0,0,0,0,0,0,0,0,0,0,0,23,41,40,63,65476,0,300,0,0,8,21553,0.0,-107605600.0,0.0,0.0,0.0,0.0,0.0,0.0,0.0,0.0,0.0,0.0,0.0,0.0,0.0,0.0,0.0,0.0,0.0,0.0,0.0,2.004,0.0,2.004,-0.0,-0.0,0.0,0.0,0.0,0.0,1677.75,-3.697096853280522e+19,0.0,2.7184260577004195e+23,-0.0,-0.0,2.7184312818759872e+23,0.0,0.0,2.004,2.004,68,89221.047,2.7183824628560265e+23,0.0,0.0,0.0,0.0,0.0,0.0,0.0,0,0,0,0.0,-8.448848657460981e+37,0.0,-1.0259590243418112e+17,0.0,0.0,-0.0,0.0,-1.8924660489424212e+34,0.0,-0.0,0.775,-0.0,3745898752.0,0.0,7.502816659292291e+18,0,1.3516416376850534e+27,68,0.0,136,0.0,98688.258,0,13107,17071,52429,17091,0,17065,0,0,0,105,99,100,-0.0,50.8,0.0,61.45,-107615200.0,63.0,1,47,48,180,52429,52429,0,0,0.0,0.0,0.0,0.0,0.0,66.0,0.0,-2.8245693437963884e+31,0.0,724,0,694,0,0,0,875,0,979,0,845,0,632,0,613,0,509,0,595,0.032,69544110456832.0,-2.004,0.0,31888,16791,0.0,-2.8245693437963884e+31,2.1494727636059573e+27,2933570305785856.0,1.963652560612596e+19,0.0,70.0,60.0,66,0.0,0.0,10.0,2.0,0.0,0.0,0.0,0.0,0.0,0.0,0.0,0.0,0.0,0.0,0.0,0.0,62.0,62,18,65518,45,65476,0,300,0,0,8,20529,65476,0,0,44564,60.0,0.0,10.0,10.0,2.0,0.0
2026-02-05T00:06:57,ERR,ERR,ERR,ERR,ERR,ERR,ERR,ERR,ERR,ERR,ERR,ERR,ERR,ERR,ERR,ERR,ERR,ERR,ERR,ERR,ERR,ERR,ERR,ERR,ERR,ERR,ERR,ERR,ERR,ERR,ERR,ERR,ERR,ERR,ERR,ERR,ERR,ERR,ERR,ERR,ERR,ERR,ERR,ERR,ERR,ERR,ERR,ERR,ERR,ERR,ERR,ERR,ERR,ERR,ERR,ERR,ERR,ERR,ERR,ERR,ERR,ERR,ERR,ERR,ERR,ERR,ERR,ERR,ERR,ERR,ERR,ERR,ERR,ERR,ERR,ERR,ERR,ERR,ERR,ERR,ERR,ERR,ERR,ERR,ERR,ERR,ERR,ERR,ERR,ERR,ERR,ERR,ERR,ERR,ERR,ERR,ERR,ERR,ERR,ERR,ERR,ERR,ERR,ERR,ERR,ERR,ERR,ERR,ERR,ERR,ERR,ERR,ERR,ERR,ERR,ERR,ERR,ERR,ERR,ERR,ERR,ERR,ERR,ERR,ERR,2.7184260577004195e+23,-0.0,2.8364012726751064e+23,0.0,0.0,-3.1469071281237367e+22,-0.0,0.0,0,0,4,0,7670,-0.0,41,0.0,0.0,0.0,0.0,0.0,0,0,0,0,0.0,0,0,0,0,0,0,0,0,0,0,0,0,0,0,0,0,0,0,0,0,0,0,0,0,0,0,0,0,0,0,0,0,0,23,41,40,63,65476,0,300,0,0,8,21553,0.0,-107605600.0,0.0,0.0,0.0,0.0,0.0,0.0,0.0,0.0,0.0,0.0,0.0,0.0,0.0,0.0,0.0,0.0,0.0,0.0,0.0,2.004,0.0,2.004,-0.0,-0.0,0.0,0.0,0.0,0.0,1677.75,-3.697096853280522e+19,0.0,2.7184260577004195e+23,-0.0,-0.0,2.7184312818759872e+23,0.0,0.0,2.004,2.004,68,89221.047,2.7183824628560265e+23,0.0,0.0,0.0,0.0,0.0,0.0,0.0,0,0,0,0.0,-8.448848657460981e+37,0.0,-1.0259590243418112e+17,0.0,0.0,-0.0,0.0,-1.8924660489424212e+34,0.0,-0.0,0.775,-0.0,3745898752.0,0.0,7.502816659292291e+18,0,1.3516416376850534e+27,68,0.0,136,0.0,98688.258,0,13107,17071,52429,17091,0,17065,0,0,0,105,99,100,-0.0,50.8,0.0,61.45,-107615200.0,63.0,1,47,48,180,52429,52429,0,0,0.0,0.0,0.0,0.0,0.0,66.0,0.0,-2.8245693437963884e+31,0.0,724,0,694,0,0,0,875,0,979,0,845,0,632,0,613,0,509,0,595,0.032,69544110456832.0,-2.004,0.0,31888,16791,0.0,-2.8245693437963884e+31,2.1494727636059573e+27,2933570305785856.0,1.963652560612596e+19,0.0,70.0,60.0,66,0.0,0.0,10.0,2.0,0.0,0.0,0.0,0.0,0.0,0.0,0.0,0.0,0.0,0.0,0.0,0.0,62.0,62,18,65518,45,65476,0,300,0,0,8,20529,65476,0,0,44564,60.0,0.0,10.0,10.0,2.0,0.0
2026-02-05T00:06:58,ERR,ERR,ERR,ERR,ERR,ERR,ERR,ERR,ERR,ERR,ERR,ERR,ERR,ERR,ERR,ERR,ERR,ERR,ERR,ERR,ERR,ERR,ERR,ERR,ERR,ERR,ERR,ERR,ERR,ERR,ERR,ERR,ERR,ERR,ERR,ERR,ERR,ERR,ERR,ERR,ERR,ERR,ERR,ERR,ERR,ERR,ERR,ERR,ERR,ERR,ERR,ERR,ERR,ERR,ERR,ERR,ERR,ERR,ERR,ERR,ERR,ERR,ERR,ERR,ERR,ERR,ERR,ERR,ERR,ERR,ERR,ERR,ERR,ERR,ERR,ERR,ERR,ERR,ERR,ERR,ERR,ERR,ERR,ERR,ERR,ERR,ERR,ERR,ERR,ERR,ERR,ERR,ERR,ERR,ERR,ERR,ERR,ERR,ERR,ERR,ERR,ERR,ERR,ERR,ERR,ERR,ERR,ERR,ERR,ERR,ERR,ERR,ERR,ERR,ERR,ERR,ERR,ERR,ERR,ERR,ERR,ERR,ERR,ERR,ERR,2.7184260577004195e+23,-0.0,2.8364012726751064e+23,0.0,0.0,-3.1469071281237367e+22,-0.0,0.0,0,0,4,0,7670,-0.0,41,0.0,0.0,0.0,0.0,0.0,0,0,0,0,0.0,0,0,0,0,0,0,0,0,0,0,0,0,0,0,0,0,0,0,0,0,0,0,0,0,0,0,0,0,0,0,0,0,0,23,41,40,63,65476,0,300,0,0,8,21553,0.0,-107605600.0,0.0,0.0,0.0,0.0,0.0,0.0,0.0,0.0,0.0,0.0,0.0,0.0,0.0,0.0,0.0,0.0,0.0,0.0,0.0,2.004,0.0,2.004,-0.0,-0.0,0.0,0.0,0.0,0.0,1677.75,-3.697096853280522e+19,0.0,2.7184260577004195e+23,-0.0,-0.0,2.7184312818759872e+23,0.0,0.0,2.004,2.004,68,89221.047,2.7183824628560265e+23,0.0,0.0,0.0,0.0,0.0,0.0,0.0,0,0,0,0.0,-8.448848657460981e+37,0.0,-1.0259590243418112e+17,0.0,0.0,-0.0,0.0,-1.8924660489424212e+34,0.0,-0.0,0.775,-0.0,3745898752.0,0.0,7.502816659292291e+18,0,1.3516416376850534e+27,68,0.0,136,0.0,98688.258,0,0,17071,52429,17091,0,17065,0,0,0,105,99,100,-0.0,50.8,0.0,61.45,-107615200.0,63.0,1,47,48,180,52429,52429,0,0,0.0,0.0,0.0,0.0,0.0,66.0,0.0,-0.0,0.0,724,0,694,0,0,0,875,0,979,0,845,0,632,0,613,0,509,0,595,0.032,69544110456832.0,-2.004,0.0,43408,16791,0.0,-0.0,-1.635,-6.50525582680872e+23,0.0,-0.0,70.0,60.0,66,0.0,0.0,10.0,2.0,0.0,0.0,0.0,0.0,0.0,0.0,0.0,0.0,0.0,0.0,0.0,0.0,62.4,62,18,65518,45,65476,0,300,0,0,8,20529,65476,0,0,44564,60.0,0.0,10.0,10.0,2.0,0.0
2026-02-05T00:06:59,ERR,ERR,ERR,ERR,ERR,ERR,ERR,ERR,ERR,ERR,ERR,ERR,ERR,ERR,ERR,ERR,ERR,ERR,ERR,ERR,ERR,ERR,ERR,ERR,ERR,ERR,ERR,ERR,ERR,ERR,ERR,ERR,ERR,ERR,ERR,ERR,ERR,ERR,ERR,ERR,ERR,ERR,ERR,ERR,ERR,ERR,ERR,ERR,ERR,ERR,ERR,ERR,ERR,ERR,ERR,ERR,ERR,ERR,ERR,ERR,ERR,ERR,ERR,ERR,ERR,ERR,ERR,ERR,ERR,ERR,ERR,ERR,ERR,ERR,ERR,ERR,ERR,ERR,ERR,ERR,ERR,ERR,ERR,ERR,ERR,ERR,ERR,ERR,ERR,ERR,ERR,ERR,ERR,ERR,ERR,ERR,ERR,ERR,ERR,ERR,ERR,ERR,ERR,ERR,ERR,ERR,ERR,ERR,ERR,ERR,ERR,ERR,ERR,ERR,ERR,ERR,ERR,ERR,ERR,ERR,ERR,ERR,ERR,ERR,ERR,2.7184260577004195e+23,-0.0,2.8364012726751064e+23,0.0,0.0,-3.1469071281237367e+22,-0.0,0.0,0,0,4,0,7670,-0.0,41,0.0,0.0,0.0,0.0,0.0,0,0,0,0,0.0,0,0,0,0,0,0,0,0,0,0,0,0,0,0,0,0,0,0,0,0,0,0,0,0,0,0,0,0,0,0,0,0,0,23,41,40,63,65476,0,300,0,0,8,21553,0.0,-107605600.0,0.0,0.0,0.0,0.0,0.0,0.0,0.0,0.0,0.0,0.0,0.0,0.0,0.0,0.0,0.0,0.0,0.0,0.0,0.0,2.004,0.0,2.004,-0.0,-0.0,0.0,0.0,0.0,0.0,1677.75,-3.697096853280522e+19,0.0,2.7184260577004195e+23,-0.0,-0.0,2.7184312818759872e+23,0.0,0.0,2.004,2.004,68,89221.047,2.7183824628560265e+23,0.0,0.0,0.0,0.0,0.0,0.0,0.0,0,0,0,0.0,-8.448848657460981e+37,0.0,-1.0259590243418112e+17,0.0,0.0,-0.0,0.0,-1.8924660489424212e+34,0.0,-0.0,0.775,-0.0,3745898752.0,0.0,7.502816659292291e+18,0,1.3516416376850534e+27,68,0.0,136,0.0,98688.258,0,0,17071,52429,17091,0,17065,0,0,0,105,99,100,-0.0,50.8,0.0,61.45,-107615200.0,63.0,1,47,48,180,52429,52429,0,0,0.0,0.0,0.0,0.0,0.0,66.0,0.0,-0.0,0.0,724,0,694,0,0,0,875,0,979,0,845,0,632,0,613,0,509,0,595,0.032,69544110456832.0,-2.004,0.0,43408,16791,0.0,-0.0,-1.635,-6.50525582680872e+23,0.0,-0.0,70.0,60.0,66,0.0,0.0,10.0,2.0,0.0,0.0,0.0,0.0,0.0,0.0,0.0,0.0,0.0,0.0,0.0,0.0,62.4,62,18,65518,45,65476,0,300,0,0,8,20529,65476,0,0,44564,60.0,0.0,10.0,10.0,2.0,0.0
2026-02-05T00:07:00,ERR,ERR,ERR,ERR,ERR,ERR,ERR,ERR,ERR,ERR,ERR,ERR,ERR,ERR,ERR,ERR,ERR,ERR,ERR,ERR,ERR,ERR,ERR,ERR,ERR,ERR,ERR,ERR,ERR,ERR,ERR,ERR,ERR,ERR,ERR,ERR,ERR,ERR,ERR,ERR,ERR,ERR,ERR,ERR,ERR,ERR,ERR,ERR,ERR,ERR,ERR,ERR,ERR,ERR,ERR,ERR,ERR,ERR,ERR,ERR,ERR,ERR,ERR,ERR,ERR,ERR,ERR,ERR,ERR,ERR,ERR,ERR,ERR,ERR,ERR,ERR,ERR,ERR,ERR,ERR,ERR,ERR,ERR,ERR,ERR,ERR,ERR,ERR,ERR,ERR,ERR,ERR,ERR,ERR,ERR,ERR,ERR,ERR,ERR,ERR,ERR,ERR,ERR,ERR,ERR,ERR,ERR,ERR,ERR,ERR,ERR,ERR,ERR,ERR,ERR,ERR,ERR,ERR,ERR,ERR,ERR,ERR,ERR,ERR,ERR,2.7184260577004195e+23,-0.0,2.8364012726751064e+23,0.0,0.0,-0.006,-0.0,0.0,0,0,4,0,7670,-0.0,41,0.0,0.0,0.0,0.0,0.0,0,0,0,0,0.0,0,0,0,0,0,0,0,0,0,0,0,0,0,0,0,0,0,0,0,0,0,0,0,0,0,0,0,0,0,0,0,0,0,23,41,40,63,65476,0,300,0,0,8,21553,0.0,-107605600.0,0.0,0.0,0.0,0.0,0.0,0.0,0.0,0.0,0.0,0.0,0.0,0.0,0.0,0.0,0.0,0.0,0.0,0.0,0.0,2.004,2.004,2.004,-0.0,-0.0,0.0,0.0,0.0,0.0,1678.75,-2.004,0.0,2.7184260577004195e+23,-0.0,-0.0,0.0,0.0,0.0,2.004,2.004,68,107615280.0,0.059,0.0,0.0,0.0,0.0,0.0,0.0,0.0,0,0,0,0.0,0.0,-1.6969545469171818e+37,0.0,0.0,6.539255932339538e+21,-0.0,2.8064609956213555e+17,0.0,0.0,-0.0,0.778,-0.0,3762675968.0,0.0,197831557120.0,0,1.3516416376850534e+27,68,0.0,136,0.0,98688.258,0,0,17071,52429,17091,0,17065,0,0,0,105,99,100,-0.0,50.8,0.0,61.45,-107615200.0,63.0,1,47,48,180,52429,52429,0,0,0.0,0.0,0.0,0.0,0.0,66.0,0.0,-0.0,0.0,724,0,694,0,0,0,875,0,979,0,845,0,632,0,613,0,509,0,595,0.032,69544110456832.0,-2.004,0.0,43408,16791,0.0,-0.0,-1.635,-6.50525582680872e+23,0.0,-0.0,70.0,60.0,66,0.0,0.0,10.0,2.0,0.0,0.0,0.0,0.0,0.0,0.0,0.0,0.0,0.0,0.0,0.0,0.0,62.4,62,18,65518,45,65476,0,300,0,0,8,20529,65476,0,0,44564,60.0,0.0,10.0,10.0,2.0,0.0
2026-02-05T00:07:01,ERR,ERR,ERR,ERR,ERR,ERR,ERR,ERR,ERR,ERR,ERR,ERR,ERR,ERR,ERR,ERR,ERR,ERR,ERR,ERR,ERR,ERR,ERR,ERR,ERR,ERR,ERR,ERR,ERR,ERR,ERR,ERR,ERR,ERR,ERR,ERR,ERR,ERR,ERR,ERR,ERR,ERR,ERR,ERR,ERR,ERR,ERR,ERR,ERR,ERR,ERR,ERR,ERR,ERR,ERR,ERR,ERR,ERR,ERR,ERR,ERR,ERR,ERR,ERR,ERR,ERR,ERR,ERR,ERR,ERR,ERR,ERR,ERR,ERR,ERR,ERR,ERR,ERR,ERR,ERR,ERR,ERR,ERR,ERR,ERR,ERR,ERR,ERR,ERR,ERR,ERR,ERR,ERR,ERR,ERR,ERR,ERR,ERR,ERR,ERR,ERR,ERR,ERR,ERR,ERR,ERR,ERR,ERR,ERR,ERR,ERR,ERR,ERR,ERR,ERR,ERR,ERR,ERR,ERR,ERR,ERR,ERR,ERR,ERR,ERR,2.7184260577004195e+23,-0.0,2.8364012726751064e+23,0.0,0.0,-0.006,-0.0,0.0,0,0,4,0,7670,-0.0,41,0.0,0.0,0.0,0.0,0.0,0,0,0,0,0.0,0,0,0,0,0,0,0,0,0,0,0,0,0,0,0,0,0,0,0,0,0,0,0,0,0,0,0,0,0,0,0,0,0,23,41,40,63,65476,0,300,0,0,8,21553,0.0,-107605600.0,0.0,0.0,0.0,0.0,0.0,0.0,0.0,0.0,0.0,0.0,0.0,0.0,0.0,0.0,0.0,0.0,0.0,0.0,0.0,2.004,2.004,2.004,-0.0,-0.0,0.0,0.0,0.0,0.0,1678.75,-2.004,0.0,2.7184260577004195e+23,-0.0,-0.0,0.0,0.0,0.0,2.004,2.004,68,107615280.0,0.059,0.0,0.0,0.0,0.0,0.0,0.0,0.0,0,0,0,0.0,0.0,-1.6969545469171818e+37,0.0,0.0,6.539255932339538e+21,-0.0,2.8064609956213555e+17,0.0,0.0,-0.0,0.778,-0.0,3762675968.0,0.0,197831557120.0,0,1.3516416376850534e+27,68,0.0,136,0.0,98688.258,0,0,17071,52429,17091,0,17065,0,0,0,105,99,100,-0.0,50.8,0.0,61.45,-107615200.0,63.0,1,47,48,180,52429,52429,0,0,0.0,0.0,0.0,0.0,0.0,66.0,0.0,-0.0,0.0,724,0,694,0,0,0,875,0,979,0,845,0,632,0,613,0,509,0,595,0.032,69544110456832.0,-2.004,0.0,43408,16791,0.0,-0.0,-1.635,-6.50525582680872e+23,0.0,-0.0,70.0,60.0,66,0.0,0.0,10.0,2.0,0.0,0.0,0.0,0.0,0.0,0.0,0.0,0.0,0.0,0.0,0.0,0.0,62.4,62,18,65518,45,65476,0,300,0,0,8,20529,65476,0,0,44564,60.0,0.0,10.0,10.0,2.0,0.0
2026-02-05T00:07:02,ERR,ERR,ERR,ERR,ERR,ERR,ERR,ERR,ERR,ERR,ERR,ERR,ERR,ERR,ERR,ERR,ERR,ERR,ERR,ERR,ERR,ERR,ERR,ERR,ERR,ERR,ERR,ERR,ERR,ERR,ERR,ERR,ERR,ERR,ERR,ERR,ERR,ERR,ERR,ERR,ERR,ERR,ERR,ERR,ERR,ERR,ERR,ERR,ERR,ERR,ERR,ERR,ERR,ERR,ERR,ERR,ERR,ERR,ERR,ERR,ERR,ERR,ERR,ERR,ERR,ERR,ERR,ERR,ERR,ERR,ERR,ERR,ERR,ERR,ERR,ERR,ERR,ERR,ERR,ERR,ERR,ERR,ERR,ERR,ERR,ERR,ERR,ERR,ERR,ERR,ERR,ERR,ERR,ERR,ERR,ERR,ERR,ERR,ERR,ERR,ERR,ERR,ERR,ERR,ERR,ERR,ERR,ERR,ERR,ERR,ERR,ERR,ERR,ERR,ERR,ERR,ERR,ERR,ERR,ERR,ERR,ERR,ERR,ERR,ERR,2.7184260577004195e+23,-0.0,2.8364012726751064e+23,0.0,0.0,-0.006,-0.0,0.0,0,0,4,0,7670,-0.0,41,0.0,0.0,0.0,0.0,0.0,0,0,0,0,0.0,0,0,0,0,0,0,0,0,0,0,0,0,0,0,0,0,0,0,0,0,0,0,0,0,0,0,0,0,0,0,0,0,0,23,41,40,63,65476,0,300,0,0,8,21553,0.0,-107605600.0,0.0,0.0,0.0,0.0,0.0,0.0,0.0,0.0,0.0,0.0,0.0,0.0,0.0,0.0,0.0,0.0,0.0,0.0,0.0,2.004,2.004,2.004,-0.0,-0.0,0.0,0.0,0.0,0.0,1678.75,-2.004,0.0,2.7184260577004195e+23,-0.0,-0.0,0.0,0.0,0.0,2.004,2.004,68,107615280.0,0.059,0.0,0.0,0.0,0.0,0.0,0.0,0.0,0,0,0,0.0,0.0,-1.6969545469171818e+37,0.0,0.0,6.539255932339538e+21,-0.0,2.8064609956213555e+17,0.0,0.0,-0.0,0.778,-0.0,3762675968.0,0.0,197831557120.0,0,1.3516416376850534e+27,68,0.0,136,0.0,98688.258,0,0,17071,52429,17091,0,17065,0,0,0,105,99,100,-0.0,50.8,0.0,61.45,-107615200.0,63.0,1,47,48,180,52429,52429,0,0,0.0,0.0,0.0,0.0,212.26,66.0,0.0,-0.0,0.0,724,0,694,0,0,0,875,0,979,0,845,0,632,0,613,0,509,0,595,0.032,69269232549888.0,-2.004,0.0,45840,16791,0.0,-71961352.0,1.5726589689987072e+19,1.798327516288082e+26,0.759,-1.877531704508849e+38,70.0,60.0,66,0.0,0.0,10.0,2.0,0.0,0.0,0.0,0.0,0.0,0.0,0.0,0.0,0.0,0.0,0.0,0.0,62.0,62,18,65518,45,65476,0,300,0,0,8,20529,65476,0,0,44564,60.0,0.0,10.0,10.0,2.0,0.0
2026-02-05T00:07:03,ERR,ERR,ERR,ERR,ERR,ERR,ERR,ERR,ERR,ERR,ERR,ERR,ERR,ERR,ERR,ERR,ERR,ERR,ERR,ERR,ERR,ERR,ERR,ERR,ERR,ERR,ERR,ERR,ERR,ERR,ERR,ERR,ERR,ERR,ERR,ERR,ERR,ERR,ERR,ERR,ERR,ERR,ERR,ERR,ERR,ERR,ERR,ERR,ERR,ERR,ERR,ERR,ERR,ERR,ERR,ERR,ERR,ERR,ERR,ERR,ERR,ERR,ERR,ERR,ERR,ERR,ERR,ERR,ERR,ERR,ERR,ERR,ERR,ERR,ERR,ERR,ERR,ERR,ERR,ERR,ERR,ERR,ERR,ERR,ERR,ERR,ERR,ERR,ERR,ERR,ERR,ERR,ERR,ERR,ERR,ERR,ERR,ERR,ERR,ERR,ERR,ERR,ERR,ERR,ERR,ERR,ERR,ERR,ERR,ERR,ERR,ERR,ERR,ERR,ERR,ERR,ERR,ERR,ERR,ERR,ERR,ERR,ERR,ERR,ERR,2.7184260577004195e+23,-0.0,2.8364012726751064e+23,0.0,0.0,-0.006,-0.0,0.0,0,0,4,0,7670,-0.0,41,0.0,0.0,0.0,0.0,0.0,0,0,0,0,0.0,0,0,0,0,0,0,0,0,0,0,0,0,0,0,0,0,0,0,0,0,0,0,0,0,0,0,0,0,0,0,0,0,0,23,41,40,63,65476,0,300,0,0,8,21553,0.0,-107605600.0,0.0,0.0,0.0,0.0,0.0,0.0,0.0,0.0,0.0,0.0,0.0,0.0,0.0,0.0,0.0,0.0,0.0,0.0,0.0,2.004,2.004,2.004,-0.0,-0.0,0.0,0.0,0.0,0.0,1678.75,-2.004,0.0,2.7184260577004195e+23,-0.0,-0.0,0.0,0.0,0.0,2.004,2.004,68,107615280.0,0.059,0.0,0.0,0.0,0.0,0.0,0.0,0.0,0,0,0,0.0,0.0,-1.6969545469171818e+37,0.0,0.0,6.539255932339538e+21,-0.0,2.8064609956213555e+17,0.0,0.0,-0.0,0.778,-0.0,3762675968.0,0.0,197831557120.0,0,1.3516416376850534e+27,68,0.0,136,0.0,98688.258,0,0,17071,52429,17091,0,17065,0,0,0,105,99,100,-0.0,50.8,0.0,61.45,-107615200.0,63.0,1,47,48,180,52429,52429,0,0,0.0,0.0,0.0,0.0,212.26,66.0,0.0,-0.0,0.0,724,0,694,0,0,0,875,0,979,0,845,0,632,0,613,0,509,0,595,0.032,69269232549888.0,-2.004,0.0,45840,16791,0.0,-71961352.0,1.5726589689987072e+19,1.798327516288082e+26,0.759,-1.877531704508849e+38,70.0,60.0,66,0.0,0.0,10.0,2.0,0.0,0.0,0.0,0.0,0.0,0.0,0.0,0.0,0.0,0.0,0.0,0.0,62.0,62,18,65518,45,65476,0,300,0,0,8,20529,65476,0,0,44564,60.0,0.0,10.0,10.0,2.0,0.0
2026-02-05T00:07:04,ERR,ERR,ERR,ERR,ERR,ERR,ERR,ERR,ERR,ERR,ERR,ERR,ERR,ERR,ERR,ERR,ERR,ERR,ERR,ERR,ERR,ERR,ERR,ERR,ERR,ERR,ERR,ERR,ERR,ERR,ERR,ERR,ERR,ERR,ERR,ERR,ERR,ERR,ERR,ERR,ERR,ERR,ERR,ERR,ERR,ERR,ERR,ERR,ERR,ERR,ERR,ERR,ERR,ERR,ERR,ERR,ERR,ERR,ERR,ERR,ERR,ERR,ERR,ERR,ERR,ERR,ERR,ERR,ERR,ERR,ERR,ERR,ERR,ERR,ERR,ERR,ERR,ERR,ERR,ERR,ERR,ERR,ERR,ERR,ERR,ERR,ERR,ERR,ERR,ERR,ERR,ERR,ERR,ERR,ERR,ERR,ERR,ERR,ERR,ERR,ERR,ERR,ERR,ERR,ERR,ERR,ERR,ERR,ERR,ERR,ERR,ERR,ERR,ERR,ERR,ERR,ERR,ERR,ERR,ERR,ERR,ERR,ERR,ERR,ERR,2.7184260577004195e+23,-0.0,2.8364012726751064e+23,0.0,0.0,-0.006,-0.0,0.0,0,0,4,0,7670,-0.0,41,0.0,0.0,0.0,0.0,0.0,0,0,0,0,0.0,0,0,0,0,0,0,0,0,0,0,0,0,0,0,0,0,0,0,0,0,0,0,0,0,0,0,0,0,0,0,0,0,0,23,41,40,63,65476,0,300,0,0,8,21553,0.0,-107605600.0,0.0,0.0,0.0,0.0,0.0,0.0,0.0,0.0,0.0,0.0,0.0,0.0,0.0,0.0,0.0,0.0,0.0,0.0,0.0,2.004,2.004,2.004,-0.0,-0.0,0.0,0.0,0.0,0.0,1678.75,-2.004,0.0,2.7184260577004195e+23,-0.0,-0.0,0.0,0.0,0.0,2.004,2.004,68,107615280.0,0.059,0.0,0.0,0.0,0.0,0.0,0.0,0.0,0,0,0,0.0,0.0,-1.6969545469171818e+37,0.0,0.0,6.539255932339538e+21,-0.0,2.8064609956213555e+17,0.0,0.0,-0.0,0.778,-0.0,3762675968.0,0.0,197831557120.0,0,1.3516416376850534e+27,68,0.0,136,0.0,98688.258,0,0,17071,52429,17091,0,17065,0,0,0,105,99,100,-0.0,50.8,0.0,61.45,-107615200.0,63.0,1,47,48,180,52429,52429,0,0,0.0,0.0,0.0,0.0,212.26,66.0,0.0,-0.0,0.0,724,0,694,0,0,0,875,0,979,0,845,0,632,0,613,0,509,0,595,0.032,69269232549888.0,-2.004,0.0,45840,16791,0.0,-71961352.0,1.5726589689987072e+19,1.798327516288082e+26,0.759,-1.877531704508849e+38,70.0,60.0,66,0.0,0.0,10.0,2.0,0.0,0.0,0.0,0.0,0.0,0.0,0.0,0.0,0.0,0.0,0.0,0.0,62.0,62,18,65518,45,65476,0,300,0,0,8,20529,65476,0,0,44564,60.0,0.0,10.0,10.0,2.0,0.0
2026-02-05T00:07:05,ERR,ERR,ERR,ERR,ERR,ERR,ERR,ERR,ERR,ERR,ERR,ERR,ERR,ERR,ERR,ERR,ERR,ERR,ERR,ERR,ERR,ERR,ERR,ERR,ERR,ERR,ERR,ERR,ERR,ERR,ERR,ERR,ERR,ERR,ERR,ERR,ERR,ERR,ERR,ERR,ERR,ERR,ERR,ERR,ERR,ERR,ERR,ERR,ERR,ERR,ERR,ERR,ERR,ERR,ERR,ERR,ERR,ERR,ERR,ERR,ERR,ERR,ERR,ERR,ERR,ERR,ERR,ERR,ERR,ERR,ERR,ERR,ERR,ERR,ERR,ERR,ERR,ERR,ERR,ERR,ERR,ERR,ERR,ERR,ERR,ERR,ERR,ERR,ERR,ERR,ERR,ERR,ERR,ERR,ERR,ERR,ERR,ERR,ERR,ERR,ERR,ERR,ERR,ERR,ERR,ERR,ERR,ERR,ERR,ERR,ERR,ERR,ERR,ERR,ERR,ERR,ERR,ERR,ERR,ERR,ERR,ERR,ERR,ERR,ERR,2.7184260577004195e+23,-0.0,2.8364012726751064e+23,0.0,0.0,-0.006,-0.0,0.0,0,0,4,0,7670,-0.0,41,0.0,0.0,0.0,0.0,0.0,0,0,0,0,0.0,0,0,0,0,0,0,0,0,0,0,0,0,0,0,0,0,0,0,0,0,0,0,0,0,0,0,0,0,0,0,0,0,0,23,41,40,63,65476,0,300,0,0,8,21553,0.0,-107605600.0,0.0,0.0,0.0,0.0,0.0,0.0,0.0,0.0,0.0,0.0,0.0,0.0,0.0,0.0,0.0,0.0,0.0,0.0,0.0,2.004,2.004,2.004,-0.0,-0.0,0.0,0.0,0.0,0.0,1678.75,-2.004,0.0,2.7184260577004195e+23,-0.0,-0.0,0.0,0.0,0.0,2.004,2.004,68,107615280.0,0.059,0.0,0.0,0.0,0.0,0.0,0.0,0.0,0,0,0,0.0,0.0,-1.6969545469171818e+37,0.0,0.0,6.539255932339538e+21,-0.0,2.8064609956213555e+17,0.0,0.0,-0.0,0.778,-0.0,3762675968.0,0.0,197831557120.0,0,1.3516416376850534e+27,68,0.0,136,0.0,98688.258,0,0,17071,52429,17091,0,17065,0,0,0,105,99,100,-0.0,50.8,0.0,61.45,-107615200.0,63.0,1,47,48,180,52429,52429,0,0,0.0,0.0,0.0,0.0,212.26,66.0,0.0,-0.0,0.0,724,0,694,0,0,0,875,0,979,0,845,0,632,0,613,0,509,0,595,0.032,69269232549888.0,-2.004,0.0,45840,16791,0.0,-71961352.0,1.5726589689987072e+19,1.798327516288082e+26,0.759,-1.877531704508849e+38,70.0,60.0,66,0.0,0.0,10.0,2.0,0.0,0.0,0.0,0.0,0.0,0.0,0.0,0.0,0.0,0.0,0.0,0.0,62.0,62,18,65518,45,65476,0,300,0,0,8,20529,65476,0,0,44564,60.0,0.0,10.0,10.0,2.0,0.0
2026-02-05T00:07:06,ERR,ERR,ERR,ERR,ERR,ERR,ERR,ERR,ERR,ERR,ERR,ERR,ERR,ERR,ERR,ERR,ERR,ERR,ERR,ERR,ERR,ERR,ERR,ERR,ERR,ERR,ERR,ERR,ERR,ERR,ERR,ERR,ERR,ERR,ERR,ERR,ERR,ERR,ERR,ERR,ERR,ERR,ERR,ERR,ERR,ERR,ERR,ERR,ERR,ERR,ERR,ERR,ERR,ERR,ERR,ERR,ERR,ERR,ERR,ERR,ERR,ERR,ERR,ERR,ERR,ERR,ERR,ERR,ERR,ERR,ERR,ERR,ERR,ERR,ERR,ERR,ERR,ERR,ERR,ERR,ERR,ERR,ERR,ERR,ERR,ERR,ERR,ERR,ERR,ERR,ERR,ERR,ERR,ERR,ERR,ERR,ERR,ERR,ERR,ERR,ERR,ERR,ERR,ERR,ERR,ERR,ERR,ERR,ERR,ERR,ERR,ERR,ERR,ERR,ERR,ERR,ERR,ERR,ERR,ERR,ERR,ERR,ERR,ERR,ERR,2.7184260577004195e+23,-0.0,2.8364012726751064e+23,0.0,0.0,1.247393936202663e+21,0.0,0.0,0,0,4,0,7670,-0.0,41,0.0,0.0,0.0,0.0,0.0,0,0,0,0,0.0,0,0,0,0,0,0,0,0,0,0,0,0,0,0,0,0,0,0,0,0,0,0,0,0,0,0,