,R513A_UNIT,R513A_UNIT,R513A_UNIT,R513A_UNIT,R513A_UNIT,R513A_UNIT,R513A_UNIT,R513A_UNIT,R513A_UNIT,R513A_UNIT,R513A_UNIT,R513A_UNIT,R513A_UNIT,R513A_UNIT,R513A_UNIT,R513A_UNIT,R513A_UNIT,R513A_UNIT,R513A_UNIT,R513A_UNIT,R513A_UNIT,R513A_UNIT,R513A_UNIT,R513A_UNIT,R513A_UNIT,R513A_UNIT,R513A_UNIT,R513A_UNIT,R513A_UNIT,R513A_UNIT,R513A_UNIT,R513A_UNIT,R513A_UNIT,R513A_UNIT,R513A_UNIT,R513A_UNIT,R513A_UNIT,R513A_UNIT,R513A_UNIT,R513A_UNIT,R513A_UNIT,R513A_UNIT,R513A_UNIT,R513A_UNIT,R513A_UNIT,R513A_UNIT,R513A_UNIT,R513A_UNIT,R513A_UNIT,R513A_UNIT,R513A_UNIT,R513A_UNIT,R513A_UNIT,R513A_UNIT,R513A_UNIT,R513A_UNIT,R513A_UNIT,R513A_UNIT,R513A_UNIT,R513A_UNIT,R513A_UNIT,R513A_UNIT,R513A_UNIT,R513A_UNIT,R513A_UNIT,R513A_UNIT,R513A_UNIT,R513A_UNIT,R513A_UNIT,R513A_UNIT,R513A_UNIT,R513A_UNIT,R513A_UNIT,R513A_UNIT,R513A_UNIT,R513A_UNIT,R513A_UNIT,R513A_UNIT,R513A_UNIT,R513A_UNIT,R513A_UNIT,R513A_UNIT,R513A_UNIT,R513A_UNIT,R513A_UNIT,R513A_UNIT,R513A_UNIT,R513A_UNIT,R513A_UNIT,R513A_UNIT,R513A_UNIT,R513A_UNIT,R513A_UNIT,R513A_UNIT,R513A_UNIT,R513A_UNIT,R513A_UNIT,R513A_UNIT,R513A_UNIT,R513A_UNIT,R513A_UNIT,R513A_UNIT,R513A_UNIT,R513A_UNIT,R513A_UNIT,R513A_UNIT,R513A_UNIT,R513A_UNIT,R513A_UNIT,R513A_UNIT,R513A_UNIT,R513A_UNIT,R513A_UNIT,R513A_UNIT,R513A_UNIT,R513A_UNIT,R513A_UNIT,R513A_UNIT,R513A_UNIT,R513A_UNIT,R513A_UNIT,R513A_UNIT,R513A_UNIT,R513A_UNIT,R513A_UNIT,LOGGER,LOGGER,LOGGER,LOGGER,LOGGER,LOGGER,LOGGER,LOGGER,LOGGER,LOGGER,LOGGER,LOGGER,LOGGER,LOGGER,LOGGER,LOGGER,LOGGER,LOGGER,LOGGER,LOGGER,LOGGER,LOGGER,LOGGER,LOGGER,LOGGER,LOGGER,LOGGER,LOGGER,LOGGER,LOGGER,LOGGER,LOGGER,LOGGER,LOGGER,LOGGER,LOGGER,LOGGER,LOGGER,LOGGER,LOGGER,LOGGER,LOGGER,LOGGER,LOGGER,LOGGER,LOGGER,LOGGER,LOGGER,LOGGER,LOGGER,LOGGER,LOGGER,LOGGER,LOGGER,LOGGER,LOGGER,LOGGER,LOGGER,LOGGER,LOGGER,LOGGER,LOGGER,LOGGER,LOGGER,LOGGER,LOGGER,LOGGER,LOGGER,LOGGER,LOGGER,LOGGER,LOGGER,LOGGER,LOGGER,LOGGER,LOGGER,LOGGER,LOGGER,LOGGER,LOGGER,LOGGER,LOGGER,LOGGER,LOGGER,LOGGER,LOGGER,LOGGER,LOGGER,LOGGER,LOGGER,LOGGER,LOGGER,LOGGER,LOGGER,LOGGER,LOGGER,LOGGER,LOGGER,LOGGER,LOGGER,LOGGER,LOGGER,LOGGER,LOGGER,LOGGER,LOGGER,LOGGER,LOGGER,LOGGER,LOGGER,LOGGER,LOGGER,LOGGER,LOGGER,LOGGER,LOGGER,LOGGER,LOGGER,LOGGER,LOGGER,LOGGER,LOGGER,LOGGER,LOGGER,LOGGER,LOGGER,LOGGER,LOGGER,LOGGER,LOGGER,LOGGER,LOGGER,LOGGER,LOGGER,LOGGER,LOGGER,LOGGER,LOGGER,LOGGER,LOGGER,LOGGER,LOGGER,LOGGER,LOGGER,LOGGER,LOGGER,TEST_STATION,TEST_STATION,TEST_STATION,TEST_STATION,TEST_STATION,TEST_STATION,TEST_STATION,TEST_STATION,TEST_STATION,TEST_STATION,TEST_STATION,TEST_STATION,TEST_STATION,TEST_STATION,TEST_STATION,TEST_STATION,TEST_STATION,TEST_STATION,TEST_STATION,TEST_STATION,TEST_STATION,TEST_STATION,TEST_STATION,TEST_STATION,TEST_STATION,TEST_STATION,TEST_STATION,TEST_STATION,TEST_STATION,TEST_STATION,TEST_STATION,TEST_STATION,TEST_STATION,TEST_STATION,TEST_STATION,TEST_STATION,TEST_STATION,TEST_STATION,TEST_STATION,TEST_STATION,TEST_STATION,TEST_STATION,TEST_STATION,TEST_STATION,TEST_STATION,TEST_STATION,TEST_STATION,TEST_STATION,TEST_STATION,TEST_STATION,TEST_STATION,TEST_STATION,TEST_STATION,TEST_STATION,TEST_STATION,TEST_STATION,TEST_STATION,TEST_STATION,TEST_STATION,TEST_STATION,TEST_STATION,TEST_STATION,TEST_STATION,TEST_STATION,TEST_STATION,TEST_STATION,TEST_STATION,CHAMBER,CHAMBER,CHAMBER,CHAMBER,CHAMBER,CHAMBER,CHAMBER,CHAMBER,CHAMBER,CHAMBER,CHAMBER,CHAMBER,CHAMBER,CHAMBER,CHAMBER,CHAMBER,CHAMBER,CHAMBER,CHAMBER,CHAMBER,CHAMBER,CHAMBER,CHAMBER,CHAMBER,CHAMBER,CHAMBER,CHAMBER,CHAMBER,CHAMBER,CHAMBER,CHAMBER,CHAMBER,CHAMBER,CHAMBER,CHAMBER,CHAMBER,CHAMBER,CHAMBER,CHAMBER,CHAMBER,CHAMBER
TIME,Cycle_Status,Unit_SN,Heat_Call,Defrost,Alarm_Register_1,Alarm_Register_2,Alarm_Register_3,AMB_Fahr_W,Cond_LWT_Fahr_W,Cond_EWT_Fahr_W,Cond_Flow_F,Evap1_Fahr_W,Evap2_Fahr_W,Cold_Sensor_Fahr_W,Warm_Sensor_Fahr_W,SLT_Fahr_W,SH_F,DLP_W,SLP_W,Flow_Percent_Set_W,VFP_Head_ft_F,Circ_Pump_Output,Evap_Flow_Output,LLSV_Output,Comp_Output,HGBV_Output,AOTS,Remote_Enable,Comp_Feedback,MMP_Aux,Voltage_Monitor,O.P.S.S.,F.C._Aux,Evap_Flow,Pan_Sensor,Damper_Switch,TT_High,TT_ODR,Cond_Heat_Output,Defrost_Heat_Output,Pan_Heat_Output,PD_ctl,SP_HC_Cut_In,EWT_Block,MP_HC_Cut_In,MP_HC_Cut_Out,BMS_Heat_Call,MCP6_HC_Rgstr,Master_Comm_Status,Member_Unit_Status,MCPLA_HeatCall,mqtt_member_status,Cond_Flow_Verif,Flow_Valve_Verif,PID_Start,Pump_OFF_Delay,HGBV_Max,Post_HGBV_Fan,Defrost_Enable,VFP_Setpoint_W,Hardware_IO_Map_W,K2_EEV_POS,Tank_Storage_Temp,Demand_Diff,Cold_Sensor_Cut_In_F,Hot_Sensor_Cut_In_F,Cond_LWT_Input_F,Startup_GPM_F,CFlow_Low_Limit_F,Start_Valve_Pos_F,Min_Valve_Pos_F,Defrost_Cut_In_F,Defrost_Cut_Out_F,HGBV_PSIG_Cut_In_F,HGBV_PSIG_Cut_Out_F,Freeze_Po_1_Cut_In,Freeze_Po_1_Cut_Out,Freeze_Pro_2_Cut_In,Freeze_Pro_2_Cut_Out,WS_FrzPro2_Cut_In,WS_FrzPro2_Cut_Out,Purge_Cut_Out_Fahr_F,Kp_Input,Ki_Input,Kd_Input,PID_Start_Diff_F,Pump_Delay_Time,Max_Pump_Duration,CFlow_VerifFail_Time,Manual_EvapFlow_TIME,EFlow_VerifFail_Time,Defr_Cut_In_Delay_W,Def_Enable_Time_W,Def_Max_Dur_Time_W,Post_Def_Fan_Time_W,HGBV_Duration_W,PostHGBVFan_Time_W,Max_Purge_Time,SinglePass_Config,Glycol_Source_Config,CWP_Config,K2_Config,Standby_Valve_Pos,HGBV_Defrost_Enable,HGBV_Disable,Unit_Model,Pump_Down_PSIG_F,Amb_Range_LOW,InitSV_Max_F,SrcTemp_SwitchTemp_F,EWT_Cut_Out_F,Demand_Mode,Unit_number,StaticIP_Status,ODR_LWT_Min_F,ODR_LWT_Max_F,ODR_Amb_Min_F,ODR_Amb_Max_F,HPB_WWSD_F,Password_Lock,Dev_psswrd_Lock,Service_Lock,Manual_Ctl_Status_W,Ducted_Config,Fans_Adj_Input_F,EWT_float,LWT_float,dT_float,GPM_float,Capacity,KW_float,KWX3412_float,COP,VFD_Hz_W,CompVFD_ErrorCode,CompVFD_Status,GPMXdT,VFD_Hz_Setpoint_W,FlowValve_FB%,FlowValve_SetPont,GPM_ps_1X10_float,GPM_ps_2X100_float,GPM_ps_1_float,GPM_ps_2_float,Amb_unit,VFP_ctl_Word_1_W,VFP_Ctl_Mode_W,VFP_Operation_Mode_W,VFP_Ctl_Setpoint_W,Fans_Spd_Disp_F,VFP_Status_Word_1_W,VFP_ProcFB_Status_W,VFP_CtlMode_Status_W,VFP_OpMode_Status_W,VFP_Alarm_Code_W,VFP_Warning_Code_W,VFP_Head_W,VFP_Flow_W,VFP_Performance_W,VFP_Speed_W,VFP_Freq_W,VFP_Dig_Inputs_W,VFP_Dig_Outputs_W,VFP_Pwr_Lo_W,VFP_RemoteFlow_W,VFP_InletPress_W,VFP_RemotePress1_W,VFP_FeedTankLvl_W,VFP_PwrEleTemp_W,VFP_MotorTemp_W,VFP_RemoteTemp1_W,VFP_EleTemp_W,VFP_LiquidTemp_W,CMRC_Alarm_1,CMRC_Alarm_2,CMRC_Alarm_3,CMRC_Alarm_4,CMRC_Alarm_5,CMRC_Alarm_6,CMRC_Alarm_7,CMRC_Alarm_8,CMRC_Alarm_9,CMRC_Alarm_10,K2_SuperHeat,K2_SLP,K2_SatT,K2_SLT,K2_NA1,K2_EEV_POS,K2_DLT,K2_Relay,K2_Alarm,K2_System,K2_Firm,VFP_head_F_feet,GPM_vfp,VFP_SetPoint_F,EWT_Raw,LWT_Raw,LLT_Raw,DLT_Raw,GPM_prosense_1X10,GPM_prosense_2X100,Temp_prosense_1,Temp_prosense_2,LLP,Water_Pressure_Out,LLT_Raw_C270,DLT_Raw_C270,SourceWater_EWT_C270,SourceWater_LWT_C270,Tekmar_Loop_LWT_C270,Compressor_head_Temp,LWT_SM_3_Raw,Compressor_head_X10,Compressor_head_F,EWT_Float,LWT_Float,LLT_Float,DLT_Float,LLP_SM_I_Float,LWT_SM_I_Float,LWT_SM_2_Float,LWT_SM_3_Float,AIR_TEMP_F_FL_ub,RH_FL,RH_FL_UB,EWT_Thermowell_ANSI,LWT_Thermowell_ANSI,LLT,DLT,EWT_SM_Internal,LWT_SM_Internal,LWT_SM_2,LWT_SM_3,DLP_Word,Ambient_air_temp,RH,DefrostCutOut,DefrostDelayTimer,DefrostMaxDurTimer,DefrostEnableTimer,DefrostEnableTC,LWTSet,Voltage_monitor,AlarmReg_1,AlarmReg_2,AlarmReg_3,PhAVolt_C90,PhAAmps_C90,PhBVolt_C90,PhBAmp_C90,PhCVolt_C90,PhCAmp_C90,TruPwr3Ph_C90,ReacPwr3Ph_C90,AprntPwr3Ph_C90,NetEnergy_C90,UnsignedEnergy_C90,PositiveEng_C90,NegativeEng_C90,NetReactiveEng_C90,NetApparentEng_C90,PowFac3ph_C90,PSIG_Table_START,SSLT_Table_START,Fist_Match_LLP_W,x2_LLP_First_Match_D,SLLT_Lookup_I,SLLT_F,SubCooling_F,CondFlowLoss_Fault,HotTankT_lo,HotTankT_hi,Cooler_EWT_lo,Cooler_EWT_hi,Cooler_LWT_lo,Cooler_LWT_hi,CoolFlowRt_lo,CoolFlowRt_hi,HW_Pump_set,HTank_cutIn,HTank_cutOut,ChillerFanPercent,ColdTankT_lo,ColdTankT_hi,EvapHeadrRetT_lo,EvapHeadrRetT_hi,EvapHeadrSupT_lo,EvapHeadrSupT_hi,Evap_Pump_set,CTank_cutIn,CTank_cutOut,HeatingEnable,Cond_hd_Sply,condReturnT_hi,EvapHeadrFlowIn_l,EvapHeadrFlowIn_h,CoolerFanFreq,condPumpFreq,evapPumpFreq_l,evapPumpFreq_h,AMTemp_low,AMTemp_high,Cooling_Cap,AMB_RH,HTank_cutIn_F,SupplyHeaderInletR,SupplyHeaderInletS,ReturnHeaderOutletR,ReturnHeaderOutletS,BoilerControlVR,BoilerControlVS,HotTankR,HotTankS,FluidCoolerInletR,FluidCoolerInletS,FluidCoolerOutletR,FluidCoolerOutletS,EvapInletR,EvapInletS,EvapOutletR,EvapOutletS,ColdTankR,ColdTankS,AuxTempRaw,HeatedTank_Float,SourceTank_Float,AuxTmpFlot,AuxTmpScld,TempC1,TempC1_ub,TempF,RH1,ABS_H1,DPC1,DPF1,MR1,Amb_temp_set_epic_F,RH_set_epic_F,Hum_manual_override,TempF1,RH1,ABS_H1,DPF1,TempF2,RH2,ABS_H2,DPF2,TempF3,RH3,DPC3,DPF3,TempF4,RH4,ABS_H4,DPF4,FloorTC,K2_SUP1_In,K2_SLP1_In,K2_ET1_In,K2_SAT1_In,K2_RT1_In,K2_ValvePos1_In,K2_AUX1a_In,K2_RLY1,K2_Alarm1,K2_System1,K2_Firmware1,K2_AUX1b_In,K2_SLP2_In,K2_ET2_In,TempC1,TempF,RH1,ABS_H1,DPC1,DPF1,MR1
2026-02-05T14:20:29,ERR,ERR,ERR,ERR,ERR,ERR,ERR,ERR,ERR,ERR,ERR,ERR,ERR,ERR,ERR,ERR,ERR,ERR,ERR,ERR,ERR,ERR,ERR,ERR,ERR,ERR,ERR,ERR,ERR,ERR,ERR,ERR,ERR,ERR,ERR,ERR,ERR,ERR,ERR,ERR,ERR,ERR,ERR,ERR,ERR,ERR,ERR,ERR,ERR,ERR,ERR,ERR,ERR,ERR,ERR,ERR,ERR,ERR,ERR,ERR,ERR,ERR,ERR,ERR,ERR,ERR,ERR,ERR,ERR,ERR,ERR,ERR,ERR,ERR,ERR,ERR,ERR,ERR,ERR,ERR,ERR,ERR,ERR,ERR,ERR,ERR,ERR,ERR,ERR,ERR,ERR,ERR,ERR,ERR,ERR,ERR,ERR,ERR,ERR,ERR,ERR,ERR,ERR,ERR,ERR,ERR,ERR,ERR,ERR,ERR,ERR,ERR,ERR,ERR,ERR,ERR,ERR,ERR,ERR,ERR,ERR,ERR,ERR,ERR,ERR,ERR,ERR,ERR,ERR,ERR,ERR,ERR,ERR,ERR,ERR,ERR,ERR,ERR,ERR,ERR,ERR,ERR,ERR,ERR,ERR,ERR,ERR,ERR,ERR,ERR,ERR,ERR,ERR,ERR,ERR,ERR,ERR,ERR,ERR,ERR,ERR,ERR,ERR,ERR,ERR,ERR,ERR,ERR,ERR,ERR,ERR,ERR,ERR,ERR,ERR,ERR,ERR,ERR,ERR,ERR,ERR,ERR,ERR,ERR,ERR,ERR,ERR,ERR,ERR,ERR,ERR,ERR,ERR,ERR,ERR,ERR,ERR,ERR,ERR,ERR,ERR,ERR,ERR,ERR,ERR,ERR,ERR,ERR,ERR,ERR,ERR,ERR,ERR,ERR,ERR,ERR,ERR,ERR,ERR,ERR,ERR,ERR,ERR,ERR,ERR,ERR,ERR,ERR,ERR,ERR,ERR,ERR,ERR,ERR,ERR,ERR,ERR,ERR,ERR,ERR,ERR,ERR,ERR,ERR,ERR,ERR,ERR,ERR,ERR,ERR,ERR,ERR,ERR,ERR,ERR,ERR,ERR,ERR,ERR,ERR,ERR,ERR,ERR,ERR,ERR,ERR,ERR,ERR,ERR,ERR,ERR,ERR,ERR,ERR,ERR,ERR,ERR,ERR,ERR,ERR,ERR,ERR,ERR,ERR,ERR,ERR,ERR,ERR,ERR,ERR,ERR,ERR,ERR,ERR,ERR,ERR,ERR,ERR,ERR,ERR,ERR,ERR,ERR,ERR,ERR,ERR,ERR,ERR,ERR,ERR,ERR,ERR,ERR,ERR,ERR,ERR,ERR,ERR,ERR,ERR,ERR,ERR,ERR,ERR,ERR,ERR,ERR,ERR,ERR,ERR,ERR,ERR,ERR,ERR,ERR,ERR,ERR,ERR,ERR,ERR,ERR,ERR,ERR,ERR,ERR,ERR,ERR,ERR,ERR,ERR,ERR,ERR,ERR,ERR,ERR,ERR,ERR,ERR,ERR,ERR,ERR,ERR,ERR,ERR,ERR,ERR,ERR,ERR,ERR,ERR,ERR,ERR,ERR,ERR,ERR,ERR,ERR,ERR,ERR
2026-02-05T14:20:30,ERR,ERR,ERR,ERR,ERR,ERR,ERR,ERR,ERR,ERR,ERR,ERR,ERR,ERR,ERR,ERR,ERR,ERR,ERR,ERR,ERR,ERR,ERR,ERR,ERR,ERR,ERR,ERR,ERR,ERR,ERR,ERR,ERR,ERR,ERR,ERR,ERR,ERR,ERR,ERR,ERR,ERR,ERR,ERR,ERR,ERR,ERR,ERR,ERR,ERR,ERR,ERR,ERR,ERR,ERR,ERR,ERR,ERR,ERR,ERR,ERR,ERR,ERR,ERR,ERR,ERR,ERR,ERR,ERR,ERR,ERR,ERR,ERR,ERR,ERR,ERR,ERR,ERR,ERR,ERR,ERR,ERR,ERR,ERR,ERR,ERR,ERR,ERR,ERR,ERR,ERR,ERR,ERR,ERR,ERR,ERR,ERR,ERR,ERR,ERR,ERR,ERR,ERR,ERR,ERR,ERR,ERR,ERR,ERR,ERR,ERR,ERR,ERR,ERR,ERR,ERR,ERR,ERR,ERR,ERR,ERR,ERR,ERR,ERR,ERR,ERR,ERR,ERR,ERR,ERR,ERR,ERR,ERR,ERR,ERR,ERR,ERR,ERR,ERR,ERR,ERR,ERR,ERR,ERR,ERR,ERR,ERR,ERR,ERR,ERR,ERR,ERR,ERR,ERR,ERR,ERR,ERR,ERR,ERR,ERR,ERR,ERR,ERR,ERR,ERR,ERR,ERR,ERR,ERR,ERR,ERR,ERR,ERR,ERR,ERR,ERR,ERR,ERR,ERR,ERR,ERR,ERR,ERR,ERR,ERR,ERR,ERR,ERR,ERR,ERR,ERR,ERR,ERR,ERR,ERR,ERR,ERR,ERR,ERR,ERR,ERR,ERR,ERR,ERR,ERR,ERR,ERR,ERR,ERR,ERR,ERR,ERR,ERR,ERR,ERR,ERR,ERR,ERR,ERR,ERR,ERR,ERR,ERR,ERR,ERR,ERR,ERR,ERR,ERR,ERR,ERR,ERR,ERR,ERR,ERR,ERR,ERR,ERR,ERR,ERR,ERR,ERR,ERR,ERR,ERR,ERR,ERR,ERR,ERR,ERR,ERR,ERR,ERR,ERR,ERR,ERR,ERR,ERR,ERR,ERR,ERR,ERR,ERR,ERR,ERR,ERR,ERR,ERR,ERR,ERR,ERR,ERR,ERR,ERR,ERR,ERR,ERR,ERR,ERR,ERR,ERR,ERR,ERR,ERR,ERR,ERR,ERR,ERR,ERR,ERR,ERR,ERR,ERR,ERR,ERR,ERR,ERR,ERR,ERR,ERR,ERR,ERR,ERR,ERR,ERR,ERR,ERR,ERR,ERR,ERR,ERR,ERR,ERR,ERR,ERR,ERR,ERR,ERR,ERR,ERR,ERR,ERR,ERR,ERR,ERR,ERR,ERR,ERR,ERR,ERR,ERR,ERR,ERR,ERR,ERR,ERR,ERR,ERR,ERR,ERR,ERR,ERR,ERR,ERR,ERR,ERR,ERR,ERR,ERR,ERR,ERR,ERR,ERR,ERR,ERR,ERR,ERR,ERR,ERR,ERR,ERR,ERR,ERR,ERR,ERR,ERR,ERR,ERR,ERR,ERR,ERR,ERR,ERR,ERR,ERR,ERR,ERR,ERR,ERR
2026-02-05T14:20:31,ERR,ERR,ERR,ERR,ERR,ERR,ERR,ERR,ERR,ERR,ERR,ERR,ERR,ERR,ERR,ERR,ERR,ERR,ERR,ERR,ERR,ERR,ERR,ERR,ERR,ERR,ERR,ERR,ERR,ERR,ERR,ERR,ERR,ERR,ERR,ERR,ERR,ERR,ERR,ERR,ERR,ERR,ERR,ERR,ERR,ERR,ERR,ERR,ERR,ERR,ERR,ERR,ERR,ERR,ERR,ERR,ERR,ERR,ERR,ERR,ERR,ERR,ERR,ERR,ERR,ERR,ERR,ERR,ERR,ERR,ERR,ERR,ERR,ERR,ERR,ERR,ERR,ERR,ERR,ERR,ERR,ERR,ERR,ERR,ERR,ERR,ERR,ERR,ERR,ERR,ERR,ERR,ERR,ERR,ERR,ERR,ERR,ERR,ERR,ERR,ERR,ERR,ERR,ERR,ERR,ERR,ERR,ERR,ERR,ERR,ERR,ERR,ERR,ERR,ERR,ERR,ERR,ERR,ERR,ERR,ERR,ERR,ERR,ERR,ERR,ERR,ERR,ERR,ERR,ERR,ERR,ERR,ERR,ERR,ERR,ERR,ERR,ERR,ERR,ERR,ERR,ERR,ERR,ERR,ERR,ERR,ERR,ERR,ERR,ERR,ERR,ERR,ERR,ERR,ERR,ERR,ERR,ERR,ERR,ERR,ERR,ERR,ERR,ERR,ERR,ERR,ERR,ERR,ERR,ERR,ERR,ERR,ERR,ERR,ERR,ERR,ERR,ERR,ERR,ERR,ERR,ERR,ERR,ERR,ERR,ERR,ERR,ERR,ERR,ERR,ERR,ERR,ERR,ERR,ERR,ERR,ERR,ERR,ERR,ERR,ERR,ERR,ERR,ERR,ERR,ERR,ERR,ERR,ERR,ERR,ERR,ERR,ERR,ERR,ERR,ERR,ERR,ERR,ERR,ERR,ERR,ERR,ERR,ERR,ERR,ERR,ERR,ERR,ERR,ERR,ERR,ERR,ERR,ERR,ERR,ERR,ERR,ERR,ERR,ERR,ERR,ERR,ERR,ERR,ERR,ERR,ERR,ERR,ERR,ERR,ERR,ERR,ERR,ERR,ERR,ERR,ERR,ERR,ERR,ERR,ERR,ERR,ERR,ERR,ERR,ERR,ERR,ERR,ERR,ERR,ERR,ERR,ERR,ERR,ERR,ERR,ERR,ERR,ERR,ERR,ERR,ERR,ERR,ERR,ERR,ERR,ERR,ERR,ERR,ERR,ERR,ERR,ERR,ERR,ERR,ERR,ERR,ERR,ERR,ERR,ERR,ERR,ERR,ERR,ERR,ERR,ERR,ERR,ERR,ERR,ERR,ERR,ERR,ERR,ERR,ERR,ERR,ERR,ERR,ERR,ERR,ERR,ERR,ERR,ERR,ERR,ERR,ERR,ERR,ERR,ERR,ERR,ERR,ERR,ERR,ERR,ERR,ERR,ERR,ERR,ERR,ERR,ERR,ERR,ERR,ERR,ERR,ERR,ERR,ERR,ERR,ERR,ERR,ERR,ERR,ERR,ERR,ERR,ERR,ERR,ERR,ERR,ERR,ERR,ERR,ERR,ERR,ERR,ERR,ERR,ERR,ERR,ERR,ERR,ERR,ERR,ERR,ERR,ERR
2026-02-05T14:20:32,ERR,ERR,ERR,ERR,ERR,ERR,ERR,ERR,ERR,ERR,ERR,ERR,ERR,ERR,ERR,ERR,ERR,ERR,ERR,ERR,ERR,ERR,ERR,ERR,ERR,ERR,ERR,ERR,ERR,ERR,ERR,ERR,ERR,ERR,ERR,ERR,ERR,ERR,ERR,ERR,ERR,ERR,ERR,ERR,ERR,ERR,ERR,ERR,ERR,ERR,ERR,ERR,ERR,ERR,ERR,ERR,ERR,ERR,ERR,ERR,ERR,ERR,ERR,ERR,ERR,ERR,ERR,ERR,ERR,ERR,ERR,ERR,ERR,ERR,ERR,ERR,ERR,ERR,ERR,ERR,ERR,ERR,ERR,ERR,ERR,ERR,ERR,ERR,ERR,ERR,ERR,ERR,ERR,ERR,ERR,ERR,ERR,ERR,ERR,ERR,ERR,ERR,ERR,ERR,ERR,ERR,ERR,ERR,ERR,ERR,ERR,ERR,ERR,ERR,ERR,ERR,ERR,ERR,ERR,ERR,ERR,ERR,ERR,ERR,ERR,ERR,ERR,ERR,ERR,ERR,ERR,ERR,ERR,ERR,ERR,ERR,ERR,ERR,ERR,ERR,ERR,ERR,ERR,ERR,ERR,ERR,ERR,ERR,ERR,ERR,ERR,ERR,ERR,ERR,ERR,ERR,ERR,ERR,ERR,ERR,ERR,ERR,ERR,ERR,ERR,ERR,ERR,ERR,ERR,ERR,ERR,ERR,ERR,ERR,ERR,ERR,ERR,ERR,ERR,ERR,ERR,ERR,ERR,ERR,ERR,ERR,ERR,ERR,ERR,ERR,ERR,ERR,ERR,ERR,ERR,ERR,ERR,ERR,ERR,ERR,ERR,ERR,ERR,ERR,ERR,ERR,ERR,ERR,ERR,ERR,ERR,ERR,ERR,ERR,ERR,ERR,ERR,ERR,ERR,ERR,ERR,ERR,ERR,ERR,ERR,ERR,ERR,ERR,ERR,ERR,ERR,ERR,ERR,ERR,ERR,ERR,ERR,ERR,ERR,ERR,ERR,ERR,ERR,ERR,ERR,ERR,ERR,ERR,ERR,ERR,ERR,ERR,ERR,ERR,ERR,ERR,ERR,ERR,ERR,ERR,ERR,ERR,ERR,ERR,ERR,ERR,ERR,ERR,ERR,ERR,ERR,ERR,ERR,ERR,ERR,ERR,ERR,ERR,ERR,ERR,ERR,ERR,ERR,ERR,ERR,ERR,ERR,ERR,ERR,ERR,ERR,ERR,ERR,ERR,ERR,ERR,ERR,ERR,ERR,ERR,ERR,ERR,ERR,ERR,ERR,ERR,ERR,ERR,ERR,ERR,ERR,ERR,ERR,ERR,ERR,ERR,ERR,ERR,ERR,ERR,ERR,ERR,ERR,ERR,ERR,ERR,ERR,ERR,ERR,ERR,ERR,ERR,ERR,ERR,ERR,ERR,ERR,ERR,ERR,ERR,ERR,ERR,ERR,ERR,ERR,ERR,ERR,ERR,ERR,ERR,ERR,ERR,ERR,ERR,ERR,ERR,ERR,ERR,ERR,ERR,ERR,ERR,ERR,ERR,ERR,ERR,ERR,ERR,ERR,ERR,ERR,ERR,ERR,ERR,ERR,ERR,ERR,ERR,ERR
2026-02-05T14:20:33,ERR,ERR,ERR,ERR,ERR,ERR,ERR,ERR,ERR,ERR,ERR,ERR,ERR,ERR,ERR,ERR,ERR,ERR,ERR,ERR,ERR,ERR,ERR,ERR,ERR,ERR,ERR,ERR,ERR,ERR,ERR,ERR,ERR,ERR,ERR,ERR,ERR,ERR,ERR,ERR,ERR,ERR,ERR,ERR,ERR,ERR,ERR,ERR,ERR,ERR,ERR,ERR,ERR,ERR,ERR,ERR,ERR,ERR,ERR,ERR,ERR,ERR,ERR,ERR,ERR,ERR,ERR,ERR,ERR,ERR,ERR,ERR,ERR,ERR,ERR,ERR,ERR,ERR,ERR,ERR,ERR,ERR,ERR,ERR,ERR,ERR,ERR,ERR,ERR,ERR,ERR,ERR,ERR,ERR,ERR,ERR,ERR,ERR,ERR,ERR,ERR,ERR,ERR,ERR,ERR,ERR,ERR,ERR,ERR,ERR,ERR,ERR,ERR,ERR,ERR,ERR,ERR,ERR,ERR,ERR,ERR,ERR,ERR,ERR,ERR,ERR,ERR,ERR,ERR,ERR,ERR,ERR,ERR,ERR,ERR,ERR,ERR,ERR,ERR,ERR,ERR,ERR,ERR,ERR,ERR,ERR,ERR,ERR,ERR,ERR,ERR,ERR,ERR,ERR,ERR,ERR,ERR,ERR,ERR,ERR,ERR,ERR,ERR,ERR,ERR,ERR,ERR,ERR,ERR,ERR,ERR,ERR,ERR,ERR,ERR,ERR,ERR,ERR,ERR,ERR,ERR,ERR,ERR,ERR,ERR,ERR,ERR,ERR,ERR,ERR,ERR,ERR,ERR,ERR,ERR,ERR,ERR,ERR,ERR,ERR,ERR,ERR,ERR,ERR,ERR,ERR,ERR,ERR,ERR,ERR,ERR,ERR,ERR,ERR,ERR,ERR,ERR,ERR,ERR,ERR,ERR,ERR,ERR,ERR,ERR,ERR,ERR,ERR,ERR,ERR,ERR,ERR,ERR,ERR,ERR,ERR,ERR,ERR,ERR,ERR,ERR,ERR,ERR,ERR,ERR,ERR,ERR,ERR,ERR,ERR,ERR,ERR,ERR,ERR,ERR,ERR,ERR,ERR,ERR,ERR,ERR,ERR,ERR,ERR,ERR,ERR,ERR,ERR,ERR,ERR,ERR,ERR,ERR,ERR,ERR,ERR,ERR,ERR,ERR,ERR,ERR,ERR,ERR,ERR,ERR,ERR,ERR,ERR,ERR,ERR,ERR,ERR,ERR,ERR,ERR,ERR,ERR,ERR,ERR,ERR,ERR,ERR,ERR,ERR,ERR,ERR,ERR,ERR,ERR,ERR,ERR,ERR,ERR,ERR,ERR,ERR,ERR,ERR,ERR,ERR,ERR,ERR,ERR,ERR,ERR,ERR,ERR,ERR,ERR,ERR,ERR,ERR,ERR,ERR,ERR,ERR,ERR,ERR,ERR,ERR,ERR,ERR,ERR,ERR,ERR,ERR,ERR,ERR,ERR,ERR,ERR,ERR,ERR,ERR,ERR,ERR,ERR,ERR,ERR,ERR,ERR,ERR,ERR,ERR,ERR,ERR,ERR,ERR,ERR,ERR,ERR,ERR,ERR,ERR,ERR,ERR,ERR,ERR,ERR
2026-02-05T14:20:34,ERR,ERR,ERR,ERR,ERR,ERR,ERR,ERR,ERR,ERR,ERR,ERR,ERR,ERR,ERR,ERR,ERR,ERR,ERR,ERR,ERR,ERR,ERR,ERR,ERR,ERR,ERR,ERR,ERR,ERR,ERR,ERR,ERR,ERR,ERR,ERR,ERR,ERR,ERR,ERR,ERR,ERR,ERR,ERR,ERR,ERR,ERR,ERR,ERR,ERR,ERR,ERR,ERR,ERR,ERR,ERR,ERR,ERR,ERR,ERR,ERR,ERR,ERR,ERR,ERR,ERR,ERR,ERR,ERR,ERR,ERR,ERR,ERR,ERR,ERR,ERR,ERR,ERR,ERR,ERR,ERR,ERR,ERR,ERR,ERR,ERR,ERR,ERR,ERR,ERR,ERR,ERR,ERR,ERR,ERR,ERR,ERR,ERR,ERR,ERR,ERR,ERR,ERR,ERR,ERR,ERR,ERR,ERR,ERR,ERR,ERR,ERR,ERR,ERR,ERR,ERR,ERR,ERR,ERR,ERR,ERR,ERR,ERR,ERR,ERR,ERR,ERR,ERR,ERR,ERR,ERR,ERR,ERR,ERR,ERR,ERR,ERR,ERR,ERR,ERR,ERR,ERR,ERR,ERR,ERR,ERR,ERR,ERR,ERR,ERR,ERR,ERR,ERR,ERR,ERR,ERR,ERR,ERR,ERR,ERR,ERR,ERR,ERR,ERR,ERR,ERR,ERR,ERR,ERR,ERR,ERR,ERR,ERR,ERR,ERR,ERR,ERR,ERR,ERR,ERR,ERR,ERR,ERR,ERR,ERR,ERR,ERR,ERR,ERR,ERR,ERR,ERR,ERR,ERR,ERR,ERR,ERR,ERR,ERR,ERR,ERR,ERR,ERR,ERR,ERR,ERR,ERR,ERR,ERR,ERR,ERR,ERR,ERR,ERR,ERR,ERR,ERR,ERR,ERR,ERR,ERR,ERR,ERR,ERR,ERR,ERR,ERR,ERR,ERR,ERR,ERR,ERR,ERR,ERR,ERR,ERR,ERR,ERR,ERR,ERR,ERR,ERR,ERR,ERR,ERR,ERR,ERR,ERR,ERR,ERR,ERR,ERR,ERR,ERR,ERR,ERR,ERR,ERR,ERR,ERR,ERR,ERR,ERR,ERR,ERR,ERR,ERR,ERR,ERR,ERR,ERR,ERR,ERR,ERR,ERR,ERR,ERR,ERR,ERR,ERR,ERR,ERR,ERR,ERR,ERR,ERR,ERR,ERR,ERR,ERR,ERR,ERR,ERR,ERR,ERR,ERR,ERR,ERR,ERR,ERR,ERR,ERR,ERR,ERR,ERR,ERR,ERR,ERR,ERR,ERR,ERR,ERR,ERR,ERR,ERR,ERR,ERR,ERR,ERR,ERR,ERR,ERR,ERR,ERR,ERR,ERR,ERR,ERR,ERR,ERR,ERR,ERR,ERR,ERR,ERR,ERR,ERR,ERR,ERR,ERR,ERR,ERR,ERR,ERR,ERR,ERR,ERR,ERR,ERR,ERR,ERR,ERR,ERR,ERR,ERR,ERR,ERR,ERR,ERR,ERR,ERR,ERR,ERR,ERR,ERR,ERR,ERR,ERR,ERR,ERR,ERR,ERR,ERR,ERR,ERR,ERR,ERR,ERR,ERR
2026-02-05T14:20:35,ERR,ERR,ERR,ERR,ERR,ERR,ERR,ERR,ERR,ERR,ERR,ERR,ERR,ERR,ERR,ERR,ERR,ERR,ERR,ERR,ERR,ERR,ERR,ERR,ERR,ERR,ERR,ERR,ERR,ERR,ERR,ERR,ERR,ERR,ERR,ERR,ERR,ERR,ERR,ERR,ERR,ERR,ERR,ERR,ERR,ERR,ERR,ERR,ERR,ERR,ERR,ERR,ERR,ERR,ERR,ERR,ERR,ERR,ERR,ERR,ERR,ERR,ERR,ERR,ERR,ERR,ERR,ERR,ERR,ERR,ERR,ERR,ERR,ERR,ERR,ERR,ERR,ERR,ERR,ERR,ERR,ERR,ERR,ERR,ERR,ERR,ERR,ERR,ERR,ERR,ERR,ERR,ERR,ERR,ERR,ERR,ERR,ERR,ERR,ERR,ERR,ERR,ERR,ERR,ERR,ERR,ERR,ERR,ERR,ERR,ERR,ERR,ERR,ERR,ERR,ERR,ERR,ERR,ERR,ERR,ERR,ERR,ERR,ERR,ERR,ERR,ERR,ERR,ERR,ERR,ERR,ERR,ERR,ERR,ERR,ERR,ERR,ERR,ERR,ERR,ERR,ERR,ERR,ERR,ERR,ERR,ERR,ERR,ERR,ERR,ERR,ERR,ERR,ERR,ERR,ERR,ERR,ERR,ERR,ERR,ERR,ERR,ERR,ERR,ERR,ERR,ERR,ERR,ERR,ERR,ERR,ERR,ERR,ERR,ERR,ERR,ERR,ERR,ERR,ERR,ERR,ERR,ERR,ERR,ERR,ERR,ERR,ERR,ERR,ERR,ERR,ERR,ERR,ERR,ERR,ERR,ERR,ERR,ERR,ERR,ERR,ERR,ERR,ERR,ERR,ERR,ERR,ERR,ERR,ERR,ERR,ERR,ERR,ERR,ERR,ERR,ERR,ERR,ERR,ERR,ERR,ERR,ERR,ERR,ERR,ERR,ERR,ERR,ERR,ERR,ERR,ERR,ERR,ERR,ERR,ERR,ERR,ERR,ERR,ERR,ERR,ERR,ERR,ERR,ERR,ERR,ERR,ERR,ERR,ERR,ERR,ERR,ERR,ERR,ERR,ERR,ERR,ERR,ERR,ERR,ERR,ERR,ERR,ERR,ERR,ERR,ERR,ERR,ERR,ERR,ERR,ERR,ERR,ERR,ERR,ERR,ERR,ERR,ERR,ERR,ERR,ERR,ERR,ERR,ERR,ERR,ERR,ERR,ERR,ERR,ERR,ERR,ERR,ERR,ERR,ERR,ERR,ERR,ERR,ERR,ERR,ERR,ERR,ERR,ERR,ERR,ERR,ERR,ERR,ERR,ERR,ERR,ERR,ERR,ERR,ERR,ERR,ERR,ERR,ERR,ERR,ERR,ERR,ERR,ERR,ERR,ERR,ERR,ERR,ERR,ERR,ERR,ERR,ERR,ERR,ERR,ERR,ERR,ERR,ERR,ERR,ERR,ERR,ERR,ERR,ERR,ERR,ERR,ERR,ERR,ERR,ERR,ERR,ERR,ERR,ERR,ERR,ERR,ERR,ERR,ERR,ERR,ERR,ERR,ERR,ERR,ERR,ERR,ERR,ERR,ERR,ERR,ERR,ERR,ERR,ERR,ERR,ERR,ERR
2026-02-05T14:20:36,ERR,ERR,ERR,ERR,ERR,ERR,ERR,ERR,ERR,ERR,ERR,ERR,ERR,ERR,ERR,ERR,ERR,ERR,ERR,ERR,ERR,ERR,ERR,ERR,ERR,ERR,ERR,ERR,ERR,ERR,ERR,ERR,ERR,ERR,ERR,ERR,ERR,ERR,ERR,ERR,ERR,ERR,ERR,ERR,ERR,ERR,ERR,ERR,ERR,ERR,ERR,ERR,ERR,ERR,ERR,ERR,ERR,ERR,ERR,ERR,ERR,ERR,ERR,ERR,ERR,ERR,ERR,ERR,ERR,ERR,ERR,ERR,ERR,ERR,ERR,ERR,ERR,ERR,ERR,ERR,ERR,ERR,ERR,ERR,ERR,ERR,ERR,ERR,ERR,ERR,ERR,ERR,ERR,ERR,ERR,ERR,ERR,ERR,ERR,ERR,ERR,ERR,ERR,ERR,ERR,ERR,ERR,ERR,ERR,ERR,ERR,ERR,ERR,ERR,ERR,ERR,ERR,ERR,ERR,ERR,ERR,ERR,ERR,ERR,ERR,ERR,ERR,ERR,ERR,ERR,ERR,ERR,ERR,ERR,ERR,ERR,ERR,ERR,ERR,ERR,ERR,ERR,ERR,ERR,ERR,ERR,ERR,ERR,ERR,ERR,ERR,ERR,ERR,ERR,ERR,ERR,ERR,ERR,ERR,ERR,ERR,ERR,ERR,ERR,ERR,ERR,ERR,ERR,ERR,ERR,ERR,ERR,ERR,ERR,ERR,ERR,ERR,ERR,ERR,ERR,ERR,ERR,ERR,ERR,ERR,ERR,ERR,ERR,ERR,ERR,ERR,ERR,ERR,ERR,ERR,ERR,ERR,ERR,ERR,ERR,ERR,ERR,ERR,ERR,ERR,ERR,ERR,ERR,ERR,ERR,ERR,ERR,ERR,ERR,ERR,ERR,ERR,ERR,ERR,ERR,ERR,ERR,ERR,ERR,ERR,ERR,ERR,ERR,ERR,ERR,ERR,ERR,ERR,ERR,ERR,ERR,ERR,ERR,ERR,ERR,ERR,ERR,ERR,ERR,ERR,ERR,ERR,ERR,ERR,ERR,ERR,ERR,ERR,ERR,ERR,ERR,ERR,ERR,ERR,ERR,ERR,ERR,ERR,ERR,ERR,ERR,ERR,ERR,ERR,ERR,ERR,ERR,ERR,ERR,ERR,ERR,ERR,ERR,ERR,ERR,ERR,ERR,ERR,ERR,ERR,ERR,ERR,ERR,ERR,ERR,ERR,ERR,ERR,ERR,ERR,ERR,ERR,ERR,ERR,ERR,ERR,ERR,ERR,ERR,ERR,ERR,ERR,ERR,ERR,ERR,ERR,ERR,ERR,ERR,ERR,ERR,ERR,ERR,ERR,ERR,ERR,ERR,ERR,ERR,ERR,ERR,ERR,ERR,ERR,ERR,ERR,ERR,ERR,ERR,ERR,ERR,ERR,ERR,ERR,ERR,ERR,ERR,ERR,ERR,ERR,ERR,ERR,ERR,ERR,ERR,ERR,ERR,ERR,ERR,ERR,ERR,ERR,ERR,ERR,ERR,ERR,ERR,ERR,ERR,ERR,ERR,ERR,ERR,ERR,ERR,ERR,ERR,ERR,ERR,ERR,ERR,ERR,ERR,ERR
2026-02-05T14:20:37,ERR,ERR,ERR,ERR,ERR,ERR,ERR,ERR,ERR,ERR,ERR,ERR,ERR,ERR,ERR,ERR,ERR,ERR,ERR,ERR,ERR,ERR,ERR,ERR,ERR,ERR,ERR,ERR,ERR,ERR,ERR,ERR,ERR,ERR,ERR,ERR,ERR,ERR,ERR,ERR,ERR,ERR,ERR,ERR,ERR,ERR,ERR,ERR,ERR,ERR,ERR,ERR,ERR,ERR,ERR,ERR,ERR,ERR,ERR,ERR,ERR,ERR,ERR,ERR,ERR,ERR,ERR,ERR,ERR,ERR,ERR,ERR,ERR,ERR,ERR,ERR,ERR,ERR,ERR,ERR,ERR,ERR,ERR,ERR,ERR,ERR,ERR,ERR,ERR,ERR,ERR,ERR,ERR,ERR,ERR,ERR,ERR,ERR,ERR,ERR,ERR,ERR,ERR,ERR,ERR,ERR,ERR,ERR,ERR,ERR,ERR,ERR,ERR,ERR,ERR,ERR,ERR,ERR,ERR,ERR,ERR,ERR,ERR,ERR,ERR,ERR,ERR,ERR,ERR,ERR,ERR,ERR,ERR,ERR,ERR,ERR,ERR,ERR,ERR,ERR,ERR,ERR,ERR,ERR,ERR,ERR,ERR,ERR,ERR,ERR,ERR,ERR,ERR,ERR,ERR,ERR,ERR,ERR,ERR,ERR,ERR,ERR,ERR,ERR,ERR,ERR,ERR,ERR,ERR,ERR,ERR,ERR,ERR,ERR,ERR,ERR,ERR,ERR,ERR,ERR,ERR,ERR,ERR,ERR,ERR,ERR,ERR,ERR,ERR,ERR,ERR,ERR,ERR,ERR,ERR,ERR,ERR,ERR,ERR,ERR,ERR,ERR,ERR,ERR,ERR,ERR,ERR,ERR,ERR,ERR,ERR,ERR,ERR,ERR,ERR,ERR,ERR,ERR,ERR,ERR,ERR,ERR,ERR,ERR,ERR,ERR,ERR,ERR,ERR,ERR,ERR,ERR,ERR,ERR,ERR,ERR,ERR,ERR,ERR,ERR,ERR,ERR,ERR,ERR,ERR,ERR,ERR,ERR,ERR,ERR,ERR,ERR,ERR,ERR,ERR,ERR,ERR,ERR,ERR,ERR,ERR,ERR,ERR,ERR,ERR,ERR,ERR,ERR,ERR,ERR,ERR,ERR,ERR,ERR,ERR,ERR,ERR,ERR,ERR,ERR,ERR,ERR,ERR,ERR,ERR,ERR,ERR,ERR,ERR,ERR,ERR,ERR,ERR,ERR,ERR,ERR,ERR,ERR,ERR,ERR,ERR,ERR,ERR,ERR,ERR,ERR,ERR,ERR,ERR,ERR,ERR,ERR,ERR,ERR,ERR,ERR,ERR,ERR,ERR,ERR,ERR,ERR,ERR,ERR,ERR,ERR,ERR,ERR,ERR,ERR,ERR,ERR,ERR,ERR,ERR,ERR,ERR,ERR,ERR,ERR,ERR,ERR,ERR,ERR,ERR,ERR,ERR,ERR,ERR,ERR,ERR,ERR,ERR,ERR,ERR,ERR,ERR,ERR,ERR,ERR,ERR,ERR,ERR,ERR,ERR,ERR,ERR,ERR,ERR,ERR,ERR,ERR,ERR,ERR,ERR,ERR,ERR,ERR,ERR
2026-02-05T14:20:38,ERR,ERR,ERR,ERR,ERR,ERR,ERR,ERR,ERR,ERR,ERR,ERR,ERR,ERR,ERR,ERR,ERR,ERR,ERR,ERR,ERR,ERR,ERR,ERR,ERR,ERR,ERR,ERR,ERR,ERR,ERR,ERR,ERR,ERR,ERR,ERR,ERR,ERR,ERR,ERR,ERR,ERR,ERR,ERR,ERR,ERR,ERR,ERR,ERR,ERR,ERR,ERR,ERR,ERR,ERR,ERR,ERR,ERR,ERR,ERR,ERR,ERR,ERR,ERR,ERR,ERR,ERR,ERR,ERR,ERR,ERR,ERR,ERR,ERR,ERR,ERR,ERR,ERR,ERR,ERR,ERR,ERR,ERR,ERR,ERR,ERR,ERR,ERR,ERR,ERR,ERR,ERR,ERR,ERR,ERR,ERR,ERR,ERR,ERR,ERR,ERR,ERR,ERR,ERR,ERR,ERR,ERR,ERR,ERR,ERR,ERR,ERR,ERR,ERR,ERR,ERR,ERR,ERR,ERR,ERR,ERR,ERR,ERR,ERR,ERR,ERR,ERR,ERR,ERR,ERR,ERR,ERR,ERR,ERR,ERR,ERR,ERR,ERR,ERR,ERR,ERR,ERR,ERR,ERR,ERR,ERR,ERR,ERR,ERR,ERR,ERR,ERR,ERR,ERR,ERR,ERR,ERR,ERR,ERR,ERR,ERR,ERR,ERR,ERR,ERR,ERR,ERR,ERR,ERR,ERR,ERR,ERR,ERR,ERR,ERR,ERR,ERR,ERR,ERR,ERR,ERR,ERR,ERR,ERR,ERR,ERR,ERR,ERR,ERR,ERR,ERR,ERR,ERR,ERR,ERR,ERR,ERR,ERR,ERR,ERR,ERR,ERR,ERR,ERR,ERR,ERR,ERR,ERR,ERR,ERR,ERR,ERR,ERR,ERR,ERR,ERR,ERR,ERR,ERR,ERR,ERR,ERR,ERR,ERR,ERR,ERR,ERR,ERR,ERR,ERR,ERR,ERR,ERR,ERR,ERR,ERR,ERR,ERR,ERR,ERR,ERR,ERR,ERR,ERR,ERR,ERR,ERR,ERR,ERR,ERR,ERR,ERR,ERR,ERR,ERR,ERR,ERR,ERR,ERR,ERR,ERR,ERR,ERR,ERR,ERR,ERR,ERR,ERR,ERR,ERR,ERR,ERR,ERR,ERR,ERR,ERR,ERR,ERR,ERR,ERR,ERR,ERR,ERR,ERR,ERR,ERR,ERR,ERR,ERR,ERR,ERR,ERR,ERR,ERR,ERR,ERR,ERR,ERR,ERR,ERR,ERR,ERR,ERR,ERR,ERR,ERR,ERR,ERR,ERR,ERR,ERR,ERR,ERR,ERR,ERR,ERR,ERR,ERR,ERR,ERR,ERR,ERR,ERR,ERR,ERR,ERR,ERR,ERR,ERR,ERR,ERR,ERR,ERR,ERR,ERR,ERR,ERR,ERR,ERR,ERR,ERR,ERR,ERR,ERR,ERR,ERR,ERR,ERR,ERR,ERR,ERR,ERR,ERR,ERR,ERR,ERR,ERR,ERR,ERR,ERR,ERR,ERR,ERR,ERR,ERR,ERR,ERR,ERR,ERR,ERR,ERR,ERR,ERR,ERR,ERR,ERR,ERR,ERR,ERR
2026-02-05T14:20:39,ERR,ERR,ERR,ERR,ERR,ERR,ERR,ERR,ERR,ERR,ERR,ERR,ERR,ERR,ERR,ERR,ERR,ERR,ERR,ERR,ERR,ERR,ERR,ERR,ERR,ERR,ERR,ERR,ERR,ERR,ERR,ERR,ERR,ERR,ERR,ERR,ERR,ERR,ERR,ERR,ERR,ERR,ERR,ERR,ERR,ERR,ERR,ERR,ERR,ERR,ERR,ERR,ERR,ERR,ERR,ERR,ERR,ERR,ERR,ERR,ERR,ERR,ERR,ERR,ERR,ERR,ERR,ERR,ERR,ERR,ERR,ERR,ERR,ERR,ERR,ERR,ERR,ERR,ERR,ERR,ERR,ERR,ERR,ERR,ERR,ERR,ERR,ERR,ERR,ERR,ERR,ERR,ERR,ERR,ERR,ERR,ERR,ERR,ERR,ERR,ERR,ERR,ERR,ERR,ERR,ERR,ERR,ERR,ERR,ERR,ERR,ERR,ERR,ERR,ERR,ERR,ERR,ERR,ERR,ERR,ERR,ERR,ERR,ERR,ERR,ERR,ERR,ERR,ERR,ERR,ERR,ERR,ERR,ERR,ERR,ERR,ERR,ERR,ERR,ERR,ERR,ERR,ERR,ERR,ERR,ERR,ERR,ERR,ERR,ERR,ERR,ERR,ERR,ERR,ERR,ERR,ERR,ERR,ERR,ERR,ERR,ERR,ERR,ERR,ERR,ERR,ERR,ERR,ERR,ERR,ERR,ERR,ERR,ERR,ERR,ERR,ERR,ERR,ERR,ERR,ERR,ERR,ERR,ERR,ERR,ERR,ERR,ERR,ERR,ERR,ERR,ERR,ERR,ERR,ERR,ERR,ERR,ERR,ERR,ERR,ERR,ERR,ERR,ERR,ERR,ERR,ERR,ERR,ERR,ERR,ERR,ERR,ERR,ERR,ERR,ERR,ERR,ERR,ERR,ERR,ERR,ERR,ERR,ERR,ERR,ERR,ERR,ERR,ERR,ERR,ERR,ERR,ERR,ERR,ERR,ERR,ERR,ERR,ERR,ERR,ERR,ERR,ERR,ERR,ERR,ERR,ERR,ERR,ERR,ERR,ERR,ERR,ERR,ERR,ERR,ERR,ERR,ERR,ERR,ERR,ERR,ERR,ERR,ERR,ERR,ERR,ERR,ERR,ERR,ERR,ERR,ERR,ERR,ERR,ERR,ERR,ERR,ERR,ERR,ERR,ERR,ERR,ERR,ERR,ERR,ERR,ERR,ERR,ERR,ERR,ERR,ERR,ERR,ERR,ERR,ERR,ERR,ERR,ERR,ERR,ERR,ERR,ERR,ERR,ERR,ERR,ERR,ERR,ERR,ERR,ERR,ERR,ERR,ERR,ERR,ERR,ERR,ERR,ERR,ERR,ERR,ERR,ERR,ERR,ERR,ERR,ERR,ERR,ERR,ERR,ERR,ERR,ERR,ERR,ERR,ERR,ERR,ERR,ERR,ERR,66,ERR,0.0,10.0,2.0,0.0,0.0,0.0,0.0,0.0,0.0,0.0,0.0,0.0,0.0,0.0,0.0,66.0,68,16,65516,48,65476,0,300,0,0,8,20529,65476,0,0,30147,60.0,0.0,10.0,10.0,2.0,0.0
2026-02-05T14:20:40,ERR,ERR,ERR,ERR,ERR,ERR,ERR,ERR,ERR,ERR,ERR,ERR,ERR,ERR,ERR,ERR,ERR,ERR,ERR,ERR,ERR,ERR,ERR,ERR,ERR,ERR,ERR,ERR,ERR,ERR,ERR,ERR,ERR,ERR,ERR,ERR,ERR,ERR,ERR,ERR,ERR,ERR,ERR,ERR,ERR,ERR,ERR,ERR,ERR,ERR,ERR,ERR,ERR,ERR,ERR,ERR,ERR,ERR,ERR,ERR,ERR,ERR,ERR,ERR,ERR,ERR,ERR,ERR,ERR,ERR,ERR,ERR,ERR,ERR,ERR,ERR,ERR,ERR,ERR,ERR,ERR,ERR,ERR,ERR,ERR,ERR,ERR,ERR,ERR,ERR,ERR,ERR,ERR,ERR,ERR,ERR,ERR,ERR,ERR,ERR,ERR,ERR,ERR,ERR,ERR,ERR,ERR,ERR,ERR,ERR,ERR,ERR,ERR,ERR,ERR,ERR,ERR,ERR,ERR,ERR,ERR,ERR,ERR,ERR,ERR,ERR,ERR,ERR,ERR,ERR,ERR,ERR,ERR,ERR,ERR,ERR,ERR,ERR,ERR,ERR,ERR,ERR,ERR,ERR,ERR,ERR,ERR,ERR,ERR,ERR,ERR,ERR,ERR,ERR,ERR,ERR,ERR,ERR,ERR,ERR,ERR,ERR,ERR,ERR,ERR,ERR,ERR,ERR,ERR,ERR,ERR,ERR,ERR,ERR,ERR,ERR,ERR,ERR,ERR,ERR,ERR,ERR,ERR,ERR,ERR,ERR,ERR,ERR,ERR,ERR,ERR,ERR,ERR,ERR,ERR,ERR,ERR,ERR,ERR,ERR,ERR,ERR,ERR,ERR,ERR,ERR,ERR,ERR,ERR,ERR,ERR,ERR,ERR,ERR,ERR,ERR,ERR,ERR,ERR,ERR,ERR,ERR,ERR,ERR,ERR,ERR,ERR,ERR,ERR,ERR,ERR,ERR,ERR,ERR,ERR,ERR,ERR,ERR,ERR,ERR,ERR,ERR,ERR,ERR,ERR,ERR,ERR,ERR,ERR,ERR,ERR,ERR,ERR,ERR,ERR,ERR,ERR,ERR,ERR,ERR,ERR,ERR,ERR,ERR,ERR,ERR,ERR,ERR,ERR,ERR,ERR,ERR,ERR,ERR,ERR,ERR,ERR,ERR,ERR,ERR,ERR,ERR,ERR,ERR,ERR,ERR,ERR,ERR,ERR,ERR,ERR,ERR,ERR,ERR,ERR,ERR,ERR,ERR,ERR,ERR,ERR,ERR,ERR,ERR,ERR,ERR,ERR,ERR,ERR,ERR,ERR,ERR,ERR,ERR,ERR,ERR,ERR,ERR,ERR,ERR,ERR,ERR,ERR,ERR,ERR,ERR,ERR,ERR,ERR,ERR,ERR,ERR,ERR,ERR,ERR,ERR,ERR,ERR,ERR,ERR,66,ERR,0.0,10.0,2.0,0.0,0.0,0.0,0.0,0.0,0.0,0.0,0.0,0.0,0.0,0.0,0.0,66.0,68,16,65516,48,65476,0,300,0,0,8,20529,65476,0,0,30147,60.0,0.0,10.0,10.0,2.0,0.0
2026-02-05T14:20:41,ERR,ERR,ERR,ERR,ERR,ERR,ERR,ERR,ERR,ERR,ERR,ERR,ERR,ERR,ERR,ERR,ERR,ERR,ERR,ERR,ERR,ERR,ERR,ERR,ERR,ERR,ERR,ERR,ERR,ERR,ERR,ERR,ERR,ERR,ERR,ERR,ERR,ERR,ERR,ERR,ERR,ERR,ERR,ERR,ERR,ERR,ERR,ERR,ERR,ERR,ERR,ERR,ERR,ERR,ERR,ERR,ERR,ERR,ERR,ERR,ERR,ERR,ERR,ERR,ERR,ERR,ERR,ERR,ERR,ERR,ERR,ERR,ERR,ERR,ERR,ERR,ERR,ERR,ERR,ERR,ERR,ERR,ERR,ERR,ERR,ERR,ERR,ERR,ERR,ERR,ERR,ERR,ERR,ERR,ERR,ERR,ERR,ERR,ERR,ERR,ERR,ERR,ERR,ERR,ERR,ERR,ERR,ERR,ERR,ERR,ERR,ERR,ERR,ERR,ERR,ERR,ERR,ERR,ERR,ERR,ERR,ERR,ERR,ERR,ERR,ERR,ERR,ERR,ERR,ERR,ERR,ERR,ERR,ERR,ERR,ERR,ERR,ERR,ERR,ERR,ERR,ERR,ERR,ERR,ERR,ERR,ERR,ERR,ERR,ERR,ERR,ERR,ERR,ERR,ERR,ERR,ERR,ERR,ERR,ERR,ERR,ERR,ERR,ERR,ERR,ERR,ERR,ERR,ERR,ERR,ERR,ERR,ERR,ERR,ERR,ERR,ERR,ERR,ERR,ERR,ERR,ERR,ERR,ERR,ERR,ERR,ERR,ERR,ERR,ERR,ERR,ERR,ERR,ERR,ERR,ERR,ERR,ERR,ERR,ERR,ERR,ERR,ERR,ERR,ERR,ERR,ERR,ERR,ERR,ERR,ERR,ERR,ERR,ERR,ERR,ERR,ERR,ERR,ERR,ERR,ERR,ERR,ERR,ERR,ERR,ERR,ERR,ERR,ERR,ERR,ERR,ERR,ERR,ERR,ERR,ERR,ERR,ERR,ERR,ERR,ERR,ERR,ERR,ERR,ERR,ERR,ERR,ERR,ERR,ERR,ERR,ERR,ERR,ERR,ERR,ERR,ERR,ERR,ERR,ERR,ERR,ERR,ERR,ERR,ERR,ERR,ERR,ERR,ERR,ERR,ERR,2048,39322,17150,39322,17152,39322,17144,0,0,0,105,99,100,ERR,ERR,ERR,69.3,-0.0,69.0,1,47,48,180,0,26215,0,0,0.0,0.0,0.0,60.0,-9295001288704.0,74.0,0.0,0.0,0.0,1270,0,1276,0,0,0,1273,0,1286,0,1243,0,693,0,694,0,689,0,691,0.032,1.3386390338410102e+34,-2.004,0.0,25872,16828,-219088764796928.0,0.0,4.031064448045489e+28,8.108665173254428e+29,-3.16,0.0,70.0,60.0,66,0.0,0.0,10.0,2.0,0.0,0.0,0.0,0.0,0.0,0.0,0.0,0.0,0.0,0.0,0.0,0.0,65.6,68,16,65516,48,65476,0,300,0,0,8,20529,65476,0,0,35389,60.0,0.0,10.0,10.0,2.0,0.0
2026-02-05T14:20:42,ERR,ERR,ERR,ERR,ERR,ERR,ERR,ERR,ERR,ERR,ERR,ERR,ERR,ERR,ERR,ERR,ERR,ERR,ERR,ERR,ERR,ERR,ERR,ERR,ERR,ERR,ERR,ERR,ERR,ERR,ERR,ERR,ERR,ERR,ERR,ERR,ERR,ERR,ERR,ERR,ERR,ERR,ERR,ERR,ERR,ERR,ERR,ERR,ERR,ERR,ERR,ERR,ERR,ERR,ERR,ERR,ERR,ERR,ERR,ERR,ERR,ERR,ERR,ERR,ERR,ERR,ERR,ERR,ERR,ERR,ERR,ERR,ERR,ERR,ERR,ERR,ERR,ERR,ERR,ERR,ERR,ERR,ERR,ERR,ERR,ERR,ERR,ERR,ERR,ERR,ERR,ERR,ERR,ERR,ERR,ERR,ERR,ERR,ERR,ERR,ERR,ERR,ERR,ERR,ERR,ERR,ERR,ERR,ERR,ERR,ERR,ERR,ERR,ERR,ERR,ERR,ERR,ERR,ERR,ERR,ERR,ERR,ERR,ERR,ERR,ERR,ERR,ERR,ERR,ERR,ERR,ERR,ERR,ERR,ERR,ERR,ERR,ERR,ERR,ERR,ERR,ERR,ERR,ERR,ERR,ERR,ERR,ERR,ERR,ERR,ERR,ERR,ERR,ERR,ERR,ERR,ERR,ERR,ERR,ERR,ERR,ERR,ERR,ERR,ERR,ERR,ERR,ERR,ERR,ERR,ERR,ERR,ERR,ERR,ERR,ERR,ERR,ERR,ERR,ERR,ERR,ERR,ERR,ERR,ERR,ERR,ERR,ERR,ERR,ERR,ERR,ERR,ERR,ERR,ERR,ERR,ERR,ERR,ERR,ERR,ERR,ERR,ERR,ERR,ERR,ERR,ERR,ERR,ERR,ERR,ERR,ERR,ERR,ERR,ERR,ERR,ERR,ERR,ERR,ERR,ERR,ERR,ERR,ERR,ERR,ERR,ERR,ERR,ERR,ERR,ERR,ERR,ERR,ERR,ERR,ERR,ERR,ERR,ERR,ERR,ERR,ERR,ERR,ERR,ERR,ERR,ERR,ERR,ERR,ERR,ERR,ERR,ERR,ERR,ERR,ERR,ERR,ERR,ERR,ERR,ERR,ERR,ERR,ERR,ERR,ERR,ERR,ERR,ERR,ERR,ERR,2048,39322,17150,39322,17152,39322,17144,0,0,0,105,99,100,ERR,ERR,ERR,69.3,-0.0,69.0,1,47,48,180,0,26215,0,0,0.0,0.0,0.0,60.0,-9295001288704.0,74.0,0.0,0.0,0.0,1270,0,1276,0,0,0,1273,0,1286,0,1243,0,693,0,694,0,689,0,691,0.032,1.3386390338410102e+34,-2.004,0.0,25872,16828,-219088764796928.0,0.0,4.031064448045489e+28,8.108665173254428e+29,-3.16,0.0,70.0,60.0,66,0.0,0.0,10.0,2.0,0.0,0.0,0.0,0.0,0.0,0.0,0.0,0.0,0.0,0.0,0.0,0.0,65.6,68,16,65516,48,65476,0,300,0,0,8,20529,65476,0,0,35389,60.0,0.0,10.0,10.0,2.0,0.0
2026-02-05T14:20:43,ERR,ERR,ERR,ERR,ERR,ERR,ERR,ERR,ERR,ERR,ERR,ERR,ERR,ERR,ERR,ERR,ERR,ERR,ERR,ERR,ERR,ERR,ERR,ERR,ERR,ERR,ERR,ERR,ERR,ERR,ERR,ERR,ERR,ERR,ERR,ERR,ERR,ERR,ERR,ERR,ERR,ERR,ERR,ERR,ERR,ERR,ERR,ERR,ERR,ERR,ERR,ERR,ERR,ERR,ERR,ERR,ERR,ERR,ERR,ERR,ERR,ERR,ERR,ERR,ERR,ERR,ERR,ERR,ERR,ERR,ERR,ERR,ERR,ERR,ERR,ERR,ERR,ERR,ERR,ERR,ERR,ERR,ERR,ERR,ERR,ERR,ERR,ERR,ERR,ERR,ERR,ERR,ERR,ERR,ERR,ERR,ERR,ERR,ERR,ERR,ERR,ERR,ERR,ERR,ERR,ERR,ERR,ERR,ERR,ERR,ERR,ERR,ERR,ERR,ERR,ERR,ERR,ERR,ERR,ERR,ERR,ERR,ERR,ERR,ERR,ERR,ERR,ERR,ERR,ERR,ERR,ERR,ERR,5800,0,8,17276,5800,ERR,100,ERR,ERR,ERR,ERR,ERR,0,0,0,0,nan,0,0,0,0,0,0,0,0,0,0,0,0,0,0,0,0,0,0,0,0,0,0,0,0,0,0,0,0,0,0,0,0,0,10,52,51,61,65476,612,65476,1,0,4,21553,0.0,2.71838894803949e+23,0.0,0.0,0.0,0.0,0.0,0.0,0.0,0.0,0.0,0.0,0.0,0.0,0.0,0.0,0.0,0.0,0.0,0.0,0.0,2.004,3.697074423243316e+19,-0.0,-0.0,0.0,0.0,0.0,0.0,0.0,6543.0,-0.0,0.0,2.718450016850437e+23,-0.0,-0.0,107616440.0,-0.0,0.0,2.004,2.004,245,4.95042782417424e+32,0.0,0.0,0.0,0.0,0.0,0.0,0.0,0.0,0,0,0,-0.0,2397081109004288.0,-21.783,0.0,5.725804758505959e+29,0.0,3.191648814161793e+22,-2.4685326184126953e+22,0.0,3.66686097071145e+16,-3.1609726737065915e+28,-0.0,-0.0,-0.0,0.0,0.0,0,1.3516416376850534e+27,245,0.0,490,-0.0,1.804316963640443e+17,2048,39322,17150,39322,17152,39322,17144,0,0,0,105,99,100,ERR,ERR,ERR,69.3,-0.0,69.0,1,47,48,180,0,26215,0,0,0.0,0.0,0.0,60.0,-9295001288704.0,74.0,0.0,0.0,0.0,1270,0,1276,0,0,0,1273,0,1286,0,1243,0,693,0,694,0,689,0,691,0.032,1.3386390338410102e+34,-2.004,0.0,25872,16828,-219088764796928.0,0.0,4.031064448045489e+28,8.108665173254428e+29,-3.16,0.0,70.0,60.0,66,0.0,0.0,10.0,2.0,0.0,0.0,0.0,0.0,0.0,0.0,0.0,0.0,0.0,0.0,0.0,0.0,65.6,68,16,65516,48,65476,0,300,0,0,8,20529,65476,0,0,32768,60.0,0.0,10.0,10.0,2.0,0.0
2026-02-05T14:20:44,ERR,ERR,ERR,ERR,ERR,ERR,ERR,ERR,ERR,ERR,ERR,ERR,ERR,ERR,ERR,ERR,ERR,ERR,ERR,ERR,ERR,ERR,ERR,ERR,ERR,ERR,ERR,ERR,ERR,ERR,ERR,ERR,ERR,ERR,ERR,ERR,ERR,ERR,ERR,ERR,ERR,ERR,ERR,ERR,ERR,ERR,ERR,ERR,ERR,ERR,ERR,ERR,ERR,ERR,ERR,ERR,ERR,ERR,ERR,ERR,ERR,ERR,ERR,ERR,ERR,ERR,ERR,ERR,ERR,ERR,ERR,ERR,ERR,ERR,ERR,ERR,ERR,ERR,ERR,ERR,ERR,ERR,ERR,ERR,ERR,ERR,ERR,ERR,ERR,ERR,ERR,ERR,ERR,ERR,ERR,ERR,ERR,ERR,ERR,ERR,ERR,ERR,ERR,ERR,ERR,ERR,ERR,ERR,ERR,ERR,ERR,ERR,ERR,ERR,ERR,ERR,ERR,ERR,ERR,ERR,ERR,ERR,ERR,ERR,ERR,ERR,ERR,ERR,ERR,ERR,ERR,ERR,ERR,5800,0,8,17276,5800,ERR,100,ERR,ERR,ERR,ERR,ERR,0,0,0,0,nan,0,0,0,0,0,0,0,0,0,0,0,0,0,0,0,0,0,0,0,0,0,0,0,0,0,0,0,0,0,0,0,0,0,10,52,51,61,65476,612,65476,1,0,4,21553,0.0,2.71838894803949e+23,0.0,0.0,0.0,0.0,0.0,0.0,0.0,0.0,0.0,0.0,0.0,0.0,0.0,0.0,0.0,0.0,0.0,0.0,0.0,2.004,3.697074423243316e+19,-0.0,-0.0,0.0,0.0,0.0,0.0,0.0,6543.0,-0.0,0.0,2.718450016850437e+23,-0.0,-0.0,107616440.0,-0.0,0.0,2.004,2.004,245,4.95042782417424e+32,0.0,0.0,0.0,0.0,0.0,0.0,0.0,0.0,0,0,0,-0.0,2397081109004288.0,-21.783,0.0,5.725804758505959e+29,0.0,3.191648814161793e+22,-2.4685326184126953e+22,0.0,3.66686097071145e+16,-3.1609726737065915e+28,-0.0,-0.0,-0.0,0.0,0.0,0,1.3516416376850534e+27,245,0.0,490,-0.0,1.804316963640443e+17,2048,39322,17150,39322,17152,39322,17144,0,0,0,105,99,100,ERR,ERR,ERR,69.3,-0.0,69.0,1,47,48,180,0,26215,0,0,0.0,0.0,0.0,60.0,-9295001288704.0,74.0,0.0,0.0,0.0,1270,0,1276,0,0,0,1273,0,1286,0,1243,0,693,0,694,0,689,0,691,0.032,1.3386390338410102e+34,-2.004,0.0,25872,16828,-219088764796928.0,0.0,4.031064448045489e+28,8.108665173254428e+29,-3.16,0.0,70.0,60.0,66,0.0,0.0,10.0,2.0,0.0,0.0,0.0,0.0,0.0,0.0,0.0,0.0,0.0,0.0,0.0,0.0,65.6,68,16,65516,48,65476,0,300,0,0,8,20529,65476,0,0,32768,60.0,0.0,10.0,10.0,2.0,0.0
2026-02-05T14:20:45,ERR,ERR,ERR,ERR,ERR,ERR,ERR,ERR,ERR,ERR,ERR,ERR,ERR,ERR,ERR,ERR,ERR,ERR,ERR,ERR,ERR,ERR,ERR,ERR,ERR,ERR,ERR,ERR,ERR,ERR,ERR,ERR,ERR,ERR,ERR,ERR,ERR,ERR,ERR,ERR,ERR,ERR,ERR,ERR,ERR,ERR,ERR,ERR,ERR,ERR,ERR,ERR,ERR,ERR,ERR,ERR,ERR,ERR,ERR,ERR,ERR,ERR,ERR,ERR,ERR,ERR,ERR,ERR,ERR,ERR,ERR,ERR,ERR,ERR,ERR,ERR,ERR,ERR,ERR,ERR,ERR,ERR,ERR,ERR,ERR,ERR,ERR,ERR,ERR,ERR,ERR,ERR,ERR,ERR,ERR,ERR,ERR,ERR,ERR,ERR,ERR,ERR,ERR,ERR,ERR,ERR,ERR,ERR,ERR,ERR,ERR,ERR,ERR,ERR,ERR,ERR,ERR,ERR,ERR,ERR,ERR,ERR,ERR,ERR,ERR,ERR,ERR,ERR,ERR,ERR,ERR,ERR,ERR,5800,0,8,17276,5800,ERR,100,ERR,ERR,ERR,ERR,ERR,0,0,0,0,nan,0,0,0,0,0,0,0,0,0,0,0,0,0,0,0,0,0,0,0,0,0,0,0,0,0,0,0,0,0,0,0,0,0,10,52,51,61,65476,612,65476,1,0,4,21553,0.0,2.71838894803949e+23,0.0,0.0,0.0,0.0,0.0,0.0,0.0,0.0,0.0,0.0,0.0,0.0,0.0,0.0,0.0,0.0,0.0,0.0,0.0,2.004,3.697074423243316e+19,-0.0,-0.0,0.0,0.0,0.0,0.0,0.0,6543.0,-0.0,0.0,2.718450016850437e+23,-0.0,-0.0,107616440.0,-0.0,0.0,2.004,2.004,245,4.95042782417424e+32,0.0,0.0,0.0,0.0,0.0,0.0,0.0,0.0,0,0,0,-0.0,2397081109004288.0,-21.783,0.0,5.725804758505959e+29,0.0,3.191648814161793e+22,-2.4685326184126953e+22,0.0,3.66686097071145e+16,-3.1609726737065915e+28,-0.0,-0.0,-0.0,0.0,0.0,0,1.3516416376850534e+27,245,0.0,490,-0.0,1.804316963640443e+17,2048,39322,17150,39322,17152,39322,17144,0,0,0,105,99,100,ERR,ERR,ERR,69.3,-0.0,69.0,1,47,48,180,0,26215,0,0,0.0,0.0,0.0,60.0,-9295001288704.0,74.0,0.0,0.0,0.0,1270,0,1276,0,0,0,1273,0,1286,0,1243,0,693,0,694,0,689,0,691,0.032,1.3386390338410102e+34,-2.004,0.0,25872,16828,-219088764796928.0,0.0,4.031064448045489e+28,8.108665173254428e+29,-3.16,0.0,70.0,60.0,66,0.0,0.0,10.0,2.0,0.0,0.0,0.0,0.0,0.0,0.0,0.0,0.0,0.0,0.0,0.0,0.0,66.0,68,16,65516,48,65476,0,300,0,0,8,20529,65476,0,0,32768,60.0,0.0,10.0,10.0,2.0,0.0
2026-02-05T14:20:46,ERR,ERR,ERR,ERR,ERR,ERR,ERR,ERR,ERR,ERR,ERR,ERR,ERR,ERR,ERR,ERR,ERR,ERR,ERR,ERR,ERR,ERR,ERR,ERR,ERR,ERR,ERR,ERR,ERR,ERR,ERR,ERR,ERR,ERR,ERR,ERR,ERR,ERR,ERR,ERR,ERR,ERR,ERR,ERR,ERR,ERR,ERR,ERR,ERR,ERR,ERR,ERR,ERR,ERR,ERR,ERR,ERR,ERR,ERR,ERR,ERR,ERR,ERR,ERR,ERR,ERR,ERR,ERR,ERR,ERR,ERR,ERR,ERR,ERR,ERR,ERR,ERR,ERR,ERR,ERR,ERR,ERR,ERR,ERR,ERR,ERR,ERR,ERR,ERR,ERR,ERR,ERR,ERR,ERR,ERR,ERR,ERR,ERR,ERR,ERR,ERR,ERR,ERR,ERR,ERR,ERR,ERR,ERR,ERR,ERR,ERR,ERR,ERR,ERR,ERR,ERR,ERR,ERR,ERR,ERR,ERR,ERR,ERR,ERR,ERR,ERR,ERR,ERR,ERR,ERR,ERR,ERR,ERR,5800,0,8,17276,5800,ERR,100,ERR,ERR,ERR,ERR,ERR,0,0,0,0,nan,0,0,0,0,0,0,0,0,0,0,0,0,0,0,0,0,0,0,0,0,0,0,0,0,0,0,0,0,0,0,0,0,0,10,52,51,61,65476,612,65476,1,0,4,21553,0.0,2.71838894803949e+23,0.0,0.0,0.0,0.0,0.0,0.0,0.0,0.0,0.0,0.0,0.0,0.0,0.0,0.0,0.0,0.0,0.0,0.0,0.0,2.004,3.697074423243316e+19,-0.0,-0.0,0.0,0.0,0.0,0.0,0.0,6543.0,-0.0,0.0,2.718450016850437e+23,-0.0,-0.0,107616440.0,-0.0,0.0,2.004,2.004,245,4.95042782417424e+32,0.0,0.0,0.0,0.0,0.0,0.0,0.0,0.0,0,0,0,-0.0,2397081109004288.0,-21.783,0.0,5.725804758505959e+29,0.0,3.191648814161793e+22,-2.4685326184126953e+22,0.0,3.66686097071145e+16,-3.1609726737065915e+28,-0.0,-0.0,-0.0,0.0,0.0,0,1.3516416376850534e+27,245,0.0,490,-0.0,1.804316963640443e+17,2048,39322,17150,39322,17152,39322,17144,0,0,0,105,99,100,-107615304.0,68.9,-107615312.0,69.3,-0.0,69.0,1,47,48,180,0,13107,0,0,0.0,0.0,0.0,60.0,-0.0,74.0,0.0,0.0,0.0,1270,0,1276,0,0,0,1273,0,1286,0,1243,0,693,0,694,0,689,0,690,0.032,1.3305260699995496e+34,-0.0,0.0,29840,16828,-0.704,0.0,0.0,0.0,2.9866091138489142e+29,-25504.037,70.0,60.0,66,0.0,0.0,10.0,2.0,0.0,0.0,0.0,0.0,0.0,0.0,0.0,0.0,0.0,0.0,0.0,0.0,66.0,68,16,65516,48,65476,0,300,0,0,8,20529,65476,0,0,32768,60.0,0.0,10.0,10.0,2.0,0.0
2026-02-05T14:20:47,ERR,ERR,ERR,ERR,ERR,ERR,ERR,ERR,ERR,ERR,ERR,ERR,ERR,ERR,ERR,ERR,ERR,ERR,ERR,ERR,ERR,ERR,ERR,ERR,ERR,ERR,ERR,ERR,ERR,ERR,ERR,ERR,ERR,ERR,ERR,ERR,ERR,ERR,ERR,ERR,ERR,ERR,ERR,ERR,ERR,ERR,ERR,ERR,ERR,ERR,ERR,ERR,ERR,ERR,ERR,ERR,ERR,ERR,ERR,ERR,ERR,ERR,ERR,ERR,ERR,ERR,ERR,ERR,ERR,ERR,ERR,ERR,ERR,ERR,ERR,ERR,ERR,ERR,ERR,ERR,ERR,ERR,ERR,ERR,ERR,ERR,ERR,ERR,ERR,ERR,ERR,ERR,ERR,ERR,ERR,ERR,ERR,ERR,ERR,ERR,ERR,ERR,ERR,ERR,ERR,ERR,ERR,ERR,ERR,ERR,ERR,ERR,ERR,ERR,ERR,ERR,ERR,ERR,ERR,ERR,ERR,ERR,ERR,ERR,ERR,ERR,ERR,ERR,ERR,ERR,ERR,ERR,ERR,5800,0,8,17276,5800,ERR,100,ERR,ERR,ERR,ERR,ERR,0,0,0,0,nan,0,0,0,0,0,0,0,0,0,0,0,0,0,0,0,0,0,0,0,0,0,0,0,0,0,0,0,0,0,0,0,0,0,10,52,51,61,65476,612,65476,1,0,4,21553,0.0,2.71838894803949e+23,0.0,0.0,0.0,0.0,0.0,0.0,0.0,0.0,0.0,0.0,0.0,0.0,0.0,0.0,0.0,0.0,0.0,0.0,0.0,2.004,3.697074423243316e+19,-0.0,-0.0,0.0,0.0,0.0,0.0,0.0,6543.0,-0.0,0.0,2.718450016850437e+23,-0.0,-0.0,107616440.0,-0.0,0.0,2.004,2.004,245,4.95042782417424e+32,0.0,0.0,0.0,0.0,0.0,0.0,0.0,0.0,0,0,0,-0.0,2397081109004288.0,-21.783,0.0,5.725804758505959e+29,0.0,3.191648814161793e+22,-2.4685326184126953e+22,0.0,3.66686097071145e+16,-3.1609726737065915e+28,-0.0,-0.0,-0.0,0.0,0.0,0,1.3516416376850534e+27,245,0.0,490,-0.0,1.804316963640443e+17,2048,39322,17150,39322,17152,39322,17144,0,0,0,105,99,100,-107615304.0,68.9,-107615312.0,69.3,-0.0,69.0,1,47,48,180,0,13107,0,0,0.0,0.0,0.0,60.0,-0.0,74.0,0.0,0.0,0.0,1270,0,1276,0,0,0,1273,0,1286,0,1243,0,693,0,694,0,689,0,690,0.032,1.3305260699995496e+34,-0.0,0.0,29840,16828,-0.704,0.0,0.0,0.0,2.9866091138489142e+29,-25504.037,70.0,60.0,66,0.0,0.0,10.0,2.0,0.0,0.0,0.0,0.0,0.0,0.0,0.0,0.0,0.0,0.0,0.0,0.0,65.6,68,16,65516,48,65476,0,300,0,0,8,20529,65476,0,0,30147,60.0,0.0,10.0,10.0,2.0,0.0
2026-02-05T14:20:48,ERR,ERR,ERR,ERR,ERR,ERR,ERR,ERR,ERR,ERR,ERR,ERR,ERR,ERR,ERR,ERR,ERR,ERR,ERR,ERR,ERR,ERR,ERR,ERR,ERR,ERR,ERR,ERR,ERR,ERR,ERR,ERR,ERR,ERR,ERR,ERR,ERR,ERR,ERR,ERR,ERR,ERR,ERR,ERR,ERR,ERR,ERR,ERR,ERR,ERR,ERR,ERR,ERR,ERR,ERR,ERR,ERR,ERR,ERR,ERR,ERR,ERR,ERR,ERR,ERR,ERR,ERR,ERR,ERR,ERR,ERR,ERR,ERR,ERR,ERR,ERR,ERR,ERR,ERR,ERR,ERR,ERR,ERR,ERR,ERR,ERR,ERR,ERR,ERR,ERR,ERR,ERR,ERR,ERR,ERR,ERR,ERR,ERR,ERR,ERR,ERR,ERR,ERR,ERR,ERR,ERR,ERR,ERR,ERR,ERR,ERR,ERR,ERR,ERR,ERR,ERR,ERR,ERR,ERR,ERR,ERR,ERR,ERR,ERR,ERR,2.718450016850437e+23,-0.0,2.8364315368646023e+23,-107613408.0,-4.209512871143983e+25,0.489,-2.9576293966188234e+34,-3.609940628131021e+16,5800,0,8,17276,5800,14723891331072.0,100,0.0,0.0,-107613408.0,0.0,1.9056969178834534e+17,0,0,0,0,nan,0,0,0,0,0,0,0,0,0,0,0,0,0,0,0,0,0,0,0,0,0,0,0,0,0,0,0,0,0,0,0,0,0,10,52,51,61,65476,612,65476,1,0,4,21553,0.0,2.71838894803949e+23,0.0,0.0,0.0,0.0,0.0,0.0,0.0,0.0,0.0,0.0,0.0,0.0,0.0,0.0,0.0,0.0,0.0,0.0,0.0,2.004,3.697074423243316e+19,-0.0,-0.0,0.0,0.0,0.0,0.0,0.0,6611.0,131351.219,0.0,2.718450016850437e+23,-0.0,-0.0,107616440.0,-0.0,0.0,2.004,2.004,243,-0.0,-5.848079055467333e+35,0.0,0.0,0.0,0.0,0.0,0.0,0.0,0,0,0,-0.0,-1.079195777266941e+22,-1.2106912880894537e+21,4.4022797980731897e+30,-0.0,-0.0,0.0,4904.776,5575743635456.0,4.764613379883008e+16,-3.7644684428582143e+28,-0.0,-0.0,-0.0,0.0,0.0,0,1.3516416376850534e+27,243,0.0,486,-0.0,1.804316963640443e+17,2048,39322,17150,39322,17152,39322,17144,0,0,0,105,99,100,-107615304.0,68.9,-107615312.0,69.3,-0.0,69.0,1,47,48,180,0,13107,0,0,0.0,0.0,0.0,60.0,-0.0,74.0,0.0,0.0,0.0,1270,0,1276,0,0,0,1273,0,1286,0,1243,0,693,0,694,0,689,0,690,0.032,1.3305260699995496e+34,-0.0,0.0,29840,16828,-0.704,0.0,0.0,0.0,2.9866091138489142e+29,-25504.037,70.0,60.0,66,0.0,0.0,10.0,2.0,0.0,0.0,0.0,0.0,0.0,0.0,0.0,0.0,0.0,0.0,0.0,0.0,65.6,68,16,65516,48,65476,0,300,0,0,8,20529,65476,0,0,30147,60.0,0.0,10.0,10.0,2.0,0.0
2026-02-05T14:20:49,ERR,ERR,ERR,ERR,ERR,ERR,ERR,ERR,ERR,ERR,ERR,ERR,ERR,ERR,ERR,ERR,ERR,ERR,ERR,ERR,ERR,ERR,ERR,ERR,ERR,ERR,ERR,ERR,ERR,ERR,ERR,ERR,ERR,ERR,ERR,ERR,ERR,ERR,ERR,ERR,ERR,ERR,ERR,ERR,ERR,ERR,ERR,ERR,ERR,ERR,ERR,ERR,ERR,ERR,ERR,ERR,ERR,ERR,ERR,ERR,ERR,ERR,ERR,ERR,ERR,ERR,ERR,ERR,ERR,ERR,ERR,ERR,ERR,ERR,ERR,ERR,ERR,ERR,ERR,ERR,ERR,ERR,ERR,ERR,ERR,ERR,ERR,ERR,ERR,ERR,ERR,ERR,ERR,ERR,ERR,ERR,ERR,ERR,ERR,ERR,ERR,ERR,ERR,ERR,ERR,ERR,ERR,ERR,ERR,ERR,ERR,ERR,ERR,ERR,ERR,ERR,ERR,ERR,ERR,ERR,ERR,ERR,ERR,ERR,ERR,2.718450016850437e+23,-0.0,2.8364315368646023e+23,-107613408.0,-4.209512871143983e+25,0.489,-2.9576293966188234e+34,-3.609940628131021e+16,5800,0,8,17276,5800,14723891331072.0,100,0.0,0.0,-107613408.0,0.0,1.9056969178834534e+17,0,0,0,0,nan,0,0,0,0,0,0,0,0,0,0,0,0,0,0,0,0,0,0,0,0,0,0,0,0,0,0,0,0,0,0,0,0,0,10,52,51,61,65476,612,65476,1,0,4,21553,0.0,2.71838894803949e+23,0.0,0.0,0.0,0.0,0.0,0.0,0.0,0.0,0.0,0.0,0.0,0.0,0.0,0.0,0.0,0.0,0.0,0.0,0.0,2.004,3.697074423243316e+19,-0.0,-0.0,0.0,0.0,0.0,0.0,0.0,6611.0,131351.219,0.0,2.718450016850437e+23,-0.0,-0.0,107616440.0,-0.0,0.0,2.004,2.004,243,-0.0,-5.848079055467333e+35,0.0,0.0,0.0,0.0,0.0,0.0,0.0,0,0,0,-0.0,-1.079195777266941e+22,-1.2106912880894537e+21,4.4022797980731897e+30,-0.0,-0.0,0.0,4904.776,5575743635456.0,4.764613379883008e+16,-3.7644684428582143e+28,-0.0,-0.0,-0.0,0.0,0.0,0,1.3516416376850534e+27,243,0.0,486,-0.0,1.804316963640443e+17,2048,39322,17150,39322,17152,39322,17144,0,0,0,105,99,100,-107615304.0,68.9,-107615312.0,69.3,-0.0,69.0,1,47,48,180,0,13107,0,0,0.0,0.0,0.0,60.0,-0.0,74.0,0.0,0.0,0.0,1270,0,1276,0,0,0,1273,0,1286,0,1243,0,693,0,694,0,689,0,690,0.032,1.3305260699995496e+34,-0.0,0.0,29840,16828,-0.704,0.0,0.0,0.0,2.9866091138489142e+29,-25504.037,70.0,60.0,66,0.0,0.0,10.0,2.0,0.0,0.0,0.0,0.0,0.0,0.0,0.0,0.0,0.0,0.0,0.0,0.0,65.6,68,16,65516,48,65476,0,300,0,0,8,20529,65476,0,0,27525,60.0,0.0,10.0,10.0,2.0,0.0
2026-02-05T14:20:50,ERR,ERR,ERR,ERR,ERR,ERR,ERR,ERR,ERR,ERR,ERR,ERR,ERR,ERR,ERR,ERR,ERR,ERR,ERR,ERR,ERR,ERR,ERR,ERR,ERR,ERR,ERR,ERR,ERR,ERR,ERR,ERR,ERR,ERR,ERR,ERR,ERR,ERR,ERR,ERR,ERR,ERR,ERR,ERR,ERR,ERR,ERR,ERR,ERR,ERR,ERR,ERR,ERR,ERR,ERR,ERR,ERR,ERR,ERR,ERR,ERR,ERR,ERR,ERR,ERR,ERR,ERR,ERR,ERR,ERR,ERR,ERR,ERR,ERR,ERR,ERR,ERR,ERR,ERR,ERR,ERR,ERR,ERR,ERR,ERR,ERR,ERR,ERR,ERR,ERR,ERR,ERR,ERR,ERR,ERR,ERR,ERR,ERR,ERR,ERR,ERR,ERR,ERR,ERR,ERR,ERR,ERR,ERR,ERR,ERR,ERR,ERR,ERR,ERR,ERR,ERR,ERR,ERR,ERR,ERR,ERR,ERR,ERR,ERR,ERR,2.718450016850437e+23,-0.0,2.8364315368646023e+23,-107613408.0,-4.209512871143983e+25,0.489,-2.9576293966188234e+34,-3.609940628131021e+16,5800,0,8,17276,5800,14723891331072.0,100,0.0,0.0,-107613408.0,0.0,1.9056969178834534e+17,0,0,0,0,nan,0,0,0,0,0,0,0,0,0,0,0,0,0,0,0,0,0,0,0,0,0,0,0,0,0,0,0,0,0,0,0,0,0,10,52,51,61,65476,612,65476,1,0,4,21553,0.0,2.71838894803949e+23,0.0,0.0,0.0,0.0,0.0,0.0,0.0,0.0,0.0,0.0,0.0,0.0,0.0,0.0,0.0,0.0,0.0,0.0,0.0,2.004,3.697074423243316e+19,-0.0,-0.0,0.0,0.0,0.0,0.0,0.0,6611.0,131351.219,0.0,2.718450016850437e+23,-0.0,-0.0,107616440.0,-0.0,0.0,2.004,2.004,243,-0.0,-5.848079055467333e+35,0.0,0.0,0.0,0.0,0.0,0.0,0.0,0,0,0,-0.0,-1.079195777266941e+22,-1.2106912880894537e+21,4.4022797980731897e+30,-0.0,-0.0,0.0,4904.776,5575743635456.0,4.764613379883008e+16,-3.7644684428582143e+28,-0.0,-0.0,-0.0,0.0,0.0,0,1.3516416376850534e+27,243,0.0,486,-0.0,1.804316963640443e+17,2048,39322,17150,39322,17152,39322,17144,0,0,0,105,99,100,-107615304.0,68.9,-107615312.0,69.3,-0.0,69.0,1,47,48,180,0,13107,0,0,0.0,0.0,0.0,60.0,-0.016,74.0,0.0,-7.708308184663535e+27,0.0,1270,0,1276,0,0,0,1274,0,1286,0,1243,0,693,0,694,0,689,0,691,0.032,1.322413106158089e+34,-0.0,0.0,30864,16828,-40.065,-7.708308184663535e+27,0.0,1.7348096662072984e+19,9775782821888.0,-0.0,70.0,60.0,66,0.0,0.0,10.0,2.0,0.0,0.0,0.0,0.0,0.0,0.0,0.0,0.0,0.0,0.0,0.0,0.0,65.6,68,16,65516,48,65476,0,300,0,0,8,20529,65476,0,0,27525,60.0,0.0,10.0,10.0,2.0,0.0
2026-02-05T14:20:51,ERR,ERR,ERR,ERR,ERR,ERR,ERR,ERR,ERR,ERR,ERR,ERR,ERR,ERR,ERR,ERR,ERR,ERR,ERR,ERR,ERR,ERR,ERR,ERR,ERR,ERR,ERR,ERR,ERR,ERR,ERR,ERR,ERR,ERR,ERR,ERR,ERR,ERR,ERR,ERR,ERR,ERR,ERR,ERR,ERR,ERR,ERR,ERR,ERR,ERR,ERR,ERR,ERR,ERR,ERR,ERR,ERR,ERR,ERR,ERR,ERR,ERR,ERR,ERR,ERR,ERR,ERR,ERR,ERR,ERR,ERR,ERR,ERR,ERR,ERR,ERR,ERR,ERR,ERR,ERR,ERR,ERR,ERR,ERR,ERR,ERR,ERR,ERR,ERR,ERR,ERR,ERR,ERR,ERR,ERR,ERR,ERR,ERR,ERR,ERR,ERR,ERR,ERR,ERR,ERR,ERR,ERR,ERR,ERR,ERR,ERR,ERR,ERR,ERR,ERR,ERR,ERR,ERR,ERR,ERR,ERR,ERR,ERR,ERR,ERR,2.718450016850437e+23,-0.0,2.8364315368646023e+23,-107613408.0,-4.209512871143983e+25,0.489,-2.9576293966188234e+34,-3.609940628131021e+16,5800,0,8,17276,5800,14723891331072.0,100,0.0,0.0,-107613408.0,0.0,1.9056969178834534e+17,0,0,0,0,nan,0,0,0,0,0,0,0,0,0,0,0,0,0,0,0,0,0,0,0,0,0,0,0,0,0,0,0,0,0,0,0,0,0,10,52,51,61,65476,612,65476,1,0,4,21553,0.0,2.71838894803949e+23,0.0,0.0,0.0,0.0,0.0,0.0,0.0,0.0,0.0,0.0,0.0,0.0,0.0,0.0,0.0,0.0,0.0,0.0,0.0,2.004,3.697074423243316e+19,-0.0,-0.0,0.0,0.0,0.0,0.0,0.0,6611.0,131351.219,0.0,2.718450016850437e+23,-0.0,-0.0,107616440.0,-0.0,0.0,2.004,2.004,243,-0.0,-5.848079055467333e+35,0.0,0.0,0.0,0.0,0.0,0.0,0.0,0,0,0,-0.0,-1.079195777266941e+22,-1.2106912880894537e+21,4.4022797980731897e+30,-0.0,-0.0,0.0,4904.776,5575743635456.0,4.764613379883008e+16,-3.7644684428582143e+28,-0.0,-0.0,-0.0,0.0,0.0,0,1.3516416376850534e+27,243,0.0,486,-0.0,1.804316963640443e+17,2048,39322,17150,39322,17152,39322,17144,0,0,0,105,99,100,-107615304.0,68.9,-107615312.0,69.3,-0.0,69.0,1,47,48,180,0,13107,0,0,0.0,0.0,0.0,60.0,-0.016,74.0,0.0,-7.708308184663535e+27,0.0,1270,0,1276,0,0,0,1274,0,1286,0,1243,0,693,0,694,0,689,0,691,0.032,1.322413106158089e+34,-0.0,0.0,30864,16828,-40.065,-7.708308184663535e+27,0.0,1.7348096662072984e+19,9775782821888.0,-0.0,70.0,60.0,66,0.0,0.0,10.0,2.0,0.0,0.0,0.0,0.0,0.0,0.0,0.0,0.0,0.0,0.0,0.0,0.0,66.0,68,16,65516,48,65476,0,300,0,0,8,20529,65476,0,0,30147,60.0,0.0,10.0,10.0,2.0,0.0
2026-02-05T14:20:52,ERR,ERR,ERR,ERR,ERR,ERR,ERR,ERR,ERR,ERR,ERR,ERR,ERR,ERR,ERR,ERR,ERR,ERR,ERR,ERR,ERR,ERR,ERR,ERR,ERR,ERR,ERR,ERR,ERR,ERR,ERR,ERR,ERR,ERR,ERR,ERR,ERR,ERR,ERR,ERR,ERR,ERR,ERR,ERR,ERR,ERR,ERR,ERR,ERR,ERR,ERR,ERR,ERR,ERR,ERR,ERR,ERR,ERR,ERR,ERR,ERR,ERR,ERR,ERR,ERR,ERR,ERR,ERR,ERR,ERR,ERR,ERR,ERR,ERR,ERR,ERR,ERR,ERR,ERR,ERR,ERR,ERR,ERR,ERR,ERR,ERR,ERR,ERR,ERR,ERR,ERR,ERR,ERR,ERR,ERR,ERR,ERR,ERR,ERR,ERR,ERR,ERR,ERR,ERR,ERR,ERR,ERR,ERR,ERR,ERR,ERR,ERR,ERR,ERR,ERR,ERR,ERR,ERR,ERR,ERR,ERR,ERR,ERR,ERR,ERR,2.718450016850437e+23,-0.0,2.8364315368646023e+23,-107613408.0,-4.209512871143983e+25,0.489,-2.9576293966188234e+34,-3.609940628131021e+16,5800,0,8,17276,5800,14723891331072.0,100,0.0,0.0,-107613408.0,0.0,1.9056969178834534e+17,0,0,0,0,nan,0,0,0,0,0,0,0,0,0,0,0,0,0,0,0,0,0,0,0,0,0,0,0,0,0,0,0,0,0,0,0,0,0,10,52,51,61,65476,612,65476,1,0,4,21553,0.0,2.71838894803949e+23,0.0,0.0,0.0,0.0,0.0,0.0,0.0,0.0,0.0,0.0,0.0,0.0,0.0,0.0,0.0,0.0,0.0,0.0,0.0,2.004,3.697074423243316e+19,-0.0,-0.0,0.0,0.0,0.0,0.0,0.0,6611.0,131351.219,0.0,2.718450016850437e+23,-0.0,-0.0,107616440.0,-0.0,0.0,2.004,2.004,243,-0.0,-5.848079055467333e+35,0.0,0.0,0.0,0.0,0.0,0.0,0.0,0,0,0,-0.0,-1.079195777266941e+22,-1.2106912880894537e+21,4.4022797980731897e+30,-0.0,-0.0,0.0,4904.776,5575743635456.0,4.764613379883008e+16,-3.7644684428582143e+28,-0.0,-0.0,-0.0,0.0,0.0,0,1.3516416376850534e+27,243,0.0,486,-0.0,1.804316963640443e+17,2048,39322,17150,39322,17152,39322,17144,0,0,0,105,99,100,-107615304.0,68.9,-107615312.0,69.3,-0.0,69.0,1,47,48,180,0,13107,0,0,0.0,0.0,0.0,60.0,-0.016,74.0,0.0,-7.708308184663535e+27,0.0,1270,0,1276,0,0,0,1274,0,1286,0,1243,0,693,0,694,0,689,0,691,0.032,1.322413106158089e+34,-0.0,0.0,30864,16828,-40.065,-7.708308184663535e+27,0.0,1.7348096662072984e+19,9775782821888.0,-0.0,70.0,60.0,66,0.0,0.0,10.0,2.0,0.0,0.0,0.0,0.0,0.0,0.0,0.0,0.0,0.0,0.0,0.0,0.0,66.0,68,16,65516,48,65476,0,300,0,0,8,20529,65476,0,0,30147,60.0,0.0,10.0,10.0,2.0,0.0
2026-02-05T14:20:53,ERR,ERR,ERR,ERR,ERR,ERR,ERR,ERR,ERR,ERR,ERR,ERR,ERR,ERR,ERR,ERR,ERR,ERR,ERR,ERR,ERR,ERR,ERR,ERR,ERR,ERR,ERR,ERR,ERR,ERR,ERR,ERR,ERR,ERR,ERR,ERR,ERR,ERR,ERR,ERR,ERR,ERR,ERR,ERR,ERR,ERR,ERR,ERR,ERR,ERR,ERR,ERR,ERR,ERR,ERR,ERR,ERR,ERR,ERR,ERR,ERR,ERR,ERR,ERR,ERR,ERR,ERR,ERR,ERR,ERR,ERR,ERR,ERR,ERR,ERR,ERR,ERR,ERR,ERR,ERR,ERR,ERR,ERR,ERR,ERR,ERR,ERR,ERR,ERR,ERR,ERR,ERR,ERR,ERR,ERR,ERR,ERR,ERR,ERR,ERR,ERR,ERR,ERR,ERR,ERR,ERR,ERR,ERR,ERR,ERR,ERR,ERR,ERR,ERR,ERR,ERR,ERR,ERR,ERR,ERR,ERR,ERR,ERR,ERR,ERR,2.718450016850437e+23,-0.0,2.8364315368646023e+23,-107613408.0,-4.209512871143983e+25,0.489,-2.9576293966188234e+34,-3.609940628131021e+16,5800,0,8,17276,5800,14723891331072.0,100,0.0,0.0,-107613408.0,0.0,1.9056969178834534e+17,0,0,0,0,nan,0,0,0,0,0,0,0,0,0,0,0,0,0,0,0,0,0,0,0,0,0,0,0,0,0,0,0,0,0,0,0,0,0,10,52,51,61,65476,612,65476,1,0,4,21553,0.0,2.71838894803949e+23,0.0,0.0,0.0,0.0,0.0,0.0,0.0,0.0,0.0,0.0,0.0,0.0,0.0,0.0,0.0,0.0,0.0,0.0,0.0,2.004,3.697074423243316e+19,-0.0,-0.0,0.0,0.0,0.0,0.0,0.0,6611.0,131351.219,0.0,2.718450016850437e+23,-0.0,-0.0,107616440.0,-0.0,0.0,2.004,2.004,243,-0.0,-5.848079055467333e+35,0.0,0.0,0.0,0.0,0.0,0.0,0.0,0,0,0,-0.0,-1.079195777266941e+22,-1.2106912880894537e+21,4.4022797980731897e+30,-0.0,-0.0,0.0,4904.776,5575743635456.0,4.764613379883008e+16,-3.7644684428582143e+28,-0.0,-0.0,-0.0,0.0,0.0,0,1.3516416376850534e+27,243,0.0,486,-0.0,1.804316963640443e+17,2048,39322,17150,39322,17152,39322,17144,0,0,0,105,99,100,-107615304.0,68.9,-107615312.0,69.3,-0.0,69.0,1,47,48,180,0,13107,0,0,0.0,0.0,0.0,60.0,-0.016,74.0,0.0,-7.708308184663535e+27,0.0,1270,0,1276,0,0,0,1274,0,1286,0,1243,0,693,0,694,0,689,0,691,0.032,1.322413106158089e+34,-0.0,0.0,30864,16828,-40.065,-7.708308184663535e+27,0.0,1.7348096662072984e+19,9775782821888.0,-0.0,70.0,60.0,66,0.0,0.0,10.0,2.0,0.0,0.0,0.0,0.0,0.0,0.0,0.0,0.0,0.0,0.0,0.0,0.0,65.6,68,16,65516,48,65476,0,300,0,0,8,20529,65476,0,0,26214,60.0,0.0,10.0,10.0,2.0,0.0
2026-02-05T14:20:54,ERR,ERR,ERR,ERR,ERR,ERR,ERR,ERR,ERR,ERR,ERR,ERR,ERR,ERR,ERR,ERR,ERR,ERR,ERR,ERR,ERR,ERR,ERR,ERR,ERR,ERR,ERR,ERR,ERR,ERR,ERR,ERR,ERR,ERR,ERR,ERR,ERR,ERR,ERR,ERR,ERR,ERR,ERR,ERR,ERR,ERR,ERR,ERR,ERR,ERR,ERR,ERR,ERR,ERR,ERR,ERR,ERR,ERR,ERR,ERR,ERR,ERR,ERR,ERR,ERR,ERR,ERR,ERR,ERR,ERR,ERR,ERR,ERR,ERR,ERR,ERR,ERR,ERR,ERR,ERR,ERR,ERR,ERR,ERR,ERR,ERR,ERR,ERR,ERR,ERR,ERR,ERR,ERR,ERR,ERR,ERR,ERR,ERR,ERR,ERR,ERR,ERR,ERR,ERR,ERR,ERR,ERR,ERR,ERR,ERR,ERR,ERR,ERR,ERR,ERR,ERR,ERR,ERR,ERR,ERR,ERR,ERR,ERR,ERR,ERR,2.718450016850437e+23,-0.0,2.8364315368646023e+23,-107613408.0,-4.209512871143983e+25,157040197632.0,0.0,-1705991.0,5800,0,8,17276,5800,-0.0,100,0.0,0.0,-107613408.0,0.0,1.9056969178834534e+17,0,0,0,0,nan,0,0,0,0,0,0,0,0,0,0,0,0,0,0,0,0,0,0,0,0,0,0,0,0,0,0,0,0,0,0,0,0,0,10,52,51,61,65476,612,65476,1,0,4,21553,0.0,0.0,0.0,0.0,0.0,0.0,0.0,0.0,0.0,0.0,0.0,0.0,0.0,0.0,0.0,0.0,0.0,0.0,0.0,0.0,0.0,2.004,3.697074423243316e+19,-0.0,3.697074423243316e+19,-0.0,0.0,0.0,0.0,0.0,6575.0,-2.004,0.0,2.718450016850437e+23,-0.0,2.718450016850437e+23,-0.0,-0.0,0.0,2.004,2.004,243,4.95042782417424e+32,-0.0,0.0,0.0,0.0,0.0,0.0,0.0,0.0,0,0,0,-233060064.0,0.0,-1.0255973449155458e+33,-12730853490688.0,-0.0,-0.0,-0.0,-24.409,-2.3290097631156678e+36,5.862365789054566e+16,-4.774520298306458e+28,-0.0,-0.0,-0.0,0.0,0.0,0,1.3516416376850534e+27,244,0.0,488,-0.0,-4.874257373557011e+32,2048,39322,17150,39322,17152,39322,17144,0,0,0,105,99,100,-107615304.0,68.9,-107615312.0,69.3,-0.0,69.0,1,47,48,180,0,13107,0,0,0.0,0.0,0.0,60.0,-7087042068480.0,74.0,0.0,1.8761642355350916e+34,0.0,1270,0,1276,0,0,0,1274,0,1286,0,1243,0,693,0,694,0,689,0,691,0.032,1.3305260699995496e+34,-2.004,0.0,36624,16828,-537133576093696.0,1.8761642355350916e+34,-1.3057409618121084e+24,-0.0,0.0,-0.0,70.0,60.0,66,0.0,0.0,10.0,2.0,0.0,0.0,0.0,0.0,0.0,0.0,0.0,0.0,0.0,0.0,0.0,0.0,65.6,68,16,65516,48,65476,0,300,0,0,8,20529,65476,0,0,26214,60.0,0.0,10.0,10.0,2.0,0.0
2026-02-05T14:20:55,ERR,ERR,ERR,ERR,ERR,ERR,ERR,ERR,ERR,ERR,ERR,ERR,ERR,ERR,ERR,ERR,ERR,ERR,ERR,ERR,ERR,ERR,ERR,ERR,ERR,ERR,ERR,ERR,ERR,ERR,ERR,ERR,ERR,ERR,ERR,ERR,ERR,ERR,ERR,ERR,ERR,ERR,ERR,ERR,ERR,ERR,ERR,ERR,ERR,ERR,ERR,ERR,ERR,ERR,ERR,ERR,ERR,ERR,ERR,ERR,ERR,ERR,ERR,ERR,ERR,ERR,ERR,ERR,ERR,ERR,ERR,ERR,ERR,ERR,ERR,ERR,ERR,ERR,ERR,ERR,ERR,ERR,ERR,ERR,ERR,ERR,ERR,ERR,ERR,ERR,ERR,ERR,ERR,ERR,ERR,ERR,ERR,ERR,ERR,ERR,ERR,ERR,ERR,ERR,ERR,ERR,ERR,ERR,ERR,ERR,ERR,ERR,ERR,ERR,ERR,ERR,ERR,ERR,ERR,ERR,ERR,ERR,ERR,ERR,ERR,2.718450016850437e+23,-0.0,2.8364315368646023e+23,-107613408.0,-4.209512871143983e+25,157040197632.0,0.0,-1705991.0,5800,0,8,17276,5800,-0.0,100,0.0,0.0,-107613408.0,0.0,1.9056969178834534e+17,0,0,0,0,nan,0,0,0,0,0,0,0,0,0,0,0,0,0,0,0,0,0,0,0,0,0,0,0,0,0,0,0,0,0,0,0,0,0,10,52,51,61,65476,612,65476,1,0,4,21553,0.0,0.0,0.0,0.0,0.0,0.0,0.0,0.0,0.0,0.0,0.0,0.0,0.0,0.0,0.0,0.0,0.0,0.0,0.0,0.0,0.0,2.004,3.697074423243316e+19,-0.0,3.697074423243316e+19,-0.0,0.0,0.0,0.0,0.0,6575.0,-2.004,0.0,2.718450016850437e+23,-0.0,2.718450016850437e+23,-0.0,-0.0,0.0,2.004,2.004,243,4.95042782417424e+32,-0.0,0.0,0.0,0.0,0.0,0.0,0.0,0.0,0,0,0,-233060064.0,0.0,-1.0255973449155458e+33,-12730853490688.0,-0.0,-0.0,-0.0,-24.409,-2.3290097631156678e+36,5.862365789054566e+16,-4.774520298306458e+28,-0.0,-0.0,-0.0,0.0,0.0,0,1.3516416376850534e+27,244,0.0,488,-0.0,-4.874257373557011e+32,2048,39322,17150,39322,17152,39322,17144,0,0,0,105,99,100,-107615304.0,68.9,-107615312.0,69.3,-0.0,69.0,1,47,48,180,0,13107,0,0,0.0,0.0,0.0,60.0,-7087042068480.0,74.0,0.0,1.8761642355350916e+34,0.0,1270,0,1276,0,0,0,1274,0,1286,0,1243,0,693,0,694,0,689,0,691,0.032,1.3305260699995496e+34,-2.004,0.0,36624,16828,-537133576093696.0,1.8761642355350916e+34,-1.3057409618121084e+24,-0.0,0.0,-0.0,70.0,60.0,66,0.0,0.0,10.0,2.0,0.0,0.0,0.0,0.0,0.0,0.0,0.0,0.0,0.0,0.0,0.0,0.0,66.0,68,16,65516,48,65476,0,300,0,0,8,20529,65476,0,0,30147,60.0,0.0,10.0,10.0,2.0,0.0
2026-02-05T14:20:56,ERR,ERR,ERR,ERR,ERR,ERR,ERR,ERR,ERR,ERR,ERR,ERR,ERR,ERR,ERR,ERR,ERR,ERR,ERR,ERR,ERR,ERR,ERR,ERR,ERR,ERR,ERR,ERR,ERR,ERR,ERR,ERR,ERR,ERR,ERR,ERR,ERR,ERR,ERR,ERR,ERR,ERR,ERR,ERR,ERR,ERR,ERR,ERR,ERR,ERR,ERR,ERR,ERR,ERR,ERR,ERR,ERR,ERR,ERR,ERR,ERR,ERR,ERR,ERR,ERR,ERR,ERR,ERR,ERR,ERR,ERR,ERR,ERR,ERR,ERR,ERR,ERR,ERR,ERR,ERR,ERR,ERR,ERR,ERR,ERR,ERR,ERR,ERR,ERR,ERR,ERR,ERR,ERR,ERR,ERR,ERR,ERR,ERR,ERR,ERR,ERR,ERR,ERR,ERR,ERR,ERR,ERR,ERR,ERR,ERR,ERR,ERR,ERR,ERR,ERR,ERR,ERR,ERR,ERR,ERR,ERR,ERR,ERR,ERR,ERR,2.718450016850437e+23,-0.0,2.8364315368646023e+23,-107613408.0,-4.209512871143983e+25,157040197632.0,0.0,-1705991.0,5800,0,8,17276,5800,-0.0,100,0.0,0.0,-107613408.0,0.0,1.9056969178834534e+17,0,0,0,0,nan,0,0,0,0,0,0,0,0,0,0,0,0,0,0,0,0,0,0,0,0,0,0,0,0,0,0,0,0,0,0,0,0,0,10,52,51,61,65476,612,65476,1,0,4,21553,0.0,0.0,0.0,0.0,0.0,0.0,0.0,0.0,0.0,0.0,0.0,0.0,0.0,0.0,0.0,0.0,0.0,0.0,0.0,0.0,0.0,2.004,3.697074423243316e+19,-0.0,3.697074423243316e+19,-0.0,0.0,0.0,0.0,0.0,6575.0,-2.004,0.0,2.718450016850437e+23,-0.0,2.718450016850437e+23,-0.0,-0.0,0.0,2.004,2.004,243,4.95042782417424e+32,-0.0,0.0,0.0,0.0,0.0,0.0,0.0,0.0,0,0,0,-233060064.0,0.0,-1.0255973449155458e+33,-12730853490688.0,-0.0,-0.0,-0.0,-24.409,-2.3290097631156678e+36,5.862365789054566e+16,-4.774520298306458e+28,-0.0,-0.0,-0.0,0.0,0.0,0,1.3516416376850534e+27,244,0.0,488,-0.0,-4.874257373557011e+32,2048,39322,17150,39322,17152,39322,17144,0,0,0,105,99,100,-107615304.0,68.9,-107615312.0,69.3,-0.0,69.0,1,47,48,180,0,13107,0,0,0.0,0.0,0.0,60.0,-7087042068480.0,74.0,0.0,1.8761642355350916e+34,0.0,1270,0,1276,0,0,0,1274,0,1286,0,1243,0,693,0,694,0,689,0,691,0.032,1.3305260699995496e+34,-2.004,0.0,36624,16828,-537133576093696.0,1.8761642355350916e+34,-1.3057409618121084e+24,-0.0,0.0,-0.0,70.0,60.0,66,0.0,0.0,10.0,2.0,0.0,0.0,0.0,0.0,0.0,0.0,0.0,0.0,0.0,0.0,0.0,0.0,66.0,68,16,65516,48,65476,0,300,0,0,8,20529,65476,0,0,30147,60.0,0.0,10.0,10.0,2.0,0.0
2026-02-05T14:20:57,ERR,ERR,ERR,ERR,ERR,ERR,ERR,ERR,ERR,ERR,ERR,ERR,ERR,ERR,ERR,ERR,ERR,ERR,ERR,ERR,ERR,ERR,ERR,ERR,ERR,ERR,ERR,ERR,ERR,ERR,ERR,ERR,ERR,ERR,ERR,ERR,ERR,ERR,ERR,ERR,ERR,ERR,ERR,ERR,ERR,ERR,ERR,ERR,ERR,ERR,ERR,ERR,ERR,ERR,ERR,ERR,ERR,ERR,ERR,ERR,ERR,ERR,ERR,ERR,ERR,ERR,ERR,ERR,ERR,ERR,ERR,ERR,ERR,ERR,ERR,ERR,ERR,ERR,ERR,ERR,ERR,ERR,ERR,ERR,ERR,ERR,ERR,ERR,ERR,ERR,ERR,ERR,ERR,ERR,ERR,ERR,ERR,ERR,ERR,ERR,ERR,ERR,ERR,ERR,ERR,ERR,ERR,ERR,ERR,ERR,ERR,ERR,ERR,ERR,ERR,ERR,ERR,ERR,ERR,ERR,ERR,ERR,ERR,ERR,ERR,2.718450016850437e+23,-0.0,2.8364315368646023e+23,-107613408.0,-4.209512871143983e+25,157040197632.0,0.0,-1705991.0,5800,0,8,17276,5800,-0.0,100,0.0,0.0,-107613408.0,0.0,1.9056969178834534e+17,0,0,0,0,nan,0,0,0,0,0,0,0,0,0,0,0,0,0,0,0,0,0,0,0,0,0,0,0,0,0,0,0,0,0,0,0,0,0,10,52,51,61,65476,612,65476,1,0,4,21553,0.0,0.0,0.0,0.0,0.0,0.0,0.0,0.0,0.0,0.0,0.0,0.0,0.0,0.0,0.0,0.0,0.0,0.0,0.0,0.0,0.0,2.004,3.697074423243316e+19,-0.0,3.697074423243316e+19,-0.0,0.0,0.0,0.0,0.0,6575.0,-2.004,0.0,2.718450016850437e+23,-0.0,2.718450016850437e+23,-0.0,-0.0,0.0,2.004,2.004,243,4.95042782417424e+32,-0.0,0.0,0.0,0.0,0.0,0.0,0.0,0.0,0,0,0,-233060064.0,0.0,-1.0255973449155458e+33,-12730853490688.0,-0.0,-0.0,-0.0,-24.409,-2.3290097631156678e+36,5.862365789054566e+16,-4.774520298306458e+28,-0.0,-0.0,-0.0,0.0,0.0,0,1.3516416376850534e+27,244,0.0,488,-0.0,-4.874257373557011e+32,2048,39322,17150,39322,17152,39322,17144,0,0,0,105,99,100,-107615304.0,68.9,-107615312.0,69.3,-0.0,69.0,1,47,48,180,0,13107,0,0,0.0,0.0,0.0,60.0,-7087042068480.0,74.0,0.0,1.8761642355350916e+34,0.0,1270,0,1276,0,0,0,1274,0,1286,0,1243,0,693,0,694,0,689,0,691,0.032,1.3305260699995496e+34,-2.004,0.0,36624,16828,-537133576093696.0,1.8761642355350916e+34,-1.3057409618121084e+24,-0.0,0.0,-0.0,70.0,60.0,66,0.0,0.0,10.0,2.0,0.0,0.0,0.0,0.0,0.0,0.0,0.0,0.0,0.0,0.0,0.0,0.0,65.6,68,16,65516,48,65476,0,300,0,0,8,20529,65476,0,0,32768,60.0,0.0,10.0,10.0,2.0,0.0
2026-02-05T14:20:58,ERR,ERR,ERR,ERR,ERR,ERR,ERR,ERR,ERR,ERR,ERR,ERR,ERR,ERR,ERR,ERR,ERR,ERR,ERR,ERR,ERR,ERR,ERR,ERR,ERR,ERR,ERR,ERR,ERR,ERR,ERR,ERR,ERR,ERR,ERR,ERR,ERR,ERR,ERR,ERR,ERR,ERR,ERR,ERR,ERR,ERR,ERR,ERR,ERR,ERR,ERR,ERR,ERR,ERR,ERR,ERR,ERR,ERR,ERR,ERR,ERR,ERR,ERR,ERR,ERR,ERR,ERR,ERR,ERR,ERR,ERR,ERR,ERR,ERR,ERR,ERR,ERR,ERR,ERR,ERR,ERR,ERR,ERR,ERR,ERR,ERR,ERR,ERR,ERR,ERR,ERR,ERR,ERR,ERR,ERR,ERR,ERR,ERR,ERR,ERR,ERR,ERR,ERR,ERR,ERR,ERR,ERR,ERR,ERR,ERR,ERR,ERR,ERR,ERR,ERR,ERR,ERR,ERR,ERR,ERR,ERR,ERR,ERR,ERR,ERR,2.718450016850437e+23,-0.0,2.8364315368646023e+23,-107613408.0,-4.209512871143983e+25,157040197632.0,0.0,-1705991.0,5800,0,8,17276,5800,-0.0,100,0.0,0.0,-107613408.0,0.0,1.9056969178834534e+17,0,0,0,0,nan,0,0,0,0,0,0,0,0,0,0,0,0,0,0,0,0,0,0,0,0,0,0,0,0,0,0,0,0,0,0,0,0,0,10,52,51,61,65476,612,65476,1,0,4,21553,0.0,0.0,0.0,0.0,0.0,0.0,0.0,0.0,0.0,0.0,0.0,0.0,0.0,0.0,0.0,0.0,0.0,0.0,0.0,0.0,0.0,2.004,3.697074423243316e+19,-0.0,3.697074423243316e+19,-0.0,0.0,0.0,0.0,0.0,6575.0,-2.004,0.0,2.718450016850437e+23,-0.0,2.718450016850437e+23,-0.0,-0.0,0.0,2.004,2.004,243,4.95042782417424e+32,-0.0,0.0,0.0,0.0,0.0,0.0,0.0,0.0,0,0,0,-233060064.0,0.0,-1.0255973449155458e+33,-12730853490688.0,-0.0,-0.0,-0.0,-24.409,-2.3290097631156678e+36,5.862365789054566e+16,-4.774520298306458e+28,-0.0,-0.0,-0.0,0.0,0.0,0,1.3516416376850534e+27,244,0.0,488,-0.0,-4.874257373557011e+32,2048,39322,17150,39322,17152,39322,17144,0,0,0,105,99,100,-107615304.0,68.9,-107615312.0,69.3,-0.0,69.0,1,47,48,180,0,13107,0,0,0.0,0.0,0.0,60.0,-8.008530023101235e+16,74.0,0.0,-0.0,0.0,1270,0,1276,0,0,0,1273,0,1286,0,1243,0,693,0,694,0,689,0,690,0.032,1.3305260699995496e+34,-2.004,0.0,40080,16828,-5.207513843420365e+17,-0.0,0.0,0.007,4.080607589209014e+22,-0.099,70.0,60.0,66,0.0,0.0,10.0,2.0,0.0,0.0,0.0,0.0,0.0,0.0,0.0,0.0,0.0,0.0,0.0,0.0,65.6,68,16,65516,48,65476,0,300,0,0,8,20529,65476,0,0,30147,60.0,0.0,10.0,10.0,2.0,0.0
2026-02-05T14:20:59,ERR,ERR,ERR,ERR,ERR,ERR,ERR,ERR,ERR,ERR,ERR,ERR,ERR,ERR,ERR,ERR,ERR,ERR,ERR,ERR,ERR,ERR,ERR,ERR,ERR,ERR,ERR,ERR,ERR,ERR,ERR,ERR,ERR,ERR,ERR,ERR,ERR,ERR,ERR,ERR,ERR,ERR,ERR,ERR,ERR,ERR,ERR,ERR,ERR,ERR,ERR,ERR,ERR,ERR,ERR,ERR,ERR,ERR,ERR,ERR,ERR,ERR,ERR,ERR,ERR,ERR,ERR,ERR,ERR,ERR,ERR,ERR,ERR,ERR,ERR,ERR,ERR,ERR,ERR,ERR,ERR,ERR,ERR,ERR,ERR,ERR,ERR,ERR,ERR,ERR,ERR,ERR,ERR,ERR,ERR,ERR,ERR,ERR,ERR,ERR,ERR,ERR,ERR,ERR,ERR,ERR,ERR,ERR,ERR,ERR,ERR,ERR,ERR,ERR,ERR,ERR,ERR,ERR,ERR,ERR,ERR,ERR,ERR,ERR,ERR,2.718450016850437e+23,-0.0,2.8364315368646023e+23,-107613408.0,-4.209512871143983e+25,157040197632.0,0.0,-1705991.0,5800,0,8,17276,5800,-0.0,100,0.0,0.0,-107613408.0,0.0,1.9056969178834534e+17,0,0,0,0,nan,0,0,0,0,0,0,0,0,0,0,0,0,0,0,0,0,0,0,0,0,0,0,0,0,0,0,0,0,0,0,0,0,0,10,52,51,61,65476,612,65476,1,0,4,21553,0.0,0.0,0.0,0.0,0.0,0.0,0.0,0.0,0.0,0.0,0.0,0.0,0.0,0.0,0.0,0.0,0.0,0.0,0.0,0.0,0.0,2.004,3.697074423243316e+19,-0.0,3.697074423243316e+19,-0.0,0.0,0.0,0.0,0.0,6575.0,-2.004,0.0,2.718450016850437e+23,-0.0,2.718450016850437e+23,-0.0,-0.0,0.0,2.004,2.004,243,4.95042782417424e+32,-0.0,0.0,0.0,0.0,0.0,0.0,0.0,0.0,0,0,0,-233060064.0,0.0,-1.0255973449155458e+33,-12730853490688.0,-0.0,-0.0,-0.0,-24.409,-2.3290097631156678e+36,5.862365789054566e+16,-4.774520298306458e+28,-0.0,-0.0,-0.0,0.0,0.0,0,1.3516416376850534e+27,244,0.0,488,-0.0,-4.874257373557011e+32,2048,39322,17150,39322,17152,39322,17144,0,0,0,105,99,100,-107615304.0,68.9,-107615312.0,69.3,-0.0,69.0,1,47,48,180,0,13107,0,0,0.0,0.0,0.0,60.0,-8.008530023101235e+16,74.0,0.0,-0.0,0.0,1270,0,1276,0,0,0,1273,0,1286,0,1243,0,693,0,694,0,689,0,690,0.032,1.3305260699995496e+34,-2.004,0.0,40080,16828,-5.207513843420365e+17,-0.0,0.0,0.007,4.080607589209014e+22,-0.099,70.0,60.0,66,0.0,0.0,10.0,2.0,0.0,0.0,0.0,0.0,0.0,0.0,0.0,0.0,0.0,0.0,0.0,0.0,65.6,68,16,65516,48,65476,0,300,0,0,8,20529,65476,0,0,30147,60.0,0.0,10.0,10.0,2.0,0.0
2026-02-05T14:21:00,ERR,ERR,ERR,ERR,ERR,ERR,ERR,ERR,ERR,ERR,ERR,ERR,ERR,ERR,ERR,ERR,ERR,ERR,ERR,ERR,ERR,ERR,ERR,ERR,ERR,ERR,ERR,ERR,ERR,ERR,ERR,ERR,ERR,ERR,ERR,ERR,ERR,ERR,ERR,ERR,ERR,ERR,ERR,ERR,ERR,ERR,ERR,ERR,ERR,ERR,ERR,ERR,ERR,ERR,ERR,ERR,ERR,ERR,ERR,ERR,ERR,ERR,ERR,ERR,ERR,ERR,ERR,ERR,ERR,ERR,ERR,ERR,ERR,ERR,ERR,ERR,ERR,ERR,ERR,ERR,ERR,ERR,ERR,ERR,ERR,ERR,ERR,ERR,ERR,ERR,ERR,ERR,ERR,ERR,ERR,ERR,ERR,ERR,ERR,ERR,ERR,ERR,ERR,ERR,ERR,ERR,ERR,ERR,ERR,ERR,ERR,ERR,ERR,ERR,ERR,ERR,ERR,ERR,ERR,ERR,ERR,ERR,ERR,ERR,ERR,2.718450016850437e+23,-0.0,2.8364315368646023e+23,-107613408.0,-4.209512871143983e+25,14998374973440.0,0.0,-28192.109,5800,0,8,17276,5800,-0.0,100,0.0,0.0,0.0,0.0,1.9056969178834534e+17,0,0,0,0,nan,0,0,0,0,0,0,0,0,0,0,0,0,0,0,0,0,0,0,0,0,0,0,0,0,0,0,0,0,0,0,0,0,0,10,52,51,61,65476,613,65476,1,0,4,21553,0.0,0.0,0.0,0.0,0.0,0.0,0.0,0.0,0.0,0.0,0.0,0.0,0.0,0.0,0.0,0.0,0.0,0.0,0.0,0.0,0.0,2.004,3.697074423243316e+19,-0.0,-0.0,0.0,0.0,0.0,0.0,0.0,6606.0,0.0,0.0,2.718450016850437e+23,-0.0,-0.0,0.0,0.0,0.0,2.004,2.004,241,-0.0,-4.95042434246788e+32,0.0,0.0,0.0,0.0,0.0,0.0,0.0,0,0,0,-0.034,0.0,-5.735662958269106e+27,-3748.133,-44.316,-0.0,-0.0,3.4914708543351594e+30,-2.518222403171308e+30,7.016413193568256e+16,-6.074357339556107e+28,-0.0,-0.0,-0.0,0.0,10.265,0,1.3516416376850534e+27,241,0.0,482,-4.700581670752129e+22,-0.0,2048,39322,17150,39322,17152,39322,17144,0,0,0,105,99,100,-107615304.0,68.9,-107615312.0,69.3,-0.0,69.0,1,47,48,180,0,13107,0,0,0.0,0.0,0.0,60.0,-8.008530023101235e+16,74.0,0.0,-0.0,0.0,1270,0,1276,0,0,0,1273,0,1286,0,1243,0,693,0,694,0,689,0,690,0.032,1.3305260699995496e+34,-2.004,0.0,40080,16828,-5.207513843420365e+17,-0.0,0.0,0.007,4.080607589209014e+22,-0.099,70.0,60.0,66,0.0,0.0,10.0,2.0,0.0,0.0,0.0,0.0,0.0,0.0,0.0,0.0,0.0,0.0,0.0,0.0,65.6,68,16,65516,48,65476,0,300,0,0,8,20529,65476,0,0,34079,60.0,0.0,10.0,10.0,2.0,0.0
2026-02-05T14:21:01,ERR,ERR,ERR,ERR,ERR,ERR,ERR,ERR,ERR,ERR,ERR,ERR,ERR,ERR,ERR,ERR,ERR,ERR,ERR,ERR,ERR,ERR,ERR,ERR,ERR,ERR,ERR,ERR,ERR,ERR,ERR,ERR,ERR,ERR,ERR,ERR,ERR,ERR,ERR,ERR,ERR,ERR,ERR,ERR,ERR,ERR,ERR,ERR,ERR,ERR,ERR,ERR,ERR,ERR,ERR,ERR,ERR,ERR,ERR,ERR,ERR,ERR,ERR,ERR,ERR,ERR,ERR,ERR,ERR,ERR,ERR,ERR,ERR,ERR,ERR,ERR,ERR,ERR,ERR,ERR,ERR,ERR,ERR,ERR,ERR,ERR,ERR,ERR,ERR,ERR,ERR,ERR,ERR,ERR,ERR,ERR,ERR,ERR,ERR,ERR,ERR,ERR,ERR,ERR,ERR,ERR,ERR,ERR,ERR,ERR,ERR,ERR,ERR,ERR,ERR,ERR,ERR,ERR,ERR,ERR,ERR,ERR,ERR,ERR,ERR,2.718450016850437e+23,-0.0,2.8364315368646023e+23,-107613408.0,-4.209512871143983e+25,14998374973440.0,0.0,-28192.109,5800,0,8,17276,5800,-0.0,100,0.0,0.0,0.0,0.0,1.9056969178834534e+17,0,0,0,0,nan,0,0,0,0,0,0,0,0,0,0,0,0,0,0,0,0,0,0,0,0,0,0,0,0,0,0,0,0,0,0,0,0,0,10,52,51,61,65476,613,65476,1,0,4,21553,0.0,0.0,0.0,0.0,0.0,0.0,0.0,0.0,0.0,0.0,0.0,0.0,0.0,0.0,0.0,0.0,0.0,0.0,0.0,0.0,0.0,2.004,3.697074423243316e+19,-0.0,-0.0,0.0,0.0,0.0,0.0,0.0,6606.0,0.0,0.0,2.718450016850437e+23,-0.0,-0.0,0.0,0.0,0.0,2.004,2.004,241,-0.0,-4.95042434246788e+32,0.0,0.0,0.0,0.0,0.0,0.0,0.0,0,0,0,-0.034,0.0,-5.735662958269106e+27,-3748.133,-44.316,-0.0,-0.0,3.4914708543351594e+30,-2.518222403171308e+30,7.016413193568256e+16,-6.074357339556107e+28,-0.0,-0.0,-0.0,0.0,10.265,0,1.3516416376850534e+27,241,0.0,482,-4.700581670752129e+22,-0.0,2048,39322,17150,39322,17152,39322,17144,0,0,0,105,99,100,-107615304.0,68.9,-107615312.0,69.3,-0.0,69.0,1,47,48,180,0,13107,0,0,0.0,0.0,0.0,60.0,-8.008530023101235e+16,74.0,0.0,-0.0,0.0,1270,0,1276,0,0,0,1273,0,1286,0,1243,0,693,0,694,0,689,0,690,0.032,1.3305260699995496e+34,-2.004,0.0,40080,16828,-5.207513843420365e+17,-0.0,0.0,0.007,4.080607589209014e+22,-0.099,70.0,60.0,66,0.0,0.0,10.0,2.0,0.0,0.0,0.0,0.0,0.0,0.0,0.0,0.0,0.0,0.0,0.0,0.0,65.6,68,16,65516,48,65476,0,300,0,0,8,20529,65476,0,0,34079,60.0,0.0,10.0,10.0,2.0,0.0
2026-02-05T14:21:02,ERR,ERR,ERR,ERR,ERR,ERR,ERR,ERR,ERR,ERR,ERR,ERR,ERR,ERR,ERR,ERR,ERR,ERR,ERR,ERR,ERR,ERR,ERR,ERR,ERR,ERR,ERR,ERR,ERR,ERR,ERR,ERR,ERR,ERR,ERR,ERR,ERR,ERR,ERR,ERR,ERR,ERR,ERR,ERR,ERR,ERR,ERR,ERR,ERR,ERR,ERR,ERR,ERR,ERR,ERR,ERR,ERR,ERR,ERR,ERR,ERR,ERR,ERR,ERR,ERR,ERR,ERR,ERR,ERR,ERR,ERR,ERR,ERR,ERR,ERR,ERR,ERR,ERR,ERR,ERR,ERR,ERR,ERR,ERR,ERR,ERR,ERR,ERR,ERR,ERR,ERR,ERR,ERR,ERR,ERR,ERR,ERR,ERR,ERR,ERR,ERR,ERR,ERR,ERR,ERR,ERR,ERR,ERR,ERR,ERR,ERR,ERR,ERR,ERR,ERR,ERR,ERR,ERR,ERR,ERR,ERR,ERR,ERR,ERR,ERR,2.718450016850437e+23,-0.0,2.8364315368646023e+23,-107613408.0,-4.209512871143983e+25,14998374973440.0,0.0,-28192.109,5800,0,8,17276,5800,-0.0,100,0.0,0.0,0.0,0.0,1.9056969178834534e+17,0,0,0,0,nan,0,0,0,0,0,0,0,0,0,0,0,0,0,0,0,0,0,0,0,0,0,0,0,0,0,0,0,0,0,0,0,0,0,10,52,51,61,65476,613,65476,1,0,4,21553,0.0,0.0,0.0,0.0,0.0,0.0,0.0,0.0,0.0,0.0,0.0,0.0,0.0,0.0,0.0,0.0,0.0,0.0,0.0,0.0,0.0,2.004,3.697074423243316e+19,-0.0,-0.0,0.0,0.0,0.0,0.0,0.0,6606.0,0.0,0.0,2.718450016850437e+23,-0.0,-0.0,0.0,0.0,0.0,2.004,2.004,241,-0.0,-4.95042434246788e+32,0.0,0.0,0.0,0.0,0.0,0.0,0.0,0,0,0,-0.034,0.0,-5.735662958269106e+27,-3748.133,-44.316,-0.0,-0.0,3.4914708543351594e+30,-2.518222403171308e+30,7.016413193568256e+16,-6.074357339556107e+28,-0.0,-0.0,-0.0,0.0,10.265,0,1.3516416376850534e+27,241,0.0,482,-4.700581670752129e+22,-0.0,2050,39322,17150,39322,17152,39322,17144,0,0,0,105,99,100,-107615304.0,68.9,-107615312.0,69.3,-0.0,69.0,1,47,48,180,0,13107,0,0,0.0,0.0,0.0,60.0,-1165394.5,74.0,0.0,232.255,0.0,1270,0,1276,0,0,0,1273,0,1286,0,1243,0,693,0,694,0,689,0,690,0.032,1.322413106158089e+34,-0.0,0.0,23824,16828,-7323592704.0,232.255,1.1651573730130364e+37,319445041152.0,-579889216.0,0.0,70.0,60.0,66,0.0,0.0,10.0,2.0,0.0,0.0,0.0,0.0,0.0,0.0,0.0,0.0,0.0,0.0,0.0,0.0,66.0,68,16,65516,48,65476,0,300,0,0,8,20529,65476,0,0,32768,60.0,0.0,10.0,10.0,2.0,0.0
2026-02-05T14:21:03,ERR,ERR,ERR,ERR,ERR,ERR,ERR,ERR,ERR,ERR,ERR,ERR,ERR,ERR,ERR,ERR,ERR,ERR,ERR,ERR,ERR,ERR,ERR,ERR,ERR,ERR,ERR,ERR,ERR,ERR,ERR,ERR,ERR,ERR,ERR,ERR,ERR,ERR,ERR,ERR,ERR,ERR,ERR,ERR,ERR,ERR,ERR,ERR,ERR,ERR,ERR,ERR,ERR,ERR,ERR,ERR,ERR,ERR,ERR,ERR,ERR,ERR,ERR,ERR,ERR,ERR,ERR,ERR,ERR,ERR,ERR,ERR,ERR,ERR,ERR,ERR,ERR,ERR,ERR,ERR,ERR,ERR,ERR,ERR,ERR,ERR,ERR,ERR,ERR,ERR,ERR,ERR,ERR,ERR,ERR,ERR,ERR,ERR,ERR,ERR,ERR,ERR,ERR,ERR,ERR,ERR,ERR,ERR,ERR,ERR,ERR,ERR,ERR,ERR,ERR,ERR,ERR,ERR,ERR,ERR,ERR,ERR,ERR,ERR,ERR,2.718450016850437e+23,-0.0,2.8364315368646023e+23,-107613408.0,-4.209512871143983e+25,14998374973440.0,0.0,-28192.109,5800,0,8,17276,5800,-0.0,100,0.0,0.0,0.0,0.0,1.9056969178834534e+17,0,0,0,0,nan,0,0,0,0,0,0,0,0,0,0,0,0,0,0,0,0,0,0,0,0,0,0,0,0,0,0,0,0,0,0,0,0,0,10,52,51,61,65476,613,65476,1,0,4,21553,0.0,0.0,0.0,0.0,0.0,0.0,0.0,0.0,0.0,0.0,0.0,0.0,0.0,0.0,0.0,0.0,0.0,0.0,0.0,0.0,0.0,2.004,3.697074423243316e+19,-0.0,-0.0,0.0,0.0,0.0,0.0,0.0,6606.0,0.0,0.0,2.718450016850437e+23,-0.0,-0.0,0.0,0.0,0.0,2.004,2.004,241,-0.0,-4.95042434246788e+32,0.0,0.0,0.0,0.0,0.0,0.0,0.0,0,0,0,-0.034,0.0,-5.735662958269106e+27,-3748.133,-44.316,-0.0,-0.0,3.4914708543351594e+30,-2.518222403171308e+30,7.016413193568256e+16,-6.074357339556107e+28,-0.0,-0.0,-0.0,0.0,10.265,0,1.3516416376850534e+27,241,0.0,482,-4.700581670752129e+22,-0.0,2050,39322,17150,39322,17152,39322,17144,0,0,0,105,99,100,-107615304.0,68.9,-107615312.0,69.3,-0.0,69.0,1,47,48,180,0,13107,0,0,0.0,0.0,0.0,60.0,-1165394.5,74.0,0.0,232.255,0.0,1270,0,1276,0,0,0,1273,0,1286,0,1243,0,693,0,694,0,689,0,690,0.032,1.322413106158089e+34,-0.0,0.0,23824,16828,-7323592704.0,232.255,1.1651573730130364e+37,319445041152.0,-579889216.0,0.0,70.0,60.0,66,0.0,0.0,10.0,2.0,0.0,0.0,0.0,0.0,0.0,0.0,0.0,0.0,0.0,0.0,0.0,0.0,66.0,68,16,65516,48,65476,0,300,0,0,8,20529,65476,0,0,32768,60.0,0.0,10.0,10.0,2.0,0.0
2026-02-05T14:21:04,ERR,ERR,ERR,ERR,ERR,ERR,ERR,ERR,ERR,ERR,ERR,ERR,ERR,ERR,ERR,ERR,ERR,ERR,ERR,ERR,ERR,ERR,ERR,ERR,ERR,ERR,ERR,ERR,ERR,ERR,ERR,ERR,ERR,ERR,ERR,ERR,ERR,ERR,ERR,ERR,ERR,ERR,ERR,ERR,ERR,ERR,ERR,ERR,ERR,ERR,ERR,ERR,ERR,ERR,ERR,ERR,ERR,ERR,ERR,ERR,ERR,ERR,ERR,ERR,ERR,ERR,ERR,ERR,ERR,ERR,ERR,ERR,ERR,ERR,ERR,ERR,ERR,ERR,ERR,ERR,ERR,ERR,ERR,ERR,ERR,ERR,ERR,ERR,ERR,ERR,ERR,ERR,ERR,ERR,ERR,ERR,ERR,ERR,ERR,ERR,ERR,ERR,ERR,ERR,ERR,ERR,ERR,ERR,ERR,ERR,ERR,ERR,ERR,ERR,ERR,ERR,ERR,ERR,ERR,ERR,ERR,ERR,ERR,ERR,ERR,2.718450016850437e+23,-0.0,2.8364315368646023e+23,-107613408.0,-4.209512871143983e+25,14998374973440.0,0.0,-28192.109,5800,0,8,17276,5800,-0.0,100,0.0,0.0,0.0,0.0,1.9056969178834534e+17,0,0,0,0,nan,0,0,0,0,0,0,0,0,0,0,0,0,0,0,0,0,0,0,0,0,0,0,0,0,0,0,0,0,0,0,0,0,0,10,52,51,61,65476,613,65476,1,0,4,21553,0.0,0.0,0.0,0.0,0.0,0.0,0.0,0.0,0.0,0.0,0.0,0.0,0.0,0.0,0.0,0.0,0.0,0.0,0.0,0.0,0.0,2.004,3.697074423243316e+19,-0.0,-0.0,0.0,0.0,0.0,0.0,0.0,6606.0,0.0,0.0,2.718450016850437e+23,-0.0,-0.0,0.0,0.0,0.0,2.004,2.004,241,-0.0,-4.95042434246788e+32,0.0,0.0,0.0,0.0,0.0,0.0,0.0,0,0,0,-0.034,0.0,-5.735662958269106e+27,-3748.133,-44.316,-0.0,-0.0,3.4914708543351594e+30,-2.518222403171308e+30,7.016413193568256e+16,-6.074357339556107e+28,-0.0,-0.0,-0.0,0.0,10.265,0,1.3516416376850534e+27,241,0.0,482,-4.700581670752129e+22,-0.0,2050,39322,17150,39322,17152,39322,17144,0,0,0,105,99,100,-107615304.0,68.9,-107615312.0,69.3,-0.0,69.0,1,47,48,180,0,13107,0,0,0.0,0.0,0.0,60.0,-1165394.5,74.0,0.0,232.255,0.0,1270,0,1276,0,0,0,1273,0,1286,0,1243,0,693,0,694,0,689,0,690,0.032,1.322413106158089e+34,-0.0,0.0,23824,16828,-7323592704.0,232.255,1.1651573730130364e+37,319445041152.0,-579889216.0,0.0,70.0,60.0,66,0.0,0.0,10.0,2.0,0.0,0.0,0.0,0.0,0.0,0.0,0.0,0.0,0.0,0.0,0.0,0.0,66.0,68,16,65516,48,65476,0,300,0,0,8,20529,65476,0,0,35389,60.0,0.0,10.0,10.0,2.0,0.0
2026-02-05T14:21:05,ERR,ERR,ERR,ERR,ERR,ERR,ERR,ERR,ERR,ERR,ERR,ERR,ERR,ERR,ERR,ERR,ERR,ERR,ERR,ERR,ERR,ERR,ERR,ERR,ERR,ERR,ERR,ERR,ERR,ERR,ERR,ERR,ERR,ERR,ERR,ERR,ERR,ERR,ERR,ERR,ERR,ERR,ERR,ERR,ERR,ERR,ERR,ERR,ERR,ERR,ERR,ERR,ERR,ERR,ERR,ERR,ERR,ERR,ERR,ERR,ERR,ERR,ERR,ERR,ERR,ERR,ERR,ERR,ERR,ERR,ERR,ERR,ERR,ERR,ERR,ERR,ERR,ERR,ERR,ERR,ERR,ERR,ERR,ERR,ERR,ERR,ERR,ERR,ERR,ERR,ERR,ERR,ERR,ERR,ERR,ERR,ERR,ERR,ERR,ERR,ERR,ERR,ERR,ERR,ERR,ERR,ERR,ERR,ERR,ERR,ERR,ERR,ERR,ERR,ERR,ERR,ERR,ERR,ERR,ERR,ERR,ERR,ERR,ERR,ERR,2.718450016850437e+23,-0.0,2.8364315368646023e+23,-107613408.0,-4.209512871143983e+25,-524533792768.0,3.9658132096147287e+31,42125274120192.0,5800,0,8,17276,5800,14723891331072.0,100,0.0,0.0,-107613408.0,0.0,1.9056969178834534e+17,0,0,0,0,nan,0,0,0,0,0,0,0,0,0,0,0,0,0,0,0,0,0,0,0,0,0,0,0,0,0,0,0,0,0,0,0,0,0,10,52,51,61,65476,613,65476,1,0,4,21553,0.0,0.0,0.0,0.0,0.0,0.0,0.0,0.0,0.0,0.0,0.0,0.0,0.0,0.0,0.0,0.0,0.0,0.0,0.0,0.0,0.0,2.004,3.697074423243316e+19,-0.0,-0.0,-0.0,0.0,0.0,0.0,0.0,6579.0,-0.0,0.0,2.718450016850437e+23,-0.0,-0.0,-0.0,-0.0,0.0,2.004,2.004,242,-0.0,-0.0,0.0,0.0,0.0,0.0,0.0,0.0,0.0,0,0,0,-4213593079808.0,0.0,-2.3549968084748154e+20,13451809.0,-0.0,382223872.0,-7.665,0.006,-0.0,9.191456787713229e+16,-7.312297378841487e+28,-0.0,-0.0,-0.0,0.0,-0.985,0,1.3516416376850534e+27,242,0.0,484,0.0,0.0,2050,39322,17150,39322,17152,39322,17144,0,0,0,105,99,100,-107615304.0,68.9,-107615312.0,69.3,-0.0,69.0,1,47,48,180,0,13107,0,0,0.0,0.0,0.0,60.0,-1165394.5,74.0,0.0,232.255,0.0,1270,0,1276,0,0,0,1273,0,1286,0,1243,0,693,0,694,0,689,0,690,0.032,1.322413106158089e+34,-0.0,0.0,23824,16828,-7323592704.0,232.255,1.1651573730130364e+37,319445041152.0,-579889216.0,0.0,70.0,60.0,66,0.0,0.0,10.0,2.0,0.0,0.0,0.0,0.0,0.0,0.0,0.0,0.0,0.0,0.0,0.0,0.0,66.0,68,16,65516,48,65476,0,300,0,0,8,20529,65476,0,0,35389,60.0,0.0,10.0,10.0,2.0,0.0
2026-02-05T14:21:06,ERR,ERR,ERR,ERR,ERR,ERR,ERR,ERR,ERR,ERR,ERR,ERR,ERR,ERR,ERR,ERR,ERR,ERR,ERR,ERR,ERR,ERR,ERR,ERR,ERR,ERR,ERR,ERR,ERR,ERR,ERR,ERR,ERR,ERR,ERR,ERR,ERR,ERR,ERR,ERR,ERR,ERR,ERR,ERR,ERR,ERR,ERR,ERR,ERR,ERR,ERR,ERR,ERR,ERR,ERR,ERR,ERR,ERR,ERR,ERR,ERR,ERR,ERR,ERR,ERR,ERR,ERR,ERR,ERR,ERR,ERR,ERR,ERR,ERR,ERR,ERR,ERR,ERR,ERR,ERR,ERR,ERR,ERR,ERR,ERR,ERR,ERR,ERR,ERR,ERR,ERR,ERR,ERR,ERR,ERR,ERR,ERR,ERR,ERR,ERR,ERR,ERR,ERR,ERR,ERR,ERR,ERR,ERR,ERR,ERR,ERR,ERR,ERR,ERR,ERR,ERR,ERR,ERR,ERR,ERR,ERR,ERR,ERR,ERR,ERR,2.718450016850437e+23,-0.0,2.8364315368646023e+23,-107613408.0,-4.209512871143983e+25,-524533792768.0,3.9658132096147287e+31,42125274120192.0,5800,0,8,17276,5800,14723891331072.0,100,0.0,0.0,-107613408.0,0.0,1.9056969178834534e+17,0,0,0,0,nan,0,0,0,0,0,0,0,0,0,0,0,0,0,0,0,0,0,0,0,0,0,0,0,0,0,0,0,0,0,0,0,0,0,10,52,51,61,65476,613,65476,1,0,4,21553,0.0,0.0,0.0,0.0,0.0,0.0,0.0,0.0,0.0,0.0,0.0,0.0,0.0,0.0,0.0,0.0,0.0,0.0,0.0,0.0,0.0,2.004,3.697074423243316e+19,-0.0,-0.0,-0.0,0.0,0.0,0.0,0.0,6579.0,-0.0,0.0,2.718450016850437e+23,-0.0,-0.0,-0.0,-0.0,0.0,2.004,2.004,242,-0.0,-0.0,0.0,0.0,0.0,0.0,0.0,0.0,0.0,0,0,0,-4213593079808.0,0.0,-2.3549968084748154e+20,13451809.0,-0.0,382223872.0,-7.665,0.006,-0.0,9.191456787713229e+16,-7.312297378841487e+28,-0.0,-0.0,-0.0,0.0,-0.985,0,1.3516416376850534e+27,242,0.0,484,0.0,0.0,2050,39322,17150,39322,17152,39322,17144,0,0,0,105,99,100,-107615304.0,68.9,-107615312.0,69.3,-0.0,69.0,1,47,48,180,0,13107,0,0,0.0,0.0,0.0,60.0,-175384896.0,74.0,0.0,0.0,0.0,1270,0,1276,0,0,0,1273,0,1285,0,1243,0,693,0,694,0,689,0,690,0.032,1.3305260699995496e+34,-0.0,0.0,25744,16828,-1049089015808.0,-4.0456889936905606e+30,53.813,-7.23968002470445e+17,-0.0,-1.7239800264295186e+19,70.0,60.0,66,0.0,0.0,10.0,2.0,0.0,0.0,0.0,0.0,0.0,0.0,0.0,0.0,0.0,0.0,0.0,0.0,65.6,68,16,65516,48,65476,0,300,0,0,8,20529,65476,0,0,35389,60.0,0.0,10.0,10.0,2.0,0.0
2026-02-05T14:21:07,ERR,ERR,ERR,ERR,ERR,ERR,ERR,ERR,ERR,ERR,ERR,ERR,ERR,ERR,ERR,ERR,ERR,ERR,ERR,ERR,ERR,ERR,ERR,ERR,ERR,ERR,ERR,ERR,ERR,ERR,ERR,ERR,ERR,ERR,ERR,ERR,ERR,ERR,ERR,ERR,ERR,ERR,ERR,ERR,ERR,ERR,ERR,ERR,ERR,ERR,ERR,ERR,ERR,ERR,ERR,ERR,ERR,ERR,ERR,ERR,ERR,ERR,ERR,ERR,ERR,ERR,ERR,ERR,ERR,ERR,ERR,ERR,ERR,ERR,ERR,ERR,ERR,ERR,ERR,ERR,ERR,ERR,ERR,ERR,ERR,ERR,ERR,ERR,ERR,ERR,ERR,ERR,ERR,ERR,ERR,ERR,ERR,ERR,ERR,ERR,ERR,ERR,ERR,ERR,ERR,ERR,ERR,ERR,ERR,ERR,ERR,ERR,ERR,ERR,ERR,ERR,ERR,ERR,ERR,ERR,ERR,ERR,ERR,ERR,ERR,2.718450016850437e+23,-0.0,2.8364315368646023e+23,-107613408.0,-4.209512871143983e+25,-524533792768.0,3.9658132096147287e+31,42125274120192.0,5800,0,8,17276,5800,14723891331072.0,100,0.0,0.0,-107613408.0,0.0,1.9056969178834534e+17,0,0,0,0,nan,0,0,0,0,0,0,0,0,0,0,0,0,0,0,0,0,0,0,0,0,0,0,0,0,0,0,0,0,0,0,0,0,0,10,52,51,61,65476,613,65476,1,0,4,21553,0.0,0.0,0.0,0.0,0.0,0.0,0.0,0.0,0.0,0.0,0.0,0.0,0.0,0.0,0.0,0.0,0.0,0.0,0.0,0.0,0.0,2.004,3.697074423243316e+19,-0.0,-0.0,-0.0,0.0,0.0,0.0,0.0,6579.0,-0.0,0.0,2.718450016850437e+23,-0.0,-0.0,-0.0,-0.0,0.0,2.004,2.004,242,-0.0,-0.0,0.0,0.0,0.0,0.0,0.0,0.0,0.0,0,0,0,-4213593079808.0,0.0,-2.3549968084748154e+20,13451809.0,-0.0,382223872.0,-7.665,0.006,-0.0,9.191456787713229e+16,-7.312297378841487e+28,-0.0,-0.0,-0.0,0.0,-0.985,0,1.3516416376850534e+27,242,0.0,484,0.0,0.0,2050,39322,17150,39322,17152,39322,17144,0,0,0,105,99,100,-107615304.0,68.9,-107615312.0,69.3,-0.0,69.0,1,47,48,180,0,13107,0,0,0.0,0.0,0.0,60.0,-175384896.0,74.0,0.0,0.0,0.0,1270,0,1276,0,0,0,1273,0,1285,0,1243,0,693,0,694,0,689,0,690,0.032,1.3305260699995496e+34,-0.0,0.0,25744,16828,-1049089015808.0,-4.0456889936905606e+30,53.813,-7.23968002470445e+17,-0.0,-1.7239800264295186e+19,70.0,60.0,66,0.0,0.0,10.0,2.0,0.0,0.0,0.0,0.0,0.0,0.0,0.0,0.0,0.0,0.0,0.0,0.0,65.6,68,16,65516,48,65476,0,300,0,0,8,20529,65476,0,0,35389,60.0,0.0,10.0,10.0,2.0,0.0
2026-02-05T14:21:08,ERR,ERR,ERR,ERR,ERR,ERR,ERR,ERR,ERR,ERR,ERR,ERR,ERR,ERR,ERR,ERR,ERR,ERR,ERR,ERR,ERR,ERR,ERR,ERR,ERR,ERR,ERR,ERR,ERR,ERR,ERR,ERR,ERR,ERR,ERR,ERR,ERR,ERR,ERR,ERR,ERR,ERR,ERR,ERR,ERR,ERR,ERR,ERR,ERR,ERR,ERR,ERR,ERR,ERR,ERR,ERR,ERR,ERR,ERR,ERR,ERR,ERR,ERR,ERR,ERR,ERR,ERR,ERR,ERR,ERR,ERR,ERR,ERR,ERR,ERR,ERR,ERR,ERR,ERR,ERR,ERR,ERR,ERR,ERR,ERR,ERR,ERR,ERR,ERR,ERR,ERR,ERR,ERR,ERR,ERR,ERR,ERR,ERR,ERR,ERR,ERR,ERR,ERR,ERR,ERR,ERR,ERR,ERR,ERR,ERR,ERR,ERR,ERR,ERR,ERR,ERR,ERR,ERR,ERR,ERR,ERR,ERR,ERR,ERR,ERR,2.718450016850437e+23,-0.0,2.8364315368646023e+23,-107613408.0,-4.209512871143983e+25,-524533792768.0,3.9658132096147287e+31,42125274120192.0,5800,0,8,17276,5800,14723891331072.0,100,0.0,0.0,-107613408.0,0.0,1.9056969178834534e+17,0,0,0,0,nan,0,0,0,0,0,0,0,0,0,0,0,0,0,0,0,0,0,0,0,0,0,0,0,0,0,0,0,0,0,0,0,0,0,10,52,51,61,65476,613,65476,1,0,4,21553,0.0,0.0,0.0,0.0,0.0,0.0,0.0,0.0,0.0,0.0,0.0,0.0,0.0,0.0,0.0,0.0,0.0,0.0,0.0,0.0,0.0,2.004,3.697074423243316e+19,-0.0,-0.0,-0.0,0.0,0.0,0.0,0.0,6579.0,-0.0,0.0,2.718450016850437e+23,-0.0,-0.0,-0.0,-0.0,0.0,2.004,2.004,242,-0.0,-0.0,0.0,0.0,0.0,0.0,0.0,0.0,0.0,0,0,0,-4213593079808.0,0.0,-2.3549968084748154e+20,13451809.0,-0.0,382223872.0,-7.665,0.006,-0.0,9.191456787713229e+16,-7.312297378841487e+28,-0.0,-0.0,-0.0,0.0,-0.985,0,1.3516416376850534e+27,242,0.0,484,0.0,0.0,2050,39322,17150,39322,17152,39322,17144,0,0,0,105,99,100,-107615304.0,68.9,-107615312.0,69.3,-0.0,69.0,1,47,48,180,0,13107,0,0,0.0,0.0,0.0,60.0,-175384896.0,74.0,0.0,0.0,0.0,1270,0,1276,0,0,0,1273,0,1285,0,1243,0,693,0,694,0,689,0,690,0.032,1.3305260699995496e+34,-0.0,0.0,25744,16828,-1049089015808.0,-4.0456889936905606e+30,53.813,-7.23968002470445e+17,-0.0,-1.7239800264295186e+19,70.0,60.0,66,0.0,0.0,10.0,2.0,0.0,0.0,0.0,0.0,0.0,0.0,0.0,0.0,0.0,0.0,0.0,0.0,66.0,68,16,65516,48,65476,0,300,0,0,8,20529,65476,0,0,40632,60.0,0.0,10.0,10.0,2.0,0.0
2026-02-05T14:21:09,ERR,ERR,ERR,ERR,ERR,ERR,ERR,ERR,ERR,ERR,ERR,ERR,ERR,ERR,ERR,ERR,ERR,ERR,ERR,ERR,ERR,ERR,ERR,ERR,ERR,ERR,ERR,ERR,ERR,ERR,ERR,ERR,ERR,ERR,ERR,ERR,ERR,ERR,ERR,ERR,ERR,ERR,ERR,ERR,ERR,ERR,ERR,ERR,ERR,ERR,ERR,ERR,ERR,ERR,ERR,ERR,ERR,ERR,ERR,ERR,ERR,ERR,ERR,ERR,ERR,ERR,ERR,ERR,ERR,ERR,ERR,ERR,ERR,ERR,ERR,ERR,ERR,ERR,ERR,ERR,ERR,ERR,ERR,ERR,ERR,ERR,ERR,ERR,ERR,ERR,ERR,ERR,ERR,ERR,ERR,ERR,ERR,ERR,ERR,ERR,ERR,ERR,ERR,ERR,ERR,ERR,ERR,ERR,ERR,ERR,ERR,ERR,ERR,ERR,ERR,ERR,ERR,ERR,ERR,ERR,ERR,ERR,ERR,ERR,ERR,2.718450016850437e+23,-0.0,2.8364315368646023e+23,-107613408.0,-4.209512871143983e+25,-524533792768.0,3.9658132096147287e+31,42125274120192.0,5800,0,8,17276,5800,14723891331072.0,100,0.0,0.0,-107613408.0,0.0,1.9056969178834534e+17,0,0,0,0,nan,0,0,0,0,0,0,0,0,0,0,0,0,0,0,0,0,0,0,0,0,0,0,0,0,0,0,0,0,0,0,0,0,0,10,52,51,61,65476,613,65476,1,0,4,21553,0.0,0.0,0.0,0.0,0.0,0.0,0.0,0.0,0.0,0.0,0.0,0.0,0.0,0.0,0.0,0.0,0.0,0.0,0.0,0.0,0.0,2.004,3.697074423243316e+19,-0.0,-0.0,-0.0,0.0,0.0,0.0,0.0,6579.0,-0.0,0.0,2.718450016850437e+23,-0.0,-0.0,-0.0,-0.0,0.0,2.004,2.004,242,-0.0,-0.0,0.0,0.0,0.0,0.0,0.0,0.0,0.0,0,0,0,-4213593079808.0,0.0,-2.3549968084748154e+20,13451809.0,-0.0,382223872.0,-7.665,0.006,-0.0,9.191456787713229e+16,-7.312297378841487e+28,-0.0,-0.0,-0.0,0.0,-0.985,0,1.3516416376850534e+27,242,0.0,484,0.0,0.0,2050,52429,17150,39322,17152,39322,17144,0,0,0,105,99,100,-107615304.0,68.9,-107615312.0,69.3,-0.0,69.0,1,47,48,180,0,13107,0,0,0.0,0.0,0.0,60.0,-7323592704.0,74.0,0.0,232.255,0.0,1270,0,1276,0,0,0,1273,0,1286,0,1243,0,693,0,694,0,689,0,691,0.032,1.322413106158089e+34,-2.004,0.0,25232,16828,-550872809472.0,-3.952717303337904e+24,0.0,-2.6461359351669785e+29,4.724605474878336e+27,-0.0,70.0,60.0,66,0.0,0.0,10.0,2.0,0.0,0.0,0.0,0.0,0.0,0.0,0.0,0.0,0.0,0.0,0.0,0.0,66.0,68,16,65516,48,65476,0,300,0,0,8,20529,65476,0,0,40632,60.0,0.0,10.0,10.0,2.0,0.0
2026-02-05T14:21:10,ERR,ERR,ERR,ERR,ERR,ERR,ERR,ERR,ERR,ERR,ERR,ERR,ERR,ERR,ERR,ERR,ERR,ERR,ERR,ERR,ERR,ERR,ERR,ERR,ERR,ERR,ERR,ERR,ERR,ERR,ERR,ERR,ERR,ERR,ERR,ERR,ERR,ERR,ERR,ERR,ERR,ERR,ERR,ERR,ERR,ERR,ERR,ERR,ERR,ERR,ERR,ERR,ERR,ERR,ERR,ERR,ERR,ERR,ERR,ERR,ERR,ERR,ERR,ERR,ERR,ERR,ERR,ERR,ERR,ERR,ERR,ERR,ERR,ERR,ERR,ERR,ERR,ERR,ERR,ERR,ERR,ERR,ERR,ERR,ERR,ERR,ERR,ERR,ERR,ERR,ERR,ERR,ERR,ERR,ERR,ERR,ERR,ERR,ERR,ERR,ERR,ERR,ERR,ERR,ERR,ERR,ERR,ERR,ERR,ERR,ERR,ERR,ERR,ERR,ERR,ERR,ERR,ERR,ERR,ERR,ERR,ERR,ERR,ERR,ERR,2.718450016850437e+23,-0.0,2.8364315368646023e+23,-107613408.0,-4.209512871143983e+25,-524533792768.0,3.9658132096147287e+31,42125274120192.0,5800,0,8,17276,5800,14723891331072.0,100,0.0,0.0,-107613408.0,0.0,1.9056969178834534e+17,0,0,0,0,nan,0,0,0,0,0,0,0,0,0,0,0,0,0,0,0,0,0,0,0,0,0,0,0,0,0,0,0,0,0,0,0,0,0,10,52,51,61,65476,613,65476,1,0,4,21553,0.0,0.0,0.0,0.0,0.0,0.0,0.0,0.0,0.0,0.0,0.0,0.0,0.0,0.0,0.0,0.0,0.0,0.0,0.0,0.0,0.0,2.004,3.697074423243316e+19,-0.0,-0.0,-0.0,0.0,0.0,0.0,0.0,6579.0,-0.0,0.0,2.718450016850437e+23,-0.0,-0.0,-0.0,-0.0,0.0,2.004,2.004,242,-0.0,-0.0,0.0,0.0,0.0,0.0,0.0,0.0,0.0,0,0,0,-4213593079808.0,0.0,-2.3549968084748154e+20,13451809.0,-0.0,382223872.0,-7.665,0.006,-0.0,9.191456787713229e+16,-7.312297378841487e+28,-0.0,-0.0,-0.0,0.0,-0.985,0,1.3516416376850534e+27,242,0.0,484,0.0,0.0,2050,52429,17150,39322,17152,39322,17144,0,0,0,105,99,100,-107615304.0,68.9,-107615312.0,69.3,-0.0,69.0,1,47,48,180,0,13107,0,0,0.0,0.0,0.0,60.0,-7323592704.0,74.0,0.0,232.255,0.0,1270,0,1276,0,0,0,1273,0,1286,0,1243,0,693,0,694,0,689,0,691,0.032,1.322413106158089e+34,-2.004,0.0,25232,16828,-550872809472.0,-3.952717303337904e+24,0.0,-2.6461359351669785e+29,4.724605474878336e+27,-0.0,70.0,60.0,66,0.0,0.0,10.0,2.0,0.0,0.0,0.0,0.0,0.0,0.0,0.0,0.0,0.0,0.0,0.0,0.0,65.6,68,16,65516,48,65476,0,300,0,0,8,20529,65476,0,0,38011,60.0,0.0,10.0,10.0,2.0,0.0
2026-02-05T14:21:11,ERR,ERR,ERR,ERR,ERR,ERR,ERR,ERR,ERR,ERR,ERR,ERR,ERR,ERR,ERR,ERR,ERR,ERR,ERR,ERR,ERR,ERR,ERR,ERR,ERR,ERR,ERR,ERR,ERR,ERR,ERR,ERR,ERR,ERR,ERR,ERR,ERR,ERR,ERR,ERR,ERR,ERR,ERR,ERR,ERR,ERR,ERR,ERR,ERR,ERR,ERR,ERR,ERR,ERR,ERR,ERR,ERR,ERR,ERR,ERR,ERR,ERR,ERR,ERR,ERR,ERR,ERR,ERR,ERR,ERR,ERR,ERR,ERR,ERR,ERR,ERR,ERR,ERR,ERR,ERR,ERR,ERR,ERR,ERR,ERR,ERR,ERR,ERR,ERR,ERR,ERR,ERR,ERR,ERR,ERR,ERR,ERR,ERR,ERR,ERR,ERR,ERR,ERR,ERR,ERR,ERR,ERR,ERR,ERR,ERR,ERR,ERR,ERR,ERR,ERR,ERR,ERR,ERR,ERR,ERR,ERR,ERR,ERR,ERR,ERR,2.718450016850437e+23,-0.0,2.8364315368646023e+23,0.0,-0.0,508045728.0,0.0,-1.8718180440539136e+17,5800,0,8,17278,5800,14723891331072.0,100,0.0,0.0,0.0,0.0,1.9056969178834534e+17,0,0,0,0,nan,0,0,0,0,0,0,0,0,0,0,0,0,0,0,0,0,0,0,0,0,0,0,0,0,0,0,0,0,0,0,0,0,0,10,52,51,61,65476,613,65476,1,0,4,21553,0.0,0.0,0.0,0.0,0.0,0.0,0.0,0.0,0.0,0.0,0.0,0.0,0.0,0.0,0.0,0.0,0.0,0.0,0.0,0.0,0.0,2.004,3.697074423243316e+19,-0.0,-0.0,-3.6970880571875e+19,0.0,0.0,0.0,0.0,6549.0,-0.0,0.0,2.718450016850437e+23,-0.0,-0.0,-2.7184547005940495e+23,-0.0,0.0,2.004,2.004,243,-0.0,-5.8480786593265204e+35,0.0,0.0,0.0,0.0,0.0,0.0,0.0,0,0,0,-0.0,0.0,-1.0598287928406835e+17,-0.031,-0.0,-23233638.0,0.0,6.564175572782682e+34,-14.642,1.1386961606056346e+17,-9.177658584827301e+28,-0.0,-0.0,-0.0,0.0,-739795271680.0,0,1.3516416376850534e+27,245,0.0,490,-0.0,1.804316963640443e+17,2050,52429,17150,39322,17152,39322,17144,0,0,0,105,99,100,-107615304.0,68.9,-107615312.0,69.3,-0.0,69.0,1,47,48,180,0,13107,0,0,0.0,0.0,0.0,60.0,-7323592704.0,74.0,0.0,232.255,0.0,1270,0,1276,0,0,0,1273,0,1286,0,1243,0,693,0,694,0,689,0,691,0.032,1.322413106158089e+34,-2.004,0.0,25232,16828,-550872809472.0,-3.952717303337904e+24,0.0,-2.6461359351669785e+29,4.724605474878336e+27,-0.0,70.0,60.0,66,0.0,0.0,10.0,2.0,0.0,0.0,0.0,0.0,0.0,0.0,0.0,0.0,0.0,0.0,0.0,0.0,65.6,68,16,65516,48,65476,0,300,0,0,8,20529,65476,0,0,38011,60.0,0.0,10.0,10.0,2.0,0.0
2026-02-05T14:21:12,ERR,ERR,ERR,ERR,ERR,ERR,ERR,ERR,ERR,ERR,ERR,ERR,ERR,ERR,ERR,ERR,ERR,ERR,ERR,ERR,ERR,ERR,ERR,ERR,ERR,ERR,ERR,ERR,ERR,ERR,ERR,ERR,ERR,ERR,ERR,ERR,ERR,ERR,ERR,ERR,ERR,ERR,ERR,ERR,ERR,ERR,ERR,ERR,ERR,ERR,ERR,ERR,ERR,ERR,ERR,ERR,ERR,ERR,ERR,ERR,ERR,ERR,ERR,ERR,ERR,ERR,ERR,ERR,ERR,ERR,ERR,ERR,ERR,ERR,ERR,ERR,ERR,ERR,ERR,ERR,ERR,ERR,ERR,ERR,ERR,ERR,ERR,ERR,ERR,ERR,ERR,ERR,ERR,ERR,ERR,ERR,ERR,ERR,ERR,ERR,ERR,ERR,ERR,ERR,ERR,ERR,ERR,ERR,ERR,ERR,ERR,ERR,ERR,ERR,ERR,ERR,ERR,ERR,ERR,ERR,ERR,ERR,ERR,ERR,ERR,2.718450016850437e+23,-0.0,2.8364315368646023e+23,0.0,-0.0,508045728.0,0.0,-1.8718180440539136e+17,5800,0,8,17278,5800,14723891331072.0,100,0.0,0.0,0.0,0.0,1.9056969178834534e+17,0,0,0,0,nan,0,0,0,0,0,0,0,0,0,0,0,0,0,0,0,0,0,0,0,0,0,0,0,0,0,0,0,0,0,0,0,0,0,10,52,51,61,65476,613,65476,1,0,4,21553,0.0,0.0,0.0,0.0,0.0,0.0,0.0,0.0,0.0,0.0,0.0,0.0,0.0,0.0,0.0,0.0,0.0,0.0,0.0,0.0,0.0,2.004,3.697074423243316e+19,-0.0,-0.0,-3.6970880571875e+19,0.0,0.0,0.0,0.0,6549.0,-0.0,0.0,2.718450016850437e+23,-0.0,-0.0,-2.7184547005940495e+23,-0.0,0.0,2.004,2.004,243,-0.0,-5.8480786593265204e+35,0.0,0.0,0.0,0.0,0.0,0.0,0.0,0,0,0,-0.0,0.0,-1.0598287928406835e+17,-0.031,-0.0,-23233638.0,0.0,6.564175572782682e+34,-14.642,1.1386961606056346e+17,-9.177658584827301e+28,-0.0,-0.0,-0.0,0.0,-739795271680.0,0,1.3516416376850534e+27,245,0.0,490,-0.0,1.804316963640443e+17,2050,52429,17150,39322,17152,39322,17144,0,0,0,105,99,100,-107615304.0,68.9,-107615312.0,69.3,-0.0,69.0,1,47,48,180,0,13107,0,0,0.0,0.0,0.0,60.0,-7323592704.0,74.0,0.0,232.255,0.0,1270,0,1276,0,0,0,1273,0,1286,0,1243,0,693,0,694,0,689,0,691,0.032,1.322413106158089e+34,-2.004,0.0,25232,16828,-550872809472.0,-3.952717303337904e+24,0.0,-2.6461359351669785e+29,4.724605474878336e+27,-0.0,70.0,60.0,66,0.0,0.0,10.0,2.0,0.0,0.0,0.0,0.0,0.0,0.0,0.0,0.0,0.0,0.0,0.0,0.0,65.6,68,16,65516,48,65476,0,300,0,0,8,20529,65476,0,0,34079,60.0,0.0,10.0,10.0,2.0,0.0
2026-02-05T14:21:13,ERR,ERR,ERR,ERR,ERR,ERR,ERR,ERR,ERR,ERR,ERR,ERR,ERR,ERR,ERR,ERR,ERR,ERR,ERR,ERR,ERR,ERR,ERR,ERR,ERR,ERR,ERR,ERR,ERR,ERR,ERR,ERR,ERR,ERR,ERR,ERR,ERR,ERR,ERR,ERR,ERR,ERR,ERR,ERR,ERR,ERR,ERR,ERR,ERR,ERR,ERR,ERR,ERR,ERR,ERR,ERR,ERR,ERR,ERR,ERR,ERR,ERR,ERR,ERR,ERR,ERR,ERR,ERR,ERR,ERR,ERR,ERR,ERR,ERR,ERR,ERR,ERR,ERR,ERR,ERR,ERR,ERR,ERR,ERR,ERR,ERR,ERR,ERR,ERR,ERR,ERR,ERR,ERR,ERR,ERR,ERR,ERR,ERR,ERR,ERR,ERR,ERR,ERR,ERR,ERR,ERR,ERR,ERR,ERR,ERR,ERR,ERR,ERR,ERR,ERR,ERR,ERR,ERR,ERR,ERR,ERR,ERR,ERR,ERR,ERR,2.718450016850437e+23,-0.0,2.8364315368646023e+23,0.0,-0.0,508045728.0,0.0,-1.8718180440539136e+17,5800,0,8,17278,5800,14723891331072.0,100,0.0,0.0,0.0,0.0,1.9056969178834534e+17,0,0,0,0,nan,0,0,0,0,0,0,0,0,0,0,0,0,0,0,0,0,0,0,0,0,0,0,0,0,0,0,0,0,0,0,0,0,0,10,52,51,61,65476,613,65476,1,0,4,21553,0.0,0.0,0.0,0.0,0.0,0.0,0.0,0.0,0.0,0.0,0.0,0.0,0.0,0.0,0.0,0.0,0.0,0.0,0.0,0.0,0.0,2.004,3.697074423243316e+19,-0.0,-0.0,-3.6970880571875e+19,0.0,0.0,0.0,0.0,6549.0,-0.0,0.0,2.718450016850437e+23,-0.0,-0.0,-2.7184547005940495e+23,-0.0,0.0,2.004,2.004,243,-0.0,-5.8480786593265204e+35,0.0,0.0,0.0,0.0,0.0,0.0,0.0,0,0,0,-0.0,0.0,-1.0598287928406835e+17,-0.031,-0.0,-23233638.0,0.0,6.564175572782682e+34,-14.642,1.1386961606056346e+17,-9.177658584827301e+28,-0.0,-0.0,-0.0,0.0,-739795271680.0,0,1.3516416376850534e+27,245,0.0,490,-0.0,1.804316963640443e+17,2050,52429,17150,39322,17152,39322,17144,0,0,0,105,99,100,-107615304.0,68.9,-107615312.0,69.3,-0.0,69.0,1,47,48,180,0,13107,0,0,0.0,0.0,0.0,60.0,-2923598848.0,74.0,0.0,0.0,0.0,1270,0,1276,0,0,0,1274,0,1286,0,1243,0,693,0,694,0,690,0,692,0.032,1.322413106158089e+34,0.0,2.7302352164993253e+23,19088,16828,-2.41,0.798,503842272.0,-568333.062,-0.0,-3.406013671241165e+23,70.0,60.0,66,0.0,0.0,10.0,2.0,0.0,0.0,0.0,0.0,0.0,0.0,0.0,0.0,0.0,0.0,0.0,0.0,65.6,68,16,65516,48,65476,0,300,0,0,8,20529,65476,0,0,34079,60.0,0.0,10.0,10.0,2.0,0.0
2026-02-05T14:21:14,ERR,ERR,ERR,ERR,ERR,ERR,ERR,ERR,ERR,ERR,ERR,ERR,ERR,ERR,ERR,ERR,ERR,ERR,ERR,ERR,ERR,ERR,ERR,ERR,ERR,ERR,ERR,ERR,ERR,ERR,ERR,ERR,ERR,ERR,ERR,ERR,ERR,ERR,ERR,ERR,ERR,ERR,ERR,ERR,ERR,ERR,ERR,ERR,ERR,ERR,ERR,ERR,ERR,ERR,ERR,ERR,ERR,ERR,ERR,ERR,ERR,ERR,ERR,ERR,ERR,ERR,ERR,ERR,ERR,ERR,ERR,ERR,ERR,ERR,ERR,ERR,ERR,ERR,ERR,ERR,ERR,ERR,ERR,ERR,ERR,ERR,ERR,ERR,ERR,ERR,ERR,ERR,ERR,ERR,ERR,ERR,ERR,ERR,ERR,ERR,ERR,ERR,ERR,ERR,ERR,ERR,ERR,ERR,ERR,ERR,ERR,ERR,ERR,ERR,ERR,ERR,ERR,ERR,ERR,ERR,ERR,ERR,ERR,ERR,ERR,2.718450016850437e+23,-0.0,2.8364315368646023e+23,0.0,-0.0,508045728.0,0.0,-1.8718180440539136e+17,5800,0,8,17278,5800,14723891331072.0,100,0.0,0.0,0.0,0.0,1.9056969178834534e+17,0,0,0,0,nan,0,0,0,0,0,0,0,0,0,0,0,0,0,0,0,0,0,0,0,0,0,0,0,0,0,0,0,0,0,0,0,0,0,10,52,51,61,65476,613,65476,1,0,4,21553,0.0,0.0,0.0,0.0,0.0,0.0,0.0,0.0,0.0,0.0,0.0,0.0,0.0,0.0,0.0,0.0,0.0,0.0,0.0,0.0,0.0,2.004,3.697074423243316e+19,-0.0,-0.0,-3.6970880571875e+19,0.0,0.0,0.0,0.0,6549.0,-0.0,0.0,2.718450016850437e+23,-0.0,-0.0,-2.7184547005940495e+23,-0.0,0.0,2.004,2.004,243,-0.0,-5.8480786593265204e+35,0.0,0.0,0.0,0.0,0.0,0.0,0.0,0,0,0,-0.0,0.0,-1.0598287928406835e+17,-0.031,-0.0,-23233638.0,0.0,6.564175572782682e+34,-14.642,1.1386961606056346e+17,-9.177658584827301e+28,-0.0,-0.0,-0.0,0.0,-739795271680.0,0,1.3516416376850534e+27,245,0.0,490,-0.0,1.804316963640443e+17,2050,52429,17150,39322,17152,39322,17144,0,0,0,105,99,100,-107615304.0,68.9,-107615312.0,69.3,-0.0,69.0,1,47,48,180,0,13107,0,0,0.0,0.0,0.0,60.0,-2923598848.0,74.0,0.0,0.0,0.0,1270,0,1276,0,0,0,1274,0,1286,0,1243,0,693,0,694,0,690,0,692,0.032,1.322413106158089e+34,0.0,2.7302352164993253e+23,19088,16828,-2.41,0.798,503842272.0,-568333.062,-0.0,-3.406013671241165e+23,70.0,60.0,66,0.0,0.0,10.0,2.0,0.0,0.0,0.0,0.0,0.0,0.0,0.0,0.0,0.0,0.0,0.0,0.0,65.6,68,16,65516,48,65476,0,300,0,0,8,20529,65476,0,0,34079,60.0,0.0,10.0,10.0,2.0,0.0
2026-02-05T14:21:15,ERR,ERR,ERR,ERR,ERR,ERR,ERR,ERR,ERR,ERR,ERR,ERR,ERR,ERR,ERR,ERR,ERR,ERR,ERR,ERR,ERR,ERR,ERR,ERR,ERR,ERR,ERR,ERR,ERR,ERR,ERR,ERR,ERR,ERR,ERR,ERR,ERR,ERR,ERR,ERR,ERR,ERR,ERR,ERR,ERR,ERR,ERR,ERR,ERR,ERR,ERR,ERR,ERR,ERR,ERR,ERR,ERR,ERR,ERR,ERR,ERR,ERR,ERR,ERR,ERR,ERR,ERR,ERR,ERR,ERR,ERR,ERR,ERR,ERR,ERR,ERR,ERR,ERR,ERR,ERR,ERR,ERR,ERR,ERR,ERR,ERR,ERR,ERR,ERR,ERR,ERR,ERR,ERR,ERR,ERR,ERR,ERR,ERR,ERR,ERR,ERR,ERR,ERR,ERR,ERR,ERR,ERR,ERR,ERR,ERR,ERR,ERR,ERR,ERR,ERR,ERR,ERR,ERR,ERR,ERR,ERR,ERR,ERR,ERR,ERR,2.718450016850437e+23,-0.0,2.8364315368646023e+23,0.0,-0.0,508045728.0,0.0,-1.8718180440539136e+17,5800,0,8,17278,5800,14723891331072.0,100,0.0,0.0,0.0,0.0,1.9056969178834534e+17,0,0,0,0,nan,0,0,0,0,0,0,0,0,0,0,0,0,0,0,0,0,0,0,0,0,0,0,0,0,0,0,0,0,0,0,0,0,0,10,52,51,61,65476,613,65476,1,0,4,21553,0.0,0.0,0.0,0.0,0.0,0.0,0.0,0.0,0.0,0.0,0.0,0.0,0.0,0.0,0.0,0.0,0.0,0.0,0.0,0.0,0.0,2.004,3.697074423243316e+19,-0.0,-0.0,-3.6970880571875e+19,0.0,0.0,0.0,0.0,6549.0,-0.0,0.0,2.718450016850437e+23,-0.0,-0.0,-2.7184547005940495e+23,-0.0,0.0,2.004,2.004,243,-0.0,-5.8480786593265204e+35,0.0,0.0,0.0,0.0,0.0,0.0,0.0,0,0,0,-0.0,0.0,-1.0598287928406835e+17,-0.031,-0.0,-23233638.0,0.0,6.564175572782682e+34,-14.642,1.1386961606056346e+17,-9.177658584827301e+28,-0.0,-0.0,-0.0,0.0,-739795271680.0,0,1.3516416376850534e+27,245,0.0,490,-0.0,1.804316963640443e+17,2050,52429,17150,39322,17152,39322,17144,0,0,0,105,99,100,-107615304.0,68.9,-107615312.0,69.3,-0.0,69.0,1,47,48,180,0,13107,0,0,0.0,0.0,0.0,60.0,-2923598848.0,74.0,0.0,0.0,0.0,1270,0,1276,0,0,0,1274,0,1286,0,1243,0,693,0,694,0,690,0,692,0.032,1.322413106158089e+34,0.0,2.7302352164993253e+23,19088,16828,-2.41,0.798,503842272.0,-568333.062,-0.0,-3.406013671241165e+23,70.0,60.0,66,0.0,0.0,10.0,2.0,0.0,0.0,0.0,0.0,0.0,0.0,0.0,0.0,0.0,0.0,0.0,0.0,66.0,68,16,65516,48,65476,0,300,0,0,8,20529,65476,0,0,35389,60.0,0.0,10.0,10.0,2.0,0.0
2026-02-05T14:21:16,ERR,ERR,ERR,ERR,ERR,ERR,ERR,ERR,ERR,ERR,ERR,ERR,ERR,ERR,ERR,ERR,ERR,ERR,ERR,ERR,ERR,ERR,ERR,ERR,ERR,ERR,ERR,ERR,ERR,ERR,ERR,ERR,ERR,ERR,ERR,ERR,ERR,ERR,ERR,ERR,ERR,ERR,ERR,ERR,ERR,ERR,ERR,ERR,ERR,ERR,ERR,ERR,ERR,ERR,ERR,ERR,ERR,ERR,ERR,ERR,ERR,ERR,ERR,ERR,ERR,ERR,ERR,ERR,ERR,ERR,ERR,ERR,ERR,ERR,ERR,ERR,ERR,ERR,ERR,ERR,ERR,ERR,ERR,ERR,ERR,ERR,ERR,ERR,ERR,ERR,ERR,ERR,ERR,ERR,ERR,ERR,ERR,ERR,ERR,ERR,ERR,ERR,ERR,ERR,ERR,ERR,ERR,ERR,ERR,ERR,ERR,ERR,ERR,ERR,ERR,ERR,ERR,ERR,ERR,ERR,ERR,ERR,ERR,ERR,ERR,2.718450016850437e+23,-0.0,2.8364315368646023e+23,-107613408.0,-4.209512871143983e+25,-10217664512.0,-0.0,0.579,5800,0,8,17276,5800,14723891331072.0,100,0.0,0.0,-107613408.0,0.0,1.9056969178834534e+17,0,0,0,0,nan,0,0,0,0,0,0,0,0,0,0,0,0,0,0,0,0,0,0,0,0,0,0,0,0,0,0,0,0,0,0,0,0,0,10,52,51,61,65476,613,65476,1,0,4,21553,0.0,2.7183896686154303e+23,0.0,0.0,0.0,0.0,0.0,0.0,0.0,0.0,0.0,0.0,0.0,0.0,0.0,0.0,0.0,0.0,0.0,0.0,0.0,2.004,3.697074423243316e+19,-0.0,-0.0,-0.0,0.0,0.0,0.0,0.0,6548.0,-564149054603264.0,0.0,2.718450016850437e+23,-0.0,-107616232.0,-0.0,-0.0,0.0,2.004,2.004,242,-0.0,0.0,0.0,0.0,0.0,0.0,0.0,0.0,0.0,0,0,0,-0.0,-0.0,-1.8835115365275567e+22,-8.88780846833143e+24,-0.0,-0.0,139545.125,-0.0,-22990169309184.0,1.3526171429057331e+17,-1.1591641661433793e+29,-0.0,-0.0,-0.0,0.0,-116.124,0,1.3516416376850534e+27,242,0.0,484,-0.0,-68.128,2050,52429,17150,39322,17152,39322,17144,0,0,0,105,99,100,-107615304.0,68.9,-107615312.0,69.3,-0.0,69.0,1,47,48,180,0,13107,0,0,0.0,0.0,0.0,60.0,-2923598848.0,74.0,0.0,0.0,0.0,1270,0,1276,0,0,0,1274,0,1286,0,1243,0,693,0,694,0,690,0,692,0.032,1.322413106158089e+34,0.0,2.7302352164993253e+23,19088,16828,-2.41,0.798,503842272.0,-568333.062,-0.0,-3.406013671241165e+23,70.0,60.0,66,0.0,0.0,10.0,2.0,0.0,0.0,0.0,0.0,0.0,0.0,0.0,0.0,0.0,0.0,0.0,0.0,66.0,68,16,65516,48,65476,0,300,0,0,8,20529,65476,0,0,35389,60.0,0.0,10.0,10.0,2.0,0.0
2026-02-05T14:21:17,ERR,ERR,ERR,ERR,ERR,ERR,ERR,ERR,ERR,ERR,ERR,ERR,ERR,ERR,ERR,ERR,ERR,ERR,ERR,ERR,ERR,ERR,ERR,ERR,ERR,ERR,ERR,ERR,ERR,ERR,ERR,ERR,ERR,ERR,ERR,ERR,ERR,ERR,ERR,ERR,ERR,ERR,ERR,ERR,ERR,ERR,ERR,ERR,ERR,ERR,ERR,ERR,ERR,ERR,ERR,ERR,ERR,ERR,ERR,ERR,ERR,ERR,ERR,ERR,ERR,ERR,ERR,ERR,ERR,ERR,ERR,ERR,ERR,ERR,ERR,ERR,ERR,ERR,ERR,ERR,ERR,ERR,ERR,ERR,ERR,ERR,ERR,ERR,ERR,ERR,ERR,ERR,ERR,ERR,ERR,ERR,ERR,ERR,ERR,ERR,ERR,ERR,ERR,ERR,ERR,ERR,ERR,ERR,ERR,ERR,ERR,ERR,ERR,ERR,ERR,ERR,ERR,ERR,ERR,ERR,ERR,ERR,ERR,ERR,ERR,2.718450016850437e+23,-0.0,2.8364315368646023e+23,-107613408.0,-4.209512871143983e+25,-10217664512.0,-0.0,0.579,5800,0,8,17276,5800,14723891331072.0,100,0.0,0.0,-107613408.0,0.0,1.9056969178834534e+17,0,0,0,0,nan,0,0,0,0,0,0,0,0,0,0,0,0,0,0,0,0,0,0,0,0,0,0,0,0,0,0,0,0,0,0,0,0,0,10,52,51,61,65476,613,65476,1,0,4,21553,0.0,2.7183896686154303e+23,0.0,0.0,0.0,0.0,0.0,0.0,0.0,0.0,0.0,0.0,0.0,0.0,0.0,0.0,0.0,0.0,0.0,0.0,0.0,2.004,3.697074423243316e+19,-0.0,-0.0,-0.0,0.0,0.0,0.0,0.0,6548.0,-564149054603264.0,0.0,2.718450016850437e+23,-0.0,-107616232.0,-0.0,-0.0,0.0,2.004,2.004,242,-0.0,0.0,0.0,0.0,0.0,0.0,0.0,0.0,0.0,0,0,0,-0.0,-0.0,-1.8835115365275567e+22,-8.88780846833143e+24,-0.0,-0.0,139545.125,-0.0,-22990169309184.0,1.3526171429057331e+17,-1.1591641661433793e+29,-0.0,-0.0,-0.0,0.0,-116.124,0,1.3516416376850534e+27,242,0.0,484,-0.0,-68.128,2050,52429,17150,39322,17152,39322,17144,0,0,0,105,99,100,-107615304.0,68.9,-107615312.0,69.3,-0.0,69.0,1,47,48,180,0,13107,0,0,0.0,0.0,0.0,60.0,-8.016,74.0,0.0,-997.02,0.0,1270,0,1276,0,0,0,1274,0,1286,0,1243,0,693,0,694,0,690,0,692,0.032,1.322413106158089e+34,0.0,2.7302352164993253e+23,29328,16828,-0.0,0.0,0.0,2.9362886155280815e+28,718301248.0,-0.0,70.0,60.0,66,0.0,0.0,10.0,2.0,0.0,0.0,0.0,0.0,0.0,0.0,0.0,0.0,0.0,0.0,0.0,0.0,65.6,68,16,65516,48,65476,0,300,0,0,8,20529,65476,0,0,31457,60.0,0.0,10.0,10.0,2.0,0.0
2026-02-05T14:21:18,ERR,ERR,ERR,ERR,ERR,ERR,ERR,ERR,ERR,ERR,ERR,ERR,ERR,ERR,ERR,ERR,ERR,ERR,ERR,ERR,ERR,ERR,ERR,ERR,ERR,ERR,ERR,ERR,ERR,ERR,ERR,ERR,ERR,ERR,ERR,ERR,ERR,ERR,ERR,ERR,ERR,ERR,ERR,ERR,ERR,ERR,ERR,ERR,ERR,ERR,ERR,ERR,ERR,ERR,ERR,ERR,ERR,ERR,ERR,ERR,ERR,ERR,ERR,ERR,ERR,ERR,ERR,ERR,ERR,ERR,ERR,ERR,ERR,ERR,ERR,ERR,ERR,ERR,ERR,ERR,ERR,ERR,ERR,ERR,ERR,ERR,ERR,ERR,ERR,ERR,ERR,ERR,ERR,ERR,ERR,ERR,ERR,ERR,ERR,ERR,ERR,ERR,ERR,ERR,ERR,ERR,ERR,ERR,ERR,ERR,ERR,ERR,ERR,ERR,ERR,ERR,ERR,ERR,ERR,ERR,ERR,ERR,ERR,ERR,ERR,2.718450016850437e+23,-0.0,2.8364315368646023e+23,-107613408.0,-4.209512871143983e+25,-10217664512.0,-0.0,0.579,5800,0,8,17276,5800,14723891331072.0,100,0.0,0.0,-107613408.0,0.0,1.9056969178834534e+17,0,0,0,0,nan,0,0,0,0,0,0,0,0,0,0,0,0,0,0,0,0,0,0,0,0,0,0,0,0,0,0,0,0,0,0,0,0,0,10,52,51,61,65476,613,65476,1,0,4,21553,0.0,2.7183896686154303e+23,0.0,0.0,0.0,0.0,0.0,0.0,0.0,0.0,0.0,0.0,0.0,0.0,0.0,0.0,0.0,0.0,0.0,0.0,0.0,2.004,3.697074423243316e+19,-0.0,-0.0,-0.0,0.0,0.0,0.0,0.0,6548.0,-564149054603264.0,0.0,2.718450016850437e+23,-0.0,-107616232.0,-0.0,-0.0,0.0,2.004,2.004,242,-0.0,0.0,0.0,0.0,0.0,0.0,0.0,0.0,0.0,0,0,0,-0.0,-0.0,-1.8835115365275567e+22,-8.88780846833143e+24,-0.0,-0.0,139545.125,-0.0,-22990169309184.0,1.3526171429057331e+17,-1.1591641661433793e+29,-0.0,-0.0,-0.0,0.0,-116.124,0,1.3516416376850534e+27,242,0.0,484,-0.0,-68.128,2050,52429,17150,39322,17152,39322,17144,0,0,0,105,99,100,-107615304.0,68.9,-107615312.0,69.3,-0.0,69.0,1,47,48,180,0,13107,0,0,0.0,0.0,0.0,60.0,-8.016,74.0,0.0,-997.02,0.0,1270,0,1276,0,0,0,1274,0,1286,0,1243,0,693,0,694,0,690,0,692,0.032,1.322413106158089e+34,0.0,2.7302352164993253e+23,29328,16828,-0.0,0.0,0.0,2.9362886155280815e+28,718301248.0,-0.0,70.0,60.0,66,0.0,0.0,10.0,2.0,0.0,0.0,0.0,0.0,0.0,0.0,0.0,0.0,0.0,0.0,0.0,0.0,65.6,68,16,65516,48,65476,0,300,0,0,8,20529,65476,0,0,31457,60.0,0.0,10.0,10.0,2.0,0.0
2026-02-05T14:21:19,ERR,ERR,ERR,ERR,ERR,ERR,ERR,ERR,ERR,ERR,ERR,ERR,ERR,ERR,ERR,ERR,ERR,ERR,ERR,ERR,ERR,ERR,ERR,ERR,ERR,ERR,ERR,ERR,ERR,ERR,ERR,ERR,ERR,ERR,ERR,ERR,ERR,ERR,ERR,ERR,ERR,ERR,ERR,ERR,ERR,ERR,ERR,ERR,ERR,ERR,ERR,ERR,ERR,ERR,ERR,ERR,ERR,ERR,ERR,ERR,ERR,ERR,ERR,ERR,ERR,ERR,ERR,ERR,ERR,ERR,ERR,ERR,ERR,ERR,ERR,ERR,ERR,ERR,ERR,ERR,ERR,ERR,ERR,ERR,ERR,ERR,ERR,ERR,ERR,ERR,ERR,ERR,ERR,ERR,ERR,ERR,ERR,ERR,ERR,ERR,ERR,ERR,ERR,ERR,ERR,ERR,ERR,ERR,ERR,ERR,ERR,ERR,ERR,ERR,ERR,ERR,ERR,ERR,ERR,ERR,ERR,ERR,ERR,ERR,ERR,2.718450016850437e+23,-0.0,2.8364315368646023e+23,-107613408.0,-4.209512871143983e+25,-10217664512.0,-0.0,0.579,5800,0,8,17276,5800,14723891331072.0,100,0.0,0.0,-107613408.0,0.0,1.9056969178834534e+17,0,0,0,0,nan,0,0,0,0,0,0,0,0,0,0,0,0,0,0,0,0,0,0,0,0,0,0,0,0,0,0,0,0,0,0,0,0,0,10,52,51,61,65476,613,65476,1,0,4,21553,0.0,2.7183896686154303e+23,0.0,0.0,0.0,0.0,0.0,0.0,0.0,0.0,0.0,0.0,0.0,0.0,0.0,0.0,0.0,0.0,0.0,0.0,0.0,2.004,3.697074423243316e+19,-0.0,-0.0,-0.0,0.0,0.0,0.0,0.0,6548.0,-564149054603264.0,0.0,2.718450016850437e+23,-0.0,-107616232.0,-0.0,-0.0,0.0,2.004,2.004,242,-0.0,0.0,0.0,0.0,0.0,0.0,0.0,0.0,0.0,0,0,0,-0.0,-0.0,-1.8835115365275567e+22,-8.88780846833143e+24,-0.0,-0.0,139545.125,-0.0,-22990169309184.0,1.3526171429057331e+17,-1.1591641661433793e+29,-0.0,-0.0,-0.0,0.0,-116.124,0,1.3516416376850534e+27,242,0.0,484,-0.0,-68.128,2050,52429,17150,39322,17152,39322,17144,0,0,0,105,99,100,-107615304.0,68.9,-107615312.0,69.3,-0.0,69.0,1,47,48,180,0,13107,0,0,0.0,0.0,0.0,60.0,-8.016,74.0,0.0,-997.02,0.0,1270,0,1276,0,0,0,1274,0,1286,0,1243,0,693,0,694,0,690,0,692,0.032,1.322413106158089e+34,0.0,2.7302352164993253e+23,29328,16828,-0.0,0.0,0.0,2.9362886155280815e+28,718301248.0,-0.0,70.0,60.0,66,0.0,0.0,10.0,2.0,0.0,0.0,0.0,0.0,0.0,0.0,0.0,0.0,0.0,0.0,0.0,0.0,65.6,68,16,65516,48,65476,0,300,0,0,8,20529,65476,0,0,38011,60.0,0.0,10.0,10.0,2.0,0.0
2026-02-05T14:21:20,ERR,ERR,ERR,ERR,ERR,ERR,ERR,ERR,ERR,ERR,ERR,ERR,ERR,ERR,ERR,ERR,ERR,ERR,ERR,ERR,ERR,ERR,ERR,ERR,ERR,ERR,ERR,ERR,ERR,ERR,ERR,ERR,ERR,ERR,ERR,ERR,ERR,ERR,ERR,ERR,ERR,ERR,ERR,ERR,ERR,ERR,ERR,ERR,ERR,ERR,ERR,ERR,ERR,ERR,ERR,ERR,ERR,ERR,ERR,ERR,ERR,ERR,ERR,ERR,ERR,ERR,ERR,ERR,ERR,ERR,ERR,ERR,ERR,ERR,ERR,ERR,ERR,ERR,ERR,ERR,ERR,ERR,ERR,ERR,ERR,ERR,ERR,ERR,ERR,ERR,ERR,ERR,ERR,ERR,ERR,ERR,ERR,ERR,ERR,ERR,ERR,ERR,ERR,ERR,ERR,ERR,ERR,ERR,ERR,ERR,ERR,ERR,ERR,ERR,ERR,ERR,ERR,ERR,ERR,ERR,ERR,ERR,ERR,ERR,ERR,2.718450016850437e+23,-0.0,2.8364315368646023e+23,-107613408.0,-4.209512871143983e+25,-10217664512.0,-0.0,0.579,5800,0,8,17276,5800,14723891331072.0,100,0.0,0.0,-107613408.0,0.0,1.9056969178834534e+17,0,0,0,0,nan,0,0,0,0,0,0,0,0,0,0,0,0,0,0,0,0,0,0,0,0,0,0,0,0,0,0,0,0,0,0,0,0,0,10,52,51,61,65476,613,65476,1,0,4,21553,0.0,2.7183896686154303e+23,0.0,0.0,0.0,0.0,0.0,0.0,0.0,0.0,0.0,0.0,0.0,0.0,0.0,0.0,0.0,0.0,0.0,0.0,0.0,2.004,3.697074423243316e+19,-0.0,-0.0,-0.0,0.0,0.0,0.0,0.0,6548.0,-564149054603264.0,0.0,2.718450016850437e+23,-0.0,-107616232.0,-0.0,-0.0,0.0,2.004,2.004,242,-0.0,0.0,0.0,0.0,0.0,0.0,0.0,0.0,0.0,0,0,0,-0.0,-0.0,-1.8835115365275567e+22,-8.88780846833143e+24,-0.0,-0.0,139545.125,-0.0,-22990169309184.0,1.3526171429057331e+17,-1.1591641661433793e+29,-0.0,-0.0,-0.0,0.0,-116.124,0,1.3516416376850534e+27,242,0.0,484,-0.0,-68.128,2050,52429,17150,39322,17152,39322,17144,0,0,0,105,99,100,-107615304.0,68.9,-107615312.0,69.3,-0.0,69.0,1,47,48,180,0,13107,0,0,0.0,0.0,0.0,60.0,-8.016,74.0,0.0,-997.02,0.0,1270,0,1276,0,0,0,1274,0,1286,0,1243,0,693,0,694,0,690,0,692,0.032,1.322413106158089e+34,0.0,2.7302352164993253e+23,29328,16828,-0.0,0.0,0.0,2.9362886155280815e+28,718301248.0,-0.0,70.0,60.0,66,0.0,0.0,10.0,2.0,0.0,0.0,0.0,0.0,0.0,0.0,0.0,0.0,0.0,0.0,0.0,0.0,65.6,68,16,65516,48,65476,0,300,0,0,8,20529,65476,0,0,38011,60.0,0.0,10.0,10.0,2.0,0.0
2026-02-05T14:21:21,ERR,ERR,ERR,ERR,ERR,ERR,ERR,ERR,ERR,ERR,ERR,ERR,ERR,ERR,ERR,ERR,ERR,ERR,ERR,ERR,ERR,ERR,ERR,ERR,ERR,ERR,ERR,ERR,ERR,ERR,ERR,ERR,ERR,ERR,ERR,ERR,ERR,ERR,ERR,ERR,ERR,ERR,ERR,ERR,ERR,ERR,ERR,ERR,ERR,ERR,ERR,ERR,ERR,ERR,ERR,ERR,ERR,ERR,ERR,ERR,ERR,ERR,ERR,ERR,ERR,ERR,ERR,ERR,ERR,ERR,ERR,ERR,ERR,ERR,ERR,ERR,ERR,ERR,ERR,ERR,ERR,ERR,ERR,ERR,ERR,ERR,ERR,ERR,ERR,ERR,ERR,ERR,ERR,ERR,ERR,ERR,ERR,ERR,ERR,ERR,ERR,ERR,ERR,ERR,ERR,ERR,ERR,ERR,ERR,ERR,ERR,ERR,ERR,ERR,ERR,ERR,ERR,ERR,ERR,ERR,ERR,ERR,ERR,ERR,ERR,2.718450016850437e+23,-0.0,2.8364315368646023e+23,-107613408.0,-4.209512871143983e+25,0.0,-1.2787764673276714e+28,-2.8009637082152236e+23,5800,0,8,17278,5800,14723891331072.0,100,0.0,0.0,-107613408.0,0.0,1.9056969178834534e+17,0,0,0,0,nan,0,0,0,0,0,0,0,0,0,0,0,0,0,0,0,0,0,0,0,0,0,0,0,0,0,0,0,0,0,0,0,0,0,10,52,51,61,65476,613,65476,1,0,4,21553,0.0,-107613536.0,0.0,0.0,0.0,0.0,0.0,0.0,0.0,0.0,0.0,0.0,0.0,0.0,0.0,0.0,0.0,0.0,0.0,0.0,0.0,2.004,3.697074423243316e+19,-0.0,-0.0,-2.004,0.0,0.0,0.0,0.0,6576.0,-0.0,0.0,2.718450016850437e+23,-0.0,-107616232.0,-107616440.0,-0.0,0.0,2.004,2.004,243,5.848082620734646e+35,-0.0,0.0,0.0,0.0,0.0,0.0,0.0,0.0,0,0,0,-1.8707696006180792e+20,-0.0,0.0,-1.6414093694992384e+16,-2560219.75,-978357184.0,-0.0,85362919604224.0,12.267,1.7257013668583834e+17,-1.4129418741968822e+29,-0.0,-0.0,-0.0,0.0,-3.3282004883540634e+36,0,1.3516416376850534e+27,243,0.0,486,-0.0,1.804316963640443e+17,2050,52429,17150,39322,17152,39322,17144,0,0,0,105,99,100,0.0,68.9,-107615312.0,69.3,-0.0,69.0,1,47,48,180,0,13107,0,0,0.0,0.0,0.0,60.0,-116691207979008.0,74.0,0.0,1.4797647530276001e+28,0.0,1270,0,1276,0,0,0,1274,0,1286,0,1243,0,693,0,694,0,690,0,691,0.032,1.3305260699995496e+34,-2.004,0.0,32656,16828,-2.7501239095997235e+17,22688.654,-0.0,-3.323671708787485e+31,-2.8436970706312406e+34,0.0,70.0,60.0,66,0.0,0.0,10.0,2.0,0.0,0.0,0.0,0.0,0.0,0.0,0.0,0.0,0.0,0.0,0.0,0.0,66.0,68,16,65516,48,65476,0,300,0,0,8,20529,65476,0,0,34079,60.0,0.0,10.0,10.0,2.0,0.0
2026-02-05T14:21:22,ERR,ERR,ERR,ERR,ERR,ERR,ERR,ERR,ERR,ERR,ERR,ERR,ERR,ERR,ERR,ERR,ERR,ERR,ERR,ERR,ERR,ERR,ERR,ERR,ERR,ERR,ERR,ERR,ERR,ERR,ERR,ERR,ERR,ERR,ERR,ERR,ERR,ERR,ERR,ERR,ERR,ERR,ERR,ERR,ERR,ERR,ERR,ERR,ERR,ERR,ERR,ERR,ERR,ERR,ERR,ERR,ERR,ERR,ERR,ERR,ERR,ERR,ERR,ERR,ERR,ERR,ERR,ERR,ERR,ERR,ERR,ERR,ERR,ERR,ERR,ERR,ERR,ERR,ERR,ERR,ERR,ERR,ERR,ERR,ERR,ERR,ERR,ERR,ERR,ERR,ERR,ERR,ERR,ERR,ERR,ERR,ERR,ERR,ERR,ERR,ERR,ERR,ERR,ERR,ERR,ERR,ERR,ERR,ERR,ERR,ERR,ERR,ERR,ERR,ERR,ERR,ERR,ERR,ERR,ERR,ERR,ERR,ERR,ERR,ERR,2.718450016850437e+23,-0.0,2.8364315368646023e+23,-107613408.0,-4.209512871143983e+25,0.0,-1.2787764673276714e+28,-2.8009637082152236e+23,5800,0,8,17278,5800,14723891331072.0,100,0.0,0.0,-107613408.0,0.0,1.9056969178834534e+17,0,0,0,0,nan,0,0,0,0,0,0,0,0,0,0,0,0,0,0,0,0,0,0,0,0,0,0,0,0,0,0,0,0,0,0,0,0,0,10,52,51,61,65476,613,65476,1,0,4,21553,0.0,-107613536.0,0.0,0.0,0.0,0.0,0.0,0.0,0.0,0.0,0.0,0.0,0.0,0.0,0.0,0.0,0.0,0.0,0.0,0.0,0.0,2.004,3.697074423243316e+19,-0.0,-0.0,-2.004,0.0,0.0,0.0,0.0,6576.0,-0.0,0.0,2.718450016850437e+23,-0.0,-107616232.0,-107616440.0,-0.0,0.0,2.004,2.004,243,5.848082620734646e+35,-0.0,0.0,0.0,0.0,0.0,0.0,0.0,0.0,0,0,0,-1.8707696006180792e+20,-0.0,0.0,-1.6414093694992384e+16,-2560219.75,-978357184.0,-0.0,85362919604224.0,12.267,1.7257013668583834e+17,-1.4129418741968822e+29,-0.0,-0.0,-0.0,0.0,-3.3282004883540634e+36,0,1.3516416376850534e+27,243,0.0,486,-0.0,1.804316963640443e+17,2050,52429,17150,39322,17152,39322,17144,0,0,0,105,99,100,0.0,68.9,-107615312.0,69.3,-0.0,69.0,1,47,48,180,0,13107,0,0,0.0,0.0,0.0,60.0,-116691207979008.0,74.0,0.0,1.4797647530276001e+28,0.0,1270,0,1276,0,0,0,1274,0,1286,0,1243,0,693,0,694,0,690,0,691,0.032,1.3305260699995496e+34,-2.004,0.0,32656,16828,-2.7501239095997235e+17,22688.654,-0.0,-3.323671708787485e+31,-2.8436970706312406e+34,0.0,70.0,60.0,66,0.0,0.0,10.0,2.0,0.0,0.0,0.0,0.0,0.0,0.0,0.0,0.0,0.0,0.0,0.0,0.0,66.0,68,16,65516,48,65476,0,300,0,0,8,20529,65476,0,0,34079,60.0,0.0,10.0,10.0,2.0,0.0
2026-02-05T14:21:23,ERR,ERR,ERR,ERR,ERR,ERR,ERR,ERR,ERR,ERR,ERR,ERR,ERR,ERR,ERR,ERR,ERR,ERR,ERR,ERR,ERR,ERR,ERR,ERR,ERR,ERR,ERR,ERR,ERR,ERR,ERR,ERR,ERR,ERR,ERR,ERR,ERR,ERR,ERR,ERR,ERR,ERR,ERR,ERR,ERR,ERR,ERR,ERR,ERR,ERR,ERR,ERR,ERR,ERR,ERR,ERR,ERR,ERR,ERR,ERR,ERR,ERR,ERR,ERR,ERR,ERR,ERR,ERR,ERR,ERR,ERR,ERR,ERR,ERR,ERR,ERR,ERR,ERR,ERR,ERR,ERR,ERR,ERR,ERR,ERR,ERR,ERR,ERR,ERR,ERR,ERR,ERR,ERR,ERR,ERR,ERR,ERR,ERR,ERR,ERR,ERR,ERR,ERR,ERR,ERR,ERR,ERR,ERR,ERR,ERR,ERR,ERR,ERR,ERR,ERR,ERR,ERR,ERR,ERR,ERR,ERR,ERR,ERR,ERR,ERR,2.718450016850437e+23,-0.0,2.8364315368646023e+23,-107613408.0,-4.209512871143983e+25,0.0,-1.2787764673276714e+28,-2.8009637082152236e+23,5800,0,8,17278,5800,14723891331072.0,100,0.0,0.0,-107613408.0,0.0,1.9056969178834534e+17,0,0,0,0,nan,0,0,0,0,0,0,0,0,0,0,0,0,0,0,0,0,0,0,0,0,0,0,0,0,0,0,0,0,0,0,0,0,0,10,52,51,61,65476,613,65476,1,0,4,21553,0.0,-107613536.0,0.0,0.0,0.0,0.0,0.0,0.0,0.0,0.0,0.0,0.0,0.0,0.0,0.0,0.0,0.0,0.0,0.0,0.0,0.0,2.004,3.697074423243316e+19,-0.0,-0.0,-2.004,0.0,0.0,0.0,0.0,6576.0,-0.0,0.0,2.718450016850437e+23,-0.0,-107616232.0,-107616440.0,-0.0,0.0,2.004,2.004,243,5.848082620734646e+35,-0.0,0.0,0.0,0.0,0.0,0.0,0.0,0.0,0,0,0,-1.8707696006180792e+20,-0.0,0.0,-1.6414093694992384e+16,-2560219.75,-978357184.0,-0.0,85362919604224.0,12.267,1.7257013668583834e+17,-1.4129418741968822e+29,-0.0,-0.0,-0.0,0.0,-3.3282004883540634e+36,0,1.3516416376850534e+27,243,0.0,486,-0.0,1.804316963640443e+17,2050,52429,17150,39322,17152,39322,17144,0,0,0,105,99,100,0.0,68.9,-107615312.0,69.3,-0.0,69.0,1,47,48,180,0,13107,0,0,0.0,0.0,0.0,60.0,-116691207979008.0,74.0,0.0,1.4797647530276001e+28,0.0,1270,0,1276,0,0,0,1274,0,1286,0,1243,0,693,0,694,0,690,0,691,0.032,1.3305260699995496e+34,-2.004,0.0,32656,16828,-2.7501239095997235e+17,22688.654,-0.0,-3.323671708787485e+31,-2.8436970706312406e+34,0.0,70.0,60.0,66,0.0,0.0,10.0,2.0,0.0,0.0,0.0,0.0,0.0,0.0,0.0,0.0,0.0,0.0,0.0,0.0,65.6,68,16,65516,48,65476,0,300,0,0,8,20529,65476,0,0,35389,60.0,0.0,10.0,10.0,2.0,0.0
2026-02-05T14:21:24,ERR,ERR,ERR,ERR,ERR,ERR,ERR,ERR,ERR,ERR,ERR,ERR,ERR,ERR,ERR,ERR,ERR,ERR,ERR,ERR,ERR,ERR,ERR,ERR,ERR,ERR,ERR,ERR,ERR,ERR,ERR,ERR,ERR,ERR,ERR,ERR,ERR,ERR,ERR,ERR,ERR,ERR,ERR,ERR,ERR,ERR,ERR,ERR,ERR,ERR,ERR,ERR,ERR,ERR,ERR,ERR,ERR,ERR,ERR,ERR,ERR,ERR,ERR,ERR,ERR,ERR,ERR,ERR,ERR,ERR,ERR,ERR,ERR,ERR,ERR,ERR,ERR,ERR,ERR,ERR,ERR,ERR,ERR,ERR,ERR,ERR,ERR,ERR,ERR,ERR,ERR,ERR,ERR,ERR,ERR,ERR,ERR,ERR,ERR,ERR,ERR,ERR,ERR,ERR,ERR,ERR,ERR,ERR,ERR,ERR,ERR,ERR,ERR,ERR,ERR,ERR,ERR,ERR,ERR,ERR,ERR,ERR,ERR,ERR,ERR,2.718450016850437e+23,-0.0,2.8364315368646023e+23,-107613408.0,-4.209512871143983e+25,0.0,-1.2787764673276714e+28,-2.8009637082152236e+23,5800,0,8,17278,5800,14723891331072.0,100,0.0,0.0,-107613408.0,0.0,1.9056969178834534e+17,0,0,0,0,nan,0,0,0,0,0,0,0,0,0,0,0,0,0,0,0,0,0,0,0,0,0,0,0,0,0,0,0,0,0,0,0,0,0,10,52,51,61,65476,613,65476,1,0,4,21553,0.0,-107613536.0,0.0,0.0,0.0,0.0,0.0,0.0,0.0,0.0,0.0,0.0,0.0,0.0,0.0,0.0,0.0,0.0,0.0,0.0,0.0,2.004,3.697074423243316e+19,-0.0,-0.0,-2.004,0.0,0.0,0.0,0.0,6576.0,-0.0,0.0,2.718450016850437e+23,-0.0,-107616232.0,-107616440.0,-0.0,0.0,2.004,2.004,243,5.848082620734646e+35,-0.0,0.0,0.0,0.0,0.0,0.0,0.0,0.0,0,0,0,-1.8707696006180792e+20,-0.0,0.0,-1.6414093694992384e+16,-2560219.75,-978357184.0,-0.0,85362919604224.0,12.267,1.7257013668583834e+17,-1.4129418741968822e+29,-0.0,-0.0,-0.0,0.0,-3.3282004883540634e+36,0,1.3516416376850534e+27,243,0.0,486,-0.0,1.804316963640443e+17,2050,52429,17150,39322,17152,39322,17144,0,0,0,105,99,100,0.0,68.9,-107615312.0,69.3,-0.0,69.0,1,47,48,180,0,13107,0,0,0.0,0.0,0.0,60.0,-116691207979008.0,74.0,0.0,1.4797647530276001e+28,0.0,1270,0,1276,0,0,0,1274,0,1286,0,1243,0,693,0,694,0,690,0,691,0.032,1.3305260699995496e+34,-2.004,0.0,32656,16828,-2.7501239095997235e+17,22688.654,-0.0,-3.323671708787485e+31,-2.8436970706312406e+34,0.0,70.0,60.0,66,0.0,0.0,10.0,2.0,0.0,0.0,0.0,0.0,0.0,0.0,0.0,0.0,0.0,0.0,0.0,0.0,65.6,68,16,65516,48,65476,0,300,0,0,8,20529,65476,0,0,35389,60.0,0.0,10.0,10.0,2.0,0.0
2026-02-05T14:21:25,ERR,ERR,ERR,ERR,ERR,ERR,ERR,ERR,ERR,ERR,ERR,ERR,ERR,ERR,ERR,ERR,ERR,ERR,ERR,ERR,ERR,ERR,ERR,ERR,ERR,ERR,ERR,ERR,ERR,ERR,ERR,ERR,ERR,ERR,ERR,ERR,ERR,ERR,ERR,ERR,ERR,ERR,ERR,ERR,ERR,ERR,ERR,ERR,ERR,ERR,ERR,ERR,ERR,ERR,ERR,ERR,ERR,ERR,ERR,ERR,ERR,ERR,ERR,ERR,ERR,ERR,ERR,ERR,ERR,ERR,ERR,ERR,ERR,ERR,ERR,ERR,ERR,ERR,ERR,ERR,ERR,ERR,ERR,ERR,ERR,ERR,ERR,ERR,ERR,ERR,ERR,ERR,ERR,ERR,ERR,ERR,ERR,ERR,ERR,ERR,ERR,ERR,ERR,ERR,ERR,ERR,ERR,ERR,ERR,ERR,ERR,ERR,ERR,ERR,ERR,ERR,ERR,ERR,ERR,ERR,ERR,ERR,ERR,ERR,ERR,2.718450016850437e+23,-0.0,2.8364315368646023e+23,-107613408.0,-4.209512871143983e+25,0.0,-1.2787764673276714e+28,-2.8009637082152236e+23,5800,0,8,17278,5800,14723891331072.0,100,0.0,0.0,-107613408.0,0.0,1.9056969178834534e+17,0,0,0,0,nan,0,0,0,0,0,0,0,0,0,0,0,0,0,0,0,0,0,0,0,0,0,0,0,0,0,0,0,0,0,0,0,0,0,10,52,51,61,65476,613,65476,1,0,4,21553,0.0,-107613536.0,0.0,0.0,0.0,0.0,0.0,0.0,0.0,0.0,0.0,0.0,0.0,0.0,0.0,0.0,0.0,0.0,0.0,0.0,0.0,2.004,3.697074423243316e+19,-0.0,-0.0,-2.004,0.0,0.0,0.0,0.0,6576.0,-0.0,0.0,2.718450016850437e+23,-0.0,-107616232.0,-107616440.0,-0.0,0.0,2.004,2.004,243,5.848082620734646e+35,-0.0,0.0,0.0,0.0,0.0,0.0,0.0,0.0,0,0,0,-1.8707696006180792e+20,-0.0,0.0,-1.6414093694992384e+16,-2560219.75,-978357184.0,-0.0,85362919604224.0,12.267,1.7257013668583834e+17,-1.4129418741968822e+29,-0.0,-0.0,-0.0,0.0,-3.3282004883540634e+36,0,1.3516416376850534e+27,243,0.0,486,-0.0,1.804316963640443e+17,2050,52429,17150,39322,17152,39322,17144,0,0,0,105,99,100,0.0,69.4,-107615312.0,69.3,-0.0,69.0,1,47,48,180,0,13107,0,0,0.0,0.0,0.0,60.0,-45976098177024.0,74.0,0.0,1.131594116978587e+28,0.0,1270,0,1276,0,0,0,1274,0,1286,0,1243,0,693,0,694,0,690,0,691,0.032,1.3386390338410102e+34,-2.004,0.0,25232,16828,-1234.081,-0.004,-256.501,-0.0,0.0,6266890.0,70.0,60.0,66,0.0,0.0,10.0,2.0,0.0,0.0,0.0,0.0,0.0,0.0,0.0,0.0,0.0,0.0,0.0,0.0,65.6,68,16,65516,48,65476,0,300,0,0,8,20529,65476,0,0,31457,60.0,0.0,10.0,10.0,2.0,0.0
2026-02-05T14:21:26,ERR,ERR,ERR,ERR,ERR,ERR,ERR,ERR,ERR,ERR,ERR,ERR,ERR,ERR,ERR,ERR,ERR,ERR,ERR,ERR,ERR,ERR,ERR,ERR,ERR,ERR,ERR,ERR,ERR,ERR,ERR,ERR,ERR,ERR,ERR,ERR,ERR,ERR,ERR,ERR,ERR,ERR,ERR,ERR,ERR,ERR,ERR,ERR,ERR,ERR,ERR,ERR,ERR,ERR,ERR,ERR,ERR,ERR,ERR,ERR,ERR,ERR,ERR,ERR,ERR,ERR,ERR,ERR,ERR,ERR,ERR,ERR,ERR,ERR,ERR,ERR,ERR,ERR,ERR,ERR,ERR,ERR,ERR,ERR,ERR,ERR,ERR,ERR,ERR,ERR,ERR,ERR,ERR,ERR,ERR,ERR,ERR,ERR,ERR,ERR,ERR,ERR,ERR,ERR,ERR,ERR,ERR,ERR,ERR,ERR,ERR,ERR,ERR,ERR,ERR,ERR,ERR,ERR,ERR,ERR,ERR,ERR,ERR,ERR,ERR,2.718450016850437e+23,-0.0,2.8364315368646023e+23,-107613408.0,-4.209512871143983e+25,0.0,-1.2787764673276714e+28,-2.8009637082152236e+23,5800,0,8,17278,5800,14723891331072.0,100,0.0,0.0,-107613408.0,0.0,1.9056969178834534e+17,0,0,0,0,nan,0,0,0,0,0,0,0,0,0,0,0,0,0,0,0,0,0,0,0,0,0,0,0,0,0,0,0,0,0,0,0,0,0,10,52,51,61,65476,613,65476,1,0,4,21553,0.0,-107613536.0,0.0,0.0,0.0,0.0,0.0,0.0,0.0,0.0,0.0,0.0,0.0,0.0,0.0,0.0,0.0,0.0,0.0,0.0,0.0,2.004,3.697074423243316e+19,-0.0,-0.0,-2.004,0.0,0.0,0.0,0.0,6576.0,-0.0,0.0,2.718450016850437e+23,-0.0,-107616232.0,-107616440.0,-0.0,0.0,2.004,2.004,243,5.848082620734646e+35,-0.0,0.0,0.0,0.0,0.0,0.0,0.0,0.0,0,0,0,-1.8707696006180792e+20,-0.0,0.0,-1.6414093694992384e+16,-2560219.75,-978357184.0,-0.0,85362919604224.0,12.267,1.7257013668583834e+17,-1.4129418741968822e+29,-0.0,-0.0,-0.0,0.0,-3.3282004883540634e+36,0,1.3516416376850534e+27,243,0.0,486,-0.0,1.804316963640443e+17,2050,52429,17150,39322,17152,39322,17144,0,0,0,105,99,100,0.0,69.4,-107615312.0,69.3,-0.0,69.0,1,47,48,180,0,13107,0,0,0.0,0.0,0.0,60.0,-45976098177024.0,74.0,0.0,1.131594116978587e+28,0.0,1270,0,1276,0,0,0,1274,0,1286,0,1243,0,693,0,694,0,690,0,691,0.032,1.3386390338410102e+34,-2.004,0.0,25232,16828,-1234.081,-0.004,-256.501,-0.0,0.0,6266890.0,70.0,60.0,66,0.0,0.0,10.0,2.0,0.0,0.0,0.0,0.0,0.0,0.0,0.0,0.0,0.0,0.0,0.0,0.0,65.6,68,16,65516,48,65476,0,300,0,0,8,20529,65476,0,0,31457,60.0,0.0,10.0,10.0,2.0,0.0
2026-02-05T14:21:27,ERR,ERR,ERR,ERR,ERR,ERR,ERR,ERR,ERR,ERR,ERR,ERR,ERR,ERR,ERR,ERR,ERR,ERR,ERR,ERR,ERR,ERR,ERR,ERR,ERR,ERR,ERR,ERR,ERR,ERR,ERR,ERR,ERR,ERR,ERR,ERR,ERR,ERR,ERR,ERR,ERR,ERR,ERR,ERR,ERR,ERR,ERR,ERR,ERR,ERR,ERR,ERR,ERR,ERR,ERR,ERR,ERR,ERR,ERR,ERR,ERR,ERR,ERR,ERR,ERR,ERR,ERR,ERR,ERR,ERR,ERR,ERR,ERR,ERR,ERR,ERR,ERR,ERR,ERR,ERR,ERR,ERR,ERR,ERR,ERR,ERR,ERR,ERR,ERR,ERR,ERR,ERR,ERR,ERR,ERR,ERR,ERR,ERR,ERR,ERR,ERR,ERR,ERR,ERR,ERR,ERR,ERR,ERR,ERR,ERR,ERR,ERR,ERR,ERR,ERR,ERR,ERR,ERR,ERR,ERR,ERR,ERR,ERR,ERR,ERR,0.0,-0.0,0.0,0.0,-0.0,-0.0,739928375296.0,-1.0790929894319522e+32,5800,0,8,17276,5800,-0.0,100,0.0,0.0,0.0,0.0,1.9056969178834534e+17,0,0,0,0,nan,0,0,0,0,0,0,0,0,0,0,0,0,0,0,0,0,0,0,0,0,0,0,0,0,0,0,0,0,0,0,0,0,0,10,52,51,61,65476,613,65476,1,0,4,21553,0.0,-0.0,0.0,0.0,0.0,0.0,0.0,0.0,0.0,0.0,0.0,0.0,0.0,0.0,0.0,0.0,0.0,0.0,0.0,0.0,0.0,2.004,3.697074423243316e+19,-0.0,-0.0,0.0,0.0,0.0,0.0,0.0,6579.0,-131351.203,0.0,2.718450016850437e+23,-0.0,-107616232.0,107616440.0,-0.0,0.0,2.004,2.004,242,-0.0,-71.63,0.0,0.0,0.0,0.0,0.0,0.0,0.0,0,0,0,-0.0,-1.0029987030756397e+34,-0.0,-127013144.0,5.392126763853605e+37,94.129,1.327637848852627e+27,0.0,0.0,2.176061329595433e+17,-1.724117113429776e+29,-0.0,-0.0,-0.0,0.0,-3523.952,0,1.3516416376850534e+27,242,0.0,484,-0.0,1.804316963640443e+17,2050,52429,17150,39322,17152,39322,17144,0,0,0,105,99,100,0.0,69.4,-107615312.0,69.3,-0.0,69.0,1,47,48,180,0,13107,0,0,0.0,0.0,0.0,60.0,-45976098177024.0,74.0,0.0,1.131594116978587e+28,0.0,1270,0,1276,0,0,0,1274,0,1286,0,1243,0,693,0,694,0,690,0,691,0.032,1.3386390338410102e+34,-2.004,0.0,25232,16828,-1234.081,-0.004,-256.501,-0.0,0.0,6266890.0,70.0,60.0,66,0.0,0.0,10.0,2.0,0.0,0.0,0.0,0.0,0.0,0.0,0.0,0.0,0.0,0.0,0.0,0.0,65.6,68,16,65516,48,65476,0,300,0,0,8,20529,65476,0,0,32768,60.0,0.0,10.0,10.0,2.0,0.0
2026-02-05T14:21:28,ERR,ERR,ERR,ERR,ERR,ERR,ERR,ERR,ERR,ERR,ERR,ERR,ERR,ERR,ERR,ERR,ERR,ERR,ERR,ERR,ERR,ERR,ERR,ERR,ERR,ERR,ERR,ERR,ERR,ERR,ERR,ERR,ERR,ERR,ERR,ERR,ERR,ERR,ERR,ERR,ERR,ERR,ERR,ERR,ERR,ERR,ERR,ERR,ERR,ERR,ERR,ERR,ERR,ERR,ERR,ERR,ERR,ERR,ERR,ERR,ERR,ERR,ERR,ERR,ERR,ERR,ERR,ERR,ERR,ERR,ERR,ERR,ERR,ERR,ERR,ERR,ERR,ERR,ERR,ERR,ERR,ERR,ERR,ERR,ERR,ERR,ERR,ERR,ERR,ERR,ERR,ERR,ERR,ERR,ERR,ERR,ERR,ERR,ERR,ERR,ERR,ERR,ERR,ERR,ERR,ERR,ERR,ERR,ERR,ERR,ERR,ERR,ERR,ERR,ERR,ERR,ERR,ERR,ERR,ERR,ERR,ERR,ERR,ERR,ERR,0.0,-0.0,0.0,0.0,-0.0,-0.0,739928375296.0,-1.0790929894319522e+32,5800,0,8,17276,5800,-0.0,100,0.0,0.0,0.0,0.0,1.9056969178834534e+17,0,0,0,0,nan,0,0,0,0,0,0,0,0,0,0,0,0,0,0,0,0,0,0,0,0,0,0,0,0,0,0,0,0,0,0,0,0,0,10,52,51,61,65476,613,65476,1,0,4,21553,0.0,-0.0,0.0,0.0,0.0,0.0,0.0,0.0,0.0,0.0,0.0,0.0,0.0,0.0,0.0,0.0,0.0,0.0,0.0,0.0,0.0,2.004,3.697074423243316e+19,-0.0,-0.0,0.0,0.0,0.0,0.0,0.0,6579.0,-131351.203,0.0,2.718450016850437e+23,-0.0,-107616232.0,107616440.0,-0.0,0.0,2.004,2.004,242,-0.0,-71.63,0.0,0.0,0.0,0.0,0.0,0.0,0.0,0,0,0,-0.0,-1.0029987030756397e+34,-0.0,-127013144.0,5.392126763853605e+37,94.129,1.327637848852627e+27,0.0,0.0,2.176061329595433e+17,-1.724117113429776e+29,-0.0,-0.0,-0.0,0.0,-3523.952,0,1.3516416376850534e+27,242,0.0,484,-0.0,1.804316963640443e+17,2050,52429,17150,39322,17152,39322,17144,0,0,0,105,99,100,0.0,69.4,-107615312.0,69.3,-0.0,69.0,1,47,48,180,0,13107,0,0,0.0,0.0,0.0,60.0,-45976098177024.0,74.0,0.0,1.131594116978587e+28,0.0,1270,0,1276,0,0,0,1274,0,1286,0,1243,0,693,0,694,0,690,0,691,0.032,1.3386390338410102e+34,-2.004,0.0,25232,16828,-1234.081,-0.004,-256.501,-0.0,0.0,6266890.0,70.0,60.0,66,0.0,0.0,10.0,2.0,0.0,0.0,0.0,0.0,0.0,0.0,0.0,0.0,0.0,0.0,0.0,0.0,65.6,68,16,65516,48,65476,0,300,0,0,8,20529,65476,0,0,32768,60.0,0.0,10.0,10.0,2.0,0.0
2026-02-05T14:21:29,ERR,ERR,ERR,ERR,ERR,ERR,ERR,ERR,ERR,ERR,ERR,ERR,ERR,ERR,ERR,ERR,ERR,ERR,ERR,ERR,ERR,ERR,ERR,ERR,ERR,ERR,ERR,ERR,ERR,ERR,ERR,ERR,ERR,ERR,ERR,ERR,ERR,ERR,ERR,ERR,ERR,ERR,ERR,ERR,ERR,ERR,ERR,ERR,ERR,ERR,ERR,ERR,ERR,ERR,ERR,ERR,ERR,ERR,ERR,ERR,ERR,ERR,ERR,ERR,ERR,ERR,ERR,ERR,ERR,ERR,ERR,ERR,ERR,ERR,ERR,ERR,ERR,ERR,ERR,ERR,ERR,ERR,ERR,ERR,ERR,ERR,ERR,ERR,ERR,ERR,ERR,ERR,ERR,ERR,ERR,ERR,ERR,ERR,ERR,ERR,ERR,ERR,ERR,ERR,ERR,ERR,ERR,ERR,ERR,ERR,ERR,ERR,ERR,ERR,ERR,ERR,ERR,ERR,ERR,ERR,ERR,ERR,ERR,ERR,ERR,0.0,-0.0,0.0,0.0,-0.0,-0.0,739928375296.0,-1.0790929894319522e+32,5800,0,8,17276,5800,-0.0,100,0.0,0.0,0.0,0.0,1.9056969178834534e+17,0,0,0,0,nan,0,0,0,0,0,0,0,0,0,0,0,0,0,0,0,0,0,0,0,0,0,0,0,0,0,0,0,0,0,0,0,0,0,10,52,51,61,65476,613,65476,1,0,4,21553,0.0,-0.0,0.0,0.0,0.0,0.0,0.0,0.0,0.0,0.0,0.0,0.0,0.0,0.0,0.0,0.0,0.0,0.0,0.0,0.0,0.0,2.004,3.697074423243316e+19,-0.0,-0.0,0.0,0.0,0.0,0.0,0.0,6579.0,-131351.203,0.0,2.718450016850437e+23,-0.0,-107616232.0,107616440.0,-0.0,0.0,2.004,2.004,242,-0.0,-71.63,0.0,0.0,0.0,0.0,0.0,0.0,0.0,0,0,0,-0.0,-1.0029987030756397e+34,-0.0,-127013144.0,5.392126763853605e+37,94.129,1.327637848852627e+27,0.0,0.0,2.176061329595433e+17,-1.724117113429776e+29,-0.0,-0.0,-0.0,0.0,-3523.952,0,1.3516416376850534e+27,242,0.0,484,-0.0,1.804316963640443e+17,2050,52429,17150,39322,17152,39322,17144,0,0,0,105,99,100,0.0,69.4,-107615312.0,69.3,-0.0,69.0,1,47,48,180,0,13107,0,0,0.0,0.0,0.0,60.0,-596681984.0,74.0,0.0,119.128,0.0,1270,0,1276,0,0,0,1274,0,1286,0,1243,0,693,0,694,0,690,0,689,0.032,1.322413106158089e+34,-0.0,0.0,29712,16828,-305501175808.0,3.1384703022678124e+27,-0.0,-3.4757384698474055e+26,-4.78223755928565e+36,0.0,70.0,60.0,66,0.0,0.0,10.0,2.0,0.0,0.0,0.0,0.0,0.0,0.0,0.0,0.0,0.0,0.0,0.0,0.0,66.0,68,16,65516,48,65476,0,300,0,0,8,20529,65476,0,0,39322,60.0,0.0,10.0,10.0,2.0,0.0
2026-02-05T14:21:30,ERR,ERR,ERR,ERR,ERR,ERR,ERR,ERR,ERR,ERR,ERR,ERR,ERR,ERR,ERR,ERR,ERR,ERR,ERR,ERR,ERR,ERR,ERR,ERR,ERR,ERR,ERR,ERR,ERR,ERR,ERR,ERR,ERR,ERR,ERR,ERR,ERR,ERR,ERR,ERR,ERR,ERR,ERR,ERR,ERR,ERR,ERR,ERR,ERR,ERR,ERR,ERR,ERR,ERR,ERR,ERR,ERR,ERR,ERR,ERR,ERR,ERR,ERR,ERR,ERR,ERR,ERR,ERR,ERR,ERR,ERR,ERR,ERR,ERR,ERR,ERR,ERR,ERR,ERR,ERR,ERR,ERR,ERR,ERR,ERR,ERR,ERR,ERR,ERR,ERR,ERR,ERR,ERR,ERR,ERR,ERR,ERR,ERR,ERR,ERR,ERR,ERR,ERR,ERR,ERR,ERR,ERR,ERR,ERR,ERR,ERR,ERR,ERR,ERR,ERR,ERR,ERR,ERR,ERR,ERR,ERR,ERR,ERR,ERR,ERR,0.0,-0.0,0.0,0.0,-0.0,-0.0,739928375296.0,-1.0790929894319522e+32,5800,0,8,17276,5800,-0.0,100,0.0,0.0,0.0,0.0,1.9056969178834534e+17,0,0,0,0,nan,0,0,0,0,0,0,0,0,0,0,0,0,0,0,0,0,0,0,0,0,0,0,0,0,0,0,0,0,0,0,0,0,0,10,52,51,61,65476,613,65476,1,0,4,21553,0.0,-0.0,0.0,0.0,0.0,0.0,0.0,0.0,0.0,0.0,0.0,0.0,0.0,0.0,0.0,0.0,0.0,0.0,0.0,0.0,0.0,2.004,3.697074423243316e+19,-0.0,-0.0,0.0,0.0,0.0,0.0,0.0,6579.0,-131351.203,0.0,2.718450016850437e+23,-0.0,-107616232.0,107616440.0,-0.0,0.0,2.004,2.004,242,-0.0,-71.63,0.0,0.0,0.0,0.0,0.0,0.0,0.0,0,0,0,-0.0,-1.0029987030756397e+34,-0.0,-127013144.0,5.392126763853605e+37,94.129,1.327637848852627e+27,0.0,0.0,2.176061329595433e+17,-1.724117113429776e+29,-0.0,-0.0,-0.0,0.0,-3523.952,0,1.3516416376850534e+27,242,0.0,484,-0.0,1.804316963640443e+17,2050,52429,17150,39322,17152,39322,17144,0,0,0,105,99,100,0.0,69.4,-107615312.0,69.3,-0.0,69.0,1,47,48,180,0,13107,0,0,0.0,0.0,0.0,60.0,-596681984.0,74.0,0.0,119.128,0.0,1270,0,1276,0,0,0,1274,0,1286,0,1243,0,693,0,694,0,690,0,689,0.032,1.322413106158089e+34,-0.0,0.0,29712,16828,-305501175808.0,3.1384703022678124e+27,-0.0,-3.4757384698474055e+26,-4.78223755928565e+36,0.0,70.0,60.0,66,0.0,0.0,10.0,2.0,0.0,0.0,0.0,0.0,0.0,0.0,0.0,0.0,0.0,0.0,0.0,0.0,66.0,68,16,65516,48,65476,0,300,0,0,8,20529,65476,0,0,36700,60.0,0.0,10.0,10.0,2.0,0.0
2026-02-05T14:21:31,ERR,ERR,ERR,ERR,ERR,ERR,ERR,ERR,ERR,ERR,ERR,ERR,ERR,ERR,ERR,ERR,ERR,ERR,ERR,ERR,ERR,ERR,ERR,ERR,ERR,ERR,ERR,ERR,ERR,ERR,ERR,ERR,ERR,ERR,ERR,ERR,ERR,ERR,ERR,ERR,ERR,ERR,ERR,ERR,ERR,ERR,ERR,ERR,ERR,ERR,ERR,ERR,ERR,ERR,ERR,ERR,ERR,ERR,ERR,ERR,ERR,ERR,ERR,ERR,ERR,ERR,ERR,ERR,ERR,ERR,ERR,ERR,ERR,ERR,ERR,ERR,ERR,ERR,ERR,ERR,ERR,ERR,ERR,ERR,ERR,ERR,ERR,ERR,ERR,ERR,ERR,ERR,ERR,ERR,ERR,ERR,ERR,ERR,ERR,ERR,ERR,ERR,ERR,ERR,ERR,ERR,ERR,ERR,ERR,ERR,ERR,ERR,ERR,ERR,ERR,ERR,ERR,ERR,ERR,ERR,ERR,ERR,ERR,ERR,ERR,0.0,-0.0,0.0,0.0,-0.0,-0.0,739928375296.0,-1.0790929894319522e+32,5800,0,8,17276,5800,-0.0,100,0.0,0.0,0.0,0.0,1.9056969178834534e+17,0,0,0,0,nan,0,0,0,0,0,0,0,0,0,0,0,0,0,0,0,0,0,0,0,0,0,0,0,0,0,0,0,0,0,0,0,0,0,10,52,51,61,65476,613,65476,1,0,4,21553,0.0,-0.0,0.0,0.0,0.0,0.0,0.0,0.0,0.0,0.0,0.0,0.0,0.0,0.0,0.0,0.0,0.0,0.0,0.0,0.0,0.0,2.004,3.697074423243316e+19,-0.0,-0.0,0.0,0.0,0.0,0.0,0.0,6579.0,-131351.203,0.0,2.718450016850437e+23,-0.0,-107616232.0,107616440.0,-0.0,0.0,2.004,2.004,242,-0.0,-71.63,0.0,0.0,0.0,0.0,0.0,0.0,0.0,0,0,0,-0.0,-1.0029987030756397e+34,-0.0,-127013144.0,5.392126763853605e+37,94.129,1.327637848852627e+27,0.0,0.0,2.176061329595433e+17,-1.724117113429776e+29,-0.0,-0.0,-0.0,0.0,-3523.952,0,1.3516416376850534e+27,242,0.0,484,-0.0,1.804316963640443e+17,2050,52429,17150,39322,17152,39322,17144,0,0,0,105,99,100,0.0,69.4,-107615312.0,69.3,-0.0,69.0,1,47,48,180,0,13107,0,0,0.0,0.0,0.0,60.0,-596681984.0,74.0,0.0,119.128,0.0,1270,0,1276,0,0,0,1274,0,1286,0,1243,0,693,0,694,0,690,0,689,0.032,1.322413106158089e+34,-0.0,0.0,29712,16828,-305501175808.0,3.1384703022678124e+27,-0.0,-3.4757384698474055e+26,-4.78223755928565e+36,0.0,70.0,60.0,66,0.0,0.0,10.0,2.0,0.0,0.0,0.0,0.0,0.0,0.0,0.0,0.0,0.0,0.0,0.0,0.0,66.0,68,16,65516,48,65476,0,300,0,0,8,20529,65476,0,0,36700,60.0,0.0,10.0,10.0,2.0,0.0
2026-02-05T14:21:32,ERR,ERR,ERR,ERR,ERR,ERR,ERR,ERR,ERR,ERR,ERR,ERR,ERR,ERR,ERR,ERR,ERR,ERR,ERR,ERR,ERR,ERR,ERR,ERR,ERR,ERR,ERR,ERR,ERR,ERR,ERR,ERR,ERR,ERR,ERR,ERR,ERR,ERR,ERR,ERR,ERR,ERR,ERR,ERR,ERR,ERR,ERR,ERR,ERR,ERR,ERR,ERR,ERR,ERR,ERR,ERR,ERR,ERR,ERR,ERR,ERR,ERR,ERR,ERR,ERR,ERR,ERR,ERR,ERR,ERR,ERR,ERR,ERR,ERR,ERR,ERR,ERR,ERR,ERR,ERR,ERR,ERR,ERR,ERR,ERR,ERR,ERR,ERR,ERR,ERR,ERR,ERR,ERR,ERR,ERR,ERR,ERR,ERR,ERR,ERR,ERR,ERR,ERR,ERR,ERR,ERR,ERR,ERR,ERR,ERR,ERR,ERR,ERR,ERR,ERR,ERR,ERR,ERR,ERR,ERR,ERR,ERR,ERR,ERR,ERR,2.718450016850437e+23,-0.0,2.8364315368646023e+23,-107613408.0,-4.209512871143983e+25,0.0,-1.820912934968681e+27,-2.306884097332354e+24,5800,0,8,17276,5800,-0.0,100,0.0,0.0,-107613408.0,0.0,1.9056969178834534e+17,0,0,0,0,nan,0,0,0,0,0,0,0,0,0,0,0,0,0,0,0,0,0,0,0,0,0,0,0,0,0,0,0,0,0,0,0,0,0,10,52,51,61,65476,613,65476,1,0,4,21553,0.0,-107613536.0,0.0,0.0,0.0,0.0,0.0,0.0,0.0,0.0,0.0,0.0,0.0,0.0,0.0,0.0,0.0,0.0,0.0,0.0,0.0,2.004,3.697074423243316e+19,-0.0,-0.0,-2.004,0.0,0.0,0.0,0.0,6614.0,-0.0,0.0,2.718450016850437e+23,-0.0,-107616232.0,-2.7184545204500644e+23,-0.0,0.0,2.004,2.004,243,-0.0,0.059,0.0,0.0,0.0,0.0,0.0,0.0,0.0,0,0,0,-3.7079932668392614e+22,-0.0,-2.3991987842591947e+32,1.0118062182859781e+24,-0.0,-3.8684379968671784e+36,-0.0,-0.0,-1.0145568584116691e+25,2.6376802914009088e+17,-2.2440519299296357e+29,-0.0,-0.0,-0.0,0.0,-6.23716935385651e+35,0,1.3516416376850534e+27,243,0.0,486,-0.0,-68.128,2050,52429,17150,39322,17152,39322,17144,0,0,0,105,99,100,0.0,69.4,-107615312.0,69.3,-0.0,69.0,1,47,48,180,0,13107,0,0,0.0,0.0,0.0,60.0,-596681984.0,74.0,0.0,119.128,0.0,1270,0,1276,0,0,0,1274,0,1286,0,1243,0,693,0,694,0,690,0,689,0.032,1.322413106158089e+34,-0.0,0.0,29712,16828,-305501175808.0,3.1384703022678124e+27,-0.0,-3.4757384698474055e+26,-4.78223755928565e+36,0.0,70.0,60.0,66,0.0,0.0,10.0,2.0,0.0,0.0,0.0,0.0,0.0,0.0,0.0,0.0,0.0,0.0,0.0,0.0,66.0,68,16,65516,48,65476,0,300,0,0,8,20529,65476,0,0,35389,60.0,0.0,10.0,10.0,2.0,0.0
2026-02-05T14:21:33,ERR,ERR,ERR,ERR,ERR,ERR,ERR,ERR,ERR,ERR,ERR,ERR,ERR,ERR,ERR,ERR,ERR,ERR,ERR,ERR,ERR,ERR,ERR,ERR,ERR,ERR,ERR,ERR,ERR,ERR,ERR,ERR,ERR,ERR,ERR,ERR,ERR,ERR,ERR,ERR,ERR,ERR,ERR,ERR,ERR,ERR,ERR,ERR,ERR,ERR,ERR,ERR,ERR,ERR,ERR,ERR,ERR,ERR,ERR,ERR,ERR,ERR,ERR,ERR,ERR,ERR,ERR,ERR,ERR,ERR,ERR,ERR,ERR,ERR,ERR,ERR,ERR,ERR,ERR,ERR,ERR,ERR,ERR,ERR,ERR,ERR,ERR,ERR,ERR,ERR,ERR,ERR,ERR,ERR,ERR,ERR,ERR,ERR,ERR,ERR,ERR,ERR,ERR,ERR,ERR,ERR,ERR,ERR,ERR,ERR,ERR,ERR,ERR,ERR,ERR,ERR,ERR,ERR,ERR,ERR,ERR,ERR,ERR,ERR,ERR,2.718450016850437e+23,-0.0,2.8364315368646023e+23,-107613408.0,-4.209512871143983e+25,0.0,-1.820912934968681e+27,-2.306884097332354e+24,5800,0,8,17276,5800,-0.0,100,0.0,0.0,-107613408.0,0.0,1.9056969178834534e+17,0,0,0,0,nan,0,0,0,0,0,0,0,0,0,0,0,0,0,0,0,0,0,0,0,0,0,0,0,0,0,0,0,0,0,0,0,0,0,10,52,51,61,65476,613,65476,1,0,4,21553,0.0,-107613536.0,0.0,0.0,0.0,0.0,0.0,0.0,0.0,0.0,0.0,0.0,0.0,0.0,0.0,0.0,0.0,0.0,0.0,0.0,0.0,2.004,3.697074423243316e+19,-0.0,-0.0,-2.004,0.0,0.0,0.0,0.0,6614.0,-0.0,0.0,2.718450016850437e+23,-0.0,-107616232.0,-2.7184545204500644e+23,-0.0,0.0,2.004,2.004,243,-0.0,0.059,0.0,0.0,0.0,0.0,0.0,0.0,0.0,0,0,0,-3.7079932668392614e+22,-0.0,-2.3991987842591947e+32,1.0118062182859781e+24,-0.0,-3.8684379968671784e+36,-0.0,-0.0,-1.0145568584116691e+25,2.6376802914009088e+17,-2.2440519299296357e+29,-0.0,-0.0,-0.0,0.0,-6.23716935385651e+35,0,1.3516416376850534e+27,243,0.0,486,-0.0,-68.128,2050,52429,17150,39322,17152,39322,17144,0,0,0,105,99,100,0.0,69.4,-107615312.0,69.3,-0.0,69.0,1,47,48,180,0,13107,0,0,0.0,0.0,0.0,60.0,-61644138872832.0,74.0,0.0,-2.691,0.0,1270,0,1276,0,0,0,1274,0,1286,0,1243,0,693,0,694,0,690,0,688,0.032,1.3305260699995496e+34,0.0,-0.0,31888,16828,-7816.322,0.0,0.0,-0.0,-0.0,-0.0,70.0,60.0,66,0.0,0.0,10.0,2.0,0.0,0.0,0.0,0.0,0.0,0.0,0.0,0.0,0.0,0.0,0.0,0.0,66.0,68,16,65516,48,65476,0,300,0,0,8,20529,65476,0,0,35389,60.0,0.0,10.0,10.0,2.0,0.0
2026-02-05T14:21:34,ERR,ERR,ERR,ERR,ERR,ERR,ERR,ERR,ERR,ERR,ERR,ERR,ERR,ERR,ERR,ERR,ERR,ERR,ERR,ERR,ERR,ERR,ERR,ERR,ERR,ERR,ERR,ERR,ERR,ERR,ERR,ERR,ERR,ERR,ERR,ERR,ERR,ERR,ERR,ERR,ERR,ERR,ERR,ERR,ERR,ERR,ERR,ERR,ERR,ERR,ERR,ERR,ERR,ERR,ERR,ERR,ERR,ERR,ERR,ERR,ERR,ERR,ERR,ERR,ERR,ERR,ERR,ERR,ERR,ERR,ERR,ERR,ERR,ERR,ERR,ERR,ERR,ERR,ERR,ERR,ERR,ERR,ERR,ERR,ERR,ERR,ERR,ERR,ERR,ERR,ERR,ERR,ERR,ERR,ERR,ERR,ERR,ERR,ERR,ERR,ERR,ERR,ERR,ERR,ERR,ERR,ERR,ERR,ERR,ERR,ERR,ERR,ERR,ERR,ERR,ERR,ERR,ERR,ERR,ERR,ERR,ERR,ERR,ERR,ERR,2.718450016850437e+23,-0.0,2.8364315368646023e+23,-107613408.0,-4.209512871143983e+25,0.0,-1.820912934968681e+27,-2.306884097332354e+24,5800,0,8,17276,5800,-0.0,100,0.0,0.0,-107613408.0,0.0,1.9056969178834534e+17,0,0,0,0,nan,0,0,0,0,0,0,0,0,0,0,0,0,0,0,0,0,0,0,0,0,0,0,0,0,0,0,0,0,0,0,0,0,0,10,52,51,61,65476,613,65476,1,0,4,21553,0.0,-107613536.0,0.0,0.0,0.0,0.0,0.0,0.0,0.0,0.0,0.0,0.0,0.0,0.0,0.0,0.0,0.0,0.0,0.0,0.0,0.0,2.004,3.697074423243316e+19,-0.0,-0.0,-2.004,0.0,0.0,0.0,0.0,6614.0,-0.0,0.0,2.718450016850437e+23,-0.0,-107616232.0,-2.7184545204500644e+23,-0.0,0.0,2.004,2.004,243,-0.0,0.059,0.0,0.0,0.0,0.0,0.0,0.0,0.0,0,0,0,-3.7079932668392614e+22,-0.0,-2.3991987842591947e+32,1.0118062182859781e+24,-0.0,-3.8684379968671784e+36,-0.0,-0.0,-1.0145568584116691e+25,2.6376802914009088e+17,-2.2440519299296357e+29,-0.0,-0.0,-0.0,0.0,-6.23716935385651e+35,0,1.3516416376850534e+27,243,0.0,486,-0.0,-68.128,2050,52429,17150,39322,17152,39322,17144,0,0,0,105,99,100,0.0,69.4,-107615312.0,69.3,-0.0,69.0,1,47,48,180,0,13107,0,0,0.0,0.0,0.0,60.0,-61644138872832.0,74.0,0.0,-2.691,0.0,1270,0,1276,0,0,0,1274,0,1286,0,1243,0,693,0,694,0,690,0,688,0.032,1.3305260699995496e+34,0.0,-0.0,31888,16828,-7816.322,0.0,0.0,-0.0,-0.0,-0.0,70.0,60.0,66,0.0,0.0,10.0,2.0,0.0,0.0,0.0,0.0,0.0,0.0,0.0,0.0,0.0,0.0,0.0,0.0,65.6,68,16,65516,48,65476,0,300,0,0,8,20529,65476,0,0,31457,60.0,0.0,10.0,10.0,2.0,0.0
2026-02-05T14:21:35,ERR,ERR,ERR,ERR,ERR,ERR,ERR,ERR,ERR,ERR,ERR,ERR,ERR,ERR,ERR,ERR,ERR,ERR,ERR,ERR,ERR,ERR,ERR,ERR,ERR,ERR,ERR,ERR,ERR,ERR,ERR,ERR,ERR,ERR,ERR,ERR,ERR,ERR,ERR,ERR,ERR,ERR,ERR,ERR,ERR,ERR,ERR,ERR,ERR,ERR,ERR,ERR,ERR,ERR,ERR,ERR,ERR,ERR,ERR,ERR,ERR,ERR,ERR,ERR,ERR,ERR,ERR,ERR,ERR,ERR,ERR,ERR,ERR,ERR,ERR,ERR,ERR,ERR,ERR,ERR,ERR,ERR,ERR,ERR,ERR,ERR,ERR,ERR,ERR,ERR,ERR,ERR,ERR,ERR,ERR,ERR,ERR,ERR,ERR,ERR,ERR,ERR,ERR,ERR,ERR,ERR,ERR,ERR,ERR,ERR,ERR,ERR,ERR,ERR,ERR,ERR,ERR,ERR,ERR,ERR,ERR,ERR,ERR,ERR,ERR,2.718450016850437e+23,-0.0,2.8364315368646023e+23,-107613408.0,-4.209512871143983e+25,0.0,-1.820912934968681e+27,-2.306884097332354e+24,5800,0,8,17276,5800,-0.0,100,0.0,0.0,-107613408.0,0.0,1.9056969178834534e+17,0,0,0,0,nan,0,0,0,0,0,0,0,0,0,0,0,0,0,0,0,0,0,0,0,0,0,0,0,0,0,0,0,0,0,0,0,0,0,10,52,51,61,65476,613,65476,1,0,4,21553,0.0,-107613536.0,0.0,0.0,0.0,0.0,0.0,0.0,0.0,0.0,0.0,0.0,0.0,0.0,0.0,0.0,0.0,0.0,0.0,0.0,0.0,2.004,3.697074423243316e+19,-0.0,-0.0,-2.004,0.0,0.0,0.0,0.0,6614.0,-0.0,0.0,2.718450016850437e+23,-0.0,-107616232.0,-2.7184545204500644e+23,-0.0,0.0,2.004,2.004,243,-0.0,0.059,0.0,0.0,0.0,0.0,0.0,0.0,0.0,0,0,0,-3.7079932668392614e+22,-0.0,-2.3991987842591947e+32,1.0118062182859781e+24,-0.0,-3.8684379968671784e+36,-0.0,-0.0,-1.0145568584116691e+25,2.6376802914009088e+17,-2.2440519299296357e+29,-0.0,-0.0,-0.0,0.0,-6.23716935385651e+35,0,1.3516416376850534e+27,243,0.0,486,-0.0,-68.128,2050,52429,17150,39322,17152,39322,17144,0,0,0,105,99,100,0.0,69.4,-107615312.0,69.3,-0.0,69.0,1,47,48,180,0,13107,0,0,0.0,0.0,0.0,60.0,-61644138872832.0,74.0,0.0,-2.691,0.0,1270,0,1276,0,0,0,1274,0,1286,0,1243,0,693,0,694,0,690,0,688,0.032,1.3305260699995496e+34,0.0,-0.0,31888,16828,-7816.322,0.0,0.0,-0.0,-0.0,-0.0,70.0,60.0,66,0.0,0.0,10.0,2.0,0.0,0.0,0.0,0.0,0.0,0.0,0.0,0.0,0.0,0.0,0.0,0.0,65.6,68,16,65516,48,65476,0,300,0,0,8,20529,65476,0,0,31457,60.0,0.0,10.0,10.0,2.0,0.0
2026-02-05T14:21:36,ERR,ERR,ERR,ERR,ERR,ERR,ERR,ERR,ERR,ERR,ERR,ERR,ERR,ERR,ERR,ERR,ERR,ERR,ERR,ERR,ERR,ERR,ERR,ERR,ERR,ERR,ERR,ERR,ERR,ERR,ERR,ERR,ERR,ERR,ERR,ERR,ERR,ERR,ERR,ERR,ERR,ERR,ERR,ERR,ERR,ERR,ERR,ERR,ERR,ERR,ERR,ERR,ERR,ERR,ERR,ERR,ERR,ERR,ERR,ERR,ERR,ERR,ERR,ERR,ERR,ERR,ERR,ERR,ERR,ERR,ERR,ERR,ERR,ERR,ERR,ERR,ERR,ERR,ERR,ERR,ERR,ERR,ERR,ERR,ERR,ERR,ERR,ERR,ERR,ERR,ERR,ERR,ERR,ERR,ERR,ERR,ERR,ERR,ERR,ERR,ERR,ERR,ERR,ERR,ERR,ERR,ERR,ERR,ERR,ERR,ERR,ERR,ERR,ERR,ERR,ERR,ERR,ERR,ERR,ERR,ERR,ERR,ERR,ERR,ERR,2.718450016850437e+23,-0.0,2.8364315368646023e+23,-107613408.0,-4.209512871143983e+25,0.0,-1.820912934968681e+27,-2.306884097332354e+24,5800,0,8,17276,5800,-0.0,100,0.0,0.0,-107613408.0,0.0,1.9056969178834534e+17,0,0,0,0,nan,0,0,0,0,0,0,0,0,0,0,0,0,0,0,0,0,0,0,0,0,0,0,0,0,0,0,0,0,0,0,0,0,0,10,52,51,61,65476,613,65476,1,0,4,21553,0.0,-107613536.0,0.0,0.0,0.0,0.0,0.0,0.0,0.0,0.0,0.0,0.0,0.0,0.0,0.0,0.0,0.0,0.0,0.0,0.0,0.0,2.004,3.697074423243316e+19,-0.0,-0.0,-2.004,0.0,0.0,0.0,0.0,6614.0,-0.0,0.0,2.718450016850437e+23,-0.0,-107616232.0,-2.7184545204500644e+23,-0.0,0.0,2.004,2.004,243,-0.0,0.059,0.0,0.0,0.0,0.0,0.0,0.0,0.0,0,0,0,-3.7079932668392614e+22,-0.0,-2.3991987842591947e+32,1.0118062182859781e+24,-0.0,-3.8684379968671784e+36,-0.0,-0.0,-1.0145568584116691e+25,2.6376802914009088e+17,-2.2440519299296357e+29,-0.0,-0.0,-0.0,0.0,-6.23716935385651e+35,0,1.3516416376850534e+27,243,0.0,486,-0.0,-68.128,2050,52429,17150,39322,17152,39322,17144,0,0,0,105,99,100,0.0,69.4,-107615312.0,69.3,-0.0,69.0,1,47,48,180,0,13107,0,0,0.0,0.0,0.0,60.0,-61644138872832.0,74.0,0.0,-2.691,0.0,1270,0,1276,0,0,0,1274,0,1286,0,1243,0,693,0,694,0,690,0,688,0.032,1.3305260699995496e+34,0.0,-0.0,31888,16828,-7816.322,0.0,0.0,-0.0,-0.0,-0.0,70.0,60.0,66,0.0,0.0,10.0,2.0,0.0,0.0,0.0,0.0,0.0,0.0,0.0,0.0,0.0,0.0,0.0,0.0,65.6,68,16,65516,48,65476,0,300,0,0,8,20529,65476,0,0,28836,60.0,0.0,10.0,10.0,2.0,0.0
2026-02-05T14:21:37,ERR,ERR,ERR,ERR,ERR,ERR,ERR,ERR,ERR,ERR,ERR,ERR,ERR,ERR,ERR,ERR,ERR,ERR,ERR,ERR,ERR,ERR,ERR,ERR,ERR,ERR,ERR,ERR,ERR,ERR,ERR,ERR,ERR,ERR,ERR,ERR,ERR,ERR,ERR,ERR,ERR,ERR,ERR,ERR,ERR,ERR,ERR,ERR,ERR,ERR,ERR,ERR,ERR,ERR,ERR,ERR,ERR,ERR,ERR,ERR,ERR,ERR,ERR,ERR,ERR,ERR,ERR,ERR,ERR,ERR,ERR,ERR,ERR,ERR,ERR,ERR,ERR,ERR,ERR,ERR,ERR,ERR,ERR,ERR,ERR,ERR,ERR,ERR,ERR,ERR,ERR,ERR,ERR,ERR,ERR,ERR,ERR,ERR,ERR,ERR,ERR,ERR,ERR,ERR,ERR,ERR,ERR,ERR,ERR,ERR,ERR,ERR,ERR,ERR,ERR,ERR,ERR,ERR,ERR,ERR,ERR,ERR,ERR,ERR,ERR,2.718450016850437e+23,-0.0,2.8364315368646023e+23,-107613408.0,-4.209512871143983e+25,0.0,-1.820912934968681e+27,-2.306884097332354e+24,5800,0,8,17276,5800,-0.0,100,0.0,0.0,-107613408.0,0.0,1.9056969178834534e+17,0,0,0,0,nan,0,0,0,0,0,0,0,0,0,0,0,0,0,0,0,0,0,0,0,0,0,0,0,0,0,0,0,0,0,0,0,0,0,10,52,51,61,65476,613,65476,1,0,4,21553,0.0,-107613536.0,0.0,0.0,0.0,0.0,0.0,0.0,0.0,0.0,0.0,0.0,0.0,0.0,0.0,0.0,0.0,0.0,0.0,0.0,0.0,2.004,3.697074423243316e+19,-0.0,-0.0,-2.004,0.0,0.0,0.0,0.0,6614.0,-0.0,0.0,2.718450016850437e+23,-0.0,-107616232.0,-2.7184545204500644e+23,-0.0,0.0,2.004,2.004,243,-0.0,0.059,0.0,0.0,0.0,0.0,0.0,0.0,0.0,0,0,0,-3.7079932668392614e+22,-0.0,-2.3991987842591947e+32,1.0118062182859781e+24,-0.0,-3.8684379968671784e+36,-0.0,-0.0,-1.0145568584116691e+25,2.6376802914009088e+17,-2.2440519299296357e+29,-0.0,-0.0,-0.0,0.0,-6.23716935385651e+35,0,1.3516416376850534e+27,243,0.0,486,-0.0,-68.128,2050,52429,17150,39322,17152,39322,17144,0,0,0,105,99,100,0.0,69.4,-107615312.0,69.3,-0.0,69.0,1,47,48,180,0,13107,0,0,0.0,0.0,0.0,60.0,-537133576093696.0,74.0,0.0,0.005,0.0,1270,0,1276,0,0,0,1274,0,1286,0,1243,0,693,0,694,0,690,0,688,0.032,1.3305260699995496e+34,0.0,-0.0,18704,16828,-2.353976226663629e+16,0.014,9.139507530485494e+27,0.0,-78520795136.0,-3.0129136482690007e+18,70.0,60.0,66,0.0,0.0,10.0,2.0,0.0,0.0,0.0,0.0,0.0,0.0,0.0,0.0,0.0,0.0,0.0,0.0,65.6,68,16,65516,48,65476,0,300,0,0,8,20529,65476,0,0,28836,60.0,0.0,10.0,10.0,2.0,0.0
2026-02-05T14:21:38,ERR,ERR,ERR,ERR,ERR,ERR,ERR,ERR,ERR,ERR,ERR,ERR,ERR,ERR,ERR,ERR,ERR,ERR,ERR,ERR,ERR,ERR,ERR,ERR,ERR,ERR,ERR,ERR,ERR,ERR,ERR,ERR,ERR,ERR,ERR,ERR,ERR,ERR,ERR,ERR,ERR,ERR,ERR,ERR,ERR,ERR,ERR,ERR,ERR,ERR,ERR,ERR,ERR,ERR,ERR,ERR,ERR,ERR,ERR,ERR,ERR,ERR,ERR,ERR,ERR,ERR,ERR,ERR,ERR,ERR,ERR,ERR,ERR,ERR,ERR,ERR,ERR,ERR,ERR,ERR,ERR,ERR,ERR,ERR,ERR,ERR,ERR,ERR,ERR,ERR,ERR,ERR,ERR,ERR,ERR,ERR,ERR,ERR,ERR,ERR,ERR,ERR,ERR,ERR,ERR,ERR,ERR,ERR,ERR,ERR,ERR,ERR,ERR,ERR,ERR,ERR,ERR,ERR,ERR,ERR,ERR,ERR,ERR,ERR,ERR,2.718450016850437e+23,-0.0,2.8364315368646023e+23,-107613408.0,-4.209512871143983e+25,3.5446687873625175e+27,0.0,-0.0,5800,0,8,17278,5800,14723891331072.0,100,0.0,0.0,-107613408.0,0.0,1.9056969178834534e+17,0,0,0,0,nan,0,0,0,0,0,0,0,0,0,0,0,0,0,0,0,0,0,0,0,0,0,0,0,0,0,0,0,0,0,0,0,0,0,10,52,51,61,65476,614,65476,1,0,4,21553,0.0,0.0,0.0,0.0,0.0,0.0,0.0,0.0,0.0,0.0,0.0,0.0,0.0,0.0,0.0,0.0,0.0,0.0,0.0,0.0,0.0,2.004,3.697074423243316e+19,-0.0,-0.0,0.0,0.0,0.0,0.0,0.0,6641.0,0.0,0.0,2.718450016850437e+23,-0.0,-107616232.0,2.7184545204500644e+23,-0.0,0.0,2.004,2.004,245,5.848082620734646e+35,-0.0,0.0,0.0,0.0,0.0,0.0,0.0,0.0,0,0,0,-5.538796317141938e+25,0.0,0.0,-141.258,-314.527,0.0,0.0,1.3943834936170716e+36,1.2638979239993369e+25,3.271258748621947e+17,-2.7144691448580802e+29,-0.0,-0.0,-0.0,0.0,0.0,0,1.3516416376850534e+27,245,0.0,490,-30771013632.0,-0.0,2050,52429,17150,39322,17152,39322,17144,0,0,0,105,99,100,0.0,69.4,-107615312.0,69.3,-0.0,69.0,1,47,48,180,0,13107,0,0,0.0,0.0,0.0,60.0,-537133576093696.0,74.0,0.0,0.005,0.0,1270,0,1276,0,0,0,1274,0,1286,0,1243,0,693,0,694,0,690,0,688,0.032,1.3305260699995496e+34,0.0,-0.0,18704,16828,-2.353976226663629e+16,0.014,9.139507530485494e+27,0.0,-78520795136.0,-3.0129136482690007e+18,70.0,60.0,66,0.0,0.0,10.0,2.0,0.0,0.0,0.0,0.0,0.0,0.0,0.0,0.0,0.0,0.0,0.0,0.0,65.6,68,16,65516,48,65476,0,300,0,0,8,20529,65476,0,0,28836,60.0,0.0,10.0,10.0,2.0,0.0
2026-02-05T14:21:39,ERR,ERR,ERR,ERR,ERR,ERR,ERR,ERR,ERR,ERR,ERR,ERR,ERR,ERR,ERR,ERR,ERR,ERR,ERR,ERR,ERR,ERR,ERR,ERR,ERR,ERR,ERR,ERR,ERR,ERR,ERR,ERR,ERR,ERR,ERR,ERR,ERR,ERR,ERR,ERR,ERR,ERR,ERR,ERR,ERR,ERR,ERR,ERR,ERR,ERR,ERR,ERR,ERR,ERR,ERR,ERR,ERR,ERR,ERR,ERR,ERR,ERR,ERR,ERR,ERR,ERR,ERR,ERR,ERR,ERR,ERR,ERR,ERR,ERR,ERR,ERR,ERR,ERR,ERR,ERR,ERR,ERR,ERR,ERR,ERR,ERR,ERR,ERR,ERR,ERR,ERR,ERR,ERR,ERR,ERR,ERR,ERR,ERR,ERR,ERR,ERR,ERR,ERR,ERR,ERR,ERR,ERR,ERR,ERR,ERR,ERR,ERR,ERR,ERR,ERR,ERR,ERR,ERR,ERR,ERR,ERR,ERR,ERR,ERR,ERR,2.718450016850437e+23,-0.0,2.8364315368646023e+23,-107613408.0,-4.209512871143983e+25,3.5446687873625175e+27,0.0,-0.0,5800,0,8,17278,5800,14723891331072.0,100,0.0,0.0,-107613408.0,0.0,1.9056969178834534e+17,0,0,0,0,nan,0,0,0,0,0,0,0,0,0,0,0,0,0,0,0,0,0,0,0,0,0,0,0,0,0,0,0,0,0,0,0,0,0,10,52,51,61,65476,614,65476,1,0,4,21553,0.0,0.0,0.0,0.0,0.0,0.0,0.0,0.0,0.0,0.0,0.0,0.0,0.0,0.0,0.0,0.0,0.0,0.0,0.0,0.0,0.0,2.004,3.697074423243316e+19,-0.0,-0.0,0.0,0.0,0.0,0.0,0.0,6641.0,0.0,0.0,2.718450016850437e+23,-0.0,-107616232.0,2.7184545204500644e+23,-0.0,0.0,2.004,2.004,245,5.848082620734646e+35,-0.0,0.0,0.0,0.0,0.0,0.0,0.0,0.0,0,0,0,-5.538796317141938e+25,0.0,0.0,-141.258,-314.527,0.0,0.0,1.3943834936170716e+36,1.2638979239993369e+25,3.271258748621947e+17,-2.7144691448580802e+29,-0.0,-0.0,-0.0,0.0,0.0,0,1.3516416376850534e+27,245,0.0,490,-30771013632.0,-0.0,2050,52429,17150,39322,17152,39322,17144,0,0,0,105,99,100,0.0,69.4,-107615312.0,69.3,-0.0,69.0,1,47,48,180,0,13107,0,0,0.0,0.0,0.0,60.0,-537133576093696.0,74.0,0.0,0.005,0.0,1270,0,1276,0,0,0,1274,0,1286,0,1243,0,693,0,694,0,690,0,688,0.032,1.3305260699995496e+34,0.0,-0.0,18704,16828,-2.353976226663629e+16,0.014,9.139507530485494e+27,0.0,-78520795136.0,-3.0129136482690007e+18,70.0,60.0,66,0.0,0.0,10.0,2.0,0.0,0.0,0.0,0.0,0.0,0.0,0.0,0.0,0.0,0.0,0.0,0.0,65.6,68,16,65516,48,65476,0,300,0,0,8,20529,65476,0,0,28836,60.0,0.0,10.0,10.0,2.0,0.0
2026-02-05T14:21:40,ERR,ERR,ERR,ERR,ERR,ERR,ERR,ERR,ERR,ERR,ERR,ERR,ERR,ERR,ERR,ERR,ERR,ERR,ERR,ERR,ERR,ERR,ERR,ERR,ERR,ERR,ERR,ERR,ERR,ERR,ERR,ERR,ERR,ERR,ERR,ERR,ERR,ERR,ERR,ERR,ERR,ERR,ERR,ERR,ERR,ERR,ERR,ERR,ERR,ERR,ERR,ERR,ERR,ERR,ERR,ERR,ERR,ERR,ERR,ERR,ERR,ERR,ERR,ERR,ERR,ERR,ERR,ERR,ERR,ERR,ERR,ERR,ERR,ERR,ERR,ERR,ERR,ERR,ERR,ERR,ERR,ERR,ERR,ERR,ERR,ERR,ERR,ERR,ERR,ERR,ERR,ERR,ERR,ERR,ERR,ERR,ERR,ERR,ERR,ERR,ERR,ERR,ERR,ERR,ERR,ERR,ERR,ERR,ERR,ERR,ERR,ERR,ERR,ERR,ERR,ERR,ERR,ERR,ERR,ERR,ERR,ERR,ERR,ERR,ERR,2.718450016850437e+23,-0.0,2.8364315368646023e+23,-107613408.0,-4.209512871143983e+25,3.5446687873625175e+27,0.0,-0.0,5800,0,8,17278,5800,14723891331072.0,100,0.0,0.0,-107613408.0,0.0,1.9056969178834534e+17,0,0,0,0,nan,0,0,0,0,0,0,0,0,0,0,0,0,0,0,0,0,0,0,0,0,0,0,0,0,0,0,0,0,0,0,0,0,0,10,52,51,61,65476,614,65476,1,0,4,21553,0.0,0.0,0.0,0.0,0.0,0.0,0.0,0.0,0.0,0.0,0.0,0.0,0.0,0.0,0.0,0.0,0.0,0.0,0.0,0.0,0.0,2.004,3.697074423243316e+19,-0.0,-0.0,0.0,0.0,0.0,0.0,0.0,6641.0,0.0,0.0,2.718450016850437e+23,-0.0,-107616232.0,2.7184545204500644e+23,-0.0,0.0,2.004,2.004,245,5.848082620734646e+35,-0.0,0.0,0.0,0.0,0.0,0.0,0.0,0.0,0,0,0,-5.538796317141938e+25,0.0,0.0,-141.258,-314.527,0.0,0.0,1.3943834936170716e+36,1.2638979239993369e+25,3.271258748621947e+17,-2.7144691448580802e+29,-0.0,-0.0,-0.0,0.0,0.0,0,1.3516416376850534e+27,245,0.0,490,-30771013632.0,-0.0,2050,52429,17150,39322,17152,39322,17144,0,0,0,105,99,100,0.0,69.4,-107615312.0,69.3,-0.0,69.0,1,47,48,180,0,13107,0,0,0.0,0.0,0.0,60.0,-537133576093696.0,74.0,0.0,0.005,0.0,1270,0,1276,0,0,0,1274,0,1286,0,1243,0,693,0,694,0,690,0,688,0.032,1.3305260699995496e+34,0.0,-0.0,18704,16828,-2.353976226663629e+16,0.014,9.139507530485494e+27,0.0,-78520795136.0,-3.0129136482690007e+18,70.0,60.0,66,0.0,0.0,10.0,2.0,0.0,0.0,0.0,0.0,0.0,0.0,0.0,0.0,0.0,0.0,0.0,0.0,65.6,68,16,65516,48,65476,0,300,0,0,8,20529,65476,0,0,36700,60.0,0.0,10.0,10.0,2.0,0.0
2026-02-05T14:21:41,ERR,ERR,ERR,ERR,ERR,ERR,ERR,ERR,ERR,ERR,ERR,ERR,ERR,ERR,ERR,ERR,ERR,ERR,ERR,ERR,ERR,ERR,ERR,ERR,ERR,ERR,ERR,ERR,ERR,ERR,ERR,ERR,ERR,ERR,ERR,ERR,ERR,ERR,ERR,ERR,ERR,ERR,ERR,ERR,ERR,ERR,ERR,ERR,ERR,ERR,ERR,ERR,ERR,ERR,ERR,ERR,ERR,ERR,ERR,ERR,ERR,ERR,ERR,ERR,ERR,ERR,ERR,ERR,ERR,ERR,ERR,ERR,ERR,ERR,ERR,ERR,ERR,ERR,ERR,ERR,ERR,ERR,ERR,ERR,ERR,ERR,ERR,ERR,ERR,ERR,ERR,ERR,ERR,ERR,ERR,ERR,ERR,ERR,ERR,ERR,ERR,ERR,ERR,ERR,ERR,ERR,ERR,ERR,ERR,ERR,ERR,ERR,ERR,ERR,ERR,ERR,ERR,ERR,ERR,ERR,ERR,ERR,ERR,ERR,ERR,2.718450016850437e+23,-0.0,2.8364315368646023e+23,-107613408.0,-4.209512871143983e+25,3.5446687873625175e+27,0.0,-0.0,5800,0,8,17278,5800,14723891331072.0,100,0.0,0.0,-107613408.0,0.0,1.9056969178834534e+17,0,0,0,0,nan,0,0,0,0,0,0,0,0,0,0,0,0,0,0,0,0,0,0,0,0,0,0,0,0,0,0,0,0,0,0,0,0,0,10,52,51,61,65476,614,65476,1,0,4,21553,0.0,0.0,0.0,0.0,0.0,0.0,0.0,0.0,0.0,0.0,0.0,0.0,0.0,0.0,0.0,0.0,0.0,0.0,0.0,0.0,0.0,2.004,3.697074423243316e+19,-0.0,-0.0,0.0,0.0,0.0,0.0,0.0,6641.0,0.0,0.0,2.718450016850437e+23,-0.0,-107616232.0,2.7184545204500644e+23,-0.0,0.0,2.004,2.004,245,5.848082620734646e+35,-0.0,0.0,0.0,0.0,0.0,0.0,0.0,0.0,0,0,0,-5.538796317141938e+25,0.0,0.0,-141.258,-314.527,0.0,0.0,1.3943834936170716e+36,1.2638979239993369e+25,3.271258748621947e+17,-2.7144691448580802e+29,-0.0,-0.0,-0.0,0.0,0.0,0,1.3516416376850534e+27,245,0.0,490,-30771013632.0,-0.0,2050,52429,17150,39322,17152,39322,17144,0,0,0,105,99,100,0.0,69.4,-107615312.0,69.3,-0.0,69.0,1,47,48,180,0,13107,0,0,0.0,0.0,0.0,60.0,-342548.625,74.0,0.0,-7.775968598801823e+28,0.0,1270,0,1276,0,0,0,1274,0,1286,0,1243,0,693,0,694,0,690,0,689,0.032,1.3305260699995496e+34,2.004,-107615304.0,27024,16828,-89797066752.0,-0.0,-5.1162520588315856e+33,-0.0,0.485,-0.0,70.0,60.0,66,0.0,0.0,10.0,2.0,0.0,0.0,0.0,0.0,0.0,0.0,0.0,0.0,0.0,0.0,0.0,0.0,65.6,68,16,65516,48,65476,0,300,0,0,8,20529,65476,0,0,36700,60.0,0.0,10.0,10.0,2.0,0.0
2026-02-05T14:21:42,ERR,ERR,ERR,ERR,ERR,ERR,ERR,ERR,ERR,ERR,ERR,ERR,ERR,ERR,ERR,ERR,ERR,ERR,ERR,ERR,ERR,ERR,ERR,ERR,ERR,ERR,ERR,ERR,ERR,ERR,ERR,ERR,ERR,ERR,ERR,ERR,ERR,ERR,ERR,ERR,ERR,ERR,ERR,ERR,ERR,ERR,ERR,ERR,ERR,ERR,ERR,ERR,ERR,ERR,ERR,ERR,ERR,ERR,ERR,ERR,ERR,ERR,ERR,ERR,ERR,ERR,ERR,ERR,ERR,ERR,ERR,ERR,ERR,ERR,ERR,ERR,ERR,ERR,ERR,ERR,ERR,ERR,ERR,ERR,ERR,ERR,ERR,ERR,ERR,ERR,ERR,ERR,ERR,ERR,ERR,ERR,ERR,ERR,ERR,ERR,ERR,ERR,ERR,ERR,ERR,ERR,ERR,ERR,ERR,ERR,ERR,ERR,ERR,ERR,ERR,ERR,ERR,ERR,ERR,ERR,ERR,ERR,ERR,ERR,ERR,2.718450016850437e+23,-0.0,2.8364315368646023e+23,-107613408.0,-4.209512871143983e+25,3.5446687873625175e+27,0.0,-0.0,5800,0,8,17278,5800,14723891331072.0,100,0.0,0.0,-107613408.0,0.0,1.9056969178834534e+17,0,0,0,0,nan,0,0,0,0,0,0,0,0,0,0,0,0,0,0,0,0,0,0,0,0,0,0,0,0,0,0,0,0,0,0,0,0,0,10,52,51,61,65476,614,65476,1,0,4,21553,0.0,0.0,0.0,0.0,0.0,0.0,0.0,0.0,0.0,0.0,0.0,0.0,0.0,0.0,0.0,0.0,0.0,0.0,0.0,0.0,0.0,2.004,3.697074423243316e+19,-0.0,-0.0,0.0,0.0,0.0,0.0,0.0,6641.0,0.0,0.0,2.718450016850437e+23,-0.0,-107616232.0,2.7184545204500644e+23,-0.0,0.0,2.004,2.004,245,5.848082620734646e+35,-0.0,0.0,0.0,0.0,0.0,0.0,0.0,0.0,0,0,0,-5.538796317141938e+25,0.0,0.0,-141.258,-314.527,0.0,0.0,1.3943834936170716e+36,1.2638979239993369e+25,3.271258748621947e+17,-2.7144691448580802e+29,-0.0,-0.0,-0.0,0.0,0.0,0,1.3516416376850534e+27,245,0.0,490,-30771013632.0,-0.0,2050,52429,17150,39322,17152,39322,17144,0,0,0,105,99,100,0.0,69.4,-107615312.0,69.3,-0.0,69.0,1,47,48,180,0,13107,0,0,0.0,0.0,0.0,60.0,-342548.625,74.0,0.0,-7.775968598801823e+28,0.0,1270,0,1276,0,0,0,1274,0,1286,0,1243,0,693,0,694,0,690,0,689,0.032,1.3305260699995496e+34,2.004,-107615304.0,27024,16828,-89797066752.0,-0.0,-5.1162520588315856e+33,-0.0,0.485,-0.0,70.0,60.0,66,0.0,0.0,10.0,2.0,0.0,0.0,0.0,0.0,0.0,0.0,0.0,0.0,0.0,0.0,0.0,0.0,66.0,68,16,65516,48,65476,0,300,0,0,8,20529,65476,0,0,36700,60.0,0.0,10.0,10.0,2.0,0.0
2026-02-05T14:21:43,ERR,ERR,ERR,ERR,ERR,ERR,ERR,ERR,ERR,ERR,ERR,ERR,ERR,ERR,ERR,ERR,ERR,ERR,ERR,ERR,ERR,ERR,ERR,ERR,ERR,ERR,ERR,ERR,ERR,ERR,ERR,ERR,ERR,ERR,ERR,ERR,ERR,ERR,ERR,ERR,ERR,ERR,ERR,ERR,ERR,ERR,ERR,ERR,ERR,ERR,ERR,ERR,ERR,ERR,ERR,ERR,ERR,ERR,ERR,ERR,ERR,ERR,ERR,ERR,ERR,ERR,ERR,ERR,ERR,ERR,ERR,ERR,ERR,ERR,ERR,ERR,ERR,ERR,ERR,ERR,ERR,ERR,ERR,ERR,ERR,ERR,ERR,ERR,ERR,ERR,ERR,ERR,ERR,ERR,ERR,ERR,ERR,ERR,ERR,ERR,ERR,ERR,ERR,ERR,ERR,ERR,ERR,ERR,ERR,ERR,ERR,ERR,ERR,ERR,ERR,ERR,ERR,ERR,ERR,ERR,ERR,ERR,ERR,ERR,ERR,0.0,-0.0,0.0,-107613408.0,-2375651688448.0,-0.0,0.0,0.0,5800,0,8,17276,5800,-0.0,100,0.0,0.0,0.0,0.0,1.9056969178834534e+17,0,0,0,0,nan,0,0,0,0,0,0,0,0,0,0,0,0,0,0,0,0,0,0,0,0,0,0,0,0,0,0,0,0,0,0,0,0,0,10,52,51,61,65476,614,65476,1,0,4,21553,0.0,0.0,0.0,0.0,0.0,0.0,0.0,0.0,0.0,0.0,0.0,0.0,0.0,0.0,0.0,0.0,0.0,0.0,0.0,0.0,0.0,2.004,3.697074423243316e+19,-0.0,-0.0,-0.0,0.0,0.0,0.0,0.0,6612.0,-1.0406715705571685e+34,0.0,0.0,-0.0,-107616232.0,-2.7184545204500644e+23,-0.0,0.0,2.004,2.004,245,-0.0,4.950424729324142e+32,0.0,0.0,0.0,0.0,0.0,0.0,0.0,0,0,0,-0.0,-0.001,-47315349504.0,6.867245973461263e+35,-0.0,2260.138,-0.0,1.0651810421597734e+27,-7.157629959557892e+28,4.1494606759591936e+17,-3.2254050197881835e+29,-0.0,-0.0,-0.0,0.0,0.001,0,1.3516416376850534e+27,245,0.0,490,0.0,-0.0,2050,52429,17150,39322,17152,39322,17144,0,0,0,105,99,100,0.0,69.4,-107615312.0,69.3,-0.0,69.0,1,47,48,180,0,13107,0,0,0.0,0.0,0.0,60.0,-342548.625,74.0,0.0,-7.775968598801823e+28,0.0,1270,0,1276,0,0,0,1274,0,1286,0,1243,0,693,0,694,0,690,0,689,0.032,1.3305260699995496e+34,2.004,-107615304.0,27024,16828,-89797066752.0,-0.0,-5.1162520588315856e+33,-0.0,0.485,-0.0,70.0,60.0,66,0.0,0.0,10.0,2.0,0.0,0.0,0.0,0.0,0.0,0.0,0.0,0.0,0.0,0.0,0.0,0.0,66.0,68,16,65516,48,65476,0,300,0,0,8,20529,65476,0,0,36700,60.0,0.0,10.0,10.0,2.0,0.0
2026-02-05T14:21:44,ERR,ERR,ERR,ERR,ERR,ERR,ERR,ERR,ERR,ERR,ERR,ERR,ERR,ERR,ERR,ERR,ERR,ERR,ERR,ERR,ERR,ERR,ERR,ERR,ERR,ERR,ERR,ERR,ERR,ERR,ERR,ERR,ERR,ERR,ERR,ERR,ERR,ERR,ERR,ERR,ERR,ERR,ERR,ERR,ERR,ERR,ERR,ERR,ERR,ERR,ERR,ERR,ERR,ERR,ERR,ERR,ERR,ERR,ERR,ERR,ERR,ERR,ERR,ERR,ERR,ERR,ERR,ERR,ERR,ERR,ERR,ERR,ERR,ERR,ERR,ERR,ERR,ERR,ERR,ERR,ERR,ERR,ERR,ERR,ERR,ERR,ERR,ERR,ERR,ERR,ERR,ERR,ERR,ERR,ERR,ERR,ERR,ERR,ERR,ERR,ERR,ERR,ERR,ERR,ERR,ERR,ERR,ERR,ERR,ERR,ERR,ERR,ERR,ERR,ERR,ERR,ERR,ERR,ERR,ERR,ERR,ERR,ERR,ERR,ERR,0.0,-0.0,0.0,-107613408.0,-2375651688448.0,-0.0,0.0,0.0,5800,0,8,17276,5800,-0.0,100,0.0,0.0,0.0,0.0,1.9056969178834534e+17,0,0,0,0,nan,0,0,0,0,0,0,0,0,0,0,0,0,0,0,0,0,0,0,0,0,0,0,0,0,0,0,0,0,0,0,0,0,0,10,52,51,61,65476,614,65476,1,0,4,21553,0.0,0.0,0.0,0.0,0.0,0.0,0.0,0.0,0.0,0.0,0.0,0.0,0.0,0.0,0.0,0.0,0.0,0.0,0.0,0.0,0.0,2.004,3.697074423243316e+19,-0.0,-0.0,-0.0,0.0,0.0,0.0,0.0,6612.0,-1.0406715705571685e+34,0.0,0.0,-0.0,-107616232.0,-2.7184545204500644e+23,-0.0,0.0,2.004,2.004,245,-0.0,4.950424729324142e+32,0.0,0.0,0.0,0.0,0.0,0.0,0.0,0,0,0,-0.0,-0.001,-47315349504.0,6.867245973461263e+35,-0.0,2260.138,-0.0,1.0651810421597734e+27,-7.157629959557892e+28,4.1494606759591936e+17,-3.2254050197881835e+29,-0.0,-0.0,-0.0,0.0,0.001,0,1.3516416376850534e+27,245,0.0,490,0.0,-0.0,2050,52429,17150,39322,17152,39322,17144,0,0,0,105,99,100,0.0,69.4,-107615312.0,69.3,-0.0,69.0,1,47,48,180,0,13107,0,0,0.0,0.0,0.0,60.0,-342548.625,74.0,0.0,-7.775968598801823e+28,0.0,1270,0,1276,0,0,0,1274,0,1286,0,1243,0,693,0,694,0,690,0,689,0.032,1.3305260699995496e+34,2.004,-107615304.0,27024,16828,-89797066752.0,-0.0,-5.1162520588315856e+33,-0.0,0.485,-0.0,70.0,60.0,66,0.0,0.0,10.0,2.0,0.0,0.0,0.0,0.0,0.0,0.0,0.0,0.0,0.0,0.0,0.0,0.0,65.6,68,16,65516,48,65476,0,300,0,0,8,20529,65476,0,0,38011,60.0,0.0,10.0,10.0,2.0,0.0
2026-02-05T14:21:45,ERR,ERR,ERR,ERR,ERR,ERR,ERR,ERR,ERR,ERR,ERR,ERR,ERR,ERR,ERR,ERR,ERR,ERR,ERR,ERR,ERR,ERR,ERR,ERR,ERR,ERR,ERR,ERR,ERR,ERR,ERR,ERR,ERR,ERR,ERR,ERR,ERR,ERR,ERR,ERR,ERR,ERR,ERR,ERR,ERR,ERR,ERR,ERR,ERR,ERR,ERR,ERR,ERR,ERR,ERR,ERR,ERR,ERR,ERR,ERR,ERR,ERR,ERR,ERR,ERR,ERR,ERR,ERR,ERR,ERR,ERR,ERR,ERR,ERR,ERR,ERR,ERR,ERR,ERR,ERR,ERR,ERR,ERR,ERR,ERR,ERR,ERR,ERR,ERR,ERR,ERR,ERR,ERR,ERR,ERR,ERR,ERR,ERR,ERR,ERR,ERR,ERR,ERR,ERR,ERR,ERR,ERR,ERR,ERR,ERR,ERR,ERR,ERR,ERR,ERR,ERR,ERR,ERR,ERR,ERR,ERR,ERR,ERR,ERR,ERR,0.0,-0.0,0.0,-107613408.0,-2375651688448.0,-0.0,0.0,0.0,5800,0,8,17276,5800,-0.0,100,0.0,0.0,0.0,0.0,1.9056969178834534e+17,0,0,0,0,nan,0,0,0,0,0,0,0,0,0,0,0,0,0,0,0,0,0,0,0,0,0,0,0,0,0,0,0,0,0,0,0,0,0,10,52,51,61,65476,614,65476,1,0,4,21553,0.0,0.0,0.0,0.0,0.0,0.0,0.0,0.0,0.0,0.0,0.0,0.0,0.0,0.0,0.0,0.0,0.0,0.0,0.0,0.0,0.0,2.004,3.697074423243316e+19,-0.0,-0.0,-0.0,0.0,0.0,0.0,0.0,6612.0,-1.0406715705571685e+34,0.0,0.0,-0.0,-107616232.0,-2.7184545204500644e+23,-0.0,0.0,2.004,2.004,245,-0.0,4.950424729324142e+32,0.0,0.0,0.0,0.0,0.0,0.0,0.0,0,0,0,-0.0,-0.001,-47315349504.0,6.867245973461263e+35,-0.0,2260.138,-0.0,1.0651810421597734e+27,-7.157629959557892e+28,4.1494606759591936e+17,-3.2254050197881835e+29,-0.0,-0.0,-0.0,0.0,0.001,0,1.3516416376850534e+27,245,0.0,490,0.0,-0.0,2050,52429,17150,39322,17152,39322,17144,0,0,0,105,99,100,0.0,69.4,-107615312.0,69.3,-0.0,69.0,1,47,48,180,0,13107,0,0,0.0,0.0,0.0,60.0,-1919835885797376.0,74.0,0.0,1.5180555185818031e+29,0.0,1270,0,1276,0,0,0,1274,0,1286,0,1243,0,693,0,694,0,690,0,690,0.032,1.3305260699995496e+34,-0.0,0.0,19216,16828,-98437.156,-0.0,-335545827328.0,-1.254895991290029e+27,0.0,2.356060476186588e+38,70.0,60.0,66,0.0,0.0,10.0,2.0,0.0,0.0,0.0,0.0,0.0,0.0,0.0,0.0,0.0,0.0,0.0,0.0,65.6,68,16,65516,48,65476,0,300,0,0,8,20529,65476,0,0,38011,60.0,0.0,10.0,10.0,2.0,0.0
2026-02-05T14:21:46,ERR,ERR,ERR,ERR,ERR,ERR,ERR,ERR,ERR,ERR,ERR,ERR,ERR,ERR,ERR,ERR,ERR,ERR,ERR,ERR,ERR,ERR,ERR,ERR,ERR,ERR,ERR,ERR,ERR,ERR,ERR,ERR,ERR,ERR,ERR,ERR,ERR,ERR,ERR,ERR,ERR,ERR,ERR,ERR,ERR,ERR,ERR,ERR,ERR,ERR,ERR,ERR,ERR,ERR,ERR,ERR,ERR,ERR,ERR,ERR,ERR,ERR,ERR,ERR,ERR,ERR,ERR,ERR,ERR,ERR,ERR,ERR,ERR,ERR,ERR,ERR,ERR,ERR,ERR,ERR,ERR,ERR,ERR,ERR,ERR,ERR,ERR,ERR,ERR,ERR,ERR,ERR,ERR,ERR,ERR,ERR,ERR,ERR,ERR,ERR,ERR,ERR,ERR,ERR,ERR,ERR,ERR,ERR,ERR,ERR,ERR,ERR,ERR,ERR,ERR,ERR,ERR,ERR,ERR,ERR,ERR,ERR,ERR,ERR,ERR,0.0,-0.0,0.0,-107613408.0,-2375651688448.0,-0.0,0.0,0.0,5800,0,8,17276,5800,-0.0,100,0.0,0.0,0.0,0.0,1.9056969178834534e+17,0,0,0,0,nan,0,0,0,0,0,0,0,0,0,0,0,0,0,0,0,0,0,0,0,0,0,0,0,0,0,0,0,0,0,0,0,0,0,10,52,51,61,65476,614,65476,1,0,4,21553,0.0,0.0,0.0,0.0,0.0,0.0,0.0,0.0,0.0,0.0,0.0,0.0,0.0,0.0,0.0,0.0,0.0,0.0,0.0,0.0,0.0,2.004,3.697074423243316e+19,-0.0,-0.0,-0.0,0.0,0.0,0.0,0.0,6612.0,-1.0406715705571685e+34,0.0,0.0,-0.0,-107616232.0,-2.7184545204500644e+23,-0.0,0.0,2.004,2.004,245,-0.0,4.950424729324142e+32,0.0,0.0,0.0,0.0,0.0,0.0,0.0,0,0,0,-0.0,-0.001,-47315349504.0,6.867245973461263e+35,-0.0,2260.138,-0.0,1.0651810421597734e+27,-7.157629959557892e+28,4.1494606759591936e+17,-3.2254050197881835e+29,-0.0,-0.0,-0.0,0.0,0.001,0,1.3516416376850534e+27,245,0.0,490,0.0,-0.0,2050,52429,17150,39322,17152,39322,17144,0,0,0,105,99,100,0.0,69.4,-107615312.0,69.3,-0.0,69.0,1,47,48,180,0,13107,0,0,0.0,0.0,0.0,60.0,-1919835885797376.0,74.0,0.0,1.5180555185818031e+29,0.0,1270,0,1276,0,0,0,1274,0,1286,0,1243,0,693,0,694,0,690,0,690,0.032,1.3305260699995496e+34,-0.0,0.0,19216,16828,-98437.156,-0.0,-335545827328.0,-1.254895991290029e+27,0.0,2.356060476186588e+38,70.0,60.0,66,0.0,0.0,10.0,2.0,0.0,0.0,0.0,0.0,0.0,0.0,0.0,0.0,0.0,0.0,0.0,0.0,66.0,68,16,65516,48,65476,0,300,0,0,8,20529,65476,0,0,36700,60.0,0.0,10.0,10.0,2.0,0.0
2026-02-05T14:21:47,ERR,ERR,ERR,ERR,ERR,ERR,ERR,ERR,ERR,ERR,ERR,ERR,ERR,ERR,ERR,ERR,ERR,ERR,ERR,ERR,ERR,ERR,ERR,ERR,ERR,ERR,ERR,ERR,ERR,ERR,ERR,ERR,ERR,ERR,ERR,ERR,ERR,ERR,ERR,ERR,ERR,ERR,ERR,ERR,ERR,ERR,ERR,ERR,ERR,ERR,ERR,ERR,ERR,ERR,ERR,ERR,ERR,ERR,ERR,ERR,ERR,ERR,ERR,ERR,ERR,ERR,ERR,ERR,ERR,ERR,ERR,ERR,ERR,ERR,ERR,ERR,ERR,ERR,ERR,ERR,ERR,ERR,ERR,ERR,ERR,ERR,ERR,ERR,ERR,ERR,ERR,ERR,ERR,ERR,ERR,ERR,ERR,ERR,ERR,ERR,ERR,ERR,ERR,ERR,ERR,ERR,ERR,ERR,ERR,ERR,ERR,ERR,ERR,ERR,ERR,ERR,ERR,ERR,ERR,ERR,ERR,ERR,ERR,ERR,ERR,0.0,-0.0,0.0,-107613408.0,-2375651688448.0,-0.0,0.0,0.0,5800,0,8,17276,5800,-0.0,100,0.0,0.0,0.0,0.0,1.9056969178834534e+17,0,0,0,0,nan,0,0,0,0,0,0,0,0,0,0,0,0,0,0,0,0,0,0,0,0,0,0,0,0,0,0,0,0,0,0,0,0,0,10,52,51,61,65476,614,65476,1,0,4,21553,0.0,0.0,0.0,0.0,0.0,0.0,0.0,0.0,0.0,0.0,0.0,0.0,0.0,0.0,0.0,0.0,0.0,0.0,0.0,0.0,0.0,2.004,3.697074423243316e+19,-0.0,-0.0,-0.0,0.0,0.0,0.0,0.0,6612.0,-1.0406715705571685e+34,0.0,0.0,-0.0,-107616232.0,-2.7184545204500644e+23,-0.0,0.0,2.004,2.004,245,-0.0,4.950424729324142e+32,0.0,0.0,0.0,0.0,0.0,0.0,0.0,0,0,0,-0.0,-0.001,-47315349504.0,6.867245973461263e+35,-0.0,2260.138,-0.0,1.0651810421597734e+27,-7.157629959557892e+28,4.1494606759591936e+17,-3.2254050197881835e+29,-0.0,-0.0,-0.0,0.0,0.001,0,1.3516416376850534e+27,245,0.0,490,0.0,-0.0,2050,52429,17150,39322,17152,39322,17144,0,0,0,105,99,100,0.0,69.4,-107615312.0,69.3,-0.0,69.0,1,47,48,180,0,13107,0,0,0.0,0.0,0.0,60.0,-1919835885797376.0,74.0,0.0,1.5180555185818031e+29,0.0,1270,0,1276,0,0,0,1274,0,1286,0,1243,0,693,0,694,0,690,0,690,0.032,1.3305260699995496e+34,-0.0,0.0,19216,16828,-98437.156,-0.0,-335545827328.0,-1.254895991290029e+27,0.0,2.356060476186588e+38,70.0,60.0,66,0.0,0.0,10.0,2.0,0.0,0.0,0.0,0.0,0.0,0.0,0.0,0.0,0.0,0.0,0.0,0.0,65.6,68,16,65516,48,65476,0,300,0,0,8,20529,65476,0,0,32768,60.0,0.0,10.0,10.0,2.0,0.0
2026-02-05T14:21:48,ERR,ERR,ERR,ERR,ERR,ERR,ERR,ERR,ERR,ERR,ERR,ERR,ERR,ERR,ERR,ERR,ERR,ERR,ERR,ERR,ERR,ERR,ERR,ERR,ERR,ERR,ERR,ERR,ERR,ERR,ERR,ERR,ERR,ERR,ERR,ERR,ERR,ERR,ERR,ERR,ERR,ERR,ERR,ERR,ERR,ERR,ERR,ERR,ERR,ERR,ERR,ERR,ERR,ERR,ERR,ERR,ERR,ERR,ERR,ERR,ERR,ERR,ERR,ERR,ERR,ERR,ERR,ERR,ERR,ERR,ERR,ERR,ERR,ERR,ERR,ERR,ERR,ERR,ERR,ERR,ERR,ERR,ERR,ERR,ERR,ERR,ERR,ERR,ERR,ERR,ERR,ERR,ERR,ERR,ERR,ERR,ERR,ERR,ERR,ERR,ERR,ERR,ERR,ERR,ERR,ERR,ERR,ERR,ERR,ERR,ERR,ERR,ERR,ERR,ERR,ERR,ERR,ERR,ERR,ERR,ERR,ERR,ERR,ERR,ERR,0.0,-0.0,0.0,-107613408.0,-2375651688448.0,-0.0,0.0,0.0,5800,0,8,17276,5800,-0.0,100,0.0,0.0,0.0,0.0,1.9056969178834534e+17,0,0,0,0,nan,0,0,0,0,0,0,0,0,0,0,0,0,0,0,0,0,0,0,0,0,0,0,0,0,0,0,0,0,0,0,0,0,0,10,52,51,61,65476,614,65476,1,0,4,21553,0.0,0.0,0.0,0.0,0.0,0.0,0.0,0.0,0.0,0.0,0.0,0.0,0.0,0.0,0.0,0.0,0.0,0.0,0.0,0.0,0.0,2.004,3.697074423243316e+19,-0.0,-0.0,-0.0,0.0,0.0,0.0,0.0,6612.0,-1.0406715705571685e+34,0.0,0.0,-0.0,-107616232.0,-2.7184545204500644e+23,-0.0,0.0,2.004,2.004,245,-0.0,4.950424729324142e+32,0.0,0.0,0.0,0.0,0.0,0.0,0.0,0,0,0,-0.0,-0.001,-47315349504.0,6.867245973461263e+35,-0.0,2260.138,-0.0,1.0651810421597734e+27,-7.157629959557892e+28,4.1494606759591936e+17,-3.2254050197881835e+29,-0.0,-0.0,-0.0,0.0,0.001,0,1.3516416376850534e+27,245,0.0,490,0.0,-0.0,2050,52429,17150,39322,17152,39322,17144,0,0,0,105,99,100,0.0,69.4,-107615312.0,69.3,-0.0,69.0,1,47,48,180,0,13107,0,0,0.0,0.0,0.0,60.0,-1919835885797376.0,74.0,0.0,1.5180555185818031e+29,0.0,1270,0,1276,0,0,0,1274,0,1286,0,1243,0,693,0,694,0,690,0,690,0.032,1.3305260699995496e+34,-0.0,0.0,19216,16828,-98437.156,-0.0,-335545827328.0,-1.254895991290029e+27,0.0,2.356060476186588e+38,70.0,60.0,66,0.0,0.0,10.0,2.0,0.0,0.0,0.0,0.0,0.0,0.0,0.0,0.0,0.0,0.0,0.0,0.0,65.6,68,16,65516,48,65476,0,300,0,0,8,20529,65476,0,0,32768,60.0,0.0,10.0,10.0,2.0,0.0
2026-02-05T14:21:49,ERR,ERR,ERR,ERR,ERR,ERR,ERR,ERR,ERR,ERR,ERR,ERR,ERR,ERR,ERR,ERR,ERR,ERR,ERR,ERR,ERR,ERR,ERR,ERR,ERR,ERR,ERR,ERR,ERR,ERR,ERR,ERR,ERR,ERR,ERR,ERR,ERR,ERR,ERR,ERR,ERR,ERR,ERR,ERR,ERR,ERR,ERR,ERR,ERR,ERR,ERR,ERR,ERR,ERR,ERR,ERR,ERR,ERR,ERR,ERR,ERR,ERR,ERR,ERR,ERR,ERR,ERR,ERR,ERR,ERR,ERR,ERR,ERR,ERR,ERR,ERR,ERR,ERR,ERR,ERR,ERR,ERR,ERR,ERR,ERR,ERR,ERR,ERR,ERR,ERR,ERR,ERR,ERR,ERR,ERR,ERR,ERR,ERR,ERR,ERR,ERR,ERR,ERR,ERR,ERR,ERR,ERR,ERR,ERR,ERR,ERR,ERR,ERR,ERR,ERR,ERR,ERR,ERR,ERR,ERR,ERR,ERR,ERR,ERR,ERR,2.718450016850437e+23,-0.0,2.8364315368646023e+23,-107613408.0,-4.209512871143983e+25,0.0,-510784689930240.0,-8.4821645434759395e+37,5800,0,8,17275,5800,-0.0,100,0.0,0.0,-107613408.0,0.0,1.9056969178834534e+17,0,0,0,0,nan,0,0,0,0,0,0,0,0,0,0,0,0,0,0,0,0,0,0,0,0,0,0,0,0,0,0,0,0,0,0,0,0,0,10,52,51,61,65476,614,65476,1,0,4,21553,0.0,-107613536.0,0.0,0.0,0.0,0.0,0.0,0.0,0.0,0.0,0.0,0.0,0.0,0.0,0.0,0.0,0.0,0.0,0.0,0.0,0.0,2.004,3.697074423243316e+19,-0.0,-0.0,2.004,0.0,0.0,0.0,0.0,6642.0,0.0,0.0,2.718450016850437e+23,-0.0,-107616232.0,-0.0,-0.0,0.0,2.004,2.004,242,-0.0,-0.0,0.0,0.0,0.0,0.0,0.0,0.0,0.0,0,0,0,-0.023,-5.2258039062603e+37,-1.2702593110312303e+30,0.0,-1.994,-0.0,2.3386225294702543e+19,1.392687717180611e+19,0.0,5.02766260329644e+17,-4.19099825043078e+29,-0.0,-0.0,-0.0,0.0,-0.0,0,1.3516416376850534e+27,242,0.0,484,-0.0,-68.128,2050,52429,17150,39322,17152,39322,17144,0,0,0,105,99,100,0.0,69.4,-107615312.0,69.3,-0.0,69.0,1,47,48,180,0,13107,0,0,0.0,0.0,0.0,60.0,-0.0,74.0,0.0,9.6849166892664e+21,0.0,1270,0,1276,0,0,0,1274,0,1286,0,1243,0,693,0,694,0,690,0,691,0.032,1.3386390338410102e+34,-2.004,0.0,27536,16828,-0.0,9.6849166892664e+21,1.162848436748288e+16,0.0,-0.0,0.0,70.0,60.0,66,0.0,0.0,10.0,2.0,0.0,0.0,0.0,0.0,0.0,0.0,0.0,0.0,0.0,0.0,0.0,0.0,65.6,68,16,65516,48,65476,0,300,0,0,8,20529,65476,0,0,39322,60.0,0.0,10.0,10.0,2.0,0.0
2026-02-05T14:21:50,ERR,ERR,ERR,ERR,ERR,ERR,ERR,ERR,ERR,ERR,ERR,ERR,ERR,ERR,ERR,ERR,ERR,ERR,ERR,ERR,ERR,ERR,ERR,ERR,ERR,ERR,ERR,ERR,ERR,ERR,ERR,ERR,ERR,ERR,ERR,ERR,ERR,ERR,ERR,ERR,ERR,ERR,ERR,ERR,ERR,ERR,ERR,ERR,ERR,ERR,ERR,ERR,ERR,ERR,ERR,ERR,ERR,ERR,ERR,ERR,ERR,ERR,ERR,ERR,ERR,ERR,ERR,ERR,ERR,ERR,ERR,ERR,ERR,ERR,ERR,ERR,ERR,ERR,ERR,ERR,ERR,ERR,ERR,ERR,ERR,ERR,ERR,ERR,ERR,ERR,ERR,ERR,ERR,ERR,ERR,ERR,ERR,ERR,ERR,ERR,ERR,ERR,ERR,ERR,ERR,ERR,ERR,ERR,ERR,ERR,ERR,ERR,ERR,ERR,ERR,ERR,ERR,ERR,ERR,ERR,ERR,ERR,ERR,ERR,ERR,2.718450016850437e+23,-0.0,2.8364315368646023e+23,-107613408.0,-4.209512871143983e+25,0.0,-510784689930240.0,-8.4821645434759395e+37,5800,0,8,17275,5800,-0.0,100,0.0,0.0,-107613408.0,0.0,1.9056969178834534e+17,0,0,0,0,nan,0,0,0,0,0,0,0,0,0,0,0,0,0,0,0,0,0,0,0,0,0,0,0,0,0,0,0,0,0,0,0,0,0,10,52,51,61,65476,614,65476,1,0,4,21553,0.0,-107613536.0,0.0,0.0,0.0,0.0,0.0,0.0,0.0,0.0,0.0,0.0,0.0,0.0,0.0,0.0,0.0,0.0,0.0,0.0,0.0,2.004,3.697074423243316e+19,-0.0,-0.0,2.004,0.0,0.0,0.0,0.0,6642.0,0.0,0.0,2.718450016850437e+23,-0.0,-107616232.0,-0.0,-0.0,0.0,2.004,2.004,242,-0.0,-0.0,0.0,0.0,0.0,0.0,0.0,0.0,0.0,0,0,0,-0.023,-5.2258039062603e+37,-1.2702593110312303e+30,0.0,-1.994,-0.0,2.3386225294702543e+19,1.392687717180611e+19,0.0,5.02766260329644e+17,-4.19099825043078e+29,-0.0,-0.0,-0.0,0.0,-0.0,0,1.3516416376850534e+27,242,0.0,484,-0.0,-68.128,2050,52429,17150,39322,17152,39322,17144,0,0,0,105,99,100,0.0,69.4,-107615312.0,69.3,-0.0,69.0,1,47,48,180,0,13107,0,0,0.0,0.0,0.0,60.0,-0.0,74.0,0.0,9.6849166892664e+21,0.0,1270,0,1276,0,0,0,1274,0,1286,0,1243,0,693,0,694,0,690,0,691,0.032,1.3386390338410102e+34,-2.004,0.0,27536,16828,-0.0,9.6849166892664e+21,1.162848436748288e+16,0.0,-0.0,0.0,70.0,60.0,66,0.0,0.0,10.0,2.0,0.0,0.0,0.0,0.0,0.0,0.0,0.0,0.0,0.0,0.0,0.0,0.0,65.6,68,16,65516,48,65476,0,300,0,0,8,20529,65476,0,0,39322,60.0,0.0,10.0,10.0,2.0,0.0
2026-02-05T14:21:51,ERR,ERR,ERR,ERR,ERR,ERR,ERR,ERR,ERR,ERR,ERR,ERR,ERR,ERR,ERR,ERR,ERR,ERR,ERR,ERR,ERR,ERR,ERR,ERR,ERR,ERR,ERR,ERR,ERR,ERR,ERR,ERR,ERR,ERR,ERR,ERR,ERR,ERR,ERR,ERR,ERR,ERR,ERR,ERR,ERR,ERR,ERR,ERR,ERR,ERR,ERR,ERR,ERR,ERR,ERR,ERR,ERR,ERR,ERR,ERR,ERR,ERR,ERR,ERR,ERR,ERR,ERR,ERR,ERR,ERR,ERR,ERR,ERR,ERR,ERR,ERR,ERR,ERR,ERR,ERR,ERR,ERR,ERR,ERR,ERR,ERR,ERR,ERR,ERR,ERR,ERR,ERR,ERR,ERR,ERR,ERR,ERR,ERR,ERR,ERR,ERR,ERR,ERR,ERR,ERR,ERR,ERR,ERR,ERR,ERR,ERR,ERR,ERR,ERR,ERR,ERR,ERR,ERR,ERR,ERR,ERR,ERR,ERR,ERR,ERR,2.718450016850437e+23,-0.0,2.8364315368646023e+23,-107613408.0,-4.209512871143983e+25,0.0,-510784689930240.0,-8.4821645434759395e+37,5800,0,8,17275,5800,-0.0,100,0.0,0.0,-107613408.0,0.0,1.9056969178834534e+17,0,0,0,0,nan,0,0,0,0,0,0,0,0,0,0,0,0,0,0,0,0,0,0,0,0,0,0,0,0,0,0,0,0,0,0,0,0,0,10,52,51,61,65476,614,65476,1,0,4,21553,0.0,-107613536.0,0.0,0.0,0.0,0.0,0.0,0.0,0.0,0.0,0.0,0.0,0.0,0.0,0.0,0.0,0.0,0.0,0.0,0.0,0.0,2.004,3.697074423243316e+19,-0.0,-0.0,2.004,0.0,0.0,0.0,0.0,6642.0,0.0,0.0,2.718450016850437e+23,-0.0,-107616232.0,-0.0,-0.0,0.0,2.004,2.004,242,-0.0,-0.0,0.0,0.0,0.0,0.0,0.0,0.0,0.0,0,0,0,-0.023,-5.2258039062603e+37,-1.2702593110312303e+30,0.0,-1.994,-0.0,2.3386225294702543e+19,1.392687717180611e+19,0.0,5.02766260329644e+17,-4.19099825043078e+29,-0.0,-0.0,-0.0,0.0,-0.0,0,1.3516416376850534e+27,242,0.0,484,-0.0,-68.128,2050,52429,17150,39322,17152,39322,17144,0,0,0,105,99,100,0.0,69.4,-107615312.0,69.3,-0.0,69.0,1,47,48,180,0,13107,0,0,0.0,0.0,0.0,60.0,-0.0,74.0,0.0,9.6849166892664e+21,0.0,1270,0,1276,0,0,0,1274,0,1286,0,1243,0,693,0,694,0,690,0,691,0.032,1.3386390338410102e+34,-2.004,0.0,27536,16828,-0.0,9.6849166892664e+21,1.162848436748288e+16,0.0,-0.0,0.0,70.0,60.0,66,0.0,0.0,10.0,2.0,0.0,0.0,0.0,0.0,0.0,0.0,0.0,0.0,0.0,0.0,0.0,0.0,65.6,68,16,65516,48,65476,0,300,0,0,8,20529,65476,0,0,34079,60.0,0.0,10.0,10.0,2.0,0.0
2026-02-05T14:21:52,ERR,ERR,ERR,ERR,ERR,ERR,ERR,ERR,ERR,ERR,ERR,ERR,ERR,ERR,ERR,ERR,ERR,ERR,ERR,ERR,ERR,ERR,ERR,ERR,ERR,ERR,ERR,ERR,ERR,ERR,ERR,ERR,ERR,ERR,ERR,ERR,ERR,ERR,ERR,ERR,ERR,ERR,ERR,ERR,ERR,ERR,ERR,ERR,ERR,ERR,ERR,ERR,ERR,ERR,ERR,ERR,ERR,ERR,ERR,ERR,ERR,ERR,ERR,ERR,ERR,ERR,ERR,ERR,ERR,ERR,ERR,ERR,ERR,ERR,ERR,ERR,ERR,ERR,ERR,ERR,ERR,ERR,ERR,ERR,ERR,ERR,ERR,ERR,ERR,ERR,ERR,ERR,ERR,ERR,ERR,ERR,ERR,ERR,ERR,ERR,ERR,ERR,ERR,ERR,ERR,ERR,ERR,ERR,ERR,ERR,ERR,ERR,ERR,ERR,ERR,ERR,ERR,ERR,ERR,ERR,ERR,ERR,ERR,ERR,ERR,2.718450016850437e+23,-0.0,2.8364315368646023e+23,-107613408.0,-4.209512871143983e+25,0.0,-510784689930240.0,-8.4821645434759395e+37,5800,0,8,17275,5800,-0.0,100,0.0,0.0,-107613408.0,0.0,1.9056969178834534e+17,0,0,0,0,nan,0,0,0,0,0,0,0,0,0,0,0,0,0,0,0,0,0,0,0,0,0,0,0,0,0,0,0,0,0,0,0,0,0,10,52,51,61,65476,614,65476,1,0,4,21553,0.0,-107613536.0,0.0,0.0,0.0,0.0,0.0,0.0,0.0,0.0,0.0,0.0,0.0,0.0,0.0,0.0,0.0,0.0,0.0,0.0,0.0,2.004,3.697074423243316e+19,-0.0,-0.0,2.004,0.0,0.0,0.0,0.0,6642.0,0.0,0.0,2.718450016850437e+23,-0.0,-107616232.0,-0.0,-0.0,0.0,2.004,2.004,242,-0.0,-0.0,0.0,0.0,0.0,0.0,0.0,0.0,0.0,0,0,0,-0.023,-5.2258039062603e+37,-1.2702593110312303e+30,0.0,-1.994,-0.0,2.3386225294702543e+19,1.392687717180611e+19,0.0,5.02766260329644e+17,-4.19099825043078e+29,-0.0,-0.0,-0.0,0.0,-0.0,0,1.3516416376850534e+27,242,0.0,484,-0.0,-68.128,2050,52429,17150,39322,17152,39322,17144,0,0,0,105,99,100,0.0,69.4,-107615312.0,69.3,-0.0,69.0,1,47,48,180,0,13107,0,0,0.0,0.0,0.0,60.0,-0.0,74.0,0.0,9.6849166892664e+21,0.0,1270,0,1276,0,0,0,1274,0,1286,0,1243,0,693,0,694,0,690,0,691,0.032,1.3386390338410102e+34,-2.004,0.0,27536,16828,-0.0,9.6849166892664e+21,1.162848436748288e+16,0.0,-0.0,0.0,70.0,60.0,66,0.0,0.0,10.0,2.0,0.0,0.0,0.0,0.0,0.0,0.0,0.0,0.0,0.0,0.0,0.0,0.0,65.6,68,16,65516,48,65476,0,300,0,0,8,20529,65476,0,0,34079,60.0,0.0,10.0,10.0,2.0,0.0
2026-02-05T14:21:53,ERR,ERR,ERR,ERR,ERR,ERR,ERR,ERR,ERR,ERR,ERR,ERR,ERR,ERR,ERR,ERR,ERR,ERR,ERR,ERR,ERR,ERR,ERR,ERR,ERR,ERR,ERR,ERR,ERR,ERR,ERR,ERR,ERR,ERR,ERR,ERR,ERR,ERR,ERR,ERR,ERR,ERR,ERR,ERR,ERR,ERR,ERR,ERR,ERR,ERR,ERR,ERR,ERR,ERR,ERR,ERR,ERR,ERR,ERR,ERR,ERR,ERR,ERR,ERR,ERR,ERR,ERR,ERR,ERR,ERR,ERR,ERR,ERR,ERR,ERR,ERR,ERR,ERR,ERR,ERR,ERR,ERR,ERR,ERR,ERR,ERR,ERR,ERR,ERR,ERR,ERR,ERR,ERR,ERR,ERR,ERR,ERR,ERR,ERR,ERR,ERR,ERR,ERR,ERR,ERR,ERR,ERR,ERR,ERR,ERR,ERR,ERR,ERR,ERR,ERR,ERR,ERR,ERR,ERR,ERR,ERR,ERR,ERR,ERR,ERR,2.718450016850437e+23,-0.0,2.8364315368646023e+23,-107613408.0,-4.209512871143983e+25,0.0,-510784689930240.0,-8.4821645434759395e+37,5800,0,8,17275,5800,-0.0,100,0.0,0.0,-107613408.0,0.0,1.9056969178834534e+17,0,0,0,0,nan,0,0,0,0,0,0,0,0,0,0,0,0,0,0,0,0,0,0,0,0,0,0,0,0,0,0,0,0,0,0,0,0,0,10,52,51,61,65476,614,65476,1,0,4,21553,0.0,-107613536.0,0.0,0.0,0.0,0.0,0.0,0.0,0.0,0.0,0.0,0.0,0.0,0.0,0.0,0.0,0.0,0.0,0.0,0.0,0.0,2.004,3.697074423243316e+19,-0.0,-0.0,2.004,0.0,0.0,0.0,0.0,6642.0,0.0,0.0,2.718450016850437e+23,-0.0,-107616232.0,-0.0,-0.0,0.0,2.004,2.004,242,-0.0,-0.0,0.0,0.0,0.0,0.0,0.0,0.0,0.0,0,0,0,-0.023,-5.2258039062603e+37,-1.2702593110312303e+30,0.0,-1.994,-0.0,2.3386225294702543e+19,1.392687717180611e+19,0.0,5.02766260329644e+17,-4.19099825043078e+29,-0.0,-0.0,-0.0,0.0,-0.0,0,1.3516416376850534e+27,242,0.0,484,-0.0,-68.128,2048,52429,17150,39322,17152,39322,17144,0,0,0,105,99,100,0.0,69.4,-107615312.0,69.3,-0.0,69.0,1,47,48,180,0,13107,0,0,0.0,0.0,0.0,60.0,-1017092547543040.0,74.0,0.0,26784.652,0.0,1270,0,1276,0,0,0,1274,0,1286,0,1243,0,693,0,694,0,690,0,692,0.032,1.322413106158089e+34,-2.004,0.0,29200,16828,-3628565539061760.0,-0.0,0.0,5.279726784606247e+24,32917751808.0,-0.0,70.0,60.0,66,0.0,0.0,10.0,2.0,0.0,0.0,0.0,0.0,0.0,0.0,0.0,0.0,0.0,0.0,0.0,0.0,65.6,68,16,65516,48,65476,0,300,0,0,8,20529,65476,0,0,38011,60.0,0.0,10.0,10.0,2.0,0.0
2026-02-05T14:21:54,ERR,ERR,ERR,ERR,ERR,ERR,ERR,ERR,ERR,ERR,ERR,ERR,ERR,ERR,ERR,ERR,ERR,ERR,ERR,ERR,ERR,ERR,ERR,ERR,ERR,ERR,ERR,ERR,ERR,ERR,ERR,ERR,ERR,ERR,ERR,ERR,ERR,ERR,ERR,ERR,ERR,ERR,ERR,ERR,ERR,ERR,ERR,ERR,ERR,ERR,ERR,ERR,ERR,ERR,ERR,ERR,ERR,ERR,ERR,ERR,ERR,ERR,ERR,ERR,ERR,ERR,ERR,ERR,ERR,ERR,ERR,ERR,ERR,ERR,ERR,ERR,ERR,ERR,ERR,ERR,ERR,ERR,ERR,ERR,ERR,ERR,ERR,ERR,ERR,ERR,ERR,ERR,ERR,ERR,ERR,ERR,ERR,ERR,ERR,ERR,ERR,ERR,ERR,ERR,ERR,ERR,ERR,ERR,ERR,ERR,ERR,ERR,ERR,ERR,ERR,ERR,ERR,ERR,ERR,ERR,ERR,ERR,ERR,ERR,ERR,2.718450016850437e+23,-0.0,2.8364315368646023e+23,-107613408.0,-4.209512871143983e+25,-0.0,5445146112.0,1.5057731878184613e+37,5800,0,8,17276,5800,14723891331072.0,100,0.0,0.0,-107613408.0,0.0,1.9056969178834534e+17,0,0,0,0,nan,0,0,0,0,0,0,0,0,0,0,0,0,0,0,0,0,0,0,0,0,0,0,0,0,0,0,0,0,0,0,0,0,0,10,52,51,61,65476,614,65476,1,0,4,21553,0.0,0.0,0.0,0.0,0.0,0.0,0.0,0.0,0.0,0.0,0.0,0.0,0.0,0.0,0.0,0.0,0.0,0.0,0.0,0.0,0.0,2.004,3.697074423243316e+19,-0.0,-0.0,-2.004,0.0,0.0,0.0,0.0,6644.0,0.0,0.0,2.718450016850437e+23,-0.0,-0.0,0.0,-0.0,0.0,2.004,2.004,243,-0.0,5.8480794516081455e+35,0.0,0.0,0.0,0.0,0.0,0.0,0.0,0,0,0,-1.229340798814734e+30,0.0,-5.07103766063073e+34,12.329,-146028272.0,-6.734416846132652e+24,0.0,1.3037516034670592e+16,1.1833326768171778e+20,6.227265523327959e+17,-5.280385485001915e+29,-0.0,-0.0,-0.0,0.0,0.0,0,1.3516416376850534e+27,243,0.0,486,0.0,0.0,2048,52429,17150,39322,17152,39322,17144,0,0,0,105,99,100,0.0,69.4,-107615312.0,69.3,-0.0,69.0,1,47,48,180,0,13107,0,0,0.0,0.0,0.0,60.0,-1017092547543040.0,74.0,0.0,26784.652,0.0,1270,0,1276,0,0,0,1274,0,1286,0,1243,0,693,0,694,0,690,0,692,0.032,1.322413106158089e+34,-2.004,0.0,29200,16828,-3628565539061760.0,-0.0,0.0,5.279726784606247e+24,32917751808.0,-0.0,70.0,60.0,66,0.0,0.0,10.0,2.0,0.0,0.0,0.0,0.0,0.0,0.0,0.0,0.0,0.0,0.0,0.0,0.0,65.6,68,16,65516,48,65476,0,300,0,0,8,20529,65476,0,0,38011,60.0,0.0,10.0,10.0,2.0,0.0
2026-02-05T14:21:55,ERR,ERR,ERR,ERR,ERR,ERR,ERR,ERR,ERR,ERR,ERR,ERR,ERR,ERR,ERR,ERR,ERR,ERR,ERR,ERR,ERR,ERR,ERR,ERR,ERR,ERR,ERR,ERR,ERR,ERR,ERR,ERR,ERR,ERR,ERR,ERR,ERR,ERR,ERR,ERR,ERR,ERR,ERR,ERR,ERR,ERR,ERR,ERR,ERR,ERR,ERR,ERR,ERR,ERR,ERR,ERR,ERR,ERR,ERR,ERR,ERR,ERR,ERR,ERR,ERR,ERR,ERR,ERR,ERR,ERR,ERR,ERR,ERR,ERR,ERR,ERR,ERR,ERR,ERR,ERR,ERR,ERR,ERR,ERR,ERR,ERR,ERR,ERR,ERR,ERR,ERR,ERR,ERR,ERR,ERR,ERR,ERR,ERR,ERR,ERR,ERR,ERR,ERR,ERR,ERR,ERR,ERR,ERR,ERR,ERR,ERR,ERR,ERR,ERR,ERR,ERR,ERR,ERR,ERR,ERR,ERR,ERR,ERR,ERR,ERR,2.718450016850437e+23,-0.0,2.8364315368646023e+23,-107613408.0,-4.209512871143983e+25,-0.0,5445146112.0,1.5057731878184613e+37,5800,0,8,17276,5800,14723891331072.0,100,0.0,0.0,-107613408.0,0.0,1.9056969178834534e+17,0,0,0,0,nan,0,0,0,0,0,0,0,0,0,0,0,0,0,0,0,0,0,0,0,0,0,0,0,0,0,0,0,0,0,0,0,0,0,10,52,51,61,65476,614,65476,1,0,4,21553,0.0,0.0,0.0,0.0,0.0,0.0,0.0,0.0,0.0,0.0,0.0,0.0,0.0,0.0,0.0,0.0,0.0,0.0,0.0,0.0,0.0,2.004,3.697074423243316e+19,-0.0,-0.0,-2.004,0.0,0.0,0.0,0.0,6644.0,0.0,0.0,2.718450016850437e+23,-0.0,-0.0,0.0,-0.0,0.0,2.004,2.004,243,-0.0,5.8480794516081455e+35,0.0,0.0,0.0,0.0,0.0,0.0,0.0,0,0,0,-1.229340798814734e+30,0.0,-5.07103766063073e+34,12.329,-146028272.0,-6.734416846132652e+24,0.0,1.3037516034670592e+16,1.1833326768171778e+20,6.227265523327959e+17,-5.280385485001915e+29,-0.0,-0.0,-0.0,0.0,0.0,0,1.3516416376850534e+27,243,0.0,486,0.0,0.0,2048,52429,17150,39322,17152,39322,17144,0,0,0,105,99,100,0.0,69.4,-107615312.0,69.3,-0.0,69.0,1,47,48,180,0,13107,0,0,0.0,0.0,0.0,60.0,-1017092547543040.0,74.0,0.0,26784.652,0.0,1270,0,1276,0,0,0,1274,0,1286,0,1243,0,693,0,694,0,690,0,692,0.032,1.322413106158089e+34,-2.004,0.0,29200,16828,-3628565539061760.0,-0.0,0.0,5.279726784606247e+24,32917751808.0,-0.0,70.0,60.0,66,0.0,0.0,10.0,2.0,0.0,0.0,0.0,0.0,0.0,0.0,0.0,0.0,0.0,0.0,0.0,0.0,65.6,68,16,65516,48,65476,0,300,0,0,8,20529,65476,0,0,38011,60.0,0.0,10.0,10.0,2.0,0.0
2026-02-05T14:21:56,ERR,ERR,ERR,ERR,ERR,ERR,ERR,ERR,ERR,ERR,ERR,ERR,ERR,ERR,ERR,ERR,ERR,ERR,ERR,ERR,ERR,ERR,ERR,ERR,ERR,ERR,ERR,ERR,ERR,ERR,ERR,ERR,ERR,ERR,ERR,ERR,ERR,ERR,ERR,ERR,ERR,ERR,ERR,ERR,ERR,ERR,ERR,ERR,ERR,ERR,ERR,ERR,ERR,ERR,ERR,ERR,ERR,ERR,ERR,ERR,ERR,ERR,ERR,ERR,ERR,ERR,ERR,ERR,ERR,ERR,ERR,ERR,ERR,ERR,ERR,ERR,ERR,ERR,ERR,ERR,ERR,ERR,ERR,ERR,ERR,ERR,ERR,ERR,ERR,ERR,ERR,ERR,ERR,ERR,ERR,ERR,ERR,ERR,ERR,ERR,ERR,ERR,ERR,ERR,ERR,ERR,ERR,ERR,ERR,ERR,ERR,ERR,ERR,ERR,ERR,ERR,ERR,ERR,ERR,ERR,ERR,ERR,ERR,ERR,ERR,2.718450016850437e+23,-0.0,2.8364315368646023e+23,-107613408.0,-4.209512871143983e+25,-0.0,5445146112.0,1.5057731878184613e+37,5800,0,8,17276,5800,14723891331072.0,100,0.0,0.0,-107613408.0,0.0,1.9056969178834534e+17,0,0,0,0,nan,0,0,0,0,0,0,0,0,0,0,0,0,0,0,0,0,0,0,0,0,0,0,0,0,0,0,0,0,0,0,0,0,0,10,52,51,61,65476,614,65476,1,0,4,21553,0.0,0.0,0.0,0.0,0.0,0.0,0.0,0.0,0.0,0.0,0.0,0.0,0.0,0.0,0.0,0.0,0.0,0.0,0.0,0.0,0.0,2.004,3.697074423243316e+19,-0.0,-0.0,-2.004,0.0,0.0,0.0,0.0,6644.0,0.0,0.0,2.718450016850437e+23,-0.0,-0.0,0.0,-0.0,0.0,2.004,2.004,243,-0.0,5.8480794516081455e+35,0.0,0.0,0.0,0.0,0.0,0.0,0.0,0,0,0,-1.229340798814734e+30,0.0,-5.07103766063073e+34,12.329,-146028272.0,-6.734416846132652e+24,0.0,1.3037516034670592e+16,1.1833326768171778e+20,6.227265523327959e+17,-5.280385485001915e+29,-0.0,-0.0,-0.0,0.0,0.0,0,1.3516416376850534e+27,243,0.0,486,0.0,0.0,2048,52429,17150,39322,17152,39322,17144,0,0,0,105,99,100,0.0,69.4,-107615312.0,69.3,-0.0,69.0,1,47,48,180,0,13107,0,0,0.0,0.0,0.0,60.0,-1017092547543040.0,74.0,0.0,26784.652,0.0,1270,0,1276,0,0,0,1274,0,1286,0,1243,0,693,0,694,0,690,0,692,0.032,1.322413106158089e+34,-2.004,0.0,29200,16828,-3628565539061760.0,-0.0,0.0,5.279726784606247e+24,32917751808.0,-0.0,70.0,60.0,66,0.0,0.0,10.0,2.0,0.0,0.0,0.0,0.0,0.0,0.0,0.0,0.0,0.0,0.0,0.0,0.0,65.6,68,16,65516,48,65476,0,300,0,0,8,20529,65476,0,0,38011,60.0,0.0,10.0,10.0,2.0,0.0
2026-02-05T14:21:57,ERR,ERR,ERR,ERR,ERR,ERR,ERR,ERR,ERR,ERR,ERR,ERR,ERR,ERR,ERR,ERR,ERR,ERR,ERR,ERR,ERR,ERR,ERR,ERR,ERR,ERR,ERR,ERR,ERR,ERR,ERR,ERR,ERR,ERR,ERR,ERR,ERR,ERR,ERR,ERR,ERR,ERR,ERR,ERR,ERR,ERR,ERR,ERR,ERR,ERR,ERR,ERR,ERR,ERR,ERR,ERR,ERR,ERR,ERR,ERR,ERR,ERR,ERR,ERR,ERR,ERR,ERR,ERR,ERR,ERR,ERR,ERR,ERR,ERR,ERR,ERR,ERR,ERR,ERR,ERR,ERR,ERR,ERR,ERR,ERR,ERR,ERR,ERR,ERR,ERR,ERR,ERR,ERR,ERR,ERR,ERR,ERR,ERR,ERR,ERR,ERR,ERR,ERR,ERR,ERR,ERR,ERR,ERR,ERR,ERR,ERR,ERR,ERR,ERR,ERR,ERR,ERR,ERR,ERR,ERR,ERR,ERR,ERR,ERR,ERR,2.718450016850437e+23,-0.0,2.8364315368646023e+23,-107613408.0,-4.209512871143983e+25,-0.0,5445146112.0,1.5057731878184613e+37,5800,0,8,17276,5800,14723891331072.0,100,0.0,0.0,-107613408.0,0.0,1.9056969178834534e+17,0,0,0,0,nan,0,0,0,0,0,0,0,0,0,0,0,0,0,0,0,0,0,0,0,0,0,0,0,0,0,0,0,0,0,0,0,0,0,10,52,51,61,65476,614,65476,1,0,4,21553,0.0,0.0,0.0,0.0,0.0,0.0,0.0,0.0,0.0,0.0,0.0,0.0,0.0,0.0,0.0,0.0,0.0,0.0,0.0,0.0,0.0,2.004,3.697074423243316e+19,-0.0,-0.0,-2.004,0.0,0.0,0.0,0.0,6644.0,0.0,0.0,2.718450016850437e+23,-0.0,-0.0,0.0,-0.0,0.0,2.004,2.004,243,-0.0,5.8480794516081455e+35,0.0,0.0,0.0,0.0,0.0,0.0,0.0,0,0,0,-1.229340798814734e+30,0.0,-5.07103766063073e+34,12.329,-146028272.0,-6.734416846132652e+24,0.0,1.3037516034670592e+16,1.1833326768171778e+20,6.227265523327959e+17,-5.280385485001915e+29,-0.0,-0.0,-0.0,0.0,0.0,0,1.3516416376850534e+27,243,0.0,486,0.0,0.0,2048,52429,17150,39322,17152,39322,17144,0,0,0,105,99,100,0.0,69.4,-107615312.0,69.3,-0.0,69.0,1,47,48,180,0,13107,0,0,0.0,0.0,0.0,60.0,-3749679464448.0,74.0,0.0,-6.664,0.0,1270,0,1276,0,0,0,1274,0,1286,0,1243,0,693,0,694,0,690,0,692,0.032,1.322413106158089e+34,0.0,2.7302352164993253e+23,32144,16828,-103.13,-5.880972430926159e+22,0.0,5.36166348631599e+26,4131496192.0,-0.0,70.0,60.0,66,0.0,0.0,10.0,2.0,0.0,0.0,0.0,0.0,0.0,0.0,0.0,0.0,0.0,0.0,0.0,0.0,65.6,68,16,65516,48,65476,0,300,0,0,8,20529,65476,0,0,38011,60.0,0.0,10.0,10.0,2.0,0.0
2026-02-05T14:21:58,ERR,ERR,ERR,ERR,ERR,ERR,ERR,ERR,ERR,ERR,ERR,ERR,ERR,ERR,ERR,ERR,ERR,ERR,ERR,ERR,ERR,ERR,ERR,ERR,ERR,ERR,ERR,ERR,ERR,ERR,ERR,ERR,ERR,ERR,ERR,ERR,ERR,ERR,ERR,ERR,ERR,ERR,ERR,ERR,ERR,ERR,ERR,ERR,ERR,ERR,ERR,ERR,ERR,ERR,ERR,ERR,ERR,ERR,ERR,ERR,ERR,ERR,ERR,ERR,ERR,ERR,ERR,ERR,ERR,ERR,ERR,ERR,ERR,ERR,ERR,ERR,ERR,ERR,ERR,ERR,ERR,ERR,ERR,ERR,ERR,ERR,ERR,ERR,ERR,ERR,ERR,ERR,ERR,ERR,ERR,ERR,ERR,ERR,ERR,ERR,ERR,ERR,ERR,ERR,ERR,ERR,ERR,ERR,ERR,ERR,ERR,ERR,ERR,ERR,ERR,ERR,ERR,ERR,ERR,ERR,ERR,ERR,ERR,ERR,ERR,2.718450016850437e+23,-0.0,2.8364315368646023e+23,-107613408.0,-4.209512871143983e+25,-0.0,5445146112.0,1.5057731878184613e+37,5800,0,8,17276,5800,14723891331072.0,100,0.0,0.0,-107613408.0,0.0,1.9056969178834534e+17,0,0,0,0,nan,0,0,0,0,0,0,0,0,0,0,0,0,0,0,0,0,0,0,0,0,0,0,0,0,0,0,0,0,0,0,0,0,0,10,52,51,61,65476,614,65476,1,0,4,21553,0.0,0.0,0.0,0.0,0.0,0.0,0.0,0.0,0.0,0.0,0.0,0.0,0.0,0.0,0.0,0.0,0.0,0.0,0.0,0.0,0.0,2.004,3.697074423243316e+19,-0.0,-0.0,-2.004,0.0,0.0,0.0,0.0,6644.0,0.0,0.0,2.718450016850437e+23,-0.0,-0.0,0.0,-0.0,0.0,2.004,2.004,243,-0.0,5.8480794516081455e+35,0.0,0.0,0.0,0.0,0.0,0.0,0.0,0,0,0,-1.229340798814734e+30,0.0,-5.07103766063073e+34,12.329,-146028272.0,-6.734416846132652e+24,0.0,1.3037516034670592e+16,1.1833326768171778e+20,6.227265523327959e+17,-5.280385485001915e+29,-0.0,-0.0,-0.0,0.0,0.0,0,1.3516416376850534e+27,243,0.0,486,0.0,0.0,2048,52429,17150,39322,17152,39322,17144,0,0,0,105,99,100,0.0,69.4,-107615312.0,69.3,-0.0,69.0,1,47,48,180,0,13107,0,0,0.0,0.0,0.0,60.0,-3749679464448.0,74.0,0.0,-6.664,0.0,1270,0,1276,0,0,0,1274,0,1286,0,1243,0,693,0,694,0,690,0,692,0.032,1.322413106158089e+34,0.0,2.7302352164993253e+23,32144,16828,-103.13,-5.880972430926159e+22,0.0,5.36166348631599e+26,4131496192.0,-0.0,70.0,60.0,66,0.0,0.0,10.0,2.0,0.0,0.0,0.0,0.0,0.0,0.0,0.0,0.0,0.0,0.0,0.0,0.0,65.6,68,16,65516,48,65476,0,300,0,0,8,20529,65476,0,0,38011,60.0,0.0,10.0,10.0,2.0,0.0
2026-02-05T14:21:59,ERR,ERR,ERR,ERR,ERR,ERR,ERR,ERR,ERR,ERR,ERR,ERR,ERR,ERR,ERR,ERR,ERR,ERR,ERR,ERR,ERR,ERR,ERR,ERR,ERR,ERR,ERR,ERR,ERR,ERR,ERR,ERR,ERR,ERR,ERR,ERR,ERR,ERR,ERR,ERR,ERR,ERR,ERR,ERR,ERR,ERR,ERR,ERR,ERR,ERR,ERR,ERR,ERR,ERR,ERR,ERR,ERR,ERR,ERR,ERR,ERR,ERR,ERR,ERR,ERR,ERR,ERR,ERR,ERR,ERR,ERR,ERR,ERR,ERR,ERR,ERR,ERR,ERR,ERR,ERR,ERR,ERR,ERR,ERR,ERR,ERR,ERR,ERR,ERR,ERR,ERR,ERR,ERR,ERR,ERR,ERR,ERR,ERR,ERR,ERR,ERR,ERR,ERR,ERR,ERR,ERR,ERR,ERR,ERR,ERR,ERR,ERR,ERR,ERR,ERR,ERR,ERR,ERR,ERR,ERR,ERR,ERR,ERR,ERR,ERR,2.718450016850437e+23,-0.0,2.8364315368646023e+23,-107613408.0,-4.209512871143983e+25,-0.0,5445146112.0,1.5057731878184613e+37,5800,0,8,17276,5800,14723891331072.0,100,0.0,0.0,-107613408.0,0.0,1.9056969178834534e+17,0,0,0,0,nan,0,0,0,0,0,0,0,0,0,0,0,0,0,0,0,0,0,0,0,0,0,0,0,0,0,0,0,0,0,0,0,0,0,10,52,51,61,65476,614,65476,1,0,4,21553,0.0,0.0,0.0,0.0,0.0,0.0,0.0,0.0,0.0,0.0,0.0,0.0,0.0,0.0,0.0,0.0,0.0,0.0,0.0,0.0,0.0,2.004,3.697074423243316e+19,-0.0,-0.0,-2.004,0.0,0.0,0.0,0.0,6644.0,0.0,0.0,2.718450016850437e+23,-0.0,-0.0,0.0,-0.0,0.0,2.004,2.004,243,-0.0,5.8480794516081455e+35,0.0,0.0,0.0,0.0,0.0,0.0,0.0,0,0,0,-1.229340798814734e+30,0.0,-5.07103766063073e+34,12.329,-146028272.0,-6.734416846132652e+24,0.0,1.3037516034670592e+16,1.1833326768171778e+20,6.227265523327959e+17,-5.280385485001915e+29,-0.0,-0.0,-0.0,0.0,0.0,0,1.3516416376850534e+27,243,0.0,486,0.0,0.0,2048,52429,17150,39322,17152,39322,17144,0,0,0,105,99,100,0.0,69.4,-107615312.0,69.3,-0.0,69.0,1,47,48,180,0,13107,0,0,0.0,0.0,0.0,60.0,-3749679464448.0,74.0,0.0,-6.664,0.0,1270,0,1276,0,0,0,1274,0,1286,0,1243,0,693,0,694,0,690,0,692,0.032,1.322413106158089e+34,0.0,2.7302352164993253e+23,32144,16828,-103.13,-5.880972430926159e+22,0.0,5.36166348631599e+26,4131496192.0,-0.0,70.0,60.0,66,0.0,0.0,10.0,2.0,0.0,0.0,0.0,0.0,0.0,0.0,0.0,0.0,0.0,0.0,0.0,0.0,66.0,68,16,65516,48,65476,0,300,0,0,8,20529,65476,0,0,38011,60.0,0.0,10.0,10.0,2.0,0.0
2026-02-05T14:22:00,ERR,ERR,ERR,ERR,ERR,ERR,ERR,ERR,ERR,ERR,ERR,ERR,ERR,ERR,ERR,ERR,ERR,ERR,ERR,ERR,ERR,ERR,ERR,ERR,ERR,ERR,ERR,ERR,ERR,ERR,ERR,ERR,ERR,ERR,ERR,ERR,ERR,ERR,ERR,ERR,ERR,ERR,ERR,ERR,ERR,ERR,ERR,ERR,ERR,ERR,ERR,ERR,ERR,ERR,ERR,ERR,ERR,ERR,ERR,ERR,ERR,ERR,ERR,ERR,ERR,ERR,ERR,ERR,ERR,ERR,ERR,ERR,ERR,ERR,ERR,ERR,ERR,ERR,ERR,ERR,ERR,ERR,ERR,ERR,ERR,ERR,ERR,ERR,ERR,ERR,ERR,ERR,ERR,ERR,ERR,ERR,ERR,ERR,ERR,ERR,ERR,ERR,ERR,ERR,ERR,ERR,ERR,ERR,ERR,ERR,ERR,ERR,ERR,ERR,ERR,ERR,ERR,ERR,ERR,ERR,ERR,ERR,ERR,ERR,ERR,2.718450016850437e+23,-0.0,2.8364315368646023e+23,-107613408.0,-4.209512871143983e+25,1.8303374085897612e+36,0.0,-0.0,5800,0,8,17276,5800,-0.0,100,0.0,0.0,-107613408.0,0.0,1.9056969178834534e+17,0,0,0,0,nan,0,0,0,0,0,0,0,0,0,0,0,0,0,0,0,0,0,0,0,0,0,0,0,0,0,0,0,0,0,0,0,0,0,10,52,51,61,65476,614,65476,1,0,4,21553,0.0,0.0,0.0,0.0,0.0,0.0,0.0,0.0,0.0,0.0,0.0,0.0,0.0,0.0,0.0,0.0,0.0,0.0,0.0,0.0,0.0,2.004,2.004,-0.0,-0.0,3.697087617382849e+19,0.0,0.0,0.0,0.0,6611.0,-0.0,0.0,2.718450016850437e+23,-0.0,-107616232.0,-0.0,-0.0,0.0,2.004,2.004,244,-0.0,2.7184282194282406e+23,0.0,0.0,0.0,0.0,0.0,0.0,0.0,0,0,0,-0.0,0.007,-2.32040916333661e+20,-25874028036096.0,-0.0,-4.62016238292215e+30,0.0,0.0,-0.0,8.028705374276157e+17,-6.2459787156445114e+29,-0.0,-0.0,-0.0,0.0,0.0,0,1.3516416376850534e+27,244,0.0,488,0.0,-0.0,2048,52429,17150,39322,17152,39322,17144,0,0,0,105,99,100,0.0,69.4,-107615312.0,69.3,-0.0,69.0,1,47,48,180,0,13107,0,0,0.0,0.0,0.0,60.0,-3749679464448.0,74.0,0.0,-6.664,0.0,1270,0,1276,0,0,0,1274,0,1286,0,1243,0,693,0,694,0,690,0,692,0.032,1.322413106158089e+34,0.0,2.7302352164993253e+23,32144,16828,-103.13,-5.880972430926159e+22,0.0,5.36166348631599e+26,4131496192.0,-0.0,70.0,60.0,66,0.0,0.0,10.0,2.0,0.0,0.0,0.0,0.0,0.0,0.0,0.0,0.0,0.0,0.0,0.0,0.0,66.0,68,16,65516,48,65476,0,300,0,0,8,20529,65476,0,0,38011,60.0,0.0,10.0,10.0,2.0,0.0
2026-02-05T14:22:01,ERR,ERR,ERR,ERR,ERR,ERR,ERR,ERR,ERR,ERR,ERR,ERR,ERR,ERR,ERR,ERR,ERR,ERR,ERR,ERR,ERR,ERR,ERR,ERR,ERR,ERR,ERR,ERR,ERR,ERR,ERR,ERR,ERR,ERR,ERR,ERR,ERR,ERR,ERR,ERR,ERR,ERR,ERR,ERR,ERR,ERR,ERR,ERR,ERR,ERR,ERR,ERR,ERR,ERR,ERR,ERR,ERR,ERR,ERR,ERR,ERR,ERR,ERR,ERR,ERR,ERR,ERR,ERR,ERR,ERR,ERR,ERR,ERR,ERR,ERR,ERR,ERR,ERR,ERR,ERR,ERR,ERR,ERR,ERR,ERR,ERR,ERR,ERR,ERR,ERR,ERR,ERR,ERR,ERR,ERR,ERR,ERR,ERR,ERR,ERR,ERR,ERR,ERR,ERR,ERR,ERR,ERR,ERR,ERR,ERR,ERR,ERR,ERR,ERR,ERR,ERR,ERR,ERR,ERR,ERR,ERR,ERR,ERR,ERR,ERR,2.718450016850437e+23,-0.0,2.8364315368646023e+23,-107613408.0,-4.209512871143983e+25,1.8303374085897612e+36,0.0,-0.0,5800,0,8,17276,5800,-0.0,100,0.0,0.0,-107613408.0,0.0,1.9056969178834534e+17,0,0,0,0,nan,0,0,0,0,0,0,0,0,0,0,0,0,0,0,0,0,0,0,0,0,0,0,0,0,0,0,0,0,0,0,0,0,0,10,52,51,61,65476,614,65476,1,0,4,21553,0.0,0.0,0.0,0.0,0.0,0.0,0.0,0.0,0.0,0.0,0.0,0.0,0.0,0.0,0.0,0.0,0.0,0.0,0.0,0.0,0.0,2.004,2.004,-0.0,-0.0,3.697087617382849e+19,0.0,0.0,0.0,0.0,6611.0,-0.0,0.0,2.718450016850437e+23,-0.0,-107616232.0,-0.0,-0.0,0.0,2.004,2.004,244,-0.0,2.7184282194282406e+23,0.0,0.0,0.0,0.0,0.0,0.0,0.0,0,0,0,-0.0,0.007,-2.32040916333661e+20,-25874028036096.0,-0.0,-4.62016238292215e+30,0.0,0.0,-0.0,8.028705374276157e+17,-6.2459787156445114e+29,-0.0,-0.0,-0.0,0.0,0.0,0,1.3516416376850534e+27,244,0.0,488,0.0,-0.0,2048,52429,17150,39322,17152,39322,17144,0,0,0,105,99,100,0.0,69.4,-107615312.0,69.3,-0.0,69.0,1,47,48,180,0,13107,0,0,0.0,0.0,0.0,60.0,-2.353976226663629e+16,74.0,0.0,-3.085844766691547e+26,0.0,1270,0,1276,0,0,0,1274,0,1286,0,1243,0,693,0,695,0,690,0,693,0.032,1.322413106158089e+34,2.004,-0.0,41104,16828,-1.3354079992246436e+18,-0.0,0.0,236291.281,1.7024065087809257e+19,-0.0,70.0,60.0,66,0.0,0.0,10.0,2.0,0.0,0.0,0.0,0.0,0.0,0.0,0.0,0.0,0.0,0.0,0.0,0.0,65.6,68,16,65516,48,65476,0,300,0,0,8,20529,65476,0,0,34079,60.0,0.0,10.0,10.0,2.0,0.0
2026-02-05T14:22:02,ERR,ERR,ERR,ERR,ERR,ERR,ERR,ERR,ERR,ERR,ERR,ERR,ERR,ERR,ERR,ERR,ERR,ERR,ERR,ERR,ERR,ERR,ERR,ERR,ERR,ERR,ERR,ERR,ERR,ERR,ERR,ERR,ERR,ERR,ERR,ERR,ERR,ERR,ERR,ERR,ERR,ERR,ERR,ERR,ERR,ERR,ERR,ERR,ERR,ERR,ERR,ERR,ERR,ERR,ERR,ERR,ERR,ERR,ERR,ERR,ERR,ERR,ERR,ERR,ERR,ERR,ERR,ERR,ERR,ERR,ERR,ERR,ERR,ERR,ERR,ERR,ERR,ERR,ERR,ERR,ERR,ERR,ERR,ERR,ERR,ERR,ERR,ERR,ERR,ERR,ERR,ERR,ERR,ERR,ERR,ERR,ERR,ERR,ERR,ERR,ERR,ERR,ERR,ERR,ERR,ERR,ERR,ERR,ERR,ERR,ERR,ERR,ERR,ERR,ERR,ERR,ERR,ERR,ERR,ERR,ERR,ERR,ERR,ERR,ERR,2.718450016850437e+23,-0.0,2.8364315368646023e+23,-107613408.0,-4.209512871143983e+25,1.8303374085897612e+36,0.0,-0.0,5800,0,8,17276,5800,-0.0,100,0.0,0.0,-107613408.0,0.0,1.9056969178834534e+17,0,0,0,0,nan,0,0,0,0,0,0,0,0,0,0,0,0,0,0,0,0,0,0,0,0,0,0,0,0,0,0,0,0,0,0,0,0,0,10,52,51,61,65476,614,65476,1,0,4,21553,0.0,0.0,0.0,0.0,0.0,0.0,0.0,0.0,0.0,0.0,0.0,0.0,0.0,0.0,0.0,0.0,0.0,0.0,0.0,0.0,0.0,2.004,2.004,-0.0,-0.0,3.697087617382849e+19,0.0,0.0,0.0,0.0,6611.0,-0.0,0.0,2.718450016850437e+23,-0.0,-107616232.0,-0.0,-0.0,0.0,2.004,2.004,244,-0.0,2.7184282194282406e+23,0.0,0.0,0.0,0.0,0.0,0.0,0.0,0,0,0,-0.0,0.007,-2.32040916333661e+20,-25874028036096.0,-0.0,-4.62016238292215e+30,0.0,0.0,-0.0,8.028705374276157e+17,-6.2459787156445114e+29,-0.0,-0.0,-0.0,0.0,0.0,0,1.3516416376850534e+27,244,0.0,488,0.0,-0.0,2048,52429,17150,39322,17152,39322,17144,0,0,0,105,99,100,0.0,69.4,-107615312.0,69.3,-0.0,69.0,1,47,48,180,0,13107,0,0,0.0,0.0,0.0,60.0,-2.353976226663629e+16,74.0,0.0,-3.085844766691547e+26,0.0,1270,0,1276,0,0,0,1274,0,1286,0,1243,0,693,0,695,0,690,0,693,0.032,1.322413106158089e+34,2.004,-0.0,41104,16828,-1.3354079992246436e+18,-0.0,0.0,236291.281,1.7024065087809257e+19,-0.0,70.0,60.0,66,0.0,0.0,10.0,2.0,0.0,0.0,0.0,0.0,0.0,0.0,0.0,0.0,0.0,0.0,0.0,0.0,65.6,68,16,65516,48,65476,0,300,0,0,8,20529,65476,0,0,34079,60.0,0.0,10.0,10.0,2.0,0.0
2026-02-05T14:22:03,ERR,ERR,ERR,ERR,ERR,ERR,ERR,ERR,ERR,ERR,ERR,ERR,ERR,ERR,ERR,ERR,ERR,ERR,ERR,ERR,ERR,ERR,ERR,ERR,ERR,ERR,ERR,ERR,ERR,ERR,ERR,ERR,ERR,ERR,ERR,ERR,ERR,ERR,ERR,ERR,ERR,ERR,ERR,ERR,ERR,ERR,ERR,ERR,ERR,ERR,ERR,ERR,ERR,ERR,ERR,ERR,ERR,ERR,ERR,ERR,ERR,ERR,ERR,ERR,ERR,ERR,ERR,ERR,ERR,ERR,ERR,ERR,ERR,ERR,ERR,ERR,ERR,ERR,ERR,ERR,ERR,ERR,ERR,ERR,ERR,ERR,ERR,ERR,ERR,ERR,ERR,ERR,ERR,ERR,ERR,ERR,ERR,ERR,ERR,ERR,ERR,ERR,ERR,ERR,ERR,ERR,ERR,ERR,ERR,ERR,ERR,ERR,ERR,ERR,ERR,ERR,ERR,ERR,ERR,ERR,ERR,ERR,ERR,ERR,ERR,2.718450016850437e+23,-0.0,2.8364315368646023e+23,-107613408.0,-4.209512871143983e+25,1.8303374085897612e+36,0.0,-0.0,5800,0,8,17276,5800,-0.0,100,0.0,0.0,-107613408.0,0.0,1.9056969178834534e+17,0,0,0,0,nan,0,0,0,0,0,0,0,0,0,0,0,0,0,0,0,0,0,0,0,0,0,0,0,0,0,0,0,0,0,0,0,0,0,10,52,51,61,65476,614,65476,1,0,4,21553,0.0,0.0,0.0,0.0,0.0,0.0,0.0,0.0,0.0,0.0,0.0,0.0,0.0,0.0,0.0,0.0,0.0,0.0,0.0,0.0,0.0,2.004,2.004,-0.0,-0.0,3.697087617382849e+19,0.0,0.0,0.0,0.0,6611.0,-0.0,0.0,2.718450016850437e+23,-0.0,-107616232.0,-0.0,-0.0,0.0,2.004,2.004,244,-0.0,2.7184282194282406e+23,0.0,0.0,0.0,0.0,0.0,0.0,0.0,0,0,0,-0.0,0.007,-2.32040916333661e+20,-25874028036096.0,-0.0,-4.62016238292215e+30,0.0,0.0,-0.0,8.028705374276157e+17,-6.2459787156445114e+29,-0.0,-0.0,-0.0,0.0,0.0,0,1.3516416376850534e+27,244,0.0,488,0.0,-0.0,2048,52429,17150,39322,17152,39322,17144,0,0,0,105,99,100,0.0,69.4,-107615312.0,69.3,-0.0,69.0,1,47,48,180,0,13107,0,0,0.0,0.0,0.0,60.0,-2.353976226663629e+16,74.0,0.0,-3.085844766691547e+26,0.0,1270,0,1276,0,0,0,1274,0,1286,0,1243,0,693,0,695,0,690,0,693,0.032,1.322413106158089e+34,2.004,-0.0,41104,16828,-1.3354079992246436e+18,-0.0,0.0,236291.281,1.7024065087809257e+19,-0.0,70.0,60.0,66,0.0,0.0,10.0,2.0,0.0,0.0,0.0,0.0,0.0,0.0,0.0,0.0,0.0,0.0,0.0,0.0,66.0,68,16,65516,48,65476,0,300,0,0,8,20529,65476,0,0,40632,60.0,0.0,10.0,10.0,2.0,0.0
2026-02-05T14:22:04,ERR,ERR,ERR,ERR,ERR,ERR,ERR,ERR,ERR,ERR,ERR,ERR,ERR,ERR,ERR,ERR,ERR,ERR,ERR,ERR,ERR,ERR,ERR,ERR,ERR,ERR,ERR,ERR,ERR,ERR,ERR,ERR,ERR,ERR,ERR,ERR,ERR,ERR,ERR,ERR,ERR,ERR,ERR,ERR,ERR,ERR,ERR,ERR,ERR,ERR,ERR,ERR,ERR,ERR,ERR,ERR,ERR,ERR,ERR,ERR,ERR,ERR,ERR,ERR,ERR,ERR,ERR,ERR,ERR,ERR,ERR,ERR,ERR,ERR,ERR,ERR,ERR,ERR,ERR,ERR,ERR,ERR,ERR,ERR,ERR,ERR,ERR,ERR,ERR,ERR,ERR,ERR,ERR,ERR,ERR,ERR,ERR,ERR,ERR,ERR,ERR,ERR,ERR,ERR,ERR,ERR,ERR,ERR,ERR,ERR,ERR,ERR,ERR,ERR,ERR,ERR,ERR,ERR,ERR,ERR,ERR,ERR,ERR,ERR,ERR,2.718450016850437e+23,-0.0,2.8364315368646023e+23,-107613408.0,-4.209512871143983e+25,1.8303374085897612e+36,0.0,-0.0,5800,0,8,17276,5800,-0.0,100,0.0,0.0,-107613408.0,0.0,1.9056969178834534e+17,0,0,0,0,nan,0,0,0,0,0,0,0,0,0,0,0,0,0,0,0,0,0,0,0,0,0,0,0,0,0,0,0,0,0,0,0,0,0,10,52,51,61,65476,614,65476,1,0,4,21553,0.0,0.0,0.0,0.0,0.0,0.0,0.0,0.0,0.0,0.0,0.0,0.0,0.0,0.0,0.0,0.0,0.0,0.0,0.0,0.0,0.0,2.004,2.004,-0.0,-0.0,3.697087617382849e+19,0.0,0.0,0.0,0.0,6611.0,-0.0,0.0,2.718450016850437e+23,-0.0,-107616232.0,-0.0,-0.0,0.0,2.004,2.004,244,-0.0,2.7184282194282406e+23,0.0,0.0,0.0,0.0,0.0,0.0,0.0,0,0,0,-0.0,0.007,-2.32040916333661e+20,-25874028036096.0,-0.0,-4.62016238292215e+30,0.0,0.0,-0.0,8.028705374276157e+17,-6.2459787156445114e+29,-0.0,-0.0,-0.0,0.0,0.0,0,1.3516416376850534e+27,244,0.0,488,0.0,-0.0,2048,52429,17150,39322,17152,39322,17144,0,0,0,105,99,100,0.0,69.4,-107615312.0,69.3,-0.0,69.0,1,47,48,180,0,13107,0,0,0.0,0.0,0.0,60.0,-2.353976226663629e+16,74.0,0.0,-3.085844766691547e+26,0.0,1270,0,1276,0,0,0,1274,0,1286,0,1243,0,693,0,695,0,690,0,693,0.032,1.322413106158089e+34,2.004,-0.0,41104,16828,-1.3354079992246436e+18,-0.0,0.0,236291.281,1.7024065087809257e+19,-0.0,70.0,60.0,66,0.0,0.0,10.0,2.0,0.0,0.0,0.0,0.0,0.0,0.0,0.0,0.0,0.0,0.0,0.0,0.0,66.0,68,16,65516,48,65476,0,300,0,0,8,20529,65476,0,0,40632,60.0,0.0,10.0,10.0,2.0,0.0
2026-02-05T14:22:05,ERR,ERR,ERR,ERR,ERR,ERR,ERR,ERR,ERR,ERR,ERR,ERR,ERR,ERR,ERR,ERR,ERR,ERR,ERR,ERR,ERR,ERR,ERR,ERR,ERR,ERR,ERR,ERR,ERR,ERR,ERR,ERR,ERR,ERR,ERR,ERR,ERR,ERR,ERR,ERR,ERR,ERR,ERR,ERR,ERR,ERR,ERR,ERR,ERR,ERR,ERR,ERR,ERR,ERR,ERR,ERR,ERR,ERR,ERR,ERR,ERR,ERR,ERR,ERR,ERR,ERR,ERR,ERR,ERR,ERR,ERR,ERR,ERR,ERR,ERR,ERR,ERR,ERR,ERR,ERR,ERR,ERR,ERR,ERR,ERR,ERR,ERR,ERR,ERR,ERR,ERR,ERR,ERR,ERR,ERR,ERR,ERR,ERR,ERR,ERR,ERR,ERR,ERR,ERR,ERR,ERR,ERR,ERR,ERR,ERR,ERR,ERR,ERR,ERR,ERR,ERR,ERR,ERR,ERR,ERR,ERR,ERR,ERR,ERR,ERR,2.718450016850437e+23,-0.0,2.8364315368646023e+23,-107613408.0,-4.209512871143983e+25,56952116.0,0.0,-2065701888.0,5800,0,8,17276,5800,14723891331072.0,100,0.0,0.0,0.0,0.0,1.9056969178834534e+17,0,0,0,0,nan,0,0,0,0,0,0,0,0,0,0,0,0,0,0,0,0,0,0,0,0,0,0,0,0,0,0,0,0,0,0,0,0,0,10,52,51,61,65476,615,65476,1,0,4,21553,0.0,0.0,0.0,0.0,0.0,0.0,0.0,0.0,0.0,0.0,0.0,0.0,0.0,0.0,0.0,0.0,0.0,0.0,0.0,0.0,0.0,2.004,3.697074423243316e+19,-0.0,-0.0,0.0,0.0,0.0,0.0,0.0,6642.0,0.0,0.0,2.718450016850437e+23,-0.0,-107616232.0,107616440.0,-0.0,0.0,2.004,2.004,244,-0.0,-0.0,0.0,0.0,0.0,0.0,0.0,0.0,0.0,0,0,0,-396914112.0,10419210240.0,-7.4976894589359285e+28,3.49458913701352e+36,-0.0,-0.0,6.294507681859162e+32,1.0730919439085076e+18,0.0,9.785109228950651e+17,-8.084890891433069e+29,-0.0,-0.0,-0.0,0.0,124.124,0,1.3516416376850534e+27,244,0.0,486,-0.0,-68.128,2048,52429,17150,39322,17152,39322,17144,0,0,0,105,99,100,0.0,69.4,-107615312.0,69.3,-0.0,69.0,1,47,48,180,0,13107,0,0,0.0,0.0,0.0,60.0,-445141632.0,74.0,0.0,-0.63,0.0,1270,0,1276,0,0,0,1274,0,1286,0,1243,0,694,0,694,0,690,0,693,0.032,1.3305260699995496e+34,2.004,-0.0,26768,16828,-0.704,-1.5956809674327648e+22,-8.656643972091353e+37,-0.0,198.256,-0.0,70.0,60.0,66,0.0,0.0,10.0,2.0,0.0,0.0,0.0,0.0,0.0,0.0,0.0,0.0,0.0,0.0,0.0,0.0,65.6,68,16,65516,48,65476,0,300,0,0,8,20529,65476,0,0,38011,60.0,0.0,10.0,10.0,2.0,0.0
2026-02-05T14:22:06,ERR,ERR,ERR,ERR,ERR,ERR,ERR,ERR,ERR,ERR,ERR,ERR,ERR,ERR,ERR,ERR,ERR,ERR,ERR,ERR,ERR,ERR,ERR,ERR,ERR,ERR,ERR,ERR,ERR,ERR,ERR,ERR,ERR,ERR,ERR,ERR,ERR,ERR,ERR,ERR,ERR,ERR,ERR,ERR,ERR,ERR,ERR,ERR,ERR,ERR,ERR,ERR,ERR,ERR,ERR,ERR,ERR,ERR,ERR,ERR,ERR,ERR,ERR,ERR,ERR,ERR,ERR,ERR,ERR,ERR,ERR,ERR,ERR,ERR,ERR,ERR,ERR,ERR,ERR,ERR,ERR,ERR,ERR,ERR,ERR,ERR,ERR,ERR,ERR,ERR,ERR,ERR,ERR,ERR,ERR,ERR,ERR,ERR,ERR,ERR,ERR,ERR,ERR,ERR,ERR,ERR,ERR,ERR,ERR,ERR,ERR,ERR,ERR,ERR,ERR,ERR,ERR,ERR,ERR,ERR,ERR,ERR,ERR,ERR,ERR,2.718450016850437e+23,-0.0,2.8364315368646023e+23,-107613408.0,-4.209512871143983e+25,56952116.0,0.0,-2065701888.0,5800,0,8,17276,5800,14723891331072.0,100,0.0,0.0,0.0,0.0,1.9056969178834534e+17,0,0,0,0,nan,0,0,0,0,0,0,0,0,0,0,0,0,0,0,0,0,0,0,0,0,0,0,0,0,0,0,0,0,0,0,0,0,0,10,52,51,61,65476,615,65476,1,0,4,21553,0.0,0.0,0.0,0.0,0.0,0.0,0.0,0.0,0.0,0.0,0.0,0.0,0.0,0.0,0.0,0.0,0.0,0.0,0.0,0.0,0.0,2.004,3.697074423243316e+19,-0.0,-0.0,0.0,0.0,0.0,0.0,0.0,6642.0,0.0,0.0,2.718450016850437e+23,-0.0,-107616232.0,107616440.0,-0.0,0.0,2.004,2.004,244,-0.0,-0.0,0.0,0.0,0.0,0.0,0.0,0.0,0.0,0,0,0,-396914112.0,10419210240.0,-7.4976894589359285e+28,3.49458913701352e+36,-0.0,-0.0,6.294507681859162e+32,1.0730919439085076e+18,0.0,9.785109228950651e+17,-8.084890891433069e+29,-0.0,-0.0,-0.0,0.0,124.124,0,1.3516416376850534e+27,244,0.0,486,-0.0,-68.128,2048,52429,17150,39322,17152,39322,17144,0,0,0,105,99,100,0.0,69.4,-107615312.0,69.3,-0.0,69.0,1,47,48,180,0,13107,0,0,0.0,0.0,0.0,60.0,-445141632.0,74.0,0.0,-0.63,0.0,1270,0,1276,0,0,0,1274,0,1286,0,1243,0,694,0,694,0,690,0,693,0.032,1.3305260699995496e+34,2.004,-0.0,26768,16828,-0.704,-1.5956809674327648e+22,-8.656643972091353e+37,-0.0,198.256,-0.0,70.0,60.0,66,0.0,0.0,10.0,2.0,0.0,0.0,0.0,0.0,0.0,0.0,0.0,0.0,0.0,0.0,0.0,0.0,65.6,68,16,65516,48,65476,0,300,0,0,8,20529,65476,0,0,39322,60.0,0.0,10.0,10.0,2.0,0.0
2026-02-05T14:22:07,ERR,ERR,ERR,ERR,ERR,ERR,ERR,ERR,ERR,ERR,ERR,ERR,ERR,ERR,ERR,ERR,ERR,ERR,ERR,ERR,ERR,ERR,ERR,ERR,ERR,ERR,ERR,ERR,ERR,ERR,ERR,ERR,ERR,ERR,ERR,ERR,ERR,ERR,ERR,ERR,ERR,ERR,ERR,ERR,ERR,ERR,ERR,ERR,ERR,ERR,ERR,ERR,ERR,ERR,ERR,ERR,ERR,ERR,ERR,ERR,ERR,ERR,ERR,ERR,ERR,ERR,ERR,ERR,ERR,ERR,ERR,ERR,ERR,ERR,ERR,ERR,ERR,ERR,ERR,ERR,ERR,ERR,ERR,ERR,ERR,ERR,ERR,ERR,ERR,ERR,ERR,ERR,ERR,ERR,ERR,ERR,ERR,ERR,ERR,ERR,ERR,ERR,ERR,ERR,ERR,ERR,ERR,ERR,ERR,ERR,ERR,ERR,ERR,ERR,ERR,ERR,ERR,ERR,ERR,ERR,ERR,ERR,ERR,ERR,ERR,2.718450016850437e+23,-0.0,2.8364315368646023e+23,-107613408.0,-4.209512871143983e+25,56952116.0,0.0,-2065701888.0,5800,0,8,17276,5800,14723891331072.0,100,0.0,0.0,0.0,0.0,1.9056969178834534e+17,0,0,0,0,nan,0,0,0,0,0,0,0,0,0,0,0,0,0,0,0,0,0,0,0,0,0,0,0,0,0,0,0,0,0,0,0,0,0,10,52,51,61,65476,615,65476,1,0,4,21553,0.0,0.0,0.0,0.0,0.0,0.0,0.0,0.0,0.0,0.0,0.0,0.0,0.0,0.0,0.0,0.0,0.0,0.0,0.0,0.0,0.0,2.004,3.697074423243316e+19,-0.0,-0.0,0.0,0.0,0.0,0.0,0.0,6642.0,0.0,0.0,2.718450016850437e+23,-0.0,-107616232.0,107616440.0,-0.0,0.0,2.004,2.004,244,-0.0,-0.0,0.0,0.0,0.0,0.0,0.0,0.0,0.0,0,0,0,-396914112.0,10419210240.0,-7.4976894589359285e+28,3.49458913701352e+36,-0.0,-0.0,6.294507681859162e+32,1.0730919439085076e+18,0.0,9.785109228950651e+17,-8.084890891433069e+29,-0.0,-0.0,-0.0,0.0,124.124,0,1.3516416376850534e+27,244,0.0,486,-0.0,-68.128,2048,52429,17150,39322,17152,39322,17144,0,0,0,105,99,100,0.0,69.4,-107615312.0,69.3,-0.0,69.0,1,47,48,180,0,13107,0,0,0.0,0.0,0.0,60.0,-445141632.0,74.0,0.0,-0.63,0.0,1270,0,1276,0,0,0,1274,0,1286,0,1243,0,694,0,694,0,690,0,693,0.032,1.3305260699995496e+34,2.004,-0.0,26768,16828,-0.704,-1.5956809674327648e+22,-8.656643972091353e+37,-0.0,198.256,-0.0,70.0,60.0,66,0.0,0.0,10.0,2.0,0.0,0.0,0.0,0.0,0.0,0.0,0.0,0.0,0.0,0.0,0.0,0.0,65.6,68,16,65516,48,65476,0,300,0,0,8,20529,65476,0,0,39322,60.0,0.0,10.0,10.0,2.0,0.0
2026-02-05T14:22:08,ERR,ERR,ERR,ERR,ERR,ERR,ERR,ERR,ERR,ERR,ERR,ERR,ERR,ERR,ERR,ERR,ERR,ERR,ERR,ERR,ERR,ERR,ERR,ERR,ERR,ERR,ERR,ERR,ERR,ERR,ERR,ERR,ERR,ERR,ERR,ERR,ERR,ERR,ERR,ERR,ERR,ERR,ERR,ERR,ERR,ERR,ERR,ERR,ERR,ERR,ERR,ERR,ERR,ERR,ERR,ERR,ERR,ERR,ERR,ERR,ERR,ERR,ERR,ERR,ERR,ERR,ERR,ERR,ERR,ERR,ERR,ERR,ERR,ERR,ERR,ERR,ERR,ERR,ERR,ERR,ERR,ERR,ERR,ERR,ERR,ERR,ERR,ERR,ERR,ERR,ERR,ERR,ERR,ERR,ERR,ERR,ERR,ERR,ERR,ERR,ERR,ERR,ERR,ERR,ERR,ERR,ERR,ERR,ERR,ERR,ERR,ERR,ERR,ERR,ERR,ERR,ERR,ERR,ERR,ERR,ERR,ERR,ERR,ERR,ERR,2.718450016850437e+23,-0.0,2.8364315368646023e+23,-107613408.0,-4.209512871143983e+25,56952116.0,0.0,-2065701888.0,5800,0,8,17276,5800,14723891331072.0,100,0.0,0.0,0.0,0.0,1.9056969178834534e+17,0,0,0,0,nan,0,0,0,0,0,0,0,0,0,0,0,0,0,0,0,0,0,0,0,0,0,0,0,0,0,0,0,0,0,0,0,0,0,10,52,51,61,65476,615,65476,1,0,4,21553,0.0,0.0,0.0,0.0,0.0,0.0,0.0,0.0,0.0,0.0,0.0,0.0,0.0,0.0,0.0,0.0,0.0,0.0,0.0,0.0,0.0,2.004,3.697074423243316e+19,-0.0,-0.0,0.0,0.0,0.0,0.0,0.0,6642.0,0.0,0.0,2.718450016850437e+23,-0.0,-107616232.0,107616440.0,-0.0,0.0,2.004,2.004,244,-0.0,-0.0,0.0,0.0,0.0,0.0,0.0,0.0,0.0,0,0,0,-396914112.0,10419210240.0,-7.4976894589359285e+28,3.49458913701352e+36,-0.0,-0.0,6.294507681859162e+32,1.0730919439085076e+18,0.0,9.785109228950651e+17,-8.084890891433069e+29,-0.0,-0.0,-0.0,0.0,124.124,0,1.3516416376850534e+27,244,0.0,486,-0.0,-68.128,2048,52429,17150,39322,17152,39322,17144,0,0,0,105,99,100,0.0,69.4,-107615312.0,69.3,-0.0,69.0,1,47,48,180,0,13107,0,0,0.0,0.0,0.0,60.0,-445141632.0,74.0,0.0,-0.63,0.0,1270,0,1276,0,0,0,1274,0,1286,0,1243,0,694,0,694,0,690,0,693,0.032,1.3305260699995496e+34,2.004,-0.0,26768,16828,-0.704,-1.5956809674327648e+22,-8.656643972091353e+37,-0.0,198.256,-0.0,70.0,60.0,66,0.0,0.0,10.0,2.0,0.0,0.0,0.0,0.0,0.0,0.0,0.0,0.0,0.0,0.0,0.0,0.0,65.6,68,16,65516,48,65476,0,300,0,0,8,20529,65476,0,0,41943,60.0,0.0,10.0,10.0,2.0,0.0
2026-02-05T14:22:09,ERR,ERR,ERR,ERR,ERR,ERR,ERR,ERR,ERR,ERR,ERR,ERR,ERR,ERR,ERR,ERR,ERR,ERR,ERR,ERR,ERR,ERR,ERR,ERR,ERR,ERR,ERR,ERR,ERR,ERR,ERR,ERR,ERR,ERR,ERR,ERR,ERR,ERR,ERR,ERR,ERR,ERR,ERR,ERR,ERR,ERR,ERR,ERR,ERR,ERR,ERR,ERR,ERR,ERR,ERR,ERR,ERR,ERR,ERR,ERR,ERR,ERR,ERR,ERR,ERR,ERR,ERR,ERR,ERR,ERR,ERR,ERR,ERR,ERR,ERR,ERR,ERR,ERR,ERR,ERR,ERR,ERR,ERR,ERR,ERR,ERR,ERR,ERR,ERR,ERR,ERR,ERR,ERR,ERR,ERR,ERR,ERR,ERR,ERR,ERR,ERR,ERR,ERR,ERR,ERR,ERR,ERR,ERR,ERR,ERR,ERR,ERR,ERR,ERR,ERR,ERR,ERR,ERR,ERR,ERR,ERR,ERR,ERR,ERR,ERR,2.718450016850437e+23,-0.0,2.8364315368646023e+23,-107613408.0,-4.209512871143983e+25,56952116.0,0.0,-2065701888.0,5800,0,8,17276,5800,14723891331072.0,100,0.0,0.0,0.0,0.0,1.9056969178834534e+17,0,0,0,0,nan,0,0,0,0,0,0,0,0,0,0,0,0,0,0,0,0,0,0,0,0,0,0,0,0,0,0,0,0,0,0,0,0,0,10,52,51,61,65476,615,65476,1,0,4,21553,0.0,0.0,0.0,0.0,0.0,0.0,0.0,0.0,0.0,0.0,0.0,0.0,0.0,0.0,0.0,0.0,0.0,0.0,0.0,0.0,0.0,2.004,3.697074423243316e+19,-0.0,-0.0,0.0,0.0,0.0,0.0,0.0,6642.0,0.0,0.0,2.718450016850437e+23,-0.0,-107616232.0,107616440.0,-0.0,0.0,2.004,2.004,244,-0.0,-0.0,0.0,0.0,0.0,0.0,0.0,0.0,0.0,0,0,0,-396914112.0,10419210240.0,-7.4976894589359285e+28,3.49458913701352e+36,-0.0,-0.0,6.294507681859162e+32,1.0730919439085076e+18,0.0,9.785109228950651e+17,-8.084890891433069e+29,-0.0,-0.0,-0.0,0.0,124.124,0,1.3516416376850534e+27,244,0.0,486,-0.0,-68.128,2048,52429,17150,39322,17152,39322,17144,0,0,0,105,99,100,0.0,69.4,-107615312.0,69.4,-0.0,69.0,1,47,48,180,0,13107,0,0,0.0,0.0,0.0,60.0,-61644138872832.0,74.0,0.0,-6.807917552017896e+25,0.0,1270,0,1276,0,0,0,1274,0,1286,0,1243,0,693,0,694,0,690,0,693,0.032,1.3305260699995496e+34,2.004,-0.0,27664,16828,-61644138872832.0,-6.807917552017896e+25,374.501,-1475572655980544.0,-0.0,-1.536271247403972e+20,70.0,60.0,66,0.0,0.0,10.0,2.0,0.0,0.0,0.0,0.0,0.0,0.0,0.0,0.0,0.0,0.0,0.0,0.0,65.6,68,16,65516,48,65476,0,300,0,0,8,20529,65476,0,0,41943,60.0,0.0,10.0,10.0,2.0,0.0
2026-02-05T14:22:10,ERR,ERR,ERR,ERR,ERR,ERR,ERR,ERR,ERR,ERR,ERR,ERR,ERR,ERR,ERR,ERR,ERR,ERR,ERR,ERR,ERR,ERR,ERR,ERR,ERR,ERR,ERR,ERR,ERR,ERR,ERR,ERR,ERR,ERR,ERR,ERR,ERR,ERR,ERR,ERR,ERR,ERR,ERR,ERR,ERR,ERR,ERR,ERR,ERR,ERR,ERR,ERR,ERR,ERR,ERR,ERR,ERR,ERR,ERR,ERR,ERR,ERR,ERR,ERR,ERR,ERR,ERR,ERR,ERR,ERR,ERR,ERR,ERR,ERR,ERR,ERR,ERR,ERR,ERR,ERR,ERR,ERR,ERR,ERR,ERR,ERR,ERR,ERR,ERR,ERR,ERR,ERR,ERR,ERR,ERR,ERR,ERR,ERR,ERR,ERR,ERR,ERR,ERR,ERR,ERR,ERR,ERR,ERR,ERR,ERR,ERR,ERR,ERR,ERR,ERR,ERR,ERR,ERR,ERR,ERR,ERR,ERR,ERR,ERR,ERR,2.718450016850437e+23,-0.0,2.8364315368646023e+23,-107613408.0,-4.209512871143983e+25,56952116.0,0.0,-2065701888.0,5800,0,8,17276,5800,14723891331072.0,100,0.0,0.0,0.0,0.0,1.9056969178834534e+17,0,0,0,0,nan,0,0,0,0,0,0,0,0,0,0,0,0,0,0,0,0,0,0,0,0,0,0,0,0,0,0,0,0,0,0,0,0,0,10,52,51,61,65476,615,65476,1,0,4,21553,0.0,0.0,0.0,0.0,0.0,0.0,0.0,0.0,0.0,0.0,0.0,0.0,0.0,0.0,0.0,0.0,0.0,0.0,0.0,0.0,0.0,2.004,3.697074423243316e+19,-0.0,-0.0,0.0,0.0,0.0,0.0,0.0,6642.0,0.0,0.0,2.718450016850437e+23,-0.0,-107616232.0,107616440.0,-0.0,0.0,2.004,2.004,244,-0.0,-0.0,0.0,0.0,0.0,0.0,0.0,0.0,0.0,0,0,0,-396914112.0,10419210240.0,-7.4976894589359285e+28,3.49458913701352e+36,-0.0,-0.0,6.294507681859162e+32,1.0730919439085076e+18,0.0,9.785109228950651e+17,-8.084890891433069e+29,-0.0,-0.0,-0.0,0.0,124.124,0,1.3516416376850534e+27,244,0.0,486,-0.0,-68.128,2048,52429,17150,39322,17152,39322,17144,0,0,0,105,99,100,0.0,69.4,-107615312.0,69.4,-0.0,69.0,1,47,48,180,0,13107,0,0,0.0,0.0,0.0,60.0,-61644138872832.0,74.0,0.0,-6.807917552017896e+25,0.0,1270,0,1276,0,0,0,1274,0,1286,0,1243,0,693,0,694,0,690,0,693,0.032,1.3305260699995496e+34,2.004,-0.0,27664,16828,-61644138872832.0,-6.807917552017896e+25,374.501,-1475572655980544.0,-0.0,-1.536271247403972e+20,70.0,60.0,66,0.0,0.0,10.0,2.0,0.0,0.0,0.0,0.0,0.0,0.0,0.0,0.0,0.0,0.0,0.0,0.0,66.0,68,16,65516,48,65476,0,300,0,0,8,20529,65476,0,0,35389,60.0,0.0,10.0,10.0,2.0,0.0
2026-02-05T14:22:11,ERR,ERR,ERR,ERR,ERR,ERR,ERR,ERR,ERR,ERR,ERR,ERR,ERR,ERR,ERR,ERR,ERR,ERR,ERR,ERR,ERR,ERR,ERR,ERR,ERR,ERR,ERR,ERR,ERR,ERR,ERR,ERR,ERR,ERR,ERR,ERR,ERR,ERR,ERR,ERR,ERR,ERR,ERR,ERR,ERR,ERR,ERR,ERR,ERR,ERR,ERR,ERR,ERR,ERR,ERR,ERR,ERR,ERR,ERR,ERR,ERR,ERR,ERR,ERR,ERR,ERR,ERR,ERR,ERR,ERR,ERR,ERR,ERR,ERR,ERR,ERR,ERR,ERR,ERR,ERR,ERR,ERR,ERR,ERR,ERR,ERR,ERR,ERR,ERR,ERR,ERR,ERR,ERR,ERR,ERR,ERR,ERR,ERR,ERR,ERR,ERR,ERR,ERR,ERR,ERR,ERR,ERR,ERR,ERR,ERR,ERR,ERR,ERR,ERR,ERR,ERR,ERR,ERR,ERR,ERR,ERR,ERR,ERR,ERR,ERR,2.718450016850437e+23,-0.0,2.8364315368646023e+23,-107613408.0,-4.209512871143983e+25,-0.048,5.425141312403045e+20,2.028741553761651e+25,5800,0,8,17278,5800,-0.0,100,0.0,0.0,-107613408.0,0.0,1.9056969178834534e+17,0,0,0,0,nan,0,0,0,0,0,0,0,0,0,0,0,0,0,0,0,0,0,0,0,0,0,0,0,0,0,0,0,0,0,0,0,0,0,10,52,51,61,65476,615,65476,1,0,4,21553,0.0,2.71838894803949e+23,0.0,0.0,0.0,0.0,0.0,0.0,0.0,0.0,0.0,0.0,0.0,0.0,0.0,0.0,0.0,0.0,0.0,0.0,0.0,2.004,3.697074423243316e+19,-0.0,-0.0,0.0,0.0,0.0,0.0,0.0,6646.0,-564149255929856.0,0.0,2.718450016850437e+23,-0.0,-107616232.0,107616440.0,-0.0,0.0,2.004,2.004,242,-0.0,0.0,0.0,0.0,0.0,0.0,0.0,0.0,0.0,0,0,0,-4.5119702986625436e+27,-0.0,-2.453499548767406e+36,110.129,-0.0,-0.0,-14698056.0,4.148252037802361e+18,19041550.0,1.155381112118182e+18,-1.0016077352718262e+30,-0.0,-0.0,-0.0,0.0,0.0,0,1.3516416376850534e+27,245,0.0,490,0.0,-2678505888284672.0,2048,52429,17150,39322,17152,39322,17144,0,0,0,105,99,100,0.0,69.4,-107615312.0,69.4,-0.0,69.0,1,47,48,180,0,13107,0,0,0.0,0.0,0.0,60.0,-61644138872832.0,74.0,0.0,-6.807917552017896e+25,0.0,1270,0,1276,0,0,0,1274,0,1286,0,1243,0,693,0,694,0,690,0,693,0.032,1.3305260699995496e+34,2.004,-0.0,27664,16828,-61644138872832.0,-6.807917552017896e+25,374.501,-1475572655980544.0,-0.0,-1.536271247403972e+20,70.0,60.0,66,0.0,0.0,10.0,2.0,0.0,0.0,0.0,0.0,0.0,0.0,0.0,0.0,0.0,0.0,0.0,0.0,66.0,68,16,65516,48,65476,0,300,0,0,8,20529,65476,0,0,35389,60.0,0.0,10.0,10.0,2.0,0.0
2026-02-05T14:22:12,ERR,ERR,ERR,ERR,ERR,ERR,ERR,ERR,ERR,ERR,ERR,ERR,ERR,ERR,ERR,ERR,ERR,ERR,ERR,ERR,ERR,ERR,ERR,ERR,ERR,ERR,ERR,ERR,ERR,ERR,ERR,ERR,ERR,ERR,ERR,ERR,ERR,ERR,ERR,ERR,ERR,ERR,ERR,ERR,ERR,ERR,ERR,ERR,ERR,ERR,ERR,ERR,ERR,ERR,ERR,ERR,ERR,ERR,ERR,ERR,ERR,ERR,ERR,ERR,ERR,ERR,ERR,ERR,ERR,ERR,ERR,ERR,ERR,ERR,ERR,ERR,ERR,ERR,ERR,ERR,ERR,ERR,ERR,ERR,ERR,ERR,ERR,ERR,ERR,ERR,ERR,ERR,ERR,ERR,ERR,ERR,ERR,ERR,ERR,ERR,ERR,ERR,ERR,ERR,ERR,ERR,ERR,ERR,ERR,ERR,ERR,ERR,ERR,ERR,ERR,ERR,ERR,ERR,ERR,ERR,ERR,ERR,ERR,ERR,ERR,2.718450016850437e+23,-0.0,2.8364315368646023e+23,-107613408.0,-4.209512871143983e+25,-0.048,5.425141312403045e+20,2.028741553761651e+25,5800,0,8,17278,5800,-0.0,100,0.0,0.0,-107613408.0,0.0,1.9056969178834534e+17,0,0,0,0,nan,0,0,0,0,0,0,0,0,0,0,0,0,0,0,0,0,0,0,0,0,0,0,0,0,0,0,0,0,0,0,0,0,0,10,52,51,61,65476,615,65476,1,0,4,21553,0.0,2.71838894803949e+23,0.0,0.0,0.0,0.0,0.0,0.0,0.0,0.0,0.0,0.0,0.0,0.0,0.0,0.0,0.0,0.0,0.0,0.0,0.0,2.004,3.697074423243316e+19,-0.0,-0.0,0.0,0.0,0.0,0.0,0.0,6646.0,-564149255929856.0,0.0,2.718450016850437e+23,-0.0,-107616232.0,107616440.0,-0.0,0.0,2.004,2.004,242,-0.0,0.0,0.0,0.0,0.0,0.0,0.0,0.0,0.0,0,0,0,-4.5119702986625436e+27,-0.0,-2.453499548767406e+36,110.129,-0.0,-0.0,-14698056.0,4.148252037802361e+18,19041550.0,1.155381112118182e+18,-1.0016077352718262e+30,-0.0,-0.0,-0.0,0.0,0.0,0,1.3516416376850534e+27,245,0.0,490,0.0,-2678505888284672.0,2048,52429,17150,39322,17152,39322,17144,0,0,0,105,99,100,0.0,69.4,-107615312.0,69.4,-0.0,69.0,1,47,48,180,0,13107,0,0,0.0,0.0,0.0,60.0,-61644138872832.0,74.0,0.0,-6.807917552017896e+25,0.0,1270,0,1276,0,0,0,1274,0,1286,0,1243,0,693,0,694,0,690,0,693,0.032,1.3305260699995496e+34,2.004,-0.0,27664,16828,-61644138872832.0,-6.807917552017896e+25,374.501,-1475572655980544.0,-0.0,-1.536271247403972e+20,70.0,60.0,66,0.0,0.0,10.0,2.0,0.0,0.0,0.0,0.0,0.0,0.0,0.0,0.0,0.0,0.0,0.0,0.0,65.6,68,16,65516,48,65476,0,300,0,0,8,20529,65476,0,0,32768,60.0,0.0,10.0,10.0,2.0,0.0
2026-02-05T14:22:13,ERR,ERR,ERR,ERR,ERR,ERR,ERR,ERR,ERR,ERR,ERR,ERR,ERR,ERR,ERR,ERR,ERR,ERR,ERR,ERR,ERR,ERR,ERR,ERR,ERR,ERR,ERR,ERR,ERR,ERR,ERR,ERR,ERR,ERR,ERR,ERR,ERR,ERR,ERR,ERR,ERR,ERR,ERR,ERR,ERR,ERR,ERR,ERR,ERR,ERR,ERR,ERR,ERR,ERR,ERR,ERR,ERR,ERR,ERR,ERR,ERR,ERR,ERR,ERR,ERR,ERR,ERR,ERR,ERR,ERR,ERR,ERR,ERR,ERR,ERR,ERR,ERR,ERR,ERR,ERR,ERR,ERR,ERR,ERR,ERR,ERR,ERR,ERR,ERR,ERR,ERR,ERR,ERR,ERR,ERR,ERR,ERR,ERR,ERR,ERR,ERR,ERR,ERR,ERR,ERR,ERR,ERR,ERR,ERR,ERR,ERR,ERR,ERR,ERR,ERR,ERR,ERR,ERR,ERR,ERR,ERR,ERR,ERR,ERR,ERR,2.718450016850437e+23,-0.0,2.8364315368646023e+23,-107613408.0,-4.209512871143983e+25,-0.048,5.425141312403045e+20,2.028741553761651e+25,5800,0,8,17278,5800,-0.0,100,0.0,0.0,-107613408.0,0.0,1.9056969178834534e+17,0,0,0,0,nan,0,0,0,0,0,0,0,0,0,0,0,0,0,0,0,0,0,0,0,0,0,0,0,0,0,0,0,0,0,0,0,0,0,10,52,51,61,65476,615,65476,1,0,4,21553,0.0,2.71838894803949e+23,0.0,0.0,0.0,0.0,0.0,0.0,0.0,0.0,0.0,0.0,0.0,0.0,0.0,0.0,0.0,0.0,0.0,0.0,0.0,2.004,3.697074423243316e+19,-0.0,-0.0,0.0,0.0,0.0,0.0,0.0,6646.0,-564149255929856.0,0.0,2.718450016850437e+23,-0.0,-107616232.0,107616440.0,-0.0,0.0,2.004,2.004,242,-0.0,0.0,0.0,0.0,0.0,0.0,0.0,0.0,0.0,0,0,0,-4.5119702986625436e+27,-0.0,-2.453499548767406e+36,110.129,-0.0,-0.0,-14698056.0,4.148252037802361e+18,19041550.0,1.155381112118182e+18,-1.0016077352718262e+30,-0.0,-0.0,-0.0,0.0,0.0,0,1.3516416376850534e+27,245,0.0,490,0.0,-2678505888284672.0,2048,52429,17150,39322,17152,39322,17144,0,0,0,105,99,100,0.0,69.0,-107615312.0,69.8,-0.0,69.0,1,47,48,180,0,13107,0,0,0.0,0.0,0.0,60.0,-360.52,74.0,0.0,0.0,0.0,1270,0,1276,0,0,0,1274,0,1286,0,1243,0,694,0,695,0,690,0,692,0.032,1.3305260699995496e+34,0.0,2.7302352164993253e+23,10896,16828,-360.52,0.0,0.0,0.0,8.163927975967988e+33,-76152984.0,70.0,60.0,66,0.0,0.0,10.0,2.0,0.0,0.0,0.0,0.0,0.0,0.0,0.0,0.0,0.0,0.0,0.0,0.0,65.6,68,16,65516,48,65476,0,300,0,0,8,20529,65476,0,0,32768,60.0,0.0,10.0,10.0,2.0,0.0
2026-02-05T14:22:14,ERR,ERR,ERR,ERR,ERR,ERR,ERR,ERR,ERR,ERR,ERR,ERR,ERR,ERR,ERR,ERR,ERR,ERR,ERR,ERR,ERR,ERR,ERR,ERR,ERR,ERR,ERR,ERR,ERR,ERR,ERR,ERR,ERR,ERR,ERR,ERR,ERR,ERR,ERR,ERR,ERR,ERR,ERR,ERR,ERR,ERR,ERR,ERR,ERR,ERR,ERR,ERR,ERR,ERR,ERR,ERR,ERR,ERR,ERR,ERR,ERR,ERR,ERR,ERR,ERR,ERR,ERR,ERR,ERR,ERR,ERR,ERR,ERR,ERR,ERR,ERR,ERR,ERR,ERR,ERR,ERR,ERR,ERR,ERR,ERR,ERR,ERR,ERR,ERR,ERR,ERR,ERR,ERR,ERR,ERR,ERR,ERR,ERR,ERR,ERR,ERR,ERR,ERR,ERR,ERR,ERR,ERR,ERR,ERR,ERR,ERR,ERR,ERR,ERR,ERR,ERR,ERR,ERR,ERR,ERR,ERR,ERR,ERR,ERR,ERR,2.718450016850437e+23,-0.0,2.8364315368646023e+23,-107613408.0,-4.209512871143983e+25,-0.048,5.425141312403045e+20,2.028741553761651e+25,5800,0,8,17278,5800,-0.0,100,0.0,0.0,-107613408.0,0.0,1.9056969178834534e+17,0,0,0,0,nan,0,0,0,0,0,0,0,0,0,0,0,0,0,0,0,0,0,0,0,0,0,0,0,0,0,0,0,0,0,0,0,0,0,10,52,51,61,65476,615,65476,1,0,4,21553,0.0,2.71838894803949e+23,0.0,0.0,0.0,0.0,0.0,0.0,0.0,0.0,0.0,0.0,0.0,0.0,0.0,0.0,0.0,0.0,0.0,0.0,0.0,2.004,3.697074423243316e+19,-0.0,-0.0,0.0,0.0,0.0,0.0,0.0,6646.0,-564149255929856.0,0.0,2.718450016850437e+23,-0.0,-107616232.0,107616440.0,-0.0,0.0,2.004,2.004,242,-0.0,0.0,0.0,0.0,0.0,0.0,0.0,0.0,0.0,0,0,0,-4.5119702986625436e+27,-0.0,-2.453499548767406e+36,110.129,-0.0,-0.0,-14698056.0,4.148252037802361e+18,19041550.0,1.155381112118182e+18,-1.0016077352718262e+30,-0.0,-0.0,-0.0,0.0,0.0,0,1.3516416376850534e+27,245,0.0,490,0.0,-2678505888284672.0,2048,52429,17150,39322,17152,39322,17144,0,0,0,105,99,100,0.0,69.0,-107615312.0,69.8,-0.0,69.0,1,47,48,180,0,13107,0,0,0.0,0.0,0.0,60.0,-360.52,74.0,0.0,0.0,0.0,1270,0,1276,0,0,0,1274,0,1286,0,1243,0,694,0,695,0,690,0,692,0.032,1.3305260699995496e+34,0.0,2.7302352164993253e+23,10896,16828,-360.52,0.0,0.0,0.0,8.163927975967988e+33,-76152984.0,70.0,60.0,66,0.0,0.0,10.0,2.0,0.0,0.0,0.0,0.0,0.0,0.0,0.0,0.0,0.0,0.0,0.0,0.0,65.6,68,16,65516,48,65476,0,300,0,0,8,20529,65476,0,0,40632,60.0,0.0,10.0,10.0,2.0,0.0
2026-02-05T14:22:15,ERR,ERR,ERR,ERR,ERR,ERR,ERR,ERR,ERR,ERR,ERR,ERR,ERR,ERR,ERR,ERR,ERR,ERR,ERR,ERR,ERR,ERR,ERR,ERR,ERR,ERR,ERR,ERR,ERR,ERR,ERR,ERR,ERR,ERR,ERR,ERR,ERR,ERR,ERR,ERR,ERR,ERR,ERR,ERR,ERR,ERR,ERR,ERR,ERR,ERR,ERR,ERR,ERR,ERR,ERR,ERR,ERR,ERR,ERR,ERR,ERR,ERR,ERR,ERR,ERR,ERR,ERR,ERR,ERR,ERR,ERR,ERR,ERR,ERR,ERR,ERR,ERR,ERR,ERR,ERR,ERR,ERR,ERR,ERR,ERR,ERR,ERR,ERR,ERR,ERR,ERR,ERR,ERR,ERR,ERR,ERR,ERR,ERR,ERR,ERR,ERR,ERR,ERR,ERR,ERR,ERR,ERR,ERR,ERR,ERR,ERR,ERR,ERR,ERR,ERR,ERR,ERR,ERR,ERR,ERR,ERR,ERR,ERR,ERR,ERR,2.718450016850437e+23,-0.0,2.8364315368646023e+23,-107613408.0,-4.209512871143983e+25,-0.048,5.425141312403045e+20,2.028741553761651e+25,5800,0,8,17278,5800,-0.0,100,0.0,0.0,-107613408.0,0.0,1.9056969178834534e+17,0,0,0,0,nan,0,0,0,0,0,0,0,0,0,0,0,0,0,0,0,0,0,0,0,0,0,0,0,0,0,0,0,0,0,0,0,0,0,10,52,51,61,65476,615,65476,1,0,4,21553,0.0,2.71838894803949e+23,0.0,0.0,0.0,0.0,0.0,0.0,0.0,0.0,0.0,0.0,0.0,0.0,0.0,0.0,0.0,0.0,0.0,0.0,0.0,2.004,3.697074423243316e+19,-0.0,-0.0,0.0,0.0,0.0,0.0,0.0,6646.0,-564149255929856.0,0.0,2.718450016850437e+23,-0.0,-107616232.0,107616440.0,-0.0,0.0,2.004,2.004,242,-0.0,0.0,0.0,0.0,0.0,0.0,0.0,0.0,0.0,0,0,0,-4.5119702986625436e+27,-0.0,-2.453499548767406e+36,110.129,-0.0,-0.0,-14698056.0,4.148252037802361e+18,19041550.0,1.155381112118182e+18,-1.0016077352718262e+30,-0.0,-0.0,-0.0,0.0,0.0,0,1.3516416376850534e+27,245,0.0,490,0.0,-2678505888284672.0,2048,52429,17150,39322,17152,39322,17144,0,0,0,105,99,100,0.0,69.0,-107615312.0,69.8,-0.0,69.0,1,47,48,180,0,13107,0,0,0.0,0.0,0.0,60.0,-360.52,74.0,0.0,0.0,0.0,1270,0,1276,0,0,0,1274,0,1286,0,1243,0,694,0,695,0,690,0,692,0.032,1.3305260699995496e+34,0.0,2.7302352164993253e+23,10896,16828,-360.52,0.0,0.0,0.0,8.163927975967988e+33,-76152984.0,70.0,60.0,66,0.0,0.0,10.0,2.0,0.0,0.0,0.0,0.0,0.0,0.0,0.0,0.0,0.0,0.0,0.0,0.0,65.6,68,16,65516,48,65476,0,300,0,0,8,20529,65476,0,0,40632,60.0,0.0,10.0,10.0,2.0,0.0
2026-02-05T14:22:16,ERR,ERR,ERR,ERR,ERR,ERR,ERR,ERR,ERR,ERR,ERR,ERR,ERR,ERR,ERR,ERR,ERR,ERR,ERR,ERR,ERR,ERR,ERR,ERR,ERR,ERR,ERR,ERR,ERR,ERR,ERR,ERR,ERR,ERR,ERR,ERR,ERR,ERR,ERR,ERR,ERR,ERR,ERR,ERR,ERR,ERR,ERR,ERR,ERR,ERR,ERR,ERR,ERR,ERR,ERR,ERR,ERR,ERR,ERR,ERR,ERR,ERR,ERR,ERR,ERR,ERR,ERR,ERR,ERR,ERR,ERR,ERR,ERR,ERR,ERR,ERR,ERR,ERR,ERR,ERR,ERR,ERR,ERR,ERR,ERR,ERR,ERR,ERR,ERR,ERR,ERR,ERR,ERR,ERR,ERR,ERR,ERR,ERR,ERR,ERR,ERR,ERR,ERR,ERR,ERR,ERR,ERR,ERR,ERR,ERR,ERR,ERR,ERR,ERR,ERR,ERR,ERR,ERR,ERR,ERR,ERR,ERR,ERR,ERR,ERR,2.718450016850437e+23,-0.0,2.8364315368646023e+23,-107613408.0,-4.209512871143983e+25,-57.314,2.0693173795199123e+23,3.530719425786965e+22,5800,0,8,17278,5800,14723891331072.0,100,0.0,0.0,-107613408.0,0.0,1.9056969178834534e+17,0,0,0,0,nan,0,0,0,0,0,0,0,0,0,0,0,0,0,0,0,0,0,0,0,0,0,0,0,0,0,0,0,0,0,0,0,0,0,10,52,51,61,65476,615,65476,1,0,4,21553,0.0,-107613536.0,0.0,0.0,0.0,0.0,0.0,0.0,0.0,0.0,0.0,0.0,0.0,0.0,0.0,0.0,0.0,0.0,0.0,0.0,0.0,2.004,2.004,-0.0,-0.0,0.0,0.0,0.0,0.0,0.0,6641.0,0.0,0.0,0.0,-0.0,-107616232.0,0.0,-0.0,0.0,2.004,2.004,245,-0.0,-0.0,0.0,0.0,0.0,0.0,0.0,0.0,0.0,0,0,0,-0.0,-0.0,-79309649739776.0,0.0,-0.0,-316.517,-0.0,-0.0,0.0,1.5246762815625626e+18,-1.2046299017146286e+30,-0.0,-0.0,-0.0,0.0,7.567451776490232e+23,0,1.3516416376850534e+27,245,0.0,490,-0.0,-68.128,2048,52429,17150,39322,17152,39322,17144,0,0,0,105,99,100,0.0,69.0,-107615312.0,69.8,-0.0,69.0,1,47,48,180,0,13107,0,0,0.0,0.0,0.0,60.0,-360.52,74.0,0.0,0.0,0.0,1270,0,1276,0,0,0,1274,0,1286,0,1243,0,694,0,695,0,690,0,692,0.032,1.3305260699995496e+34,0.0,2.7302352164993253e+23,10896,16828,-360.52,0.0,0.0,0.0,8.163927975967988e+33,-76152984.0,70.0,60.0,66,0.0,0.0,10.0,2.0,0.0,0.0,0.0,0.0,0.0,0.0,0.0,0.0,0.0,0.0,0.0,0.0,65.6,68,16,65516,48,65476,0,300,0,0,8,20529,65476,0,0,43254,60.0,0.0,10.0,10.0,2.0,0.0
2026-02-05T14:22:17,ERR,ERR,ERR,ERR,ERR,ERR,ERR,ERR,ERR,ERR,ERR,ERR,ERR,ERR,ERR,ERR,ERR,ERR,ERR,ERR,ERR,ERR,ERR,ERR,ERR,ERR,ERR,ERR,ERR,ERR,ERR,ERR,ERR,ERR,ERR,ERR,ERR,ERR,ERR,ERR,ERR,ERR,ERR,ERR,ERR,ERR,ERR,ERR,ERR,ERR,ERR,ERR,ERR,ERR,ERR,ERR,ERR,ERR,ERR,ERR,ERR,ERR,ERR,ERR,ERR,ERR,ERR,ERR,ERR,ERR,ERR,ERR,ERR,ERR,ERR,ERR,ERR,ERR,ERR,ERR,ERR,ERR,ERR,ERR,ERR,ERR,ERR,ERR,ERR,ERR,ERR,ERR,ERR,ERR,ERR,ERR,ERR,ERR,ERR,ERR,ERR,ERR,ERR,ERR,ERR,ERR,ERR,ERR,ERR,ERR,ERR,ERR,ERR,ERR,ERR,ERR,ERR,ERR,ERR,ERR,ERR,ERR,ERR,ERR,ERR,2.718450016850437e+23,-0.0,2.8364315368646023e+23,-107613408.0,-4.209512871143983e+25,-57.314,2.0693173795199123e+23,3.530719425786965e+22,5800,0,8,17278,5800,14723891331072.0,100,0.0,0.0,-107613408.0,0.0,1.9056969178834534e+17,0,0,0,0,nan,0,0,0,0,0,0,0,0,0,0,0,0,0,0,0,0,0,0,0,0,0,0,0,0,0,0,0,0,0,0,0,0,0,10,52,51,61,65476,615,65476,1,0,4,21553,0.0,-107613536.0,0.0,0.0,0.0,0.0,0.0,0.0,0.0,0.0,0.0,0.0,0.0,0.0,0.0,0.0,0.0,0.0,0.0,0.0,0.0,2.004,2.004,-0.0,-0.0,0.0,0.0,0.0,0.0,0.0,6641.0,0.0,0.0,0.0,-0.0,-107616232.0,0.0,-0.0,0.0,2.004,2.004,245,-0.0,-0.0,0.0,0.0,0.0,0.0,0.0,0.0,0.0,0,0,0,-0.0,-0.0,-79309649739776.0,0.0,-0.0,-316.517,-0.0,-0.0,0.0,1.5246762815625626e+18,-1.2046299017146286e+30,-0.0,-0.0,-0.0,0.0,7.567451776490232e+23,0,1.3516416376850534e+27,245,0.0,490,-0.0,-68.128,2048,52429,17150,39322,17152,39322,17144,0,0,0,105,99,100,0.0,69.0,0.0,69.9,-107615312.0,69.0,1,47,48,180,0,13107,0,0,0.0,0.0,0.0,60.0,-0.0,74.0,0.0,3.844451885188625e+22,0.0,1270,0,1276,0,0,0,1274,0,1286,0,1243,0,694,0,695,0,690,0,692,0.032,1.322413106158089e+34,0.0,2.7302352164993253e+23,4624,16828,-0.0,3.844451885188625e+22,7.806703525110454e+22,-1.1150624675126447e+36,-0.0,0.0,70.0,60.0,66,0.0,0.0,10.0,2.0,0.0,0.0,0.0,0.0,0.0,0.0,0.0,0.0,0.0,0.0,0.0,0.0,65.6,68,16,65516,48,65476,0,300,0,0,8,20529,65476,0,0,43254,60.0,0.0,10.0,10.0,2.0,0.0
2026-02-05T14:22:18,ERR,ERR,ERR,ERR,ERR,ERR,ERR,ERR,ERR,ERR,ERR,ERR,ERR,ERR,ERR,ERR,ERR,ERR,ERR,ERR,ERR,ERR,ERR,ERR,ERR,ERR,ERR,ERR,ERR,ERR,ERR,ERR,ERR,ERR,ERR,ERR,ERR,ERR,ERR,ERR,ERR,ERR,ERR,ERR,ERR,ERR,ERR,ERR,ERR,ERR,ERR,ERR,ERR,ERR,ERR,ERR,ERR,ERR,ERR,ERR,ERR,ERR,ERR,ERR,ERR,ERR,ERR,ERR,ERR,ERR,ERR,ERR,ERR,ERR,ERR,ERR,ERR,ERR,ERR,ERR,ERR,ERR,ERR,ERR,ERR,ERR,ERR,ERR,ERR,ERR,ERR,ERR,ERR,ERR,ERR,ERR,ERR,ERR,ERR,ERR,ERR,ERR,ERR,ERR,ERR,ERR,ERR,ERR,ERR,ERR,ERR,ERR,ERR,ERR,ERR,ERR,ERR,ERR,ERR,ERR,ERR,ERR,ERR,ERR,ERR,2.718450016850437e+23,-0.0,2.8364315368646023e+23,-107613408.0,-4.209512871143983e+25,-57.314,2.0693173795199123e+23,3.530719425786965e+22,5800,0,8,17278,5800,14723891331072.0,100,0.0,0.0,-107613408.0,0.0,1.9056969178834534e+17,0,0,0,0,nan,0,0,0,0,0,0,0,0,0,0,0,0,0,0,0,0,0,0,0,0,0,0,0,0,0,0,0,0,0,0,0,0,0,10,52,51,61,65476,615,65476,1,0,4,21553,0.0,-107613536.0,0.0,0.0,0.0,0.0,0.0,0.0,0.0,0.0,0.0,0.0,0.0,0.0,0.0,0.0,0.0,0.0,0.0,0.0,0.0,2.004,2.004,-0.0,-0.0,0.0,0.0,0.0,0.0,0.0,6641.0,0.0,0.0,0.0,-0.0,-107616232.0,0.0,-0.0,0.0,2.004,2.004,245,-0.0,-0.0,0.0,0.0,0.0,0.0,0.0,0.0,0.0,0,0,0,-0.0,-0.0,-79309649739776.0,0.0,-0.0,-316.517,-0.0,-0.0,0.0,1.5246762815625626e+18,-1.2046299017146286e+30,-0.0,-0.0,-0.0,0.0,7.567451776490232e+23,0,1.3516416376850534e+27,245,0.0,490,-0.0,-68.128,2048,52429,17150,39322,17152,39322,17144,0,0,0,105,99,100,0.0,69.0,0.0,69.9,-107615312.0,69.0,1,47,48,180,0,13107,0,0,0.0,0.0,0.0,60.0,-0.0,74.0,0.0,3.844451885188625e+22,0.0,1270,0,1276,0,0,0,1274,0,1286,0,1243,0,694,0,695,0,690,0,692,0.032,1.322413106158089e+34,0.0,2.7302352164993253e+23,4624,16828,-0.0,3.844451885188625e+22,7.806703525110454e+22,-1.1150624675126447e+36,-0.0,0.0,70.0,60.0,66,0.0,0.0,10.0,2.0,0.0,0.0,0.0,0.0,0.0,0.0,0.0,0.0,0.0,0.0,0.0,0.0,65.6,68,16,65516,48,65476,0,300,0,0,8,20529,65476,0,0,41943,60.0,0.0,10.0,10.0,2.0,0.0
2026-02-05T14:22:19,ERR,ERR,ERR,ERR,ERR,ERR,ERR,ERR,ERR,ERR,ERR,ERR,ERR,ERR,ERR,ERR,ERR,ERR,ERR,ERR,ERR,ERR,ERR,ERR,ERR,ERR,ERR,ERR,ERR,ERR,ERR,ERR,ERR,ERR,ERR,ERR,ERR,ERR,ERR,ERR,ERR,ERR,ERR,ERR,ERR,ERR,ERR,ERR,ERR,ERR,ERR,ERR,ERR,ERR,ERR,ERR,ERR,ERR,ERR,ERR,ERR,ERR,ERR,ERR,ERR,ERR,ERR,ERR,ERR,ERR,ERR,ERR,ERR,ERR,ERR,ERR,ERR,ERR,ERR,ERR,ERR,ERR,ERR,ERR,ERR,ERR,ERR,ERR,ERR,ERR,ERR,ERR,ERR,ERR,ERR,ERR,ERR,ERR,ERR,ERR,ERR,ERR,ERR,ERR,ERR,ERR,ERR,ERR,ERR,ERR,ERR,ERR,ERR,ERR,ERR,ERR,ERR,ERR,ERR,ERR,ERR,ERR,ERR,ERR,ERR,2.718450016850437e+23,-0.0,2.8364315368646023e+23,-107613408.0,-4.209512871143983e+25,-57.314,2.0693173795199123e+23,3.530719425786965e+22,5800,0,8,17278,5800,14723891331072.0,100,0.0,0.0,-107613408.0,0.0,1.9056969178834534e+17,0,0,0,0,nan,0,0,0,0,0,0,0,0,0,0,0,0,0,0,0,0,0,0,0,0,0,0,0,0,0,0,0,0,0,0,0,0,0,10,52,51,61,65476,615,65476,1,0,4,21553,0.0,-107613536.0,0.0,0.0,0.0,0.0,0.0,0.0,0.0,0.0,0.0,0.0,0.0,0.0,0.0,0.0,0.0,0.0,0.0,0.0,0.0,2.004,2.004,-0.0,-0.0,0.0,0.0,0.0,0.0,0.0,6641.0,0.0,0.0,0.0,-0.0,-107616232.0,0.0,-0.0,0.0,2.004,2.004,245,-0.0,-0.0,0.0,0.0,0.0,0.0,0.0,0.0,0.0,0,0,0,-0.0,-0.0,-79309649739776.0,0.0,-0.0,-316.517,-0.0,-0.0,0.0,1.5246762815625626e+18,-1.2046299017146286e+30,-0.0,-0.0,-0.0,0.0,7.567451776490232e+23,0,1.3516416376850534e+27,245,0.0,490,-0.0,-68.128,2048,52429,17150,39322,17152,39322,17144,0,0,0,105,99,100,0.0,69.0,0.0,69.9,-107615312.0,69.0,1,47,48,180,0,13107,0,0,0.0,0.0,0.0,60.0,-0.0,74.0,0.0,3.844451885188625e+22,0.0,1270,0,1276,0,0,0,1274,0,1286,0,1243,0,694,0,695,0,690,0,692,0.032,1.322413106158089e+34,0.0,2.7302352164993253e+23,4624,16828,-0.0,3.844451885188625e+22,7.806703525110454e+22,-1.1150624675126447e+36,-0.0,0.0,70.0,60.0,66,0.0,0.0,10.0,2.0,0.0,0.0,0.0,0.0,0.0,0.0,0.0,0.0,0.0,0.0,0.0,0.0,65.6,68,16,65516,48,65476,0,300,0,0,8,20529,65476,0,0,41943,60.0,0.0,10.0,10.0,2.0,0.0
2026-02-05T14:22:20,ERR,ERR,ERR,ERR,ERR,ERR,ERR,ERR,ERR,ERR,ERR,ERR,ERR,ERR,ERR,ERR,ERR,ERR,ERR,ERR,ERR,ERR,ERR,ERR,ERR,ERR,ERR,ERR,ERR,ERR,ERR,ERR,ERR,ERR,ERR,ERR,ERR,ERR,ERR,ERR,ERR,ERR,ERR,ERR,ERR,ERR,ERR,ERR,ERR,ERR,ERR,ERR,ERR,ERR,ERR,ERR,ERR,ERR,ERR,ERR,ERR,ERR,ERR,ERR,ERR,ERR,ERR,ERR,ERR,ERR,ERR,ERR,ERR,ERR,ERR,ERR,ERR,ERR,ERR,ERR,ERR,ERR,ERR,ERR,ERR,ERR,ERR,ERR,ERR,ERR,ERR,ERR,ERR,ERR,ERR,ERR,ERR,ERR,ERR,ERR,ERR,ERR,ERR,ERR,ERR,ERR,ERR,ERR,ERR,ERR,ERR,ERR,ERR,ERR,ERR,ERR,ERR,ERR,ERR,ERR,ERR,ERR,ERR,ERR,ERR,2.718450016850437e+23,-0.0,2.8364315368646023e+23,-107613408.0,-4.209512871143983e+25,-57.314,2.0693173795199123e+23,3.530719425786965e+22,5800,0,8,17278,5800,14723891331072.0,100,0.0,0.0,-107613408.0,0.0,1.9056969178834534e+17,0,0,0,0,nan,0,0,0,0,0,0,0,0,0,0,0,0,0,0,0,0,0,0,0,0,0,0,0,0,0,0,0,0,0,0,0,0,0,10,52,51,61,65476,615,65476,1,0,4,21553,0.0,-107613536.0,0.0,0.0,0.0,0.0,0.0,0.0,0.0,0.0,0.0,0.0,0.0,0.0,0.0,0.0,0.0,0.0,0.0,0.0,0.0,2.004,2.004,-0.0,-0.0,0.0,0.0,0.0,0.0,0.0,6641.0,0.0,0.0,0.0,-0.0,-107616232.0,0.0,-0.0,0.0,2.004,2.004,245,-0.0,-0.0,0.0,0.0,0.0,0.0,0.0,0.0,0.0,0,0,0,-0.0,-0.0,-79309649739776.0,0.0,-0.0,-316.517,-0.0,-0.0,0.0,1.5246762815625626e+18,-1.2046299017146286e+30,-0.0,-0.0,-0.0,0.0,7.567451776490232e+23,0,1.3516416376850534e+27,245,0.0,490,-0.0,-68.128,2048,52429,17150,39322,17152,39322,17144,0,0,0,105,99,100,0.0,69.0,0.0,69.9,-107615312.0,69.0,1,47,48,180,0,13107,0,0,0.0,0.0,0.0,60.0,-0.0,74.0,0.0,3.844451885188625e+22,0.0,1270,0,1276,0,0,0,1274,0,1286,0,1243,0,694,0,695,0,690,0,692,0.032,1.322413106158089e+34,0.0,2.7302352164993253e+23,4624,16828,-0.0,3.844451885188625e+22,7.806703525110454e+22,-1.1150624675126447e+36,-0.0,0.0,70.0,60.0,66,0.0,0.0,10.0,2.0,0.0,0.0,0.0,0.0,0.0,0.0,0.0,0.0,0.0,0.0,0.0,0.0,65.6,68,16,65516,48,65476,0,300,0,0,8,20529,65476,0,0,38011,60.0,0.0,10.0,10.0,2.0,0.0
2026-02-05T14:22:21,ERR,ERR,ERR,ERR,ERR,ERR,ERR,ERR,ERR,ERR,ERR,ERR,ERR,ERR,ERR,ERR,ERR,ERR,ERR,ERR,ERR,ERR,ERR,ERR,ERR,ERR,ERR,ERR,ERR,ERR,ERR,ERR,ERR,ERR,ERR,ERR,ERR,ERR,ERR,ERR,ERR,ERR,ERR,ERR,ERR,ERR,ERR,ERR,ERR,ERR,ERR,ERR,ERR,ERR,ERR,ERR,ERR,ERR,ERR,ERR,ERR,ERR,ERR,ERR,ERR,ERR,ERR,ERR,ERR,ERR,ERR,ERR,ERR,ERR,ERR,ERR,ERR,ERR,ERR,ERR,ERR,ERR,ERR,ERR,ERR,ERR,ERR,ERR,ERR,ERR,ERR,ERR,ERR,ERR,ERR,ERR,ERR,ERR,ERR,ERR,ERR,ERR,ERR,ERR,ERR,ERR,ERR,ERR,ERR,ERR,ERR,ERR,ERR,ERR,ERR,ERR,ERR,ERR,ERR,ERR,ERR,ERR,ERR,ERR,ERR,2.718450016850437e+23,-0.0,2.8364315368646023e+23,-107613408.0,-4.209512871143983e+25,0.0,-1.9908293001662088e+31,-9.699001415626025e+19,5800,0,8,17277,5800,14723891331072.0,100,0.0,0.0,-107613408.0,0.0,1.9056969178834534e+17,0,0,0,0,nan,0,0,0,0,0,0,0,0,0,0,0,0,0,0,0,0,0,0,0,0,0,0,0,0,0,0,0,0,0,0,0,0,0,10,52,51,61,65476,616,65476,1,0,4,21553,0.0,-107613536.0,0.0,0.0,0.0,0.0,0.0,0.0,0.0,0.0,0.0,0.0,0.0,0.0,0.0,0.0,0.0,0.0,0.0,0.0,0.0,2.004,3.697074423243316e+19,-0.0,-0.0,0.0,0.0,0.0,0.0,0.0,6648.0,0.0,0.0,2.718450016850437e+23,-0.0,-107616232.0,0.0,-0.0,0.0,2.004,2.004,243,-0.0,-0.0,0.0,0.0,0.0,0.0,0.0,0.0,0.0,0,0,0,-0.0,1.0664634864655365e+32,-312840552448000.0,-1484868.375,-0.0,96900.406,6.497547471667855e+17,108671416.0,-4694851.5,1.8849642517522022e+18,-1.5278464954580664e+30,-0.0,-0.0,-0.0,0.0,-2.1279810881220553e+23,0,1.3516416376850534e+27,243,0.0,486,0.0,-2678505888284672.0,2048,39322,17150,32768,17152,39322,17144,0,0,0,105,99,100,0.0,69.4,0.0,69.4,-107615312.0,69.0,1,47,48,180,0,13107,0,0,0.0,0.0,0.0,60.0,-0.0,74.0,0.0,-0.0,0.0,1270,0,1276,0,0,0,1274,0,1286,0,1243,0,694,0,695,0,690,0,691,0.032,1.3386390338410102e+34,-2.004,0.0,15120,16828,-0.0,-0.0,-0.0,110977.648,-1.2004940342594654e+27,7.791237800711422e+18,70.0,60.0,66,0.0,0.0,10.0,2.0,0.0,0.0,0.0,0.0,0.0,0.0,0.0,0.0,0.0,0.0,0.0,0.0,65.6,68,16,65516,48,65476,0,300,0,0,8,20529,65476,0,0,38011,60.0,0.0,10.0,10.0,2.0,0.0
2026-02-05T14:22:22,ERR,ERR,ERR,ERR,ERR,ERR,ERR,ERR,ERR,ERR,ERR,ERR,ERR,ERR,ERR,ERR,ERR,ERR,ERR,ERR,ERR,ERR,ERR,ERR,ERR,ERR,ERR,ERR,ERR,ERR,ERR,ERR,ERR,ERR,ERR,ERR,ERR,ERR,ERR,ERR,ERR,ERR,ERR,ERR,ERR,ERR,ERR,ERR,ERR,ERR,ERR,ERR,ERR,ERR,ERR,ERR,ERR,ERR,ERR,ERR,ERR,ERR,ERR,ERR,ERR,ERR,ERR,ERR,ERR,ERR,ERR,ERR,ERR,ERR,ERR,ERR,ERR,ERR,ERR,ERR,ERR,ERR,ERR,ERR,ERR,ERR,ERR,ERR,ERR,ERR,ERR,ERR,ERR,ERR,ERR,ERR,ERR,ERR,ERR,ERR,ERR,ERR,ERR,ERR,ERR,ERR,ERR,ERR,ERR,ERR,ERR,ERR,ERR,ERR,ERR,ERR,ERR,ERR,ERR,ERR,ERR,ERR,ERR,ERR,ERR,2.718450016850437e+23,-0.0,2.8364315368646023e+23,-107613408.0,-4.209512871143983e+25,0.0,-1.9908293001662088e+31,-9.699001415626025e+19,5800,0,8,17277,5800,14723891331072.0,100,0.0,0.0,-107613408.0,0.0,1.9056969178834534e+17,0,0,0,0,nan,0,0,0,0,0,0,0,0,0,0,0,0,0,0,0,0,0,0,0,0,0,0,0,0,0,0,0,0,0,0,0,0,0,10,52,51,61,65476,616,65476,1,0,4,21553,0.0,-107613536.0,0.0,0.0,0.0,0.0,0.0,0.0,0.0,0.0,0.0,0.0,0.0,0.0,0.0,0.0,0.0,0.0,0.0,0.0,0.0,2.004,3.697074423243316e+19,-0.0,-0.0,0.0,0.0,0.0,0.0,0.0,6648.0,0.0,0.0,2.718450016850437e+23,-0.0,-107616232.0,0.0,-0.0,0.0,2.004,2.004,243,-0.0,-0.0,0.0,0.0,0.0,0.0,0.0,0.0,0.0,0,0,0,-0.0,1.0664634864655365e+32,-312840552448000.0,-1484868.375,-0.0,96900.406,6.497547471667855e+17,108671416.0,-4694851.5,1.8849642517522022e+18,-1.5278464954580664e+30,-0.0,-0.0,-0.0,0.0,-2.1279810881220553e+23,0,1.3516416376850534e+27,243,0.0,486,0.0,-2678505888284672.0,2048,39322,17150,32768,17152,39322,17144,0,0,0,105,99,100,0.0,69.4,0.0,69.4,-107615312.0,69.0,1,47,48,180,0,13107,0,0,0.0,0.0,0.0,60.0,-0.0,74.0,0.0,-0.0,0.0,1270,0,1276,0,0,0,1274,0,1286,0,1243,0,694,0,695,0,690,0,691,0.032,1.3386390338410102e+34,-2.004,0.0,15120,16828,-0.0,-0.0,-0.0,110977.648,-1.2004940342594654e+27,7.791237800711422e+18,70.0,60.0,66,0.0,0.0,10.0,2.0,0.0,0.0,0.0,0.0,0.0,0.0,0.0,0.0,0.0,0.0,0.0,0.0,66.0,68,16,65516,48,65476,0,300,0,0,8,20529,65476,0,0,34079,60.0,0.0,10.0,10.0,2.0,0.0
2026-02-05T14:22:23,ERR,ERR,ERR,ERR,ERR,ERR,ERR,ERR,ERR,ERR,ERR,ERR,ERR,ERR,ERR,ERR,ERR,ERR,ERR,ERR,ERR,ERR,ERR,ERR,ERR,ERR,ERR,ERR,ERR,ERR,ERR,ERR,ERR,ERR,ERR,ERR,ERR,ERR,ERR,ERR,ERR,ERR,ERR,ERR,ERR,ERR,ERR,ERR,ERR,ERR,ERR,ERR,ERR,ERR,ERR,ERR,ERR,ERR,ERR,ERR,ERR,ERR,ERR,ERR,ERR,ERR,ERR,ERR,ERR,ERR,ERR,ERR,ERR,ERR,ERR,ERR,ERR,ERR,ERR,ERR,ERR,ERR,ERR,ERR,ERR,ERR,ERR,ERR,ERR,ERR,ERR,ERR,ERR,ERR,ERR,ERR,ERR,ERR,ERR,ERR,ERR,ERR,ERR,ERR,ERR,ERR,ERR,ERR,ERR,ERR,ERR,ERR,ERR,ERR,ERR,ERR,ERR,ERR,ERR,ERR,ERR,ERR,ERR,ERR,ERR,2.718450016850437e+23,-0.0,2.8364315368646023e+23,-107613408.0,-4.209512871143983e+25,0.0,-1.9908293001662088e+31,-9.699001415626025e+19,5800,0,8,17277,5800,14723891331072.0,100,0.0,0.0,-107613408.0,0.0,1.9056969178834534e+17,0,0,0,0,nan,0,0,0,0,0,0,0,0,0,0,0,0,0,0,0,0,0,0,0,0,0,0,0,0,0,0,0,0,0,0,0,0,0,10,52,51,61,65476,616,65476,1,0,4,21553,0.0,-107613536.0,0.0,0.0,0.0,0.0,0.0,0.0,0.0,0.0,0.0,0.0,0.0,0.0,0.0,0.0,0.0,0.0,0.0,0.0,0.0,2.004,3.697074423243316e+19,-0.0,-0.0,0.0,0.0,0.0,0.0,0.0,6648.0,0.0,0.0,2.718450016850437e+23,-0.0,-107616232.0,0.0,-0.0,0.0,2.004,2.004,243,-0.0,-0.0,0.0,0.0,0.0,0.0,0.0,0.0,0.0,0,0,0,-0.0,1.0664634864655365e+32,-312840552448000.0,-1484868.375,-0.0,96900.406,6.497547471667855e+17,108671416.0,-4694851.5,1.8849642517522022e+18,-1.5278464954580664e+30,-0.0,-0.0,-0.0,0.0,-2.1279810881220553e+23,0,1.3516416376850534e+27,243,0.0,486,0.0,-2678505888284672.0,2048,39322,17150,32768,17152,39322,17144,0,0,0,105,99,100,0.0,69.4,0.0,69.4,-107615312.0,69.0,1,47,48,180,0,13107,0,0,0.0,0.0,0.0,60.0,-0.0,74.0,0.0,-0.0,0.0,1270,0,1276,0,0,0,1274,0,1286,0,1243,0,694,0,695,0,690,0,691,0.032,1.3386390338410102e+34,-2.004,0.0,15120,16828,-0.0,-0.0,-0.0,110977.648,-1.2004940342594654e+27,7.791237800711422e+18,70.0,60.0,66,0.0,0.0,10.0,2.0,0.0,0.0,0.0,0.0,0.0,0.0,0.0,0.0,0.0,0.0,0.0,0.0,66.0,68,16,65516,48,65476,0,300,0,0,8,20529,65476,0,0,34079,60.0,0.0,10.0,10.0,2.0,0.0
2026-02-05T14:22:24,ERR,ERR,ERR,ERR,ERR,ERR,ERR,ERR,ERR,ERR,ERR,ERR,ERR,ERR,ERR,ERR,ERR,ERR,ERR,ERR,ERR,ERR,ERR,ERR,ERR,ERR,ERR,ERR,ERR,ERR,ERR,ERR,ERR,ERR,ERR,ERR,ERR,ERR,ERR,ERR,ERR,ERR,ERR,ERR,ERR,ERR,ERR,ERR,ERR,ERR,ERR,ERR,ERR,ERR,ERR,ERR,ERR,ERR,ERR,ERR,ERR,ERR,ERR,ERR,ERR,ERR,ERR,ERR,ERR,ERR,ERR,ERR,ERR,ERR,ERR,ERR,ERR,ERR,ERR,ERR,ERR,ERR,ERR,ERR,ERR,ERR,ERR,ERR,ERR,ERR,ERR,ERR,ERR,ERR,ERR,ERR,ERR,ERR,ERR,ERR,ERR,ERR,ERR,ERR,ERR,ERR,ERR,ERR,ERR,ERR,ERR,ERR,ERR,ERR,ERR,ERR,ERR,ERR,ERR,ERR,ERR,ERR,ERR,ERR,ERR,2.718450016850437e+23,-0.0,2.8364315368646023e+23,-107613408.0,-4.209512871143983e+25,0.0,-1.9908293001662088e+31,-9.699001415626025e+19,5800,0,8,17277,5800,14723891331072.0,100,0.0,0.0,-107613408.0,0.0,1.9056969178834534e+17,0,0,0,0,nan,0,0,0,0,0,0,0,0,0,0,0,0,0,0,0,0,0,0,0,0,0,0,0,0,0,0,0,0,0,0,0,0,0,10,52,51,61,65476,616,65476,1,0,4,21553,0.0,-107613536.0,0.0,0.0,0.0,0.0,0.0,0.0,0.0,0.0,0.0,0.0,0.0,0.0,0.0,0.0,0.0,0.0,0.0,0.0,0.0,2.004,3.697074423243316e+19,-0.0,-0.0,0.0,0.0,0.0,0.0,0.0,6648.0,0.0,0.0,2.718450016850437e+23,-0.0,-107616232.0,0.0,-0.0,0.0,2.004,2.004,243,-0.0,-0.0,0.0,0.0,0.0,0.0,0.0,0.0,0.0,0,0,0,-0.0,1.0664634864655365e+32,-312840552448000.0,-1484868.375,-0.0,96900.406,6.497547471667855e+17,108671416.0,-4694851.5,1.8849642517522022e+18,-1.5278464954580664e+30,-0.0,-0.0,-0.0,0.0,-2.1279810881220553e+23,0,1.3516416376850534e+27,243,0.0,486,0.0,-2678505888284672.0,2048,39322,17150,32768,17152,39322,17144,0,0,0,105,99,100,0.0,69.4,0.0,69.4,-107615312.0,69.0,1,47,48,180,0,13107,0,0,0.0,0.0,0.0,60.0,-0.0,74.0,0.0,-0.0,0.0,1270,0,1276,0,0,0,1274,0,1286,0,1243,0,694,0,695,0,690,0,691,0.032,1.3386390338410102e+34,-2.004,0.0,15120,16828,-0.0,-0.0,-0.0,110977.648,-1.2004940342594654e+27,7.791237800711422e+18,70.0,60.0,66,0.0,0.0,10.0,2.0,0.0,0.0,0.0,0.0,0.0,0.0,0.0,0.0,0.0,0.0,0.0,0.0,65.6,68,16,65516,48,65476,0,300,0,0,8,20529,65476,0,0,40632,60.0,0.0,10.0,10.0,2.0,0.0
2026-02-05T14:22:25,ERR,ERR,ERR,ERR,ERR,ERR,ERR,ERR,ERR,ERR,ERR,ERR,ERR,ERR,ERR,ERR,ERR,ERR,ERR,ERR,ERR,ERR,ERR,ERR,ERR,ERR,ERR,ERR,ERR,ERR,ERR,ERR,ERR,ERR,ERR,ERR,ERR,ERR,ERR,ERR,ERR,ERR,ERR,ERR,ERR,ERR,ERR,ERR,ERR,ERR,ERR,ERR,ERR,ERR,ERR,ERR,ERR,ERR,ERR,ERR,ERR,ERR,ERR,ERR,ERR,ERR,ERR,ERR,ERR,ERR,ERR,ERR,ERR,ERR,ERR,ERR,ERR,ERR,ERR,ERR,ERR,ERR,ERR,ERR,ERR,ERR,ERR,ERR,ERR,ERR,ERR,ERR,ERR,ERR,ERR,ERR,ERR,ERR,ERR,ERR,ERR,ERR,ERR,ERR,ERR,ERR,ERR,ERR,ERR,ERR,ERR,ERR,ERR,ERR,ERR,ERR,ERR,ERR,ERR,ERR,ERR,ERR,ERR,ERR,ERR,2.718450016850437e+23,-0.0,2.8364315368646023e+23,-107613408.0,-4.209512871143983e+25,0.0,-1.9908293001662088e+31,-9.699001415626025e+19,5800,0,8,17277,5800,14723891331072.0,100,0.0,0.0,-107613408.0,0.0,1.9056969178834534e+17,0,0,0,0,nan,0,0,0,0,0,0,0,0,0,0,0,0,0,0,0,0,0,0,0,0,0,0,0,0,0,0,0,0,0,0,0,0,0,10,52,51,61,65476,616,65476,1,0,4,21553,0.0,-107613536.0,0.0,0.0,0.0,0.0,0.0,0.0,0.0,0.0,0.0,0.0,0.0,0.0,0.0,0.0,0.0,0.0,0.0,0.0,0.0,2.004,3.697074423243316e+19,-0.0,-0.0,0.0,0.0,0.0,0.0,0.0,6648.0,0.0,0.0,2.718450016850437e+23,-0.0,-107616232.0,0.0,-0.0,0.0,2.004,2.004,243,-0.0,-0.0,0.0,0.0,0.0,0.0,0.0,0.0,0.0,0,0,0,-0.0,1.0664634864655365e+32,-312840552448000.0,-1484868.375,-0.0,96900.406,6.497547471667855e+17,108671416.0,-4694851.5,1.8849642517522022e+18,-1.5278464954580664e+30,-0.0,-0.0,-0.0,0.0,-2.1279810881220553e+23,0,1.3516416376850534e+27,243,0.0,486,0.0,-2678505888284672.0,2048,52429,17150,39322,17152,39322,17144,0,0,0,105,99,100,0.0,69.0,0.0,69.9,-107615312.0,69.0,1,47,48,180,0,13107,0,0,0.0,0.0,0.0,60.0,-0.0,74.0,0.0,-0.0,0.0,1270,0,1276,0,0,0,1274,0,1286,0,1243,0,694,0,695,0,690,0,691,0.032,1.3305260699995496e+34,-2.004,0.0,16016,16828,-0.0,-0.0,-0.0,-0.0,-203692544.0,13072.019,70.0,60.0,66,0.0,0.0,10.0,2.0,0.0,0.0,0.0,0.0,0.0,0.0,0.0,0.0,0.0,0.0,0.0,0.0,65.6,68,16,65516,48,65476,0,300,0,0,8,20529,65476,0,0,38011,60.0,0.0,10.0,10.0,2.0,0.0
2026-02-05T14:22:26,ERR,ERR,ERR,ERR,ERR,ERR,ERR,ERR,ERR,ERR,ERR,ERR,ERR,ERR,ERR,ERR,ERR,ERR,ERR,ERR,ERR,ERR,ERR,ERR,ERR,ERR,ERR,ERR,ERR,ERR,ERR,ERR,ERR,ERR,ERR,ERR,ERR,ERR,ERR,ERR,ERR,ERR,ERR,ERR,ERR,ERR,ERR,ERR,ERR,ERR,ERR,ERR,ERR,ERR,ERR,ERR,ERR,ERR,ERR,ERR,ERR,ERR,ERR,ERR,ERR,ERR,ERR,ERR,ERR,ERR,ERR,ERR,ERR,ERR,ERR,ERR,ERR,ERR,ERR,ERR,ERR,ERR,ERR,ERR,ERR,ERR,ERR,ERR,ERR,ERR,ERR,ERR,ERR,ERR,ERR,ERR,ERR,ERR,ERR,ERR,ERR,ERR,ERR,ERR,ERR,ERR,ERR,ERR,ERR,ERR,ERR,ERR,ERR,ERR,ERR,ERR,ERR,ERR,ERR,ERR,ERR,ERR,ERR,ERR,ERR,2.718450016850437e+23,-0.0,2.8364315368646023e+23,-107613408.0,-4.209512871143983e+25,0.0,-1.9908293001662088e+31,-9.699001415626025e+19,5800,0,8,17277,5800,14723891331072.0,100,0.0,0.0,-107613408.0,0.0,1.9056969178834534e+17,0,0,0,0,nan,0,0,0,0,0,0,0,0,0,0,0,0,0,0,0,0,0,0,0,0,0,0,0,0,0,0,0,0,0,0,0,0,0,10,52,51,61,65476,616,65476,1,0,4,21553,0.0,-107613536.0,0.0,0.0,0.0,0.0,0.0,0.0,0.0,0.0,0.0,0.0,0.0,0.0,0.0,0.0,0.0,0.0,0.0,0.0,0.0,2.004,3.697074423243316e+19,-0.0,-0.0,0.0,0.0,0.0,0.0,0.0,6648.0,0.0,0.0,2.718450016850437e+23,-0.0,-107616232.0,0.0,-0.0,0.0,2.004,2.004,243,-0.0,-0.0,0.0,0.0,0.0,0.0,0.0,0.0,0.0,0,0,0,-0.0,1.0664634864655365e+32,-312840552448000.0,-1484868.375,-0.0,96900.406,6.497547471667855e+17,108671416.0,-4694851.5,1.8849642517522022e+18,-1.5278464954580664e+30,-0.0,-0.0,-0.0,0.0,-2.1279810881220553e+23,0,1.3516416376850534e+27,243,0.0,486,0.0,-2678505888284672.0,2048,52429,17150,39322,17152,39322,17144,0,0,0,105,99,100,0.0,69.0,0.0,69.9,-107615312.0,69.0,1,47,48,180,0,13107,0,0,0.0,0.0,0.0,60.0,-0.0,74.0,0.0,-0.0,0.0,1270,0,1276,0,0,0,1274,0,1286,0,1243,0,694,0,695,0,690,0,691,0.032,1.3305260699995496e+34,-2.004,0.0,16016,16828,-0.0,-0.0,-0.0,-0.0,-203692544.0,13072.019,70.0,60.0,66,0.0,0.0,10.0,2.0,0.0,0.0,0.0,0.0,0.0,0.0,0.0,0.0,0.0,0.0,0.0,0.0,65.6,68,16,65516,48,65476,0,300,0,0,8,20529,65476,0,0,38011,60.0,0.0,10.0,10.0,2.0,0.0
2026-02-05T14:22:27,ERR,ERR,ERR,ERR,ERR,ERR,ERR,ERR,ERR,ERR,ERR,ERR,ERR,ERR,ERR,ERR,ERR,ERR,ERR,ERR,ERR,ERR,ERR,ERR,ERR,ERR,ERR,ERR,ERR,ERR,ERR,ERR,ERR,ERR,ERR,ERR,ERR,ERR,ERR,ERR,ERR,ERR,ERR,ERR,ERR,ERR,ERR,ERR,ERR,ERR,ERR,ERR,ERR,ERR,ERR,ERR,ERR,ERR,ERR,ERR,ERR,ERR,ERR,ERR,ERR,ERR,ERR,ERR,ERR,ERR,ERR,ERR,ERR,ERR,ERR,ERR,ERR,ERR,ERR,ERR,ERR,ERR,ERR,ERR,ERR,ERR,ERR,ERR,ERR,ERR,ERR,ERR,ERR,ERR,ERR,ERR,ERR,ERR,ERR,ERR,ERR,ERR,ERR,ERR,ERR,ERR,ERR,ERR,ERR,ERR,ERR,ERR,ERR,ERR,ERR,ERR,ERR,ERR,ERR,ERR,ERR,ERR,ERR,ERR,ERR,0.0,-0.0,0.0,0.0,-0.0,-4.330807856628289e+19,1.5570443811711962e+38,-4068.014,5800,0,8,17280,5800,-0.0,100,0.0,0.0,-107613408.0,0.0,1.9056969178834534e+17,0,0,0,0,nan,0,0,0,0,0,0,0,0,0,0,0,0,0,0,0,0,0,0,0,0,0,0,0,0,0,0,0,0,0,0,0,0,0,11,52,51,61,65476,616,65476,1,0,4,21553,0.0,0.0,0.0,0.0,0.0,0.0,0.0,0.0,0.0,0.0,0.0,0.0,0.0,0.0,0.0,0.0,0.0,0.0,0.0,0.0,0.0,2.004,2.004,-0.0,-0.0,0.0,0.0,0.0,0.0,0.0,6613.0,-0.0,0.0,0.0,-0.0,-107616232.0,0.0,-0.0,0.0,2.004,2.004,242,-0.0,2.7184282194282406e+23,0.0,0.0,0.0,0.0,0.0,0.0,0.0,0,0,0,-5163011014656.0,-0.0,-1.2935060176249094e+31,0.0,-0.0,-0.0,0.0,0.0,125238829056.0,2.245252221941842e+18,-1.9437943486579542e+30,-0.0,-0.0,-0.0,0.0,0.0,0,1.3516416376850534e+27,242,0.0,484,-30771013632.0,-0.0,2048,52429,17150,39322,17152,39322,17144,0,0,0,105,99,100,0.0,69.0,0.0,69.9,-107615312.0,69.0,1,47,48,180,0,13107,0,0,0.0,0.0,0.0,60.0,-0.0,74.0,0.0,-0.0,0.0,1270,0,1276,0,0,0,1274,0,1286,0,1243,0,694,0,695,0,690,0,691,0.032,1.3305260699995496e+34,-2.004,0.0,16016,16828,-0.0,-0.0,-0.0,-0.0,-203692544.0,13072.019,70.0,60.0,66,0.0,0.0,10.0,2.0,0.0,0.0,0.0,0.0,0.0,0.0,0.0,0.0,0.0,0.0,0.0,0.0,65.6,68,16,65516,48,65476,0,300,0,0,8,20529,65476,0,0,35389,60.0,0.0,10.0,10.0,2.0,0.0
2026-02-05T14:22:28,ERR,ERR,ERR,ERR,ERR,ERR,ERR,ERR,ERR,ERR,ERR,ERR,ERR,ERR,ERR,ERR,ERR,ERR,ERR,ERR,ERR,ERR,ERR,ERR,ERR,ERR,ERR,ERR,ERR,ERR,ERR,ERR,ERR,ERR,ERR,ERR,ERR,ERR,ERR,ERR,ERR,ERR,ERR,ERR,ERR,ERR,ERR,ERR,ERR,ERR,ERR,ERR,ERR,ERR,ERR,ERR,ERR,ERR,ERR,ERR,ERR,ERR,ERR,ERR,ERR,ERR,ERR,ERR,ERR,ERR,ERR,ERR,ERR,ERR,ERR,ERR,ERR,ERR,ERR,ERR,ERR,ERR,ERR,ERR,ERR,ERR,ERR,ERR,ERR,ERR,ERR,ERR,ERR,ERR,ERR,ERR,ERR,ERR,ERR,ERR,ERR,ERR,ERR,ERR,ERR,ERR,ERR,ERR,ERR,ERR,ERR,ERR,ERR,ERR,ERR,ERR,ERR,ERR,ERR,ERR,ERR,ERR,ERR,ERR,ERR,0.0,-0.0,0.0,0.0,-0.0,-4.330807856628289e+19,1.5570443811711962e+38,-4068.014,5800,0,8,17280,5800,-0.0,100,0.0,0.0,-107613408.0,0.0,1.9056969178834534e+17,0,0,0,0,nan,0,0,0,0,0,0,0,0,0,0,0,0,0,0,0,0,0,0,0,0,0,0,0,0,0,0,0,0,0,0,0,0,0,11,52,51,61,65476,616,65476,1,0,4,21553,0.0,0.0,0.0,0.0,0.0,0.0,0.0,0.0,0.0,0.0,0.0,0.0,0.0,0.0,0.0,0.0,0.0,0.0,0.0,0.0,0.0,2.004,2.004,-0.0,-0.0,0.0,0.0,0.0,0.0,0.0,6613.0,-0.0,0.0,0.0,-0.0,-107616232.0,0.0,-0.0,0.0,2.004,2.004,242,-0.0,2.7184282194282406e+23,0.0,0.0,0.0,0.0,0.0,0.0,0.0,0,0,0,-5163011014656.0,-0.0,-1.2935060176249094e+31,0.0,-0.0,-0.0,0.0,0.0,125238829056.0,2.245252221941842e+18,-1.9437943486579542e+30,-0.0,-0.0,-0.0,0.0,0.0,0,1.3516416376850534e+27,242,0.0,484,-30771013632.0,-0.0,2048,52429,17150,39322,17152,39322,17144,0,0,0,105,99,100,0.0,69.0,0.0,69.9,-107615312.0,69.0,1,47,48,180,0,13107,0,0,0.0,0.0,0.0,60.0,-0.0,74.0,0.0,-0.0,0.0,1270,0,1276,0,0,0,1274,0,1286,0,1243,0,694,0,695,0,690,0,691,0.032,1.3305260699995496e+34,-2.004,0.0,16016,16828,-0.0,-0.0,-0.0,-0.0,-203692544.0,13072.019,70.0,60.0,66,0.0,0.0,10.0,2.0,0.0,0.0,0.0,0.0,0.0,0.0,0.0,0.0,0.0,0.0,0.0,0.0,65.6,68,16,65516,48,65476,0,300,0,0,8,20529,65476,0,0,35389,60.0,0.0,10.0,10.0,2.0,0.0
2026-02-05T14:22:29,ERR,ERR,ERR,ERR,ERR,ERR,ERR,ERR,ERR,ERR,ERR,ERR,ERR,ERR,ERR,ERR,ERR,ERR,ERR,ERR,ERR,ERR,ERR,ERR,ERR,ERR,ERR,ERR,ERR,ERR,ERR,ERR,ERR,ERR,ERR,ERR,ERR,ERR,ERR,ERR,ERR,ERR,ERR,ERR,ERR,ERR,ERR,ERR,ERR,ERR,ERR,ERR,ERR,ERR,ERR,ERR,ERR,ERR,ERR,ERR,ERR,ERR,ERR,ERR,ERR,ERR,ERR,ERR,ERR,ERR,ERR,ERR,ERR,ERR,ERR,ERR,ERR,ERR,ERR,ERR,ERR,ERR,ERR,ERR,ERR,ERR,ERR,ERR,ERR,ERR,ERR,ERR,ERR,ERR,ERR,ERR,ERR,ERR,ERR,ERR,ERR,ERR,ERR,ERR,ERR,ERR,ERR,ERR,ERR,ERR,ERR,ERR,ERR,ERR,ERR,ERR,ERR,ERR,ERR,ERR,ERR,ERR,ERR,ERR,ERR,0.0,-0.0,0.0,0.0,-0.0,-4.330807856628289e+19,1.5570443811711962e+38,-4068.014,5800,0,8,17280,5800,-0.0,100,0.0,0.0,-107613408.0,0.0,1.9056969178834534e+17,0,0,0,0,nan,0,0,0,0,0,0,0,0,0,0,0,0,0,0,0,0,0,0,0,0,0,0,0,0,0,0,0,0,0,0,0,0,0,11,52,51,61,65476,616,65476,1,0,4,21553,0.0,0.0,0.0,0.0,0.0,0.0,0.0,0.0,0.0,0.0,0.0,0.0,0.0,0.0,0.0,0.0,0.0,0.0,0.0,0.0,0.0,2.004,2.004,-0.0,-0.0,0.0,0.0,0.0,0.0,0.0,6613.0,-0.0,0.0,0.0,-0.0,-107616232.0,0.0,-0.0,0.0,2.004,2.004,242,-0.0,2.7184282194282406e+23,0.0,0.0,0.0,0.0,0.0,0.0,0.0,0,0,0,-5163011014656.0,-0.0,-1.2935060176249094e+31,0.0,-0.0,-0.0,0.0,0.0,125238829056.0,2.245252221941842e+18,-1.9437943486579542e+30,-0.0,-0.0,-0.0,0.0,0.0,0,1.3516416376850534e+27,242,0.0,484,-30771013632.0,-0.0,2048,52429,17150,39322,17152,39322,17144,0,0,0,105,99,100,0.0,69.0,0.0,69.9,-107615312.0,69.0,1,47,48,180,0,13107,0,0,0.0,0.0,0.0,60.0,-0.056,74.0,0.0,-1.3907409438827033e+20,0.0,1270,0,1276,0,0,0,1274,0,1286,0,1243,0,694,0,695,0,690,0,690,0.032,1.3386390338410102e+34,-0.0,0.0,27024,16828,-0.0,-1.3907409438827033e+20,-319409671372800.0,-1.169282152510121e+25,0.0,-0.0,70.0,60.0,66,0.0,0.0,10.0,2.0,0.0,0.0,0.0,0.0,0.0,0.0,0.0,0.0,0.0,0.0,0.0,0.0,65.6,68,16,65516,48,65476,0,300,0,0,8,20529,65476,0,0,38011,60.0,0.0,10.0,10.0,2.0,0.0
2026-02-05T14:22:30,ERR,ERR,ERR,ERR,ERR,ERR,ERR,ERR,ERR,ERR,ERR,ERR,ERR,ERR,ERR,ERR,ERR,ERR,ERR,ERR,ERR,ERR,ERR,ERR,ERR,ERR,ERR,ERR,ERR,ERR,ERR,ERR,ERR,ERR,ERR,ERR,ERR,ERR,ERR,ERR,ERR,ERR,ERR,ERR,ERR,ERR,ERR,ERR,ERR,ERR,ERR,ERR,ERR,ERR,ERR,ERR,ERR,ERR,ERR,ERR,ERR,ERR,ERR,ERR,ERR,ERR,ERR,ERR,ERR,ERR,ERR,ERR,ERR,ERR,ERR,ERR,ERR,ERR,ERR,ERR,ERR,ERR,ERR,ERR,ERR,ERR,ERR,ERR,ERR,ERR,ERR,ERR,ERR,ERR,ERR,ERR,ERR,ERR,ERR,ERR,ERR,ERR,ERR,ERR,ERR,ERR,ERR,ERR,ERR,ERR,ERR,ERR,ERR,ERR,ERR,ERR,ERR,ERR,ERR,ERR,ERR,ERR,ERR,ERR,ERR,0.0,-0.0,0.0,0.0,-0.0,-4.330807856628289e+19,1.5570443811711962e+38,-4068.014,5800,0,8,17280,5800,-0.0,100,0.0,0.0,-107613408.0,0.0,1.9056969178834534e+17,0,0,0,0,nan,0,0,0,0,0,0,0,0,0,0,0,0,0,0,0,0,0,0,0,0,0,0,0,0,0,0,0,0,0,0,0,0,0,11,52,51,61,65476,616,65476,1,0,4,21553,0.0,0.0,0.0,0.0,0.0,0.0,0.0,0.0,0.0,0.0,0.0,0.0,0.0,0.0,0.0,0.0,0.0,0.0,0.0,0.0,0.0,2.004,2.004,-0.0,-0.0,0.0,0.0,0.0,0.0,0.0,6613.0,-0.0,0.0,0.0,-0.0,-107616232.0,0.0,-0.0,0.0,2.004,2.004,242,-0.0,2.7184282194282406e+23,0.0,0.0,0.0,0.0,0.0,0.0,0.0,0,0,0,-5163011014656.0,-0.0,-1.2935060176249094e+31,0.0,-0.0,-0.0,0.0,0.0,125238829056.0,2.245252221941842e+18,-1.9437943486579542e+30,-0.0,-0.0,-0.0,0.0,0.0,0,1.3516416376850534e+27,242,0.0,484,-30771013632.0,-0.0,2048,52429,17150,39322,17152,39322,17144,0,0,0,105,99,100,0.0,69.0,0.0,69.9,-107615312.0,69.0,1,47,48,180,0,13107,0,0,0.0,0.0,0.0,60.0,-0.056,74.0,0.0,-1.3907409438827033e+20,0.0,1270,0,1276,0,0,0,1274,0,1286,0,1243,0,694,0,695,0,690,0,690,0.032,1.3386390338410102e+34,-0.0,0.0,27024,16828,-0.0,-1.3907409438827033e+20,-319409671372800.0,-1.169282152510121e+25,0.0,-0.0,70.0,60.0,66,0.0,0.0,10.0,2.0,0.0,0.0,0.0,0.0,0.0,0.0,0.0,0.0,0.0,0.0,0.0,0.0,65.6,68,16,65516,48,65476,0,300,0,0,8,20529,65476,0,0,38011,60.0,0.0,10.0,10.0,2.0,0.0
2026-02-05T14:22:31,ERR,ERR,ERR,ERR,ERR,ERR,ERR,ERR,ERR,ERR,ERR,ERR,ERR,ERR,ERR,ERR,ERR,ERR,ERR,ERR,ERR,ERR,ERR,ERR,ERR,ERR,ERR,ERR,ERR,ERR,ERR,ERR,ERR,ERR,ERR,ERR,ERR,ERR,ERR,ERR,ERR,ERR,ERR,ERR,ERR,ERR,ERR,ERR,ERR,ERR,ERR,ERR,ERR,ERR,ERR,ERR,ERR,ERR,ERR,ERR,ERR,ERR,ERR,ERR,ERR,ERR,ERR,ERR,ERR,ERR,ERR,ERR,ERR,ERR,ERR,ERR,ERR,ERR,ERR,ERR,ERR,ERR,ERR,ERR,ERR,ERR,ERR,ERR,ERR,ERR,ERR,ERR,ERR,ERR,ERR,ERR,ERR,ERR,ERR,ERR,ERR,ERR,ERR,ERR,ERR,ERR,ERR,ERR,ERR,ERR,ERR,ERR,ERR,ERR,ERR,ERR,ERR,ERR,ERR,ERR,ERR,ERR,ERR,ERR,ERR,0.0,-0.0,0.0,0.0,-0.0,-4.330807856628289e+19,1.5570443811711962e+38,-4068.014,5800,0,8,17280,5800,-0.0,100,0.0,0.0,-107613408.0,0.0,1.9056969178834534e+17,0,0,0,0,nan,0,0,0,0,0,0,0,0,0,0,0,0,0,0,0,0,0,0,0,0,0,0,0,0,0,0,0,0,0,0,0,0,0,11,52,51,61,65476,616,65476,1,0,4,21553,0.0,0.0,0.0,0.0,0.0,0.0,0.0,0.0,0.0,0.0,0.0,0.0,0.0,0.0,0.0,0.0,0.0,0.0,0.0,0.0,0.0,2.004,2.004,-0.0,-0.0,0.0,0.0,0.0,0.0,0.0,6613.0,-0.0,0.0,0.0,-0.0,-107616232.0,0.0,-0.0,0.0,2.004,2.004,242,-0.0,2.7184282194282406e+23,0.0,0.0,0.0,0.0,0.0,0.0,0.0,0,0,0,-5163011014656.0,-0.0,-1.2935060176249094e+31,0.0,-0.0,-0.0,0.0,0.0,125238829056.0,2.245252221941842e+18,-1.9437943486579542e+30,-0.0,-0.0,-0.0,0.0,0.0,0,1.3516416376850534e+27,242,0.0,484,-30771013632.0,-0.0,2048,52429,17150,39322,17152,39322,17144,0,0,0,105,99,100,0.0,69.0,0.0,69.9,-107615312.0,69.0,1,47,48,180,0,13107,0,0,0.0,0.0,0.0,60.0,-0.056,74.0,0.0,-1.3907409438827033e+20,0.0,1270,0,1276,0,0,0,1274,0,1286,0,1243,0,694,0,695,0,690,0,690,0.032,1.3386390338410102e+34,-0.0,0.0,27024,16828,-0.0,-1.3907409438827033e+20,-319409671372800.0,-1.169282152510121e+25,0.0,-0.0,70.0,60.0,66,0.0,0.0,10.0,2.0,0.0,0.0,0.0,0.0,0.0,0.0,0.0,0.0,0.0,0.0,0.0,0.0,65.6,68,16,65516,48,65476,0,300,0,0,8,20529,65476,0,0,40632,60.0,0.0,10.0,10.0,2.0,0.0
2026-02-05T14:22:32,ERR,ERR,ERR,ERR,ERR,ERR,ERR,ERR,ERR,ERR,ERR,ERR,ERR,ERR,ERR,ERR,ERR,ERR,ERR,ERR,ERR,ERR,ERR,ERR,ERR,ERR,ERR,ERR,ERR,ERR,ERR,ERR,ERR,ERR,ERR,ERR,ERR,ERR,ERR,ERR,ERR,ERR,ERR,ERR,ERR,ERR,ERR,ERR,ERR,ERR,ERR,ERR,ERR,ERR,ERR,ERR,ERR,ERR,ERR,ERR,ERR,ERR,ERR,ERR,ERR,ERR,ERR,ERR,ERR,ERR,ERR,ERR,ERR,ERR,ERR,ERR,ERR,ERR,ERR,ERR,ERR,ERR,ERR,ERR,ERR,ERR,ERR,ERR,ERR,ERR,ERR,ERR,ERR,ERR,ERR,ERR,ERR,ERR,ERR,ERR,ERR,ERR,ERR,ERR,ERR,ERR,ERR,ERR,ERR,ERR,ERR,ERR,ERR,ERR,ERR,ERR,ERR,ERR,ERR,ERR,ERR,ERR,ERR,ERR,ERR,0.0,-0.0,0.0,-107613408.0,-2375651688448.0,5.687352546477161e+34,0.0,0.0,5800,0,8,17278,5800,-0.0,100,0.0,0.0,0.0,0.0,1.9056969178834534e+17,0,0,0,0,nan,0,0,0,0,0,0,0,0,0,0,0,0,0,0,0,0,0,0,0,0,0,0,0,0,0,0,0,0,0,0,0,0,0,11,52,51,61,65476,616,65476,1,0,4,21553,0.0,0.0,0.0,0.0,0.0,0.0,0.0,0.0,0.0,0.0,0.0,0.0,0.0,0.0,0.0,0.0,0.0,0.0,0.0,0.0,0.0,2.004,2.004,-0.0,-0.0,0.0,0.0,0.0,0.0,0.0,6645.0,564149255929856.0,0.0,0.0,-0.0,-107616232.0,107616440.0,-0.0,0.0,2.004,2.004,242,-0.0,-0.0,0.0,0.0,0.0,0.0,0.0,0.0,0.0,0,0,0,-0.0,-0.0,-503868896.0,-1.490247449883873e+20,2.285110230238654e+32,3.2818335135072717e+34,-0.0,-6.115727198335795e+16,0.0,2.8872229765397873e+18,-2.3300316409149928e+30,-0.0,-0.0,-0.0,0.0,0.0,0,1.3516416376850534e+27,241,0.0,482,0.0,-2678505888284672.0,2048,52429,17150,39322,17152,39322,17144,0,0,0,105,99,100,0.0,69.0,0.0,69.9,-107615312.0,69.0,1,47,48,180,0,13107,0,0,0.0,0.0,0.0,60.0,-0.056,74.0,0.0,-1.3907409438827033e+20,0.0,1270,0,1276,0,0,0,1274,0,1286,0,1243,0,694,0,695,0,690,0,690,0.032,1.3386390338410102e+34,-0.0,0.0,27024,16828,-0.0,-1.3907409438827033e+20,-319409671372800.0,-1.169282152510121e+25,0.0,-0.0,70.0,60.0,66,0.0,0.0,10.0,2.0,0.0,0.0,0.0,0.0,0.0,0.0,0.0,0.0,0.0,0.0,0.0,0.0,65.6,68,16,65516,48,65476,0,300,0,0,8,20529,65476,0,0,40632,60.0,0.0,10.0,10.0,2.0,0.0
2026-02-05T14:22:33,ERR,ERR,ERR,ERR,ERR,ERR,ERR,ERR,ERR,ERR,ERR,ERR,ERR,ERR,ERR,ERR,ERR,ERR,ERR,ERR,ERR,ERR,ERR,ERR,ERR,ERR,ERR,ERR,ERR,ERR,ERR,ERR,ERR,ERR,ERR,ERR,ERR,ERR,ERR,ERR,ERR,ERR,ERR,ERR,ERR,ERR,ERR,ERR,ERR,ERR,ERR,ERR,ERR,ERR,ERR,ERR,ERR,ERR,ERR,ERR,ERR,ERR,ERR,ERR,ERR,ERR,ERR,ERR,ERR,ERR,ERR,ERR,ERR,ERR,ERR,ERR,ERR,ERR,ERR,ERR,ERR,ERR,ERR,ERR,ERR,ERR,ERR,ERR,ERR,ERR,ERR,ERR,ERR,ERR,ERR,ERR,ERR,ERR,ERR,ERR,ERR,ERR,ERR,ERR,ERR,ERR,ERR,ERR,ERR,ERR,ERR,ERR,ERR,ERR,ERR,ERR,ERR,ERR,ERR,ERR,ERR,ERR,ERR,ERR,ERR,0.0,-0.0,0.0,-107613408.0,-2375651688448.0,5.687352546477161e+34,0.0,0.0,5800,0,8,17278,5800,-0.0,100,0.0,0.0,0.0,0.0,1.9056969178834534e+17,0,0,0,0,nan,0,0,0,0,0,0,0,0,0,0,0,0,0,0,0,0,0,0,0,0,0,0,0,0,0,0,0,0,0,0,0,0,0,11,52,51,61,65476,616,65476,1,0,4,21553,0.0,0.0,0.0,0.0,0.0,0.0,0.0,0.0,0.0,0.0,0.0,0.0,0.0,0.0,0.0,0.0,0.0,0.0,0.0,0.0,0.0,2.004,2.004,-0.0,-0.0,0.0,0.0,0.0,0.0,0.0,6645.0,564149255929856.0,0.0,0.0,-0.0,-107616232.0,107616440.0,-0.0,0.0,2.004,2.004,242,-0.0,-0.0,0.0,0.0,0.0,0.0,0.0,0.0,0.0,0,0,0,-0.0,-0.0,-503868896.0,-1.490247449883873e+20,2.285110230238654e+32,3.2818335135072717e+34,-0.0,-6.115727198335795e+16,0.0,2.8872229765397873e+18,-2.3300316409149928e+30,-0.0,-0.0,-0.0,0.0,0.0,0,1.3516416376850534e+27,241,0.0,482,0.0,-2678505888284672.0,2048,52429,17150,39322,17152,39322,17144,0,0,0,105,99,100,0.0,69.0,0.0,69.9,-107615312.0,69.0,1,47,48,180,0,13107,0,0,0.0,0.0,0.0,60.0,-1.307,74.0,0.0,-0.0,0.0,1270,0,1276,0,0,0,1274,0,1286,0,1243,0,694,0,695,0,690,0,690,0.032,1.3386390338410102e+34,-0.0,0.0,37648,16828,-243978.312,-0.0,-82560.367,-0.0,0.0,1663044096.0,70.0,60.0,66,0.0,0.0,10.0,2.0,0.0,0.0,0.0,0.0,0.0,0.0,0.0,0.0,0.0,0.0,0.0,0.0,65.6,68,16,65516,48,65476,0,300,0,0,8,20529,65476,0,0,41943,60.0,0.0,10.0,10.0,2.0,0.0
2026-02-05T14:22:34,ERR,ERR,ERR,ERR,ERR,ERR,ERR,ERR,ERR,ERR,ERR,ERR,ERR,ERR,ERR,ERR,ERR,ERR,ERR,ERR,ERR,ERR,ERR,ERR,ERR,ERR,ERR,ERR,ERR,ERR,ERR,ERR,ERR,ERR,ERR,ERR,ERR,ERR,ERR,ERR,ERR,ERR,ERR,ERR,ERR,ERR,ERR,ERR,ERR,ERR,ERR,ERR,ERR,ERR,ERR,ERR,ERR,ERR,ERR,ERR,ERR,ERR,ERR,ERR,ERR,ERR,ERR,ERR,ERR,ERR,ERR,ERR,ERR,ERR,ERR,ERR,ERR,ERR,ERR,ERR,ERR,ERR,ERR,ERR,ERR,ERR,ERR,ERR,ERR,ERR,ERR,ERR,ERR,ERR,ERR,ERR,ERR,ERR,ERR,ERR,ERR,ERR,ERR,ERR,ERR,ERR,ERR,ERR,ERR,ERR,ERR,ERR,ERR,ERR,ERR,ERR,ERR,ERR,ERR,ERR,ERR,ERR,ERR,ERR,ERR,0.0,-0.0,0.0,-107613408.0,-2375651688448.0,5.687352546477161e+34,0.0,0.0,5800,0,8,17278,5800,-0.0,100,0.0,0.0,0.0,0.0,1.9056969178834534e+17,0,0,0,0,nan,0,0,0,0,0,0,0,0,0,0,0,0,0,0,0,0,0,0,0,0,0,0,0,0,0,0,0,0,0,0,0,0,0,11,52,51,61,65476,616,65476,1,0,4,21553,0.0,0.0,0.0,0.0,0.0,0.0,0.0,0.0,0.0,0.0,0.0,0.0,0.0,0.0,0.0,0.0,0.0,0.0,0.0,0.0,0.0,2.004,2.004,-0.0,-0.0,0.0,0.0,0.0,0.0,0.0,6645.0,564149255929856.0,0.0,0.0,-0.0,-107616232.0,107616440.0,-0.0,0.0,2.004,2.004,242,-0.0,-0.0,0.0,0.0,0.0,0.0,0.0,0.0,0.0,0,0,0,-0.0,-0.0,-503868896.0,-1.490247449883873e+20,2.285110230238654e+32,3.2818335135072717e+34,-0.0,-6.115727198335795e+16,0.0,2.8872229765397873e+18,-2.3300316409149928e+30,-0.0,-0.0,-0.0,0.0,0.0,0,1.3516416376850534e+27,241,0.0,482,0.0,-2678505888284672.0,2048,52429,17150,39322,17152,39322,17144,0,0,0,105,99,100,0.0,69.0,0.0,69.9,-107615312.0,69.0,1,47,48,180,0,13107,0,0,0.0,0.0,0.0,60.0,-1.307,74.0,0.0,-0.0,0.0,1270,0,1276,0,0,0,1274,0,1286,0,1243,0,694,0,695,0,690,0,690,0.032,1.3386390338410102e+34,-0.0,0.0,37648,16828,-243978.312,-0.0,-82560.367,-0.0,0.0,1663044096.0,70.0,60.0,66,0.0,0.0,10.0,2.0,0.0,0.0,0.0,0.0,0.0,0.0,0.0,0.0,0.0,0.0,0.0,0.0,65.6,68,16,65516,48,65476,0,300,0,0,8,20529,65476,0,0,41943,60.0,0.0,10.0,10.0,2.0,0.0
2026-02-05T14:22:35,ERR,ERR,ERR,ERR,ERR,ERR,ERR,ERR,ERR,ERR,ERR,ERR,ERR,ERR,ERR,ERR,ERR,ERR,ERR,ERR,ERR,ERR,ERR,ERR,ERR,ERR,ERR,ERR,ERR,ERR,ERR,ERR,ERR,ERR,ERR,ERR,ERR,ERR,ERR,ERR,ERR,ERR,ERR,ERR,ERR,ERR,ERR,ERR,ERR,ERR,ERR,ERR,ERR,ERR,ERR,ERR,ERR,ERR,ERR,ERR,ERR,ERR,ERR,ERR,ERR,ERR,ERR,ERR,ERR,ERR,ERR,ERR,ERR,ERR,ERR,ERR,ERR,ERR,ERR,ERR,ERR,ERR,ERR,ERR,ERR,ERR,ERR,ERR,ERR,ERR,ERR,ERR,ERR,ERR,ERR,ERR,ERR,ERR,ERR,ERR,ERR,ERR,ERR,ERR,ERR,ERR,ERR,ERR,ERR,ERR,ERR,ERR,ERR,ERR,ERR,ERR,ERR,ERR,ERR,ERR,ERR,ERR,ERR,ERR,ERR,0.0,-0.0,0.0,-107613408.0,-2375651688448.0,5.687352546477161e+34,0.0,0.0,5800,0,8,17278,5800,-0.0,100,0.0,0.0,0.0,0.0,1.9056969178834534e+17,0,0,0,0,nan,0,0,0,0,0,0,0,0,0,0,0,0,0,0,0,0,0,0,0,0,0,0,0,0,0,0,0,0,0,0,0,0,0,11,52,51,61,65476,616,65476,1,0,4,21553,0.0,0.0,0.0,0.0,0.0,0.0,0.0,0.0,0.0,0.0,0.0,0.0,0.0,0.0,0.0,0.0,0.0,0.0,0.0,0.0,0.0,2.004,2.004,-0.0,-0.0,0.0,0.0,0.0,0.0,0.0,6645.0,564149255929856.0,0.0,0.0,-0.0,-107616232.0,107616440.0,-0.0,0.0,2.004,2.004,242,-0.0,-0.0,0.0,0.0,0.0,0.0,0.0,0.0,0.0,0,0,0,-0.0,-0.0,-503868896.0,-1.490247449883873e+20,2.285110230238654e+32,3.2818335135072717e+34,-0.0,-6.115727198335795e+16,0.0,2.8872229765397873e+18,-2.3300316409149928e+30,-0.0,-0.0,-0.0,0.0,0.0,0,1.3516416376850534e+27,241,0.0,482,0.0,-2678505888284672.0,2048,52429,17150,39322,17152,39322,17144,0,0,0,105,99,100,0.0,69.0,0.0,69.9,-107615312.0,69.0,1,47,48,180,0,13107,0,0,0.0,0.0,0.0,60.0,-1.307,74.0,0.0,-0.0,0.0,1270,0,1276,0,0,0,1274,0,1286,0,1243,0,694,0,695,0,690,0,690,0.032,1.3386390338410102e+34,-0.0,0.0,37648,16828,-243978.312,-0.0,-82560.367,-0.0,0.0,1663044096.0,70.0,60.0,66,0.0,0.0,10.0,2.0,0.0,0.0,0.0,0.0,0.0,0.0,0.0,0.0,0.0,0.0,0.0,0.0,66.0,68,16,65516,48,65476,0,300,0,0,8,20529,65476,0,0,47186,60.0,0.0,10.0,10.0,2.0,0.0
2026-02-05T14:22:36,ERR,ERR,ERR,ERR,ERR,ERR,ERR,ERR,ERR,ERR,ERR,ERR,ERR,ERR,ERR,ERR,ERR,ERR,ERR,ERR,ERR,ERR,ERR,ERR,ERR,ERR,ERR,ERR,ERR,ERR,ERR,ERR,ERR,ERR,ERR,ERR,ERR,ERR,ERR,ERR,ERR,ERR,ERR,ERR,ERR,ERR,ERR,ERR,ERR,ERR,ERR,ERR,ERR,ERR,ERR,ERR,ERR,ERR,ERR,ERR,ERR,ERR,ERR,ERR,ERR,ERR,ERR,ERR,ERR,ERR,ERR,ERR,ERR,ERR,ERR,ERR,ERR,ERR,ERR,ERR,ERR,ERR,ERR,ERR,ERR,ERR,ERR,ERR,ERR,ERR,ERR,ERR,ERR,ERR,ERR,ERR,ERR,ERR,ERR,ERR,ERR,ERR,ERR,ERR,ERR,ERR,ERR,ERR,ERR,ERR,ERR,ERR,ERR,ERR,ERR,ERR,ERR,ERR,ERR,ERR,ERR,ERR,ERR,ERR,ERR,0.0,-0.0,0.0,-107613408.0,-2375651688448.0,5.687352546477161e+34,0.0,0.0,5800,0,8,17278,5800,-0.0,100,0.0,0.0,0.0,0.0,1.9056969178834534e+17,0,0,0,0,nan,0,0,0,0,0,0,0,0,0,0,0,0,0,0,0,0,0,0,0,0,0,0,0,0,0,0,0,0,0,0,0,0,0,11,52,51,61,65476,616,65476,1,0,4,21553,0.0,0.0,0.0,0.0,0.0,0.0,0.0,0.0,0.0,0.0,0.0,0.0,0.0,0.0,0.0,0.0,0.0,0.0,0.0,0.0,0.0,2.004,2.004,-0.0,-0.0,0.0,0.0,0.0,0.0,0.0,6645.0,564149255929856.0,0.0,0.0,-0.0,-107616232.0,107616440.0,-0.0,0.0,2.004,2.004,242,-0.0,-0.0,0.0,0.0,0.0,0.0,0.0,0.0,0.0,0,0,0,-0.0,-0.0,-503868896.0,-1.490247449883873e+20,2.285110230238654e+32,3.2818335135072717e+34,-0.0,-6.115727198335795e+16,0.0,2.8872229765397873e+18,-2.3300316409149928e+30,-0.0,-0.0,-0.0,0.0,0.0,0,1.3516416376850534e+27,241,0.0,482,0.0,-2678505888284672.0,2048,52429,17150,39322,17152,39322,17144,0,0,0,105,99,100,0.0,69.0,0.0,69.9,-107615312.0,69.0,1,47,48,180,0,13107,0,0,0.0,0.0,0.0,60.0,-1.307,74.0,0.0,-0.0,0.0,1270,0,1276,0,0,0,1274,0,1286,0,1243,0,694,0,695,0,690,0,690,0.032,1.3386390338410102e+34,-0.0,0.0,37648,16828,-243978.312,-0.0,-82560.367,-0.0,0.0,1663044096.0,70.0,60.0,66,0.0,0.0,10.0,2.0,0.0,0.0,0.0,0.0,0.0,0.0,0.0,0.0,0.0,0.0,0.0,0.0,66.0,68,16,65516,48,65476,0,300,0,0,8,20529,65476,0,0,47186,60.0,0.0,10.0,10.0,2.0,0.0
2026-02-05T14:22:37,ERR,ERR,ERR,ERR,ERR,ERR,ERR,ERR,ERR,ERR,ERR,ERR,ERR,ERR,ERR,ERR,ERR,ERR,ERR,ERR,ERR,ERR,ERR,ERR,ERR,ERR,ERR,ERR,ERR,ERR,ERR,ERR,ERR,ERR,ERR,ERR,ERR,ERR,ERR,ERR,ERR,ERR,ERR,ERR,ERR,ERR,ERR,ERR,ERR,ERR,ERR,ERR,ERR,ERR,ERR,ERR,ERR,ERR,ERR,ERR,ERR,ERR,ERR,ERR,ERR,ERR,ERR,ERR,ERR,ERR,ERR,ERR,ERR,ERR,ERR,ERR,ERR,ERR,ERR,ERR,ERR,ERR,ERR,ERR,ERR,ERR,ERR,ERR,ERR,ERR,ERR,ERR,ERR,ERR,ERR,ERR,ERR,ERR,ERR,ERR,ERR,ERR,ERR,ERR,ERR,ERR,ERR,ERR,ERR,ERR,ERR,ERR,ERR,ERR,ERR,ERR,ERR,ERR,ERR,ERR,ERR,ERR,ERR,ERR,ERR,0.0,-0.0,0.0,-107613408.0,-2375651688448.0,5.687352546477161e+34,0.0,0.0,5800,0,8,17278,5800,-0.0,100,0.0,0.0,0.0,0.0,1.9056969178834534e+17,0,0,0,0,nan,0,0,0,0,0,0,0,0,0,0,0,0,0,0,0,0,0,0,0,0,0,0,0,0,0,0,0,0,0,0,0,0,0,11,52,51,61,65476,616,65476,1,0,4,21553,0.0,0.0,0.0,0.0,0.0,0.0,0.0,0.0,0.0,0.0,0.0,0.0,0.0,0.0,0.0,0.0,0.0,0.0,0.0,0.0,0.0,2.004,2.004,-0.0,-0.0,0.0,0.0,0.0,0.0,0.0,6645.0,564149255929856.0,0.0,0.0,-0.0,-107616232.0,107616440.0,-0.0,0.0,2.004,2.004,242,-0.0,-0.0,0.0,0.0,0.0,0.0,0.0,0.0,0.0,0,0,0,-0.0,-0.0,-503868896.0,-1.490247449883873e+20,2.285110230238654e+32,3.2818335135072717e+34,-0.0,-6.115727198335795e+16,0.0,2.8872229765397873e+18,-2.3300316409149928e+30,-0.0,-0.0,-0.0,0.0,0.0,0,1.3516416376850534e+27,241,0.0,482,0.0,-2678505888284672.0,2048,52429,17150,39322,17152,39322,17144,0,0,0,105,99,100,0.0,69.0,0.0,69.9,-107615312.0,69.0,1,47,48,180,0,26215,0,0,0.0,0.0,0.0,60.0,-1.247553954726923e+21,74.0,0.0,-5.880972881286122e+22,0.0,1270,0,1276,0,0,0,1274,0,1286,0,1243,0,694,0,695,0,690,0,690,0.032,1.3305260699995496e+34,-0.0,0.0,39312,16828,-5.827780703957662e+24,-5.880972881286122e+22,8134680.0,1.4681962384134767e+19,-0.0,-64.125,70.0,60.0,66,0.0,0.0,10.0,2.0,0.0,0.0,0.0,0.0,0.0,0.0,0.0,0.0,0.0,0.0,0.0,0.0,65.6,68,16,65516,48,65476,0,300,0,0,8,20529,65476,0,0,43254,60.0,0.0,10.0,10.0,2.0,0.0
2026-02-05T14:22:38,ERR,ERR,ERR,ERR,ERR,ERR,ERR,ERR,ERR,ERR,ERR,ERR,ERR,ERR,ERR,ERR,ERR,ERR,ERR,ERR,ERR,ERR,ERR,ERR,ERR,ERR,ERR,ERR,ERR,ERR,ERR,ERR,ERR,ERR,ERR,ERR,ERR,ERR,ERR,ERR,ERR,ERR,ERR,ERR,ERR,ERR,ERR,ERR,ERR,ERR,ERR,ERR,ERR,ERR,ERR,ERR,ERR,ERR,ERR,ERR,ERR,ERR,ERR,ERR,ERR,ERR,ERR,ERR,ERR,ERR,ERR,ERR,ERR,ERR,ERR,ERR,ERR,ERR,ERR,ERR,ERR,ERR,ERR,ERR,ERR,ERR,ERR,ERR,ERR,ERR,ERR,ERR,ERR,ERR,ERR,ERR,ERR,ERR,ERR,ERR,ERR,ERR,ERR,ERR,ERR,ERR,ERR,ERR,ERR,ERR,ERR,ERR,ERR,ERR,ERR,ERR,ERR,ERR,ERR,ERR,ERR,ERR,ERR,ERR,ERR,2.718450016850437e+23,-0.0,2.8364315368646023e+23,-107613408.0,-4.209512871143983e+25,-0.0,0.0,-0.0,5800,0,8,17276,5800,-0.0,100,0.0,0.0,-107613408.0,0.0,1.9056969178834534e+17,0,0,0,0,nan,0,0,0,0,0,0,0,0,0,0,0,0,0,0,0,0,0,0,0,0,0,0,0,0,0,0,0,0,0,0,0,0,0,11,52,51,61,65476,617,65476,1,0,4,21553,0.0,-107613536.0,0.0,0.0,0.0,0.0,0.0,0.0,0.0,0.0,0.0,0.0,0.0,0.0,0.0,0.0,0.0,0.0,0.0,0.0,0.0,2.004,3.697074423243316e+19,-0.0,-0.0,0.0,0.0,0.0,0.0,0.0,6651.0,0.0,0.0,2.718450016850437e+23,-0.0,-107616232.0,107616440.0,-0.0,0.0,2.004,2.004,244,-0.0,-0.0,0.0,0.0,0.0,0.0,0.0,0.0,0.0,0,0,0,-0.0,0.0,-6.023356773075226e+21,4.2422802015551854e+36,-0.0,-0.0,0.841,-0.0,-7.462648667187681e+21,3.5897845184095846e+18,-2.897236665887604e+30,-0.0,-0.0,-0.0,0.0,-9743.809,0,1.3516416376850534e+27,244,0.0,488,0.0,-0.0,2048,52429,17150,39322,17152,39322,17144,0,0,0,105,99,100,0.0,69.0,0.0,69.9,-107615312.0,69.0,1,47,48,180,0,26215,0,0,0.0,0.0,0.0,60.0,-1.247553954726923e+21,74.0,0.0,-5.880972881286122e+22,0.0,1270,0,1276,0,0,0,1274,0,1286,0,1243,0,694,0,695,0,690,0,690,0.032,1.3305260699995496e+34,-0.0,0.0,39312,16828,-5.827780703957662e+24,-5.880972881286122e+22,8134680.0,1.4681962384134767e+19,-0.0,-64.125,70.0,60.0,66,0.0,0.0,10.0,2.0,0.0,0.0,0.0,0.0,0.0,0.0,0.0,0.0,0.0,0.0,0.0,0.0,65.6,68,16,65516,48,65476,0,300,0,0,8,20529,65476,0,0,43254,60.0,0.0,10.0,10.0,2.0,0.0
2026-02-05T14:22:39,ERR,ERR,ERR,ERR,ERR,ERR,ERR,ERR,ERR,ERR,ERR,ERR,ERR,ERR,ERR,ERR,ERR,ERR,ERR,ERR,ERR,ERR,ERR,ERR,ERR,ERR,ERR,ERR,ERR,ERR,ERR,ERR,ERR,ERR,ERR,ERR,ERR,ERR,ERR,ERR,ERR,ERR,ERR,ERR,ERR,ERR,ERR,ERR,ERR,ERR,ERR,ERR,ERR,ERR,ERR,ERR,ERR,ERR,ERR,ERR,ERR,ERR,ERR,ERR,ERR,ERR,ERR,ERR,ERR,ERR,ERR,ERR,ERR,ERR,ERR,ERR,ERR,ERR,ERR,ERR,ERR,ERR,ERR,ERR,ERR,ERR,ERR,ERR,ERR,ERR,ERR,ERR,ERR,ERR,ERR,ERR,ERR,ERR,ERR,ERR,ERR,ERR,ERR,ERR,ERR,ERR,ERR,ERR,ERR,ERR,ERR,ERR,ERR,ERR,ERR,ERR,ERR,ERR,ERR,ERR,ERR,ERR,ERR,ERR,ERR,2.718450016850437e+23,-0.0,2.8364315368646023e+23,-107613408.0,-4.209512871143983e+25,-0.0,0.0,-0.0,5800,0,8,17276,5800,-0.0,100,0.0,0.0,-107613408.0,0.0,1.9056969178834534e+17,0,0,0,0,nan,0,0,0,0,0,0,0,0,0,0,0,0,0,0,0,0,0,0,0,0,0,0,0,0,0,0,0,0,0,0,0,0,0,11,52,51,61,65476,617,65476,1,0,4,21553,0.0,-107613536.0,0.0,0.0,0.0,0.0,0.0,0.0,0.0,0.0,0.0,0.0,0.0,0.0,0.0,0.0,0.0,0.0,0.0,0.0,0.0,2.004,3.697074423243316e+19,-0.0,-0.0,0.0,0.0,0.0,0.0,0.0,6651.0,0.0,0.0,2.718450016850437e+23,-0.0,-107616232.0,107616440.0,-0.0,0.0,2.004,2.004,244,-0.0,-0.0,0.0,0.0,0.0,0.0,0.0,0.0,0.0,0,0,0,-0.0,0.0,-6.023356773075226e+21,4.2422802015551854e+36,-0.0,-0.0,0.841,-0.0,-7.462648667187681e+21,3.5897845184095846e+18,-2.897236665887604e+30,-0.0,-0.0,-0.0,0.0,-9743.809,0,1.3516416376850534e+27,244,0.0,488,0.0,-0.0,2048,52429,17150,39322,17152,39322,17144,0,0,0,105,99,100,0.0,69.0,0.0,69.9,-107615312.0,69.0,1,47,48,180,0,26215,0,0,0.0,0.0,0.0,60.0,-1.247553954726923e+21,74.0,0.0,-5.880972881286122e+22,0.0,1270,0,1276,0,0,0,1274,0,1286,0,1243,0,694,0,695,0,690,0,690,0.032,1.3305260699995496e+34,-0.0,0.0,39312,16828,-5.827780703957662e+24,-5.880972881286122e+22,8134680.0,1.4681962384134767e+19,-0.0,-64.125,70.0,60.0,66,0.0,0.0,10.0,2.0,0.0,0.0,0.0,0.0,0.0,0.0,0.0,0.0,0.0,0.0,0.0,0.0,65.6,68,16,65516,48,65476,0,300,0,0,8,20529,65476,0,0,49807,60.0,0.0,10.0,10.0,2.0,0.0
2026-02-05T14:22:40,ERR,ERR,ERR,ERR,ERR,ERR,ERR,ERR,ERR,ERR,ERR,ERR,ERR,ERR,ERR,ERR,ERR,ERR,ERR,ERR,ERR,ERR,ERR,ERR,ERR,ERR,ERR,ERR,ERR,ERR,ERR,ERR,ERR,ERR,ERR,ERR,ERR,ERR,ERR,ERR,ERR,ERR,ERR,ERR,ERR,ERR,ERR,ERR,ERR,ERR,ERR,ERR,ERR,ERR,ERR,ERR,ERR,ERR,ERR,ERR,ERR,ERR,ERR,ERR,ERR,ERR,ERR,ERR,ERR,ERR,ERR,ERR,ERR,ERR,ERR,ERR,ERR,ERR,ERR,ERR,ERR,ERR,ERR,ERR,ERR,ERR,ERR,ERR,ERR,ERR,ERR,ERR,ERR,ERR,ERR,ERR,ERR,ERR,ERR,ERR,ERR,ERR,ERR,ERR,ERR,ERR,ERR,ERR,ERR,ERR,ERR,ERR,ERR,ERR,ERR,ERR,ERR,ERR,ERR,ERR,ERR,ERR,ERR,ERR,ERR,2.718450016850437e+23,-0.0,2.8364315368646023e+23,-107613408.0,-4.209512871143983e+25,-0.0,0.0,-0.0,5800,0,8,17276,5800,-0.0,100,0.0,0.0,-107613408.0,0.0,1.9056969178834534e+17,0,0,0,0,nan,0,0,0,0,0,0,0,0,0,0,0,0,0,0,0,0,0,0,0,0,0,0,0,0,0,0,0,0,0,0,0,0,0,11,52,51,61,65476,617,65476,1,0,4,21553,0.0,-107613536.0,0.0,0.0,0.0,0.0,0.0,0.0,0.0,0.0,0.0,0.0,0.0,0.0,0.0,0.0,0.0,0.0,0.0,0.0,0.0,2.004,3.697074423243316e+19,-0.0,-0.0,0.0,0.0,0.0,0.0,0.0,6651.0,0.0,0.0,2.718450016850437e+23,-0.0,-107616232.0,107616440.0,-0.0,0.0,2.004,2.004,244,-0.0,-0.0,0.0,0.0,0.0,0.0,0.0,0.0,0.0,0,0,0,-0.0,0.0,-6.023356773075226e+21,4.2422802015551854e+36,-0.0,-0.0,0.841,-0.0,-7.462648667187681e+21,3.5897845184095846e+18,-2.897236665887604e+30,-0.0,-0.0,-0.0,0.0,-9743.809,0,1.3516416376850534e+27,244,0.0,488,0.0,-0.0,2048,52429,17150,39322,17152,39322,17144,0,0,0,105,99,100,0.0,69.0,0.0,69.9,-107615312.0,69.0,1,47,48,180,0,26215,0,0,0.0,0.0,0.0,60.0,-1.247553954726923e+21,74.0,0.0,-5.880972881286122e+22,0.0,1270,0,1276,0,0,0,1274,0,1286,0,1243,0,694,0,695,0,690,0,690,0.032,1.3305260699995496e+34,-0.0,0.0,39312,16828,-5.827780703957662e+24,-5.880972881286122e+22,8134680.0,1.4681962384134767e+19,-0.0,-64.125,70.0,60.0,66,0.0,0.0,10.0,2.0,0.0,0.0,0.0,0.0,0.0,0.0,0.0,0.0,0.0,0.0,0.0,0.0,65.6,68,16,65516,48,65476,0,300,0,0,8,20529,65476,0,0,49807,60.0,0.0,10.0,10.0,2.0,0.0
2026-02-05T14:22:41,ERR,ERR,ERR,ERR,ERR,ERR,ERR,ERR,ERR,ERR,ERR,ERR,ERR,ERR,ERR,ERR,ERR,ERR,ERR,ERR,ERR,ERR,ERR,ERR,ERR,ERR,ERR,ERR,ERR,ERR,ERR,ERR,ERR,ERR,ERR,ERR,ERR,ERR,ERR,ERR,ERR,ERR,ERR,ERR,ERR,ERR,ERR,ERR,ERR,ERR,ERR,ERR,ERR,ERR,ERR,ERR,ERR,ERR,ERR,ERR,ERR,ERR,ERR,ERR,ERR,ERR,ERR,ERR,ERR,ERR,ERR,ERR,ERR,ERR,ERR,ERR,ERR,ERR,ERR,ERR,ERR,ERR,ERR,ERR,ERR,ERR,ERR,ERR,ERR,ERR,ERR,ERR,ERR,ERR,ERR,ERR,ERR,ERR,ERR,ERR,ERR,ERR,ERR,ERR,ERR,ERR,ERR,ERR,ERR,ERR,ERR,ERR,ERR,ERR,ERR,ERR,ERR,ERR,ERR,ERR,ERR,ERR,ERR,ERR,ERR,2.718450016850437e+23,-0.0,2.8364315368646023e+23,-107613408.0,-4.209512871143983e+25,-0.0,0.0,-0.0,5800,0,8,17276,5800,-0.0,100,0.0,0.0,-107613408.0,0.0,1.9056969178834534e+17,0,0,0,0,nan,0,0,0,0,0,0,0,0,0,0,0,0,0,0,0,0,0,0,0,0,0,0,0,0,0,0,0,0,0,0,0,0,0,11,52,51,61,65476,617,65476,1,0,4,21553,0.0,-107613536.0,0.0,0.0,0.0,0.0,0.0,0.0,0.0,0.0,0.0,0.0,0.0,0.0,0.0,0.0,0.0,0.0,0.0,0.0,0.0,2.004,3.697074423243316e+19,-0.0,-0.0,0.0,0.0,0.0,0.0,0.0,6651.0,0.0,0.0,2.718450016850437e+23,-0.0,-107616232.0,107616440.0,-0.0,0.0,2.004,2.004,244,-0.0,-0.0,0.0,0.0,0.0,0.0,0.0,0.0,0.0,0,0,0,-0.0,0.0,-6.023356773075226e+21,4.2422802015551854e+36,-0.0,-0.0,0.841,-0.0,-7.462648667187681e+21,3.5897845184095846e+18,-2.897236665887604e+30,-0.0,-0.0,-0.0,0.0,-9743.809,0,1.3516416376850534e+27,244,0.0,488,0.0,-0.0,2048,52429,17150,39322,17152,39322,17144,0,0,0,105,99,100,0.0,69.0,0.0,69.9,-107615312.0,69.0,1,47,48,180,0,26215,0,0,0.0,0.0,0.0,60.0,-2923598848.0,74.0,0.0,2.8718494656301098e+23,0.0,1270,0,1276,0,0,0,1274,0,1286,0,1243,0,694,0,695,0,690,0,690,0.032,1.322413106158089e+34,-0.0,0.0,32656,16828,-1.2684674807627776e+16,2.8718494656301098e+23,-0.0,-267.506,0.0,274.501,70.0,60.0,66,0.0,0.0,10.0,2.0,0.0,0.0,0.0,0.0,0.0,0.0,0.0,0.0,0.0,0.0,0.0,0.0,66.0,69,16,65516,49,65476,0,300,0,0,8,20529,65476,0,0,44564,60.0,0.0,10.0,10.0,2.0,0.0
2026-02-05T14:22:42,ERR,ERR,ERR,ERR,ERR,ERR,ERR,ERR,ERR,ERR,ERR,ERR,ERR,ERR,ERR,ERR,ERR,ERR,ERR,ERR,ERR,ERR,ERR,ERR,ERR,ERR,ERR,ERR,ERR,ERR,ERR,ERR,ERR,ERR,ERR,ERR,ERR,ERR,ERR,ERR,ERR,ERR,ERR,ERR,ERR,ERR,ERR,ERR,ERR,ERR,ERR,ERR,ERR,ERR,ERR,ERR,ERR,ERR,ERR,ERR,ERR,ERR,ERR,ERR,ERR,ERR,ERR,ERR,ERR,ERR,ERR,ERR,ERR,ERR,ERR,ERR,ERR,ERR,ERR,ERR,ERR,ERR,ERR,ERR,ERR,ERR,ERR,ERR,ERR,ERR,ERR,ERR,ERR,ERR,ERR,ERR,ERR,ERR,ERR,ERR,ERR,ERR,ERR,ERR,ERR,ERR,ERR,ERR,ERR,ERR,ERR,ERR,ERR,ERR,ERR,ERR,ERR,ERR,ERR,ERR,ERR,ERR,ERR,ERR,ERR,2.718450016850437e+23,-0.0,2.8364315368646023e+23,-107613408.0,-4.209512871143983e+25,-0.0,0.0,-0.0,5800,0,8,17276,5800,-0.0,100,0.0,0.0,-107613408.0,0.0,1.9056969178834534e+17,0,0,0,0,nan,0,0,0,0,0,0,0,0,0,0,0,0,0,0,0,0,0,0,0,0,0,0,0,0,0,0,0,0,0,0,0,0,0,11,52,51,61,65476,617,65476,1,0,4,21553,0.0,-107613536.0,0.0,0.0,0.0,0.0,0.0,0.0,0.0,0.0,0.0,0.0,0.0,0.0,0.0,0.0,0.0,0.0,0.0,0.0,0.0,2.004,3.697074423243316e+19,-0.0,-0.0,0.0,0.0,0.0,0.0,0.0,6651.0,0.0,0.0,2.718450016850437e+23,-0.0,-107616232.0,107616440.0,-0.0,0.0,2.004,2.004,244,-0.0,-0.0,0.0,0.0,0.0,0.0,0.0,0.0,0.0,0,0,0,-0.0,0.0,-6.023356773075226e+21,4.2422802015551854e+36,-0.0,-0.0,0.841,-0.0,-7.462648667187681e+21,3.5897845184095846e+18,-2.897236665887604e+30,-0.0,-0.0,-0.0,0.0,-9743.809,0,1.3516416376850534e+27,244,0.0,488,0.0,-0.0,2048,52429,17150,39322,17152,39322,17144,0,0,0,105,99,100,0.0,69.0,0.0,69.9,-107615312.0,69.0,1,47,48,180,0,26215,0,0,0.0,0.0,0.0,60.0,-2923598848.0,74.0,0.0,2.8718494656301098e+23,0.0,1270,0,1276,0,0,0,1274,0,1286,0,1243,0,694,0,695,0,690,0,690,0.032,1.322413106158089e+34,-0.0,0.0,32656,16828,-1.2684674807627776e+16,2.8718494656301098e+23,-0.0,-267.506,0.0,274.501,70.0,60.0,66,0.0,0.0,10.0,2.0,0.0,0.0,0.0,0.0,0.0,0.0,0.0,0.0,0.0,0.0,0.0,0.0,65.6,69,16,65516,49,65476,0,300,0,0,8,20529,65476,0,0,41943,60.0,0.0,10.0,10.0,2.0,0.0
2026-02-05T14:22:43,ERR,ERR,ERR,ERR,ERR,ERR,ERR,ERR,ERR,ERR,ERR,ERR,ERR,ERR,ERR,ERR,ERR,ERR,ERR,ERR,ERR,ERR,ERR,ERR,ERR,ERR,ERR,ERR,ERR,ERR,ERR,ERR,ERR,ERR,ERR,ERR,ERR,ERR,ERR,ERR,ERR,ERR,ERR,ERR,ERR,ERR,ERR,ERR,ERR,ERR,ERR,ERR,ERR,ERR,ERR,ERR,ERR,ERR,ERR,ERR,ERR,ERR,ERR,ERR,ERR,ERR,ERR,ERR,ERR,ERR,ERR,ERR,ERR,ERR,ERR,ERR,ERR,ERR,ERR,ERR,ERR,ERR,ERR,ERR,ERR,ERR,ERR,ERR,ERR,ERR,ERR,ERR,ERR,ERR,ERR,ERR,ERR,ERR,ERR,ERR,ERR,ERR,ERR,ERR,ERR,ERR,ERR,ERR,ERR,ERR,ERR,ERR,ERR,ERR,ERR,ERR,ERR,ERR,ERR,ERR,ERR,ERR,ERR,ERR,ERR,2.718450016850437e+23,-0.0,2.8364315368646023e+23,-107613408.0,-4.209512871143983e+25,-0.0,6619551232.0,1.1900815388195438e+37,5800,0,8,17276,5800,14723891331072.0,100,0.0,0.0,-107613408.0,0.0,1.9056969178834534e+17,0,0,0,0,nan,0,0,0,0,0,0,0,0,0,0,0,0,0,0,0,0,0,0,0,0,0,0,0,0,0,0,0,0,0,0,0,0,0,11,52,51,61,65476,617,65476,1,0,4,21553,0.0,0.0,0.0,0.0,0.0,0.0,0.0,0.0,0.0,0.0,0.0,0.0,0.0,0.0,0.0,0.0,0.0,0.0,0.0,0.0,0.0,2.004,3.697074423243316e+19,-0.0,-0.0,-0.0,0.0,0.0,0.0,0.0,6620.0,1.587938797847242e+29,0.0,2.718450016850437e+23,-0.0,0.0,-0.0,-0.0,0.0,2.004,2.004,242,-0.0,0.0,0.0,0.0,0.0,0.0,0.0,0.0,0.0,0,0,0,-19171036.0,-2.5180527002093796e+30,-4.7797471266471936e+17,-2.2897055590477615e+38,-0.0,16459021312.0,0.0,2.5926573518277837e+17,0.0,4.346389255807828e+18,-3.7093253316588136e+30,-0.0,-0.0,-0.0,0.0,-0.0,0,1.3516416376850534e+27,242,0.0,484,-0.0,-68.128,2048,52429,17150,39322,17152,39322,17144,0,0,0,105,99,100,0.0,69.0,0.0,69.9,-107615312.0,69.0,1,47,48,180,0,26215,0,0,0.0,0.0,0.0,60.0,-2923598848.0,74.0,0.0,2.8718494656301098e+23,0.0,1270,0,1276,0,0,0,1274,0,1286,0,1243,0,694,0,695,0,690,0,690,0.032,1.322413106158089e+34,-0.0,0.0,32656,16828,-1.2684674807627776e+16,2.8718494656301098e+23,-0.0,-267.506,0.0,274.501,70.0,60.0,66,0.0,0.0,10.0,2.0,0.0,0.0,0.0,0.0,0.0,0.0,0.0,0.0,0.0,0.0,0.0,0.0,65.6,69,16,65516,49,65476,0,300,0,0,8,20529,65476,0,0,41943,60.0,0.0,10.0,10.0,2.0,0.0
2026-02-05T14:22:44,ERR,ERR,ERR,ERR,ERR,ERR,ERR,ERR,ERR,ERR,ERR,ERR,ERR,ERR,ERR,ERR,ERR,ERR,ERR,ERR,ERR,ERR,ERR,ERR,ERR,ERR,ERR,ERR,ERR,ERR,ERR,ERR,ERR,ERR,ERR,ERR,ERR,ERR,ERR,ERR,ERR,ERR,ERR,ERR,ERR,ERR,ERR,ERR,ERR,ERR,ERR,ERR,ERR,ERR,ERR,ERR,ERR,ERR,ERR,ERR,ERR,ERR,ERR,ERR,ERR,ERR,ERR,ERR,ERR,ERR,ERR,ERR,ERR,ERR,ERR,ERR,ERR,ERR,ERR,ERR,ERR,ERR,ERR,ERR,ERR,ERR,ERR,ERR,ERR,ERR,ERR,ERR,ERR,ERR,ERR,ERR,ERR,ERR,ERR,ERR,ERR,ERR,ERR,ERR,ERR,ERR,ERR,ERR,ERR,ERR,ERR,ERR,ERR,ERR,ERR,ERR,ERR,ERR,ERR,ERR,ERR,ERR,ERR,ERR,ERR,2.718450016850437e+23,-0.0,2.8364315368646023e+23,-107613408.0,-4.209512871143983e+25,-0.0,6619551232.0,1.1900815388195438e+37,5800,0,8,17276,5800,14723891331072.0,100,0.0,0.0,-107613408.0,0.0,1.9056969178834534e+17,0,0,0,0,nan,0,0,0,0,0,0,0,0,0,0,0,0,0,0,0,0,0,0,0,0,0,0,0,0,0,0,0,0,0,0,0,0,0,11,52,51,61,65476,617,65476,1,0,4,21553,0.0,0.0,0.0,0.0,0.0,0.0,0.0,0.0,0.0,0.0,0.0,0.0,0.0,0.0,0.0,0.0,0.0,0.0,0.0,0.0,0.0,2.004,3.697074423243316e+19,-0.0,-0.0,-0.0,0.0,0.0,0.0,0.0,6620.0,1.587938797847242e+29,0.0,2.718450016850437e+23,-0.0,0.0,-0.0,-0.0,0.0,2.004,2.004,242,-0.0,0.0,0.0,0.0,0.0,0.0,0.0,0.0,0.0,0,0,0,-19171036.0,-2.5180527002093796e+30,-4.7797471266471936e+17,-2.2897055590477615e+38,-0.0,16459021312.0,0.0,2.5926573518277837e+17,0.0,4.346389255807828e+18,-3.7093253316588136e+30,-0.0,-0.0,-0.0,0.0,-0.0,0,1.3516416376850534e+27,242,0.0,484,-0.0,-68.128,2048,52429,17150,39322,17152,39322,17144,0,0,0,105,99,100,0.0,69.0,0.0,69.9,-107615312.0,69.0,1,47,48,180,0,26215,0,0,0.0,0.0,0.0,60.0,-2923598848.0,74.0,0.0,2.8718494656301098e+23,0.0,1270,0,1276,0,0,0,1274,0,1286,0,1243,0,694,0,695,0,690,0,690,0.032,1.322413106158089e+34,-0.0,0.0,32656,16828,-1.2684674807627776e+16,2.8718494656301098e+23,-0.0,-267.506,0.0,274.501,70.0,60.0,66,0.0,0.0,10.0,2.0,0.0,0.0,0.0,0.0,0.0,0.0,0.0,0.0,0.0,0.0,0.0,0.0,66.0,69,16,65516,49,65476,0,300,0,0,8,20529,65476,0,0,43254,60.0,0.0,10.0,10.0,2.0,0.0
2026-02-05T14:22:45,ERR,ERR,ERR,ERR,ERR,ERR,ERR,ERR,ERR,ERR,ERR,ERR,ERR,ERR,ERR,ERR,ERR,ERR,ERR,ERR,ERR,ERR,ERR,ERR,ERR,ERR,ERR,ERR,ERR,ERR,ERR,ERR,ERR,ERR,ERR,ERR,ERR,ERR,ERR,ERR,ERR,ERR,ERR,ERR,ERR,ERR,ERR,ERR,ERR,ERR,ERR,ERR,ERR,ERR,ERR,ERR,ERR,ERR,ERR,ERR,ERR,ERR,ERR,ERR,ERR,ERR,ERR,ERR,ERR,ERR,ERR,ERR,ERR,ERR,ERR,ERR,ERR,ERR,ERR,ERR,ERR,ERR,ERR,ERR,ERR,ERR,ERR,ERR,ERR,ERR,ERR,ERR,ERR,ERR,ERR,ERR,ERR,ERR,ERR,ERR,ERR,ERR,ERR,ERR,ERR,ERR,ERR,ERR,ERR,ERR,ERR,ERR,ERR,ERR,ERR,ERR,ERR,ERR,ERR,ERR,ERR,ERR,ERR,ERR,ERR,2.718450016850437e+23,-0.0,2.8364315368646023e+23,-107613408.0,-4.209512871143983e+25,-0.0,6619551232.0,1.1900815388195438e+37,5800,0,8,17276,5800,14723891331072.0,100,0.0,0.0,-107613408.0,0.0,1.9056969178834534e+17,0,0,0,0,nan,0,0,0,0,0,0,0,0,0,0,0,0,0,0,0,0,0,0,0,0,0,0,0,0,0,0,0,0,0,0,0,0,0,11,52,51,61,65476,617,65476,1,0,4,21553,0.0,0.0,0.0,0.0,0.0,0.0,0.0,0.0,0.0,0.0,0.0,0.0,0.0,0.0,0.0,0.0,0.0,0.0,0.0,0.0,0.0,2.004,3.697074423243316e+19,-0.0,-0.0,-0.0,0.0,0.0,0.0,0.0,6620.0,1.587938797847242e+29,0.0,2.718450016850437e+23,-0.0,0.0,-0.0,-0.0,0.0,2.004,2.004,242,-0.0,0.0,0.0,0.0,0.0,0.0,0.0,0.0,0.0,0,0,0,-19171036.0,-2.5180527002093796e+30,-4.7797471266471936e+17,-2.2897055590477615e+38,-0.0,16459021312.0,0.0,2.5926573518277837e+17,0.0,4.346389255807828e+18,-3.7093253316588136e+30,-0.0,-0.0,-0.0,0.0,-0.0,0,1.3516416376850534e+27,242,0.0,484,-0.0,-68.128,2048,52429,17150,39322,17152,39322,17144,0,0,0,105,99,100,0.0,69.0,0.0,69.9,-107615312.0,69.0,1,47,48,180,0,13107,0,0,0.0,0.0,0.0,60.0,-4.1003673718278324e+19,74.0,0.0,7272.164,0.0,1270,0,1276,0,0,0,1274,0,1286,0,1243,0,694,0,695,0,690,0,690,0.032,1.322413106158089e+34,-0.0,0.0,40208,16828,-305501175808.0,7272.164,-0.0,0.001,-1779065782534144.0,0.0,70.0,60.0,66,0.0,0.0,10.0,2.0,0.0,0.0,0.0,0.0,0.0,0.0,0.0,0.0,0.0,0.0,0.0,0.0,66.0,69,16,65516,49,65476,0,300,0,0,8,20529,65476,0,0,43254,60.0,0.0,10.0,10.0,2.0,0.0
2026-02-05T14:22:46,ERR,ERR,ERR,ERR,ERR,ERR,ERR,ERR,ERR,ERR,ERR,ERR,ERR,ERR,ERR,ERR,ERR,ERR,ERR,ERR,ERR,ERR,ERR,ERR,ERR,ERR,ERR,ERR,ERR,ERR,ERR,ERR,ERR,ERR,ERR,ERR,ERR,ERR,ERR,ERR,ERR,ERR,ERR,ERR,ERR,ERR,ERR,ERR,ERR,ERR,ERR,ERR,ERR,ERR,ERR,ERR,ERR,ERR,ERR,ERR,ERR,ERR,ERR,ERR,ERR,ERR,ERR,ERR,ERR,ERR,ERR,ERR,ERR,ERR,ERR,ERR,ERR,ERR,ERR,ERR,ERR,ERR,ERR,ERR,ERR,ERR,ERR,ERR,ERR,ERR,ERR,ERR,ERR,ERR,ERR,ERR,ERR,ERR,ERR,ERR,ERR,ERR,ERR,ERR,ERR,ERR,ERR,ERR,ERR,ERR,ERR,ERR,ERR,ERR,ERR,ERR,ERR,ERR,ERR,ERR,ERR,ERR,ERR,ERR,ERR,2.718450016850437e+23,-0.0,2.8364315368646023e+23,-107613408.0,-4.209512871143983e+25,-0.0,6619551232.0,1.1900815388195438e+37,5800,0,8,17276,5800,14723891331072.0,100,0.0,0.0,-107613408.0,0.0,1.9056969178834534e+17,0,0,0,0,nan,0,0,0,0,0,0,0,0,0,0,0,0,0,0,0,0,0,0,0,0,0,0,0,0,0,0,0,0,0,0,0,0,0,11,52,51,61,65476,617,65476,1,0,4,21553,0.0,0.0,0.0,0.0,0.0,0.0,0.0,0.0,0.0,0.0,0.0,0.0,0.0,0.0,0.0,0.0,0.0,0.0,0.0,0.0,0.0,2.004,3.697074423243316e+19,-0.0,-0.0,-0.0,0.0,0.0,0.0,0.0,6620.0,1.587938797847242e+29,0.0,2.718450016850437e+23,-0.0,0.0,-0.0,-0.0,0.0,2.004,2.004,242,-0.0,0.0,0.0,0.0,0.0,0.0,0.0,0.0,0.0,0,0,0,-19171036.0,-2.5180527002093796e+30,-4.7797471266471936e+17,-2.2897055590477615e+38,-0.0,16459021312.0,0.0,2.5926573518277837e+17,0.0,4.346389255807828e+18,-3.7093253316588136e+30,-0.0,-0.0,-0.0,0.0,-0.0,0,1.3516416376850534e+27,242,0.0,484,-0.0,-68.128,2048,52429,17150,39322,17152,39322,17144,0,0,0,105,99,100,0.0,69.0,0.0,69.9,-107615312.0,69.0,1,47,48,180,0,13107,0,0,0.0,0.0,0.0,60.0,-4.1003673718278324e+19,74.0,0.0,7272.164,0.0,1270,0,1276,0,0,0,1274,0,1286,0,1243,0,694,0,695,0,690,0,690,0.032,1.322413106158089e+34,-0.0,0.0,40208,16828,-305501175808.0,7272.164,-0.0,0.001,-1779065782534144.0,0.0,70.0,60.0,66,0.0,0.0,10.0,2.0,0.0,0.0,0.0,0.0,0.0,0.0,0.0,0.0,0.0,0.0,0.0,0.0,65.6,69,16,65516,49,65476,0,300,0,0,8,20529,65476,0,0,47186,60.0,0.0,10.0,10.0,2.0,0.0
2026-02-05T14:22:47,ERR,ERR,ERR,ERR,ERR,ERR,ERR,ERR,ERR,ERR,ERR,ERR,ERR,ERR,ERR,ERR,ERR,ERR,ERR,ERR,ERR,ERR,ERR,ERR,ERR,ERR,ERR,ERR,ERR,ERR,ERR,ERR,ERR,ERR,ERR,ERR,ERR,ERR,ERR,ERR,ERR,ERR,ERR,ERR,ERR,ERR,ERR,ERR,ERR,ERR,ERR,ERR,ERR,ERR,ERR,ERR,ERR,ERR,ERR,ERR,ERR,ERR,ERR,ERR,ERR,ERR,ERR,ERR,ERR,ERR,ERR,ERR,ERR,ERR,ERR,ERR,ERR,ERR,ERR,ERR,ERR,ERR,ERR,ERR,ERR,ERR,ERR,ERR,ERR,ERR,ERR,ERR,ERR,ERR,ERR,ERR,ERR,ERR,ERR,ERR,ERR,ERR,ERR,ERR,ERR,ERR,ERR,ERR,ERR,ERR,ERR,ERR,ERR,ERR,ERR,ERR,ERR,ERR,ERR,ERR,ERR,ERR,ERR,ERR,ERR,2.718450016850437e+23,-0.0,2.8364315368646023e+23,-107613408.0,-4.209512871143983e+25,-0.0,6619551232.0,1.1900815388195438e+37,5800,0,8,17276,5800,14723891331072.0,100,0.0,0.0,-107613408.0,0.0,1.9056969178834534e+17,0,0,0,0,nan,0,0,0,0,0,0,0,0,0,0,0,0,0,0,0,0,0,0,0,0,0,0,0,0,0,0,0,0,0,0,0,0,0,11,52,51,61,65476,617,65476,1,0,4,21553,0.0,0.0,0.0,0.0,0.0,0.0,0.0,0.0,0.0,0.0,0.0,0.0,0.0,0.0,0.0,0.0,0.0,0.0,0.0,0.0,0.0,2.004,3.697074423243316e+19,-0.0,-0.0,-0.0,0.0,0.0,0.0,0.0,6620.0,1.587938797847242e+29,0.0,2.718450016850437e+23,-0.0,0.0,-0.0,-0.0,0.0,2.004,2.004,242,-0.0,0.0,0.0,0.0,0.0,0.0,0.0,0.0,0.0,0,0,0,-19171036.0,-2.5180527002093796e+30,-4.7797471266471936e+17,-2.2897055590477615e+38,-0.0,16459021312.0,0.0,2.5926573518277837e+17,0.0,4.346389255807828e+18,-3.7093253316588136e+30,-0.0,-0.0,-0.0,0.0,-0.0,0,1.3516416376850534e+27,242,0.0,484,-0.0,-68.128,2048,52429,17150,39322,17152,39322,17144,0,0,0,105,99,100,0.0,69.0,0.0,69.9,-107615312.0,69.0,1,47,48,180,0,13107,0,0,0.0,0.0,0.0,60.0,-4.1003673718278324e+19,74.0,0.0,7272.164,0.0,1270,0,1276,0,0,0,1274,0,1286,0,1243,0,694,0,695,0,690,0,690,0.032,1.322413106158089e+34,-0.0,0.0,40208,16828,-305501175808.0,7272.164,-0.0,0.001,-1779065782534144.0,0.0,70.0,60.0,66,0.0,0.0,10.0,2.0,0.0,0.0,0.0,0.0,0.0,0.0,0.0,0.0,0.0,0.0,0.0,0.0,65.6,69,16,65516,49,65476,0,300,0,0,8,20529,65476,0,0,47186,60.0,0.0,10.0,10.0,2.0,0.0
2026-02-05T14:22:48,ERR,ERR,ERR,ERR,ERR,ERR,ERR,ERR,ERR,ERR,ERR,ERR,ERR,ERR,ERR,ERR,ERR,ERR,ERR,ERR,ERR,ERR,ERR,ERR,ERR,ERR,ERR,ERR,ERR,ERR,ERR,ERR,ERR,ERR,ERR,ERR,ERR,ERR,ERR,ERR,ERR,ERR,ERR,ERR,ERR,ERR,ERR,ERR,ERR,ERR,ERR,ERR,ERR,ERR,ERR,ERR,ERR,ERR,ERR,ERR,ERR,ERR,ERR,ERR,ERR,ERR,ERR,ERR,ERR,ERR,ERR,ERR,ERR,ERR,ERR,ERR,ERR,ERR,ERR,ERR,ERR,ERR,ERR,ERR,ERR,ERR,ERR,ERR,ERR,ERR,ERR,ERR,ERR,ERR,ERR,ERR,ERR,ERR,ERR,ERR,ERR,ERR,ERR,ERR,ERR,ERR,ERR,ERR,ERR,ERR,ERR,ERR,ERR,ERR,ERR,ERR,ERR,ERR,ERR,ERR,ERR,ERR,ERR,ERR,ERR,2.718450016850437e+23,-0.0,2.8364315368646023e+23,-107613408.0,-4.209512871143983e+25,-0.0,6619551232.0,1.1900815388195438e+37,5800,0,8,17276,5800,14723891331072.0,100,0.0,0.0,-107613408.0,0.0,1.9056969178834534e+17,0,0,0,0,nan,0,0,0,0,0,0,0,0,0,0,0,0,0,0,0,0,0,0,0,0,0,0,0,0,0,0,0,0,0,0,0,0,0,11,52,51,61,65476,617,65476,1,0,4,21553,0.0,0.0,0.0,0.0,0.0,0.0,0.0,0.0,0.0,0.0,0.0,0.0,0.0,0.0,0.0,0.0,0.0,0.0,0.0,0.0,0.0,2.004,3.697074423243316e+19,-0.0,-0.0,-0.0,0.0,0.0,0.0,0.0,6620.0,1.587938797847242e+29,0.0,2.718450016850437e+23,-0.0,0.0,-0.0,-0.0,0.0,2.004,2.004,242,-0.0,0.0,0.0,0.0,0.0,0.0,0.0,0.0,0.0,0,0,0,-19171036.0,-2.5180527002093796e+30,-4.7797471266471936e+17,-2.2897055590477615e+38,-0.0,16459021312.0,0.0,2.5926573518277837e+17,0.0,4.346389255807828e+18,-3.7093253316588136e+30,-0.0,-0.0,-0.0,0.0,-0.0,0,1.3516416376850534e+27,242,0.0,484,-0.0,-68.128,2048,52429,17150,39322,17152,39322,17144,0,0,0,105,99,100,0.0,69.0,0.0,69.9,-107615312.0,69.0,1,47,48,180,0,13107,0,0,0.0,0.0,0.0,60.0,-4.1003673718278324e+19,74.0,0.0,7272.164,0.0,1270,0,1276,0,0,0,1274,0,1286,0,1243,0,694,0,695,0,690,0,690,0.032,1.322413106158089e+34,-0.0,0.0,40208,16828,-305501175808.0,7272.164,-0.0,0.001,-1779065782534144.0,0.0,70.0,60.0,66,0.0,0.0,10.0,2.0,0.0,0.0,0.0,0.0,0.0,0.0,0.0,0.0,0.0,0.0,0.0,0.0,65.6,69,16,65516,49,65476,0,300,0,0,8,20529,65476,0,0,51118,60.0,0.0,10.0,10.0,2.0,0.0
2026-02-05T14:22:49,ERR,ERR,ERR,ERR,ERR,ERR,ERR,ERR,ERR,ERR,ERR,ERR,ERR,ERR,ERR,ERR,ERR,ERR,ERR,ERR,ERR,ERR,ERR,ERR,ERR,ERR,ERR,ERR,ERR,ERR,ERR,ERR,ERR,ERR,ERR,ERR,ERR,ERR,ERR,ERR,ERR,ERR,ERR,ERR,ERR,ERR,ERR,ERR,ERR,ERR,ERR,ERR,ERR,ERR,ERR,ERR,ERR,ERR,ERR,ERR,ERR,ERR,ERR,ERR,ERR,ERR,ERR,ERR,ERR,ERR,ERR,ERR,ERR,ERR,ERR,ERR,ERR,ERR,ERR,ERR,ERR,ERR,ERR,ERR,ERR,ERR,ERR,ERR,ERR,ERR,ERR,ERR,ERR,ERR,ERR,ERR,ERR,ERR,ERR,ERR,ERR,ERR,ERR,ERR,ERR,ERR,ERR,ERR,ERR,ERR,ERR,ERR,ERR,ERR,ERR,ERR,ERR,ERR,ERR,ERR,ERR,ERR,ERR,ERR,ERR,2.718450016850437e+23,-0.0,2.8364315368646023e+23,-107613408.0,-4.209512871143983e+25,-1.9478526060092457e+18,1.1653840289403572e+37,56951008.0,5800,0,8,17276,5800,14723891331072.0,100,0.0,0.0,-107613408.0,0.0,1.9056969178834534e+17,0,0,0,0,nan,0,0,0,0,0,0,0,0,0,0,0,0,0,0,0,0,0,0,0,0,0,0,0,0,0,0,0,0,0,0,0,0,0,11,52,51,61,65476,617,65476,1,0,4,21553,0.0,0.0,0.0,0.0,0.0,0.0,0.0,0.0,0.0,0.0,0.0,0.0,0.0,0.0,0.0,0.0,0.0,0.0,0.0,0.0,0.0,2.004,3.697074423243316e+19,-0.0,-0.0,-2.004,0.0,0.0,0.0,0.0,6619.0,564149188820992.0,0.0,2.718450016850437e+23,-0.0,-107616232.0,-0.0,-0.0,0.0,2.004,2.004,244,-0.0,0.0,0.0,0.0,0.0,0.0,0.0,0.0,0.0,0,0,0,-2.522908027833549e+16,-55.065,-1.942844568177032e+32,0.0,-0.0,1.854,-0.0,-1.321138120763128e+33,0.0,5.486215576927863e+18,-4.501606956801457e+30,-0.0,-0.0,-0.0,0.0,484328328921088.0,0,1.3516416376850534e+27,244,0.0,488,-4.700581670752129e+22,-3.294452354593262e+26,2048,52429,17150,39322,17152,39322,17144,0,0,0,105,99,100,0.0,69.0,0.0,69.9,-107615312.0,69.0,1,47,48,180,0,26215,0,0,0.0,0.0,0.0,60.0,-1986508881920.0,74.0,0.0,6.042853016038939e+28,0.0,1270,0,1276,0,0,0,1274,0,1286,0,1243,0,694,0,695,0,690,0,690,0.032,1.3305260699995496e+34,-0.0,0.0,49040,16828,-5.207513843420365e+17,-334.51,0.0,-1.3738363578089164e+32,2.8561643562297895e+26,-0.0,70.0,60.0,66,0.0,0.0,10.0,2.0,0.0,0.0,0.0,0.0,0.0,0.0,0.0,0.0,0.0,0.0,0.0,0.0,65.6,69,16,65516,49,65476,0,300,0,0,8,20529,65476,0,0,51118,60.0,0.0,10.0,10.0,2.0,0.0
2026-02-05T14:22:50,ERR,ERR,ERR,ERR,ERR,ERR,ERR,ERR,ERR,ERR,ERR,ERR,ERR,ERR,ERR,ERR,ERR,ERR,ERR,ERR,ERR,ERR,ERR,ERR,ERR,ERR,ERR,ERR,ERR,ERR,ERR,ERR,ERR,ERR,ERR,ERR,ERR,ERR,ERR,ERR,ERR,ERR,ERR,ERR,ERR,ERR,ERR,ERR,ERR,ERR,ERR,ERR,ERR,ERR,ERR,ERR,ERR,ERR,ERR,ERR,ERR,ERR,ERR,ERR,ERR,ERR,ERR,ERR,ERR,ERR,ERR,ERR,ERR,ERR,ERR,ERR,ERR,ERR,ERR,ERR,ERR,ERR,ERR,ERR,ERR,ERR,ERR,ERR,ERR,ERR,ERR,ERR,ERR,ERR,ERR,ERR,ERR,ERR,ERR,ERR,ERR,ERR,ERR,ERR,ERR,ERR,ERR,ERR,ERR,ERR,ERR,ERR,ERR,ERR,ERR,ERR,ERR,ERR,ERR,ERR,ERR,ERR,ERR,ERR,ERR,2.718450016850437e+23,-0.0,2.8364315368646023e+23,-107613408.0,-4.209512871143983e+25,-1.9478526060092457e+18,1.1653840289403572e+37,56951008.0,5800,0,8,17276,5800,14723891331072.0,100,0.0,0.0,-107613408.0,0.0,1.9056969178834534e+17,0,0,0,0,nan,0,0,0,0,0,0,0,0,0,0,0,0,0,0,0,0,0,0,0,0,0,0,0,0,0,0,0,0,0,0,0,0,0,11,52,51,61,65476,617,65476,1,0,4,21553,0.0,0.0,0.0,0.0,0.0,0.0,0.0,0.0,0.0,0.0,0.0,0.0,0.0,0.0,0.0,0.0,0.0,0.0,0.0,0.0,0.0,2.004,3.697074423243316e+19,-0.0,-0.0,-2.004,0.0,0.0,0.0,0.0,6619.0,564149188820992.0,0.0,2.718450016850437e+23,-0.0,-107616232.0,-0.0,-0.0,0.0,2.004,2.004,244,-0.0,0.0,0.0,0.0,0.0,0.0,0.0,0.0,0.0,0,0,0,-2.522908027833549e+16,-55.065,-1.942844568177032e+32,0.0,-0.0,1.854,-0.0,-1.321138120763128e+33,0.0,5.486215576927863e+18,-4.501606956801457e+30,-0.0,-0.0,-0.0,0.0,484328328921088.0,0,1.3516416376850534e+27,244,0.0,488,-4.700581670752129e+22,-3.294452354593262e+26,2048,52429,17150,39322,17152,39322,17144,0,0,0,105,99,100,0.0,69.0,0.0,69.9,-107615312.0,69.0,1,47,48,180,0,26215,0,0,0.0,0.0,0.0,60.0,-1986508881920.0,74.0,0.0,6.042853016038939e+28,0.0,1270,0,1276,0,0,0,1274,0,1286,0,1243,0,694,0,695,0,690,0,690,0.032,1.3305260699995496e+34,-0.0,0.0,49040,16828,-5.207513843420365e+17,-334.51,0.0,-1.3738363578089164e+32,2.8561643562297895e+26,-0.0,70.0,60.0,66,0.0,0.0,10.0,2.0,0.0,0.0,0.0,0.0,0.0,0.0,0.0,0.0,0.0,0.0,0.0,0.0,65.6,69,16,65516,49,65476,0,300,0,0,8,20529,65476,0,0,53740,60.0,0.0,10.0,10.0,2.0,0.0
2026-02-05T14:22:51,ERR,ERR,ERR,ERR,ERR,ERR,ERR,ERR,ERR,ERR,ERR,ERR,ERR,ERR,ERR,ERR,ERR,ERR,ERR,ERR,ERR,ERR,ERR,ERR,ERR,ERR,ERR,ERR,ERR,ERR,ERR,ERR,ERR,ERR,ERR,ERR,ERR,ERR,ERR,ERR,ERR,ERR,ERR,ERR,ERR,ERR,ERR,ERR,ERR,ERR,ERR,ERR,ERR,ERR,ERR,ERR,ERR,ERR,ERR,ERR,ERR,ERR,ERR,ERR,ERR,ERR,ERR,ERR,ERR,ERR,ERR,ERR,ERR,ERR,ERR,ERR,ERR,ERR,ERR,ERR,ERR,ERR,ERR,ERR,ERR,ERR,ERR,ERR,ERR,ERR,ERR,ERR,ERR,ERR,ERR,ERR,ERR,ERR,ERR,ERR,ERR,ERR,ERR,ERR,ERR,ERR,ERR,ERR,ERR,ERR,ERR,ERR,ERR,ERR,ERR,ERR,ERR,ERR,ERR,ERR,ERR,ERR,ERR,ERR,ERR,2.718450016850437e+23,-0.0,2.8364315368646023e+23,-107613408.0,-4.209512871143983e+25,-1.9478526060092457e+18,1.1653840289403572e+37,56951008.0,5800,0,8,17276,5800,14723891331072.0,100,0.0,0.0,-107613408.0,0.0,1.9056969178834534e+17,0,0,0,0,nan,0,0,0,0,0,0,0,0,0,0,0,0,0,0,0,0,0,0,0,0,0,0,0,0,0,0,0,0,0,0,0,0,0,11,52,51,61,65476,617,65476,1,0,4,21553,0.0,0.0,0.0,0.0,0.0,0.0,0.0,0.0,0.0,0.0,0.0,0.0,0.0,0.0,0.0,0.0,0.0,0.0,0.0,0.0,0.0,2.004,3.697074423243316e+19,-0.0,-0.0,-2.004,0.0,0.0,0.0,0.0,6619.0,564149188820992.0,0.0,2.718450016850437e+23,-0.0,-107616232.0,-0.0,-0.0,0.0,2.004,2.004,244,-0.0,0.0,0.0,0.0,0.0,0.0,0.0,0.0,0.0,0,0,0,-2.522908027833549e+16,-55.065,-1.942844568177032e+32,0.0,-0.0,1.854,-0.0,-1.321138120763128e+33,0.0,5.486215576927863e+18,-4.501606956801457e+30,-0.0,-0.0,-0.0,0.0,484328328921088.0,0,1.3516416376850534e+27,244,0.0,488,-4.700581670752129e+22,-3.294452354593262e+26,2048,52429,17150,39322,17152,39322,17144,0,0,0,105,99,100,0.0,69.0,0.0,69.9,-107615312.0,69.0,1,47,48,180,0,26215,0,0,0.0,0.0,0.0,60.0,-1986508881920.0,74.0,0.0,6.042853016038939e+28,0.0,1270,0,1276,0,0,0,1274,0,1286,0,1243,0,694,0,695,0,690,0,690,0.032,1.3305260699995496e+34,-0.0,0.0,49040,16828,-5.207513843420365e+17,-334.51,0.0,-1.3738363578089164e+32,2.8561643562297895e+26,-0.0,70.0,60.0,66,0.0,0.0,10.0,2.0,0.0,0.0,0.0,0.0,0.0,0.0,0.0,0.0,0.0,0.0,0.0,0.0,65.6,69,16,65516,49,65476,0,300,0,0,8,20529,65476,0,0,53740,60.0,0.0,10.0,10.0,2.0,0.0
2026-02-05T14:22:52,ERR,ERR,ERR,ERR,ERR,ERR,ERR,ERR,ERR,ERR,ERR,ERR,ERR,ERR,ERR,ERR,ERR,ERR,ERR,ERR,ERR,ERR,ERR,ERR,ERR,ERR,ERR,ERR,ERR,ERR,ERR,ERR,ERR,ERR,ERR,ERR,ERR,ERR,ERR,ERR,ERR,ERR,ERR,ERR,ERR,ERR,ERR,ERR,ERR,ERR,ERR,ERR,ERR,ERR,ERR,ERR,ERR,ERR,ERR,ERR,ERR,ERR,ERR,ERR,ERR,ERR,ERR,ERR,ERR,ERR,ERR,ERR,ERR,ERR,ERR,ERR,ERR,ERR,ERR,ERR,ERR,ERR,ERR,ERR,ERR,ERR,ERR,ERR,ERR,ERR,ERR,ERR,ERR,ERR,ERR,ERR,ERR,ERR,ERR,ERR,ERR,ERR,ERR,ERR,ERR,ERR,ERR,ERR,ERR,ERR,ERR,ERR,ERR,ERR,ERR,ERR,ERR,ERR,ERR,ERR,ERR,ERR,ERR,ERR,ERR,2.718450016850437e+23,-0.0,2.8364315368646023e+23,-107613408.0,-4.209512871143983e+25,-1.9478526060092457e+18,1.1653840289403572e+37,56951008.0,5800,0,8,17276,5800,14723891331072.0,100,0.0,0.0,-107613408.0,0.0,1.9056969178834534e+17,0,0,0,0,nan,0,0,0,0,0,0,0,0,0,0,0,0,0,0,0,0,0,0,0,0,0,0,0,0,0,0,0,0,0,0,0,0,0,11,52,51,61,65476,617,65476,1,0,4,21553,0.0,0.0,0.0,0.0,0.0,0.0,0.0,0.0,0.0,0.0,0.0,0.0,0.0,0.0,0.0,0.0,0.0,0.0,0.0,0.0,0.0,2.004,3.697074423243316e+19,-0.0,-0.0,-2.004,0.0,0.0,0.0,0.0,6619.0,564149188820992.0,0.0,2.718450016850437e+23,-0.0,-107616232.0,-0.0,-0.0,0.0,2.004,2.004,244,-0.0,0.0,0.0,0.0,0.0,0.0,0.0,0.0,0.0,0,0,0,-2.522908027833549e+16,-55.065,-1.942844568177032e+32,0.0,-0.0,1.854,-0.0,-1.321138120763128e+33,0.0,5.486215576927863e+18,-4.501606956801457e+30,-0.0,-0.0,-0.0,0.0,484328328921088.0,0,1.3516416376850534e+27,244,0.0,488,-4.700581670752129e+22,-3.294452354593262e+26,2048,52429,17150,39322,17152,39322,17144,0,0,0,105,99,100,0.0,69.0,0.0,69.9,-107615312.0,69.0,1,47,48,180,0,26215,0,0,0.0,0.0,0.0,60.0,-1986508881920.0,74.0,0.0,6.042853016038939e+28,0.0,1270,0,1276,0,0,0,1274,0,1286,0,1243,0,694,0,695,0,690,0,690,0.032,1.3305260699995496e+34,-0.0,0.0,49040,16828,-5.207513843420365e+17,-334.51,0.0,-1.3738363578089164e+32,2.8561643562297895e+26,-0.0,70.0,60.0,66,0.0,0.0,10.0,2.0,0.0,0.0,0.0,0.0,0.0,0.0,0.0,0.0,0.0,0.0,0.0,0.0,65.6,69,16,65516,49,65476,0,300,0,0,8,20529,65476,0,0,53740,60.0,0.0,10.0,10.0,2.0,0.0
2026-02-05T14:22:53,ERR,ERR,ERR,ERR,ERR,ERR,ERR,ERR,ERR,ERR,ERR,ERR,ERR,ERR,ERR,ERR,ERR,ERR,ERR,ERR,ERR,ERR,ERR,ERR,ERR,ERR,ERR,ERR,ERR,ERR,ERR,ERR,ERR,ERR,ERR,ERR,ERR,ERR,ERR,ERR,ERR,ERR,ERR,ERR,ERR,ERR,ERR,ERR,ERR,ERR,ERR,ERR,ERR,ERR,ERR,ERR,ERR,ERR,ERR,ERR,ERR,ERR,ERR,ERR,ERR,ERR,ERR,ERR,ERR,ERR,ERR,ERR,ERR,ERR,ERR,ERR,ERR,ERR,ERR,ERR,ERR,ERR,ERR,ERR,ERR,ERR,ERR,ERR,ERR,ERR,ERR,ERR,ERR,ERR,ERR,ERR,ERR,ERR,ERR,ERR,ERR,ERR,ERR,ERR,ERR,ERR,ERR,ERR,ERR,ERR,ERR,ERR,ERR,ERR,ERR,ERR,ERR,ERR,ERR,ERR,ERR,ERR,ERR,ERR,ERR,2.718450016850437e+23,-0.0,2.8364315368646023e+23,-107613408.0,-4.209512871143983e+25,-1.9478526060092457e+18,1.1653840289403572e+37,56951008.0,5800,0,8,17276,5800,14723891331072.0,100,0.0,0.0,-107613408.0,0.0,1.9056969178834534e+17,0,0,0,0,nan,0,0,0,0,0,0,0,0,0,0,0,0,0,0,0,0,0,0,0,0,0,0,0,0,0,0,0,0,0,0,0,0,0,11,52,51,61,65476,617,65476,1,0,4,21553,0.0,0.0,0.0,0.0,0.0,0.0,0.0,0.0,0.0,0.0,0.0,0.0,0.0,0.0,0.0,0.0,0.0,0.0,0.0,0.0,0.0,2.004,3.697074423243316e+19,-0.0,-0.0,-2.004,0.0,0.0,0.0,0.0,6619.0,564149188820992.0,0.0,2.718450016850437e+23,-0.0,-107616232.0,-0.0,-0.0,0.0,2.004,2.004,244,-0.0,0.0,0.0,0.0,0.0,0.0,0.0,0.0,0.0,0,0,0,-2.522908027833549e+16,-55.065,-1.942844568177032e+32,0.0,-0.0,1.854,-0.0,-1.321138120763128e+33,0.0,5.486215576927863e+18,-4.501606956801457e+30,-0.0,-0.0,-0.0,0.0,484328328921088.0,0,1.3516416376850534e+27,244,0.0,488,-4.700581670752129e+22,-3.294452354593262e+26,2048,52429,17150,39322,17152,39322,17144,0,0,0,105,99,100,0.0,69.0,0.0,69.9,-107615312.0,69.0,1,47,48,180,0,13107,0,0,0.0,0.0,0.0,60.0,-1.7707360624413837e+34,74.0,0.0,0.0,0.0,1270,0,1276,0,0,0,1274,0,1286,0,1243,0,694,0,695,0,691,0,690,0.032,1.3386390338410102e+34,-0.0,0.0,53776,16828,-1.3651185089695881e+23,0.0,-0.0,-2.5208930837342647e+36,-1.7019015903370827e+32,0.0,70.0,60.0,66,0.0,0.0,10.0,2.0,0.0,0.0,0.0,0.0,0.0,0.0,0.0,0.0,0.0,0.0,0.0,0.0,65.6,69,16,65516,49,65476,0,300,0,0,8,20529,65476,0,0,53740,60.0,0.0,10.0,10.0,2.0,0.0
2026-02-05T14:22:54,ERR,ERR,ERR,ERR,ERR,ERR,ERR,ERR,ERR,ERR,ERR,ERR,ERR,ERR,ERR,ERR,ERR,ERR,ERR,ERR,ERR,ERR,ERR,ERR,ERR,ERR,ERR,ERR,ERR,ERR,ERR,ERR,ERR,ERR,ERR,ERR,ERR,ERR,ERR,ERR,ERR,ERR,ERR,ERR,ERR,ERR,ERR,ERR,ERR,ERR,ERR,ERR,ERR,ERR,ERR,ERR,ERR,ERR,ERR,ERR,ERR,ERR,ERR,ERR,ERR,ERR,ERR,ERR,ERR,ERR,ERR,ERR,ERR,ERR,ERR,ERR,ERR,ERR,ERR,ERR,ERR,ERR,ERR,ERR,ERR,ERR,ERR,ERR,ERR,ERR,ERR,ERR,ERR,ERR,ERR,ERR,ERR,ERR,ERR,ERR,ERR,ERR,ERR,ERR,ERR,ERR,ERR,ERR,ERR,ERR,ERR,ERR,ERR,ERR,ERR,ERR,ERR,ERR,ERR,ERR,ERR,ERR,ERR,ERR,ERR,2.718450016850437e+23,-0.0,2.8364315368646023e+23,-107613408.0,-4.209512871143983e+25,1.6735742352680813e+19,0.0,-0.102,5800,0,8,17276,5800,14723891331072.0,100,0.0,0.0,-107613408.0,0.0,1.9056969178834534e+17,0,0,0,0,nan,0,0,0,0,0,0,0,0,0,0,0,0,0,0,0,0,0,0,0,0,0,0,0,0,0,0,0,0,0,0,0,0,0,11,52,51,61,65476,618,65476,1,0,4,21553,0.0,2.71838894803949e+23,0.0,0.0,0.0,0.0,0.0,0.0,0.0,0.0,0.0,0.0,0.0,0.0,0.0,0.0,0.0,0.0,0.0,0.0,0.0,2.004,3.697074423243316e+19,-0.0,-2.004,3.6970880571875e+19,0.0,0.0,0.0,0.0,6593.0,8608233472.0,0.0,2.718450016850437e+23,-0.0,0.0,-0.0,-0.0,0.0,2.004,2.004,243,-126841094144.0,0.0,0.0,0.0,0.0,0.0,0.0,0.0,0.0,0,0,0,-0.0,-2.903843203706634e+31,-1.5958858558947716e+28,0.0,-0.0,-0.0,-0.0,-4.584612395466279e+34,0.0,6.891338660667458e+18,-5.437946600461019e+30,-0.0,-0.0,-0.0,0.0,-344.494,0,1.3516416376850534e+27,244,0.0,488,-0.0,0.0,2048,52429,17150,39322,17152,39322,17144,0,0,0,105,99,100,0.0,69.0,0.0,69.9,-107615312.0,69.0,1,47,48,180,0,13107,0,0,0.0,0.0,0.0,60.0,-1.7707360624413837e+34,74.0,0.0,0.0,0.0,1270,0,1276,0,0,0,1274,0,1286,0,1243,0,694,0,695,0,691,0,690,0.032,1.3386390338410102e+34,-0.0,0.0,53776,16828,-1.3651185089695881e+23,0.0,-0.0,-2.5208930837342647e+36,-1.7019015903370827e+32,0.0,70.0,60.0,66,0.0,0.0,10.0,2.0,0.0,0.0,0.0,0.0,0.0,0.0,0.0,0.0,0.0,0.0,0.0,0.0,65.6,69,16,65516,49,65476,0,300,0,0,8,20529,65476,0,0,45875,60.0,0.0,10.0,10.0,2.0,0.0
2026-02-05T14:22:55,ERR,ERR,ERR,ERR,ERR,ERR,ERR,ERR,ERR,ERR,ERR,ERR,ERR,ERR,ERR,ERR,ERR,ERR,ERR,ERR,ERR,ERR,ERR,ERR,ERR,ERR,ERR,ERR,ERR,ERR,ERR,ERR,ERR,ERR,ERR,ERR,ERR,ERR,ERR,ERR,ERR,ERR,ERR,ERR,ERR,ERR,ERR,ERR,ERR,ERR,ERR,ERR,ERR,ERR,ERR,ERR,ERR,ERR,ERR,ERR,ERR,ERR,ERR,ERR,ERR,ERR,ERR,ERR,ERR,ERR,ERR,ERR,ERR,ERR,ERR,ERR,ERR,ERR,ERR,ERR,ERR,ERR,ERR,ERR,ERR,ERR,ERR,ERR,ERR,ERR,ERR,ERR,ERR,ERR,ERR,ERR,ERR,ERR,ERR,ERR,ERR,ERR,ERR,ERR,ERR,ERR,ERR,ERR,ERR,ERR,ERR,ERR,ERR,ERR,ERR,ERR,ERR,ERR,ERR,ERR,ERR,ERR,ERR,ERR,ERR,2.718450016850437e+23,-0.0,2.8364315368646023e+23,-107613408.0,-4.209512871143983e+25,1.6735742352680813e+19,0.0,-0.102,5800,0,8,17276,5800,14723891331072.0,100,0.0,0.0,-107613408.0,0.0,1.9056969178834534e+17,0,0,0,0,nan,0,0,0,0,0,0,0,0,0,0,0,0,0,0,0,0,0,0,0,0,0,0,0,0,0,0,0,0,0,0,0,0,0,11,52,51,61,65476,618,65476,1,0,4,21553,0.0,2.71838894803949e+23,0.0,0.0,0.0,0.0,0.0,0.0,0.0,0.0,0.0,0.0,0.0,0.0,0.0,0.0,0.0,0.0,0.0,0.0,0.0,2.004,3.697074423243316e+19,-0.0,-2.004,3.6970880571875e+19,0.0,0.0,0.0,0.0,6593.0,8608233472.0,0.0,2.718450016850437e+23,-0.0,0.0,-0.0,-0.0,0.0,2.004,2.004,243,-126841094144.0,0.0,0.0,0.0,0.0,0.0,0.0,0.0,0.0,0,0,0,-0.0,-2.903843203706634e+31,-1.5958858558947716e+28,0.0,-0.0,-0.0,-0.0,-4.584612395466279e+34,0.0,6.891338660667458e+18,-5.437946600461019e+30,-0.0,-0.0,-0.0,0.0,-344.494,0,1.3516416376850534e+27,244,0.0,488,-0.0,0.0,2048,52429,17150,39322,17152,39322,17144,0,0,0,105,99,100,0.0,69.0,0.0,69.9,-107615312.0,69.0,1,47,48,180,0,13107,0,0,0.0,0.0,0.0,60.0,-1.7707360624413837e+34,74.0,0.0,0.0,0.0,1270,0,1276,0,0,0,1274,0,1286,0,1243,0,694,0,695,0,691,0,690,0.032,1.3386390338410102e+34,-0.0,0.0,53776,16828,-1.3651185089695881e+23,0.0,-0.0,-2.5208930837342647e+36,-1.7019015903370827e+32,0.0,70.0,60.0,66,0.0,0.0,10.0,2.0,0.0,0.0,0.0,0.0,0.0,0.0,0.0,0.0,0.0,0.0,0.0,0.0,65.6,69,16,65516,49,65476,0,300,0,0,8,20529,65476,0,0,45875,60.0,0.0,10.0,10.0,2.0,0.0
2026-02-05T14:22:56,ERR,ERR,ERR,ERR,ERR,ERR,ERR,ERR,ERR,ERR,ERR,ERR,ERR,ERR,ERR,ERR,ERR,ERR,ERR,ERR,ERR,ERR,ERR,ERR,ERR,ERR,ERR,ERR,ERR,ERR,ERR,ERR,ERR,ERR,ERR,ERR,ERR,ERR,ERR,ERR,ERR,ERR,ERR,ERR,ERR,ERR,ERR,ERR,ERR,ERR,ERR,ERR,ERR,ERR,ERR,ERR,ERR,ERR,ERR,ERR,ERR,ERR,ERR,ERR,ERR,ERR,ERR,ERR,ERR,ERR,ERR,ERR,ERR,ERR,ERR,ERR,ERR,ERR,ERR,ERR,ERR,ERR,ERR,ERR,ERR,ERR,ERR,ERR,ERR,ERR,ERR,ERR,ERR,ERR,ERR,ERR,ERR,ERR,ERR,ERR,ERR,ERR,ERR,ERR,ERR,ERR,ERR,ERR,ERR,ERR,ERR,ERR,ERR,ERR,ERR,ERR,ERR,ERR,ERR,ERR,ERR,ERR,ERR,ERR,ERR,2.718450016850437e+23,-0.0,2.8364315368646023e+23,-107613408.0,-4.209512871143983e+25,1.6735742352680813e+19,0.0,-0.102,5800,0,8,17276,5800,14723891331072.0,100,0.0,0.0,-107613408.0,0.0,1.9056969178834534e+17,0,0,0,0,nan,0,0,0,0,0,0,0,0,0,0,0,0,0,0,0,0,0,0,0,0,0,0,0,0,0,0,0,0,0,0,0,0,0,11,52,51,61,65476,618,65476,1,0,4,21553,0.0,2.71838894803949e+23,0.0,0.0,0.0,0.0,0.0,0.0,0.0,0.0,0.0,0.0,0.0,0.0,0.0,0.0,0.0,0.0,0.0,0.0,0.0,2.004,3.697074423243316e+19,-0.0,-2.004,3.6970880571875e+19,0.0,0.0,0.0,0.0,6593.0,8608233472.0,0.0,2.718450016850437e+23,-0.0,0.0,-0.0,-0.0,0.0,2.004,2.004,243,-126841094144.0,0.0,0.0,0.0,0.0,0.0,0.0,0.0,0.0,0,0,0,-0.0,-2.903843203706634e+31,-1.5958858558947716e+28,0.0,-0.0,-0.0,-0.0,-4.584612395466279e+34,0.0,6.891338660667458e+18,-5.437946600461019e+30,-0.0,-0.0,-0.0,0.0,-344.494,0,1.3516416376850534e+27,244,0.0,488,-0.0,0.0,2048,52429,17150,39322,17152,39322,17144,0,0,0,105,99,100,0.0,69.0,0.0,69.9,-107615312.0,69.0,1,47,48,180,0,13107,0,0,0.0,0.0,0.0,60.0,-1.7707360624413837e+34,74.0,0.0,0.0,0.0,1270,0,1276,0,0,0,1274,0,1286,0,1243,0,694,0,695,0,691,0,690,0.032,1.3386390338410102e+34,-0.0,0.0,53776,16828,-1.3651185089695881e+23,0.0,-0.0,-2.5208930837342647e+36,-1.7019015903370827e+32,0.0,70.0,60.0,66,0.0,0.0,10.0,2.0,0.0,0.0,0.0,0.0,0.0,0.0,0.0,0.0,0.0,0.0,0.0,0.0,66.0,69,16,65516,49,65476,0,300,0,0,8,20529,65476,0,0,45875,60.0,0.0,10.0,10.0,2.0,0.0
2026-02-05T14:22:57,ERR,ERR,ERR,ERR,ERR,ERR,ERR,ERR,ERR,ERR,ERR,ERR,ERR,ERR,ERR,ERR,ERR,ERR,ERR,ERR,ERR,ERR,ERR,ERR,ERR,ERR,ERR,ERR,ERR,ERR,ERR,ERR,ERR,ERR,ERR,ERR,ERR,ERR,ERR,ERR,ERR,ERR,ERR,ERR,ERR,ERR,ERR,ERR,ERR,ERR,ERR,ERR,ERR,ERR,ERR,ERR,ERR,ERR,ERR,ERR,ERR,ERR,ERR,ERR,ERR,ERR,ERR,ERR,ERR,ERR,ERR,ERR,ERR,ERR,ERR,ERR,ERR,ERR,ERR,ERR,ERR,ERR,ERR,ERR,ERR,ERR,ERR,ERR,ERR,ERR,ERR,ERR,ERR,ERR,ERR,ERR,ERR,ERR,ERR,ERR,ERR,ERR,ERR,ERR,ERR,ERR,ERR,ERR,ERR,ERR,ERR,ERR,ERR,ERR,ERR,ERR,ERR,ERR,ERR,ERR,ERR,ERR,ERR,ERR,ERR,2.718450016850437e+23,-0.0,2.8364315368646023e+23,-107613408.0,-4.209512871143983e+25,1.6735742352680813e+19,0.0,-0.102,5800,0,8,17276,5800,14723891331072.0,100,0.0,0.0,-107613408.0,0.0,1.9056969178834534e+17,0,0,0,0,nan,0,0,0,0,0,0,0,0,0,0,0,0,0,0,0,0,0,0,0,0,0,0,0,0,0,0,0,0,0,0,0,0,0,11,52,51,61,65476,618,65476,1,0,4,21553,0.0,2.71838894803949e+23,0.0,0.0,0.0,0.0,0.0,0.0,0.0,0.0,0.0,0.0,0.0,0.0,0.0,0.0,0.0,0.0,0.0,0.0,0.0,2.004,3.697074423243316e+19,-0.0,-2.004,3.6970880571875e+19,0.0,0.0,0.0,0.0,6593.0,8608233472.0,0.0,2.718450016850437e+23,-0.0,0.0,-0.0,-0.0,0.0,2.004,2.004,243,-126841094144.0,0.0,0.0,0.0,0.0,0.0,0.0,0.0,0.0,0,0,0,-0.0,-2.903843203706634e+31,-1.5958858558947716e+28,0.0,-0.0,-0.0,-0.0,-4.584612395466279e+34,0.0,6.891338660667458e+18,-5.437946600461019e+30,-0.0,-0.0,-0.0,0.0,-344.494,0,1.3516416376850534e+27,244,0.0,488,-0.0,0.0,2048,52429,17150,39322,17152,39322,17144,0,0,0,105,99,100,0.0,69.0,0.0,69.9,-107615312.0,69.0,1,47,48,180,0,13107,0,0,0.0,0.0,0.0,60.0,-3.6192400727478125e+36,74.0,0.0,-1.1780621828884198e+38,0.0,1270,0,1276,0,0,0,1274,0,1286,0,1243,0,694,0,695,0,690,0,691,0.032,1.3305260699995496e+34,-2.004,0.0,52368,16828,-1.9382113902083105e+25,-27414654976.0,2.4027016449245745e+21,-0.0,-0.0,-5.65753629120411e+37,70.0,60.0,66,0.0,0.0,10.0,2.0,0.0,0.0,0.0,0.0,0.0,0.0,0.0,0.0,0.0,0.0,0.0,0.0,66.0,69,16,65516,49,65476,0,300,0,0,8,20529,65476,0,0,45875,60.0,0.0,10.0,10.0,2.0,0.0
2026-02-05T14:22:58,ERR,ERR,ERR,ERR,ERR,ERR,ERR,ERR,ERR,ERR,ERR,ERR,ERR,ERR,ERR,ERR,ERR,ERR,ERR,ERR,ERR,ERR,ERR,ERR,ERR,ERR,ERR,ERR,ERR,ERR,ERR,ERR,ERR,ERR,ERR,ERR,ERR,ERR,ERR,ERR,ERR,ERR,ERR,ERR,ERR,ERR,ERR,ERR,ERR,ERR,ERR,ERR,ERR,ERR,ERR,ERR,ERR,ERR,ERR,ERR,ERR,ERR,ERR,ERR,ERR,ERR,ERR,ERR,ERR,ERR,ERR,ERR,ERR,ERR,ERR,ERR,ERR,ERR,ERR,ERR,ERR,ERR,ERR,ERR,ERR,ERR,ERR,ERR,ERR,ERR,ERR,ERR,ERR,ERR,ERR,ERR,ERR,ERR,ERR,ERR,ERR,ERR,ERR,ERR,ERR,ERR,ERR,ERR,ERR,ERR,ERR,ERR,ERR,ERR,ERR,ERR,ERR,ERR,ERR,ERR,ERR,ERR,ERR,ERR,ERR,2.718450016850437e+23,-0.0,2.8364315368646023e+23,-107613408.0,-4.209512871143983e+25,1.6735742352680813e+19,0.0,-0.102,5800,0,8,17276,5800,14723891331072.0,100,0.0,0.0,-107613408.0,0.0,1.9056969178834534e+17,0,0,0,0,nan,0,0,0,0,0,0,0,0,0,0,0,0,0,0,0,0,0,0,0,0,0,0,0,0,0,0,0,0,0,0,0,0,0,11,52,51,61,65476,618,65476,1,0,4,21553,0.0,2.71838894803949e+23,0.0,0.0,0.0,0.0,0.0,0.0,0.0,0.0,0.0,0.0,0.0,0.0,0.0,0.0,0.0,0.0,0.0,0.0,0.0,2.004,3.697074423243316e+19,-0.0,-2.004,3.6970880571875e+19,0.0,0.0,0.0,0.0,6593.0,8608233472.0,0.0,2.718450016850437e+23,-0.0,0.0,-0.0,-0.0,0.0,2.004,2.004,243,-126841094144.0,0.0,0.0,0.0,0.0,0.0,0.0,0.0,0.0,0,0,0,-0.0,-2.903843203706634e+31,-1.5958858558947716e+28,0.0,-0.0,-0.0,-0.0,-4.584612395466279e+34,0.0,6.891338660667458e+18,-5.437946600461019e+30,-0.0,-0.0,-0.0,0.0,-344.494,0,1.3516416376850534e+27,244,0.0,488,-0.0,0.0,2048,52429,17150,39322,17152,39322,17144,0,0,0,105,99,100,0.0,69.0,0.0,69.9,-107615312.0,69.0,1,47,48,180,0,13107,0,0,0.0,0.0,0.0,60.0,-3.6192400727478125e+36,74.0,0.0,-1.1780621828884198e+38,0.0,1270,0,1276,0,0,0,1274,0,1286,0,1243,0,694,0,695,0,690,0,691,0.032,1.3305260699995496e+34,-2.004,0.0,52368,16828,-1.9382113902083105e+25,-27414654976.0,2.4027016449245745e+21,-0.0,-0.0,-5.65753629120411e+37,70.0,60.0,66,0.0,0.0,10.0,2.0,0.0,0.0,0.0,0.0,0.0,0.0,0.0,0.0,0.0,0.0,0.0,0.0,65.6,69,16,65516,49,65476,0,300,0,0,8,20529,65476,0,0,41943,60.0,0.0,10.0,10.0,2.0,0.0
2026-02-05T14:22:59,ERR,ERR,ERR,ERR,ERR,ERR,ERR,ERR,ERR,ERR,ERR,ERR,ERR,ERR,ERR,ERR,ERR,ERR,ERR,ERR,ERR,ERR,ERR,ERR,ERR,ERR,ERR,ERR,ERR,ERR,ERR,ERR,ERR,ERR,ERR,ERR,ERR,ERR,ERR,ERR,ERR,ERR,ERR,ERR,ERR,ERR,ERR,ERR,ERR,ERR,ERR,ERR,ERR,ERR,ERR,ERR,ERR,ERR,ERR,ERR,ERR,ERR,ERR,ERR,ERR,ERR,ERR,ERR,ERR,ERR,ERR,ERR,ERR,ERR,ERR,ERR,ERR,ERR,ERR,ERR,ERR,ERR,ERR,ERR,ERR,ERR,ERR,ERR,ERR,ERR,ERR,ERR,ERR,ERR,ERR,ERR,ERR,ERR,ERR,ERR,ERR,ERR,ERR,ERR,ERR,ERR,ERR,ERR,ERR,ERR,ERR,ERR,ERR,ERR,ERR,ERR,ERR,ERR,ERR,ERR,ERR,ERR,ERR,ERR,ERR,2.718450016850437e+23,-0.0,2.8364315368646023e+23,-107613408.0,-4.209512871143983e+25,1.6735742352680813e+19,0.0,-0.102,5800,0,8,17276,5800,14723891331072.0,100,0.0,0.0,-107613408.0,0.0,1.9056969178834534e+17,0,0,0,0,nan,0,0,0,0,0,0,0,0,0,0,0,0,0,0,0,0,0,0,0,0,0,0,0,0,0,0,0,0,0,0,0,0,0,11,52,51,61,65476,618,65476,1,0,4,21553,0.0,2.71838894803949e+23,0.0,0.0,0.0,0.0,0.0,0.0,0.0,0.0,0.0,0.0,0.0,0.0,0.0,0.0,0.0,0.0,0.0,0.0,0.0,2.004,3.697074423243316e+19,-0.0,-2.004,3.6970880571875e+19,0.0,0.0,0.0,0.0,6593.0,8608233472.0,0.0,2.718450016850437e+23,-0.0,0.0,-0.0,-0.0,0.0,2.004,2.004,243,-126841094144.0,0.0,0.0,0.0,0.0,0.0,0.0,0.0,0.0,0,0,0,-0.0,-2.903843203706634e+31,-1.5958858558947716e+28,0.0,-0.0,-0.0,-0.0,-4.584612395466279e+34,0.0,6.891338660667458e+18,-5.437946600461019e+30,-0.0,-0.0,-0.0,0.0,-344.494,0,1.3516416376850534e+27,244,0.0,488,-0.0,0.0,2048,52429,17150,39322,17152,39322,17144,0,0,0,105,99,100,0.0,69.0,0.0,69.9,-107615312.0,69.0,1,47,48,180,0,13107,0,0,0.0,0.0,0.0,60.0,-3.6192400727478125e+36,74.0,0.0,-1.1780621828884198e+38,0.0,1270,0,1276,0,0,0,1274,0,1286,0,1243,0,694,0,695,0,690,0,691,0.032,1.3305260699995496e+34,-2.004,0.0,52368,16828,-1.9382113902083105e+25,-27414654976.0,2.4027016449245745e+21,-0.0,-0.0,-5.65753629120411e+37,70.0,60.0,66,0.0,0.0,10.0,2.0,0.0,0.0,0.0,0.0,0.0,0.0,0.0,0.0,0.0,0.0,0.0,0.0,66.0,69,16,65516,49,65476,0,300,0,0,8,20529,65476,0,0,45875,60.0,0.0,10.0,10.0,2.0,0.0
2026-02-05T14:23:00,ERR,ERR,ERR,ERR,ERR,ERR,ERR,ERR,ERR,ERR,ERR,ERR,ERR,ERR,ERR,ERR,ERR,ERR,ERR,ERR,ERR,ERR,ERR,ERR,ERR,ERR,ERR,ERR,ERR,ERR,ERR,ERR,ERR,ERR,ERR,ERR,ERR,ERR,ERR,ERR,ERR,ERR,ERR,ERR,ERR,ERR,ERR,ERR,ERR,ERR,ERR,ERR,ERR,ERR,ERR,ERR,ERR,ERR,ERR,ERR,ERR,ERR,ERR,ERR,ERR,ERR,ERR,ERR,ERR,ERR,ERR,ERR,ERR,ERR,ERR,ERR,ERR,ERR,ERR,ERR,ERR,ERR,ERR,ERR,ERR,ERR,ERR,ERR,ERR,ERR,ERR,ERR,ERR,ERR,ERR,ERR,ERR,ERR,ERR,ERR,ERR,ERR,ERR,ERR,ERR,ERR,ERR,ERR,ERR,ERR,ERR,ERR,ERR,ERR,ERR,ERR,ERR,ERR,ERR,ERR,ERR,ERR,ERR,ERR,ERR,2.718450016850437e+23,-0.0,2.8364315368646023e+23,-107613408.0,-4.209512871143983e+25,-0.0,3423569969152.0,1.4623686648875054e+34,5800,0,8,17276,5800,14723891331072.0,100,0.0,0.0,-107613408.0,0.0,1.9056969178834534e+17,0,0,0,0,nan,0,0,0,0,0,0,0,0,0,0,0,0,0,0,0,0,0,0,0,0,0,0,0,0,0,0,0,0,0,0,0,0,0,11,52,51,61,65476,618,65476,1,0,4,21553,0.0,2.71838894803949e+23,0.0,0.0,0.0,0.0,0.0,0.0,0.0,0.0,0.0,0.0,0.0,0.0,0.0,0.0,0.0,0.0,0.0,0.0,0.0,2.004,3.697074423243316e+19,-0.0,-0.0,-3.6970880571875e+19,0.0,0.0,0.0,0.0,6587.0,-8608232448.0,0.0,2.718450016850437e+23,-0.0,-107616232.0,0.0,-0.0,0.0,2.004,2.004,243,-0.0,-0.0,0.0,0.0,0.0,0.0,0.0,0.0,0.0,0,0,0,0.0,3.1914101233815424e+22,0.0,-0.0,-3.863621582979072e+16,0.0,-5041024590151680.0,0.0,0.01,8.404548135463944e+18,-7.062123932003438e+30,-0.0,-0.0,-0.0,0.0,0.0,0,1.3516416376850534e+27,243,0.0,486,-0.0,-68.128,2048,52429,17150,39322,17152,39322,17144,0,0,0,105,99,100,0.0,69.0,0.0,69.9,-107615312.0,69.0,1,47,48,180,0,13107,0,0,0.0,0.0,0.0,60.0,-3.6192400727478125e+36,74.0,0.0,-1.1780621828884198e+38,0.0,1270,0,1276,0,0,0,1274,0,1286,0,1243,0,694,0,695,0,690,0,691,0.032,1.3305260699995496e+34,-2.004,0.0,52368,16828,-1.9382113902083105e+25,-27414654976.0,2.4027016449245745e+21,-0.0,-0.0,-5.65753629120411e+37,70.0,60.0,66,0.0,0.0,10.0,2.0,0.0,0.0,0.0,0.0,0.0,0.0,0.0,0.0,0.0,0.0,0.0,0.0,66.0,69,16,65516,49,65476,0,300,0,0,8,20529,65476,0,0,45875,60.0,0.0,10.0,10.0,2.0,0.0
2026-02-05T14:23:01,ERR,ERR,ERR,ERR,ERR,ERR,ERR,ERR,ERR,ERR,ERR,ERR,ERR,ERR,ERR,ERR,ERR,ERR,ERR,ERR,ERR,ERR,ERR,ERR,ERR,ERR,ERR,ERR,ERR,ERR,ERR,ERR,ERR,ERR,ERR,ERR,ERR,ERR,ERR,ERR,ERR,ERR,ERR,ERR,ERR,ERR,ERR,ERR,ERR,ERR,ERR,ERR,ERR,ERR,ERR,ERR,ERR,ERR,ERR,ERR,ERR,ERR,ERR,ERR,ERR,ERR,ERR,ERR,ERR,ERR,ERR,ERR,ERR,ERR,ERR,ERR,ERR,ERR,ERR,ERR,ERR,ERR,ERR,ERR,ERR,ERR,ERR,ERR,ERR,ERR,ERR,ERR,ERR,ERR,ERR,ERR,ERR,ERR,ERR,ERR,ERR,ERR,ERR,ERR,ERR,ERR,ERR,ERR,ERR,ERR,ERR,ERR,ERR,ERR,ERR,ERR,ERR,ERR,ERR,ERR,ERR,ERR,ERR,ERR,ERR,2.718450016850437e+23,-0.0,2.8364315368646023e+23,-107613408.0,-4.209512871143983e+25,-0.0,3423569969152.0,1.4623686648875054e+34,5800,0,8,17276,5800,14723891331072.0,100,0.0,0.0,-107613408.0,0.0,1.9056969178834534e+17,0,0,0,0,nan,0,0,0,0,0,0,0,0,0,0,0,0,0,0,0,0,0,0,0,0,0,0,0,0,0,0,0,0,0,0,0,0,0,11,52,51,61,65476,618,65476,1,0,4,21553,0.0,2.71838894803949e+23,0.0,0.0,0.0,0.0,0.0,0.0,0.0,0.0,0.0,0.0,0.0,0.0,0.0,0.0,0.0,0.0,0.0,0.0,0.0,2.004,3.697074423243316e+19,-0.0,-0.0,-3.6970880571875e+19,0.0,0.0,0.0,0.0,6587.0,-8608232448.0,0.0,2.718450016850437e+23,-0.0,-107616232.0,0.0,-0.0,0.0,2.004,2.004,243,-0.0,-0.0,0.0,0.0,0.0,0.0,0.0,0.0,0.0,0,0,0,0.0,3.1914101233815424e+22,0.0,-0.0,-3.863621582979072e+16,0.0,-5041024590151680.0,0.0,0.01,8.404548135463944e+18,-7.062123932003438e+30,-0.0,-0.0,-0.0,0.0,0.0,0,1.3516416376850534e+27,243,0.0,486,-0.0,-68.128,2048,52429,17150,39322,17152,39322,17144,0,0,0,105,99,100,0.0,69.0,0.0,69.9,-107615312.0,69.0,1,47,48,180,0,13107,0,0,0.0,0.0,0.0,60.0,-1.0286498970651259e+23,74.0,0.0,0.0,0.0,1270,0,1276,0,0,0,1274,0,1286,0,1243,0,694,0,695,0,691,0,690,0.032,1.3386390338410102e+34,-0.0,0.0,46736,16828,-3.578576264153237e+28,0.0,-0.0,-0.0,0.0,71296.156,70.0,60.0,66,0.0,0.0,10.0,2.0,0.0,0.0,0.0,0.0,0.0,0.0,0.0,0.0,0.0,0.0,0.0,0.0,65.6,69,16,65516,49,65476,0,300,0,0,8,20529,65476,0,0,45875,60.0,0.0,10.0,10.0,2.0,0.0
2026-02-05T14:23:02,ERR,ERR,ERR,ERR,ERR,ERR,ERR,ERR,ERR,ERR,ERR,ERR,ERR,ERR,ERR,ERR,ERR,ERR,ERR,ERR,ERR,ERR,ERR,ERR,ERR,ERR,ERR,ERR,ERR,ERR,ERR,ERR,ERR,ERR,ERR,ERR,ERR,ERR,ERR,ERR,ERR,ERR,ERR,ERR,ERR,ERR,ERR,ERR,ERR,ERR,ERR,ERR,ERR,ERR,ERR,ERR,ERR,ERR,ERR,ERR,ERR,ERR,ERR,ERR,ERR,ERR,ERR,ERR,ERR,ERR,ERR,ERR,ERR,ERR,ERR,ERR,ERR,ERR,ERR,ERR,ERR,ERR,ERR,ERR,ERR,ERR,ERR,ERR,ERR,ERR,ERR,ERR,ERR,ERR,ERR,ERR,ERR,ERR,ERR,ERR,ERR,ERR,ERR,ERR,ERR,ERR,ERR,ERR,ERR,ERR,ERR,ERR,ERR,ERR,ERR,ERR,ERR,ERR,ERR,ERR,ERR,ERR,ERR,ERR,ERR,2.718450016850437e+23,-0.0,2.8364315368646023e+23,-107613408.0,-4.209512871143983e+25,-0.0,3423569969152.0,1.4623686648875054e+34,5800,0,8,17276,5800,14723891331072.0,100,0.0,0.0,-107613408.0,0.0,1.9056969178834534e+17,0,0,0,0,nan,0,0,0,0,0,0,0,0,0,0,0,0,0,0,0,0,0,0,0,0,0,0,0,0,0,0,0,0,0,0,0,0,0,11,52,51,61,65476,618,65476,1,0,4,21553,0.0,2.71838894803949e+23,0.0,0.0,0.0,0.0,0.0,0.0,0.0,0.0,0.0,0.0,0.0,0.0,0.0,0.0,0.0,0.0,0.0,0.0,0.0,2.004,3.697074423243316e+19,-0.0,-0.0,-3.6970880571875e+19,0.0,0.0,0.0,0.0,6587.0,-8608232448.0,0.0,2.718450016850437e+23,-0.0,-107616232.0,0.0,-0.0,0.0,2.004,2.004,243,-0.0,-0.0,0.0,0.0,0.0,0.0,0.0,0.0,0.0,0,0,0,0.0,3.1914101233815424e+22,0.0,-0.0,-3.863621582979072e+16,0.0,-5041024590151680.0,0.0,0.01,8.404548135463944e+18,-7.062123932003438e+30,-0.0,-0.0,-0.0,0.0,0.0,0,1.3516416376850534e+27,243,0.0,486,-0.0,-68.128,2048,52429,17150,39322,17152,39322,17144,0,0,0,105,99,100,0.0,69.0,0.0,69.9,-107615312.0,69.0,1,47,48,180,0,13107,0,0,0.0,0.0,0.0,60.0,-1.0286498970651259e+23,74.0,0.0,0.0,0.0,1270,0,1276,0,0,0,1274,0,1286,0,1243,0,694,0,695,0,691,0,690,0.032,1.3386390338410102e+34,-0.0,0.0,46736,16828,-3.578576264153237e+28,0.0,-0.0,-0.0,0.0,71296.156,70.0,60.0,66,0.0,0.0,10.0,2.0,0.0,0.0,0.0,0.0,0.0,0.0,0.0,0.0,0.0,0.0,0.0,0.0,65.6,69,16,65516,49,65476,0,300,0,0,8,20529,65476,0,0,45875,60.0,0.0,10.0,10.0,2.0,0.0
2026-02-05T14:23:03,ERR,ERR,ERR,ERR,ERR,ERR,ERR,ERR,ERR,ERR,ERR,ERR,ERR,ERR,ERR,ERR,ERR,ERR,ERR,ERR,ERR,ERR,ERR,ERR,ERR,ERR,ERR,ERR,ERR,ERR,ERR,ERR,ERR,ERR,ERR,ERR,ERR,ERR,ERR,ERR,ERR,ERR,ERR,ERR,ERR,ERR,ERR,ERR,ERR,ERR,ERR,ERR,ERR,ERR,ERR,ERR,ERR,ERR,ERR,ERR,ERR,ERR,ERR,ERR,ERR,ERR,ERR,ERR,ERR,ERR,ERR,ERR,ERR,ERR,ERR,ERR,ERR,ERR,ERR,ERR,ERR,ERR,ERR,ERR,ERR,ERR,ERR,ERR,ERR,ERR,ERR,ERR,ERR,ERR,ERR,ERR,ERR,ERR,ERR,ERR,ERR,ERR,ERR,ERR,ERR,ERR,ERR,ERR,ERR,ERR,ERR,ERR,ERR,ERR,ERR,ERR,ERR,ERR,ERR,ERR,ERR,ERR,ERR,ERR,ERR,2.718450016850437e+23,-0.0,2.8364315368646023e+23,-107613408.0,-4.209512871143983e+25,-0.0,3423569969152.0,1.4623686648875054e+34,5800,0,8,17276,5800,14723891331072.0,100,0.0,0.0,-107613408.0,0.0,1.9056969178834534e+17,0,0,0,0,nan,0,0,0,0,0,0,0,0,0,0,0,0,0,0,0,0,0,0,0,0,0,0,0,0,0,0,0,0,0,0,0,0,0,11,52,51,61,65476,618,65476,1,0,4,21553,0.0,2.71838894803949e+23,0.0,0.0,0.0,0.0,0.0,0.0,0.0,0.0,0.0,0.0,0.0,0.0,0.0,0.0,0.0,0.0,0.0,0.0,0.0,2.004,3.697074423243316e+19,-0.0,-0.0,-3.6970880571875e+19,0.0,0.0,0.0,0.0,6587.0,-8608232448.0,0.0,2.718450016850437e+23,-0.0,-107616232.0,0.0,-0.0,0.0,2.004,2.004,243,-0.0,-0.0,0.0,0.0,0.0,0.0,0.0,0.0,0.0,0,0,0,0.0,3.1914101233815424e+22,0.0,-0.0,-3.863621582979072e+16,0.0,-5041024590151680.0,0.0,0.01,8.404548135463944e+18,-7.062123932003438e+30,-0.0,-0.0,-0.0,0.0,0.0,0,1.3516416376850534e+27,243,0.0,486,-0.0,-68.128,2048,52429,17150,39322,17152,39322,17144,0,0,0,105,99,100,0.0,69.0,0.0,69.9,-107615312.0,69.0,1,47,48,180,0,13107,0,0,0.0,0.0,0.0,60.0,-1.0286498970651259e+23,74.0,0.0,0.0,0.0,1270,0,1276,0,0,0,1274,0,1286,0,1243,0,694,0,695,0,691,0,690,0.032,1.3386390338410102e+34,-0.0,0.0,46736,16828,-3.578576264153237e+28,0.0,-0.0,-0.0,0.0,71296.156,70.0,60.0,66,0.0,0.0,10.0,2.0,0.0,0.0,0.0,0.0,0.0,0.0,0.0,0.0,0.0,0.0,0.0,0.0,65.6,69,16,65516,49,65476,0,300,0,0,8,20529,65476,0,0,43254,60.0,0.0,10.0,10.0,2.0,0.0
2026-02-05T14:23:04,ERR,ERR,ERR,ERR,ERR,ERR,ERR,ERR,ERR,ERR,ERR,ERR,ERR,ERR,ERR,ERR,ERR,ERR,ERR,ERR,ERR,ERR,ERR,ERR,ERR,ERR,ERR,ERR,ERR,ERR,ERR,ERR,ERR,ERR,ERR,ERR,ERR,ERR,ERR,ERR,ERR,ERR,ERR,ERR,ERR,ERR,ERR,ERR,ERR,ERR,ERR,ERR,ERR,ERR,ERR,ERR,ERR,ERR,ERR,ERR,ERR,ERR,ERR,ERR,ERR,ERR,ERR,ERR,ERR,ERR,ERR,ERR,ERR,ERR,ERR,ERR,ERR,ERR,ERR,ERR,ERR,ERR,ERR,ERR,ERR,ERR,ERR,ERR,ERR,ERR,ERR,ERR,ERR,ERR,ERR,ERR,ERR,ERR,ERR,ERR,ERR,ERR,ERR,ERR,ERR,ERR,ERR,ERR,ERR,ERR,ERR,ERR,ERR,ERR,ERR,ERR,ERR,ERR,ERR,ERR,ERR,ERR,ERR,ERR,ERR,2.718450016850437e+23,-0.0,2.8364315368646023e+23,-107613408.0,-4.209512871143983e+25,-0.0,3423569969152.0,1.4623686648875054e+34,5800,0,8,17276,5800,14723891331072.0,100,0.0,0.0,-107613408.0,0.0,1.9056969178834534e+17,0,0,0,0,nan,0,0,0,0,0,0,0,0,0,0,0,0,0,0,0,0,0,0,0,0,0,0,0,0,0,0,0,0,0,0,0,0,0,11,52,51,61,65476,618,65476,1,0,4,21553,0.0,2.71838894803949e+23,0.0,0.0,0.0,0.0,0.0,0.0,0.0,0.0,0.0,0.0,0.0,0.0,0.0,0.0,0.0,0.0,0.0,0.0,0.0,2.004,3.697074423243316e+19,-0.0,-0.0,-3.6970880571875e+19,0.0,0.0,0.0,0.0,6587.0,-8608232448.0,0.0,2.718450016850437e+23,-0.0,-107616232.0,0.0,-0.0,0.0,2.004,2.004,243,-0.0,-0.0,0.0,0.0,0.0,0.0,0.0,0.0,0.0,0,0,0,0.0,3.1914101233815424e+22,0.0,-0.0,-3.863621582979072e+16,0.0,-5041024590151680.0,0.0,0.01,8.404548135463944e+18,-7.062123932003438e+30,-0.0,-0.0,-0.0,0.0,0.0,0,1.3516416376850534e+27,243,0.0,486,-0.0,-68.128,2048,52429,17150,39322,17152,39322,17144,0,0,0,105,99,100,0.0,69.0,0.0,69.9,-107615312.0,69.0,1,47,48,180,0,13107,0,0,0.0,0.0,0.0,60.0,-1.0286498970651259e+23,74.0,0.0,0.0,0.0,1270,0,1276,0,0,0,1274,0,1286,0,1243,0,694,0,695,0,691,0,690,0.032,1.3386390338410102e+34,-0.0,0.0,46736,16828,-3.578576264153237e+28,0.0,-0.0,-0.0,0.0,71296.156,70.0,60.0,66,0.0,0.0,10.0,2.0,0.0,0.0,0.0,0.0,0.0,0.0,0.0,0.0,0.0,0.0,0.0,0.0,65.6,69,16,65516,49,65476,0,300,0,0,8,20529,65476,0,0,43254,60.0,0.0,10.0,10.0,2.0,0.0
2026-02-05T14:23:05,ERR,ERR,ERR,ERR,ERR,ERR,ERR,ERR,ERR,ERR,ERR,ERR,ERR,ERR,ERR,ERR,ERR,ERR,ERR,ERR,ERR,ERR,ERR,ERR,ERR,ERR,ERR,ERR,ERR,ERR,ERR,ERR,ERR,ERR,ERR,ERR,ERR,ERR,ERR,ERR,ERR,ERR,ERR,ERR,ERR,ERR,ERR,ERR,ERR,ERR,ERR,ERR,ERR,ERR,ERR,ERR,ERR,ERR,ERR,ERR,ERR,ERR,ERR,ERR,ERR,ERR,ERR,ERR,ERR,ERR,ERR,ERR,ERR,ERR,ERR,ERR,ERR,ERR,ERR,ERR,ERR,ERR,ERR,ERR,ERR,ERR,ERR,ERR,ERR,ERR,ERR,ERR,ERR,ERR,ERR,ERR,ERR,ERR,ERR,ERR,ERR,ERR,ERR,ERR,ERR,ERR,ERR,ERR,ERR,ERR,ERR,ERR,ERR,ERR,ERR,ERR,ERR,ERR,ERR,ERR,ERR,ERR,ERR,ERR,ERR,2.718450016850437e+23,-0.0,2.8364315368646023e+23,-107613408.0,-4.209512871143983e+25,-28756830208.0,3.610387749275917e+30,561302565027840.0,5800,0,8,17275,5800,14723891331072.0,100,0.0,0.0,-107613408.0,0.0,1.9056969178834534e+17,0,0,0,0,nan,0,0,0,0,0,0,0,0,0,0,0,0,0,0,0,0,0,0,0,0,0,0,0,0,0,0,0,0,0,0,0,0,0,11,52,51,61,65476,619,65476,1,0,4,21553,0.0,-107613536.0,0.0,0.0,0.0,0.0,0.0,0.0,0.0,0.0,0.0,0.0,0.0,0.0,0.0,0.0,0.0,0.0,0.0,0.0,0.0,2.004,3.697074423243316e+19,-0.0,-0.0,-0.0,0.0,0.0,0.0,0.0,6587.0,-0.0,0.0,2.718450016850437e+23,-0.0,-107616232.0,-0.0,-0.0,0.0,2.004,2.004,244,-0.0,-0.0,0.0,0.0,0.0,0.0,0.0,0.0,0.0,0,0,0,0.0,-0.0,0.0,8558891105255424.0,-67448008704.0,-1.295247467712278e+29,0.0,0.0,4.0080254946994836e+21,1.046802799559023e+19,-8.725915344802989e+30,-0.0,-0.0,-0.0,0.0,24.531,0,1.3516416376850534e+27,244,0.0,488,-0.0,-68.128,2048,52429,17150,39322,17152,39322,17144,0,0,0,105,99,100,0.0,69.0,0.0,69.9,-107615312.0,69.0,1,47,48,180,0,13107,0,0,0.0,0.0,0.0,60.0,-3.4634495328664945e+18,74.0,0.0,-0.0,0.0,1270,0,1276,0,0,0,1274,0,1286,0,1243,0,694,0,695,0,691,0,691,0.032,1.3305260699995496e+34,-2.004,0.0,54416,16828,-3.270387839079345e+26,0.0,-0.002,0.0,0.0,2.293287511774694e+29,70.0,60.0,66,0.0,0.0,10.0,2.0,0.0,0.0,0.0,0.0,0.0,0.0,0.0,0.0,0.0,0.0,0.0,0.0,65.6,69,16,65516,49,65476,0,300,0,0,8,20529,65476,0,0,44564,60.0,0.0,10.0,10.0,2.0,0.0
2026-02-05T14:23:06,ERR,ERR,ERR,ERR,ERR,ERR,ERR,ERR,ERR,ERR,ERR,ERR,ERR,ERR,ERR,ERR,ERR,ERR,ERR,ERR,ERR,ERR,ERR,ERR,ERR,ERR,ERR,ERR,ERR,ERR,ERR,ERR,ERR,ERR,ERR,ERR,ERR,ERR,ERR,ERR,ERR,ERR,ERR,ERR,ERR,ERR,ERR,ERR,ERR,ERR,ERR,ERR,ERR,ERR,ERR,ERR,ERR,ERR,ERR,ERR,ERR,ERR,ERR,ERR,ERR,ERR,ERR,ERR,ERR,ERR,ERR,ERR,ERR,ERR,ERR,ERR,ERR,ERR,ERR,ERR,ERR,ERR,ERR,ERR,ERR,ERR,ERR,ERR,ERR,ERR,ERR,ERR,ERR,ERR,ERR,ERR,ERR,ERR,ERR,ERR,ERR,ERR,ERR,ERR,ERR,ERR,ERR,ERR,ERR,ERR,ERR,ERR,ERR,ERR,ERR,ERR,ERR,ERR,ERR,ERR,ERR,ERR,ERR,ERR,ERR,2.718450016850437e+23,-0.0,2.8364315368646023e+23,-107613408.0,-4.209512871143983e+25,-28756830208.0,3.610387749275917e+30,561302565027840.0,5800,0,8,17275,5800,14723891331072.0,100,0.0,0.0,-107613408.0,0.0,1.9056969178834534e+17,0,0,0,0,nan,0,0,0,0,0,0,0,0,0,0,0,0,0,0,0,0,0,0,0,0,0,0,0,0,0,0,0,0,0,0,0,0,0,11,52,51,61,65476,619,65476,1,0,4,21553,0.0,-107613536.0,0.0,0.0,0.0,0.0,0.0,0.0,0.0,0.0,0.0,0.0,0.0,0.0,0.0,0.0,0.0,0.0,0.0,0.0,0.0,2.004,3.697074423243316e+19,-0.0,-0.0,-0.0,0.0,0.0,0.0,0.0,6587.0,-0.0,0.0,2.718450016850437e+23,-0.0,-107616232.0,-0.0,-0.0,0.0,2.004,2.004,244,-0.0,-0.0,0.0,0.0,0.0,0.0,0.0,0.0,0.0,0,0,0,0.0,-0.0,0.0,8558891105255424.0,-67448008704.0,-1.295247467712278e+29,0.0,0.0,4.0080254946994836e+21,1.046802799559023e+19,-8.725915344802989e+30,-0.0,-0.0,-0.0,0.0,24.531,0,1.3516416376850534e+27,244,0.0,488,-0.0,-68.128,2048,52429,17150,39322,17152,39322,17144,0,0,0,105,99,100,0.0,69.0,0.0,69.9,-107615312.0,69.0,1,47,48,180,0,13107,0,0,0.0,0.0,0.0,60.0,-3.4634495328664945e+18,74.0,0.0,-0.0,0.0,1270,0,1276,0,0,0,1274,0,1286,0,1243,0,694,0,695,0,691,0,691,0.032,1.3305260699995496e+34,-2.004,0.0,54416,16828,-3.270387839079345e+26,0.0,-0.002,0.0,0.0,2.293287511774694e+29,70.0,60.0,66,0.0,0.0,10.0,2.0,0.0,0.0,0.0,0.0,0.0,0.0,0.0,0.0,0.0,0.0,0.0,0.0,65.6,69,16,65516,49,65476,0,300,0,0,8,20529,65476,0,0,44564,60.0,0.0,10.0,10.0,2.0,0.0
2026-02-05T14:23:07,ERR,ERR,ERR,ERR,ERR,ERR,ERR,ERR,ERR,ERR,ERR,ERR,ERR,ERR,ERR,ERR,ERR,ERR,ERR,ERR,ERR,ERR,ERR,ERR,ERR,ERR,ERR,ERR,ERR,ERR,ERR,ERR,ERR,ERR,ERR,ERR,ERR,ERR,ERR,ERR,ERR,ERR,ERR,ERR,ERR,ERR,ERR,ERR,ERR,ERR,ERR,ERR,ERR,ERR,ERR,ERR,ERR,ERR,ERR,ERR,ERR,ERR,ERR,ERR,ERR,ERR,ERR,ERR,ERR,ERR,ERR,ERR,ERR,ERR,ERR,ERR,ERR,ERR,ERR,ERR,ERR,ERR,ERR,ERR,ERR,ERR,ERR,ERR,ERR,ERR,ERR,ERR,ERR,ERR,ERR,ERR,ERR,ERR,ERR,ERR,ERR,ERR,ERR,ERR,ERR,ERR,ERR,ERR,ERR,ERR,ERR,ERR,ERR,ERR,ERR,ERR,ERR,ERR,ERR,ERR,ERR,ERR,ERR,ERR,ERR,2.718450016850437e+23,-0.0,2.8364315368646023e+23,-107613408.0,-4.209512871143983e+25,-28756830208.0,3.610387749275917e+30,561302565027840.0,5800,0,8,17275,5800,14723891331072.0,100,0.0,0.0,-107613408.0,0.0,1.9056969178834534e+17,0,0,0,0,nan,0,0,0,0,0,0,0,0,0,0,0,0,0,0,0,0,0,0,0,0,0,0,0,0,0,0,0,0,0,0,0,0,0,11,52,51,61,65476,619,65476,1,0,4,21553,0.0,-107613536.0,0.0,0.0,0.0,0.0,0.0,0.0,0.0,0.0,0.0,0.0,0.0,0.0,0.0,0.0,0.0,0.0,0.0,0.0,0.0,2.004,3.697074423243316e+19,-0.0,-0.0,-0.0,0.0,0.0,0.0,0.0,6587.0,-0.0,0.0,2.718450016850437e+23,-0.0,-107616232.0,-0.0,-0.0,0.0,2.004,2.004,244,-0.0,-0.0,0.0,0.0,0.0,0.0,0.0,0.0,0.0,0,0,0,0.0,-0.0,0.0,8558891105255424.0,-67448008704.0,-1.295247467712278e+29,0.0,0.0,4.0080254946994836e+21,1.046802799559023e+19,-8.725915344802989e+30,-0.0,-0.0,-0.0,0.0,24.531,0,1.3516416376850534e+27,244,0.0,488,-0.0,-68.128,2048,52429,17150,39322,17152,39322,17144,0,0,0,105,99,100,0.0,69.0,0.0,69.9,-107615312.0,69.0,1,47,48,180,0,13107,0,0,0.0,0.0,0.0,60.0,-3.4634495328664945e+18,74.0,0.0,-0.0,0.0,1270,0,1276,0,0,0,1274,0,1286,0,1243,0,694,0,695,0,691,0,691,0.032,1.3305260699995496e+34,-2.004,0.0,54416,16828,-3.270387839079345e+26,0.0,-0.002,0.0,0.0,2.293287511774694e+29,70.0,60.0,66,0.0,0.0,10.0,2.0,0.0,0.0,0.0,0.0,0.0,0.0,0.0,0.0,0.0,0.0,0.0,0.0,66.0,69,16,65516,49,65476,0,300,0,0,8,20529,65476,0,0,49807,60.0,0.0,10.0,10.0,2.0,0.0
2026-02-05T14:23:08,ERR,ERR,ERR,ERR,ERR,ERR,ERR,ERR,ERR,ERR,ERR,ERR,ERR,ERR,ERR,ERR,ERR,ERR,ERR,ERR,ERR,ERR,ERR,ERR,ERR,ERR,ERR,ERR,ERR,ERR,ERR,ERR,ERR,ERR,ERR,ERR,ERR,ERR,ERR,ERR,ERR,ERR,ERR,ERR,ERR,ERR,ERR,ERR,ERR,ERR,ERR,ERR,ERR,ERR,ERR,ERR,ERR,ERR,ERR,ERR,ERR,ERR,ERR,ERR,ERR,ERR,ERR,ERR,ERR,ERR,ERR,ERR,ERR,ERR,ERR,ERR,ERR,ERR,ERR,ERR,ERR,ERR,ERR,ERR,ERR,ERR,ERR,ERR,ERR,ERR,ERR,ERR,ERR,ERR,ERR,ERR,ERR,ERR,ERR,ERR,ERR,ERR,ERR,ERR,ERR,ERR,ERR,ERR,ERR,ERR,ERR,ERR,ERR,ERR,ERR,ERR,ERR,ERR,ERR,ERR,ERR,ERR,ERR,ERR,ERR,2.718450016850437e+23,-0.0,2.8364315368646023e+23,-107613408.0,-4.209512871143983e+25,-28756830208.0,3.610387749275917e+30,561302565027840.0,5800,0,8,17275,5800,14723891331072.0,100,0.0,0.0,-107613408.0,0.0,1.9056969178834534e+17,0,0,0,0,nan,0,0,0,0,0,0,0,0,0,0,0,0,0,0,0,0,0,0,0,0,0,0,0,0,0,0,0,0,0,0,0,0,0,11,52,51,61,65476,619,65476,1,0,4,21553,0.0,-107613536.0,0.0,0.0,0.0,0.0,0.0,0.0,0.0,0.0,0.0,0.0,0.0,0.0,0.0,0.0,0.0,0.0,0.0,0.0,0.0,2.004,3.697074423243316e+19,-0.0,-0.0,-0.0,0.0,0.0,0.0,0.0,6587.0,-0.0,0.0,2.718450016850437e+23,-0.0,-107616232.0,-0.0,-0.0,0.0,2.004,2.004,244,-0.0,-0.0,0.0,0.0,0.0,0.0,0.0,0.0,0.0,0,0,0,0.0,-0.0,0.0,8558891105255424.0,-67448008704.0,-1.295247467712278e+29,0.0,0.0,4.0080254946994836e+21,1.046802799559023e+19,-8.725915344802989e+30,-0.0,-0.0,-0.0,0.0,24.531,0,1.3516416376850534e+27,244,0.0,488,-0.0,-68.128,2048,52429,17150,39322,17152,39322,17144,0,0,0,105,99,100,0.0,69.0,0.0,69.9,-107615312.0,69.0,1,47,48,180,0,13107,0,0,0.0,0.0,0.0,60.0,-3.4634495328664945e+18,74.0,0.0,-0.0,0.0,1270,0,1276,0,0,0,1274,0,1286,0,1243,0,694,0,695,0,691,0,691,0.032,1.3305260699995496e+34,-2.004,0.0,54416,16828,-3.270387839079345e+26,0.0,-0.002,0.0,0.0,2.293287511774694e+29,70.0,60.0,66,0.0,0.0,10.0,2.0,0.0,0.0,0.0,0.0,0.0,0.0,0.0,0.0,0.0,0.0,0.0,0.0,66.0,69,16,65516,49,65476,0,300,0,0,8,20529,65476,0,0,49807,60.0,0.0,10.0,10.0,2.0,0.0
2026-02-05T14:23:09,ERR,ERR,ERR,ERR,ERR,ERR,ERR,ERR,ERR,ERR,ERR,ERR,ERR,ERR,ERR,ERR,ERR,ERR,ERR,ERR,ERR,ERR,ERR,ERR,ERR,ERR,ERR,ERR,ERR,ERR,ERR,ERR,ERR,ERR,ERR,ERR,ERR,ERR,ERR,ERR,ERR,ERR,ERR,ERR,ERR,ERR,ERR,ERR,ERR,ERR,ERR,ERR,ERR,ERR,ERR,ERR,ERR,ERR,ERR,ERR,ERR,ERR,ERR,ERR,ERR,ERR,ERR,ERR,ERR,ERR,ERR,ERR,ERR,ERR,ERR,ERR,ERR,ERR,ERR,ERR,ERR,ERR,ERR,ERR,ERR,ERR,ERR,ERR,ERR,ERR,ERR,ERR,ERR,ERR,ERR,ERR,ERR,ERR,ERR,ERR,ERR,ERR,ERR,ERR,ERR,ERR,ERR,ERR,ERR,ERR,ERR,ERR,ERR,ERR,ERR,ERR,ERR,ERR,ERR,ERR,ERR,ERR,ERR,ERR,ERR,2.718450016850437e+23,-0.0,2.8364315368646023e+23,-107613408.0,-4.209512871143983e+25,-28756830208.0,3.610387749275917e+30,561302565027840.0,5800,0,8,17275,5800,14723891331072.0,100,0.0,0.0,-107613408.0,0.0,1.9056969178834534e+17,0,0,0,0,nan,0,0,0,0,0,0,0,0,0,0,0,0,0,0,0,0,0,0,0,0,0,0,0,0,0,0,0,0,0,0,0,0,0,11,52,51,61,65476,619,65476,1,0,4,21553,0.0,-107613536.0,0.0,0.0,0.0,0.0,0.0,0.0,0.0,0.0,0.0,0.0,0.0,0.0,0.0,0.0,0.0,0.0,0.0,0.0,0.0,2.004,3.697074423243316e+19,-0.0,-0.0,-0.0,0.0,0.0,0.0,0.0,6587.0,-0.0,0.0,2.718450016850437e+23,-0.0,-107616232.0,-0.0,-0.0,0.0,2.004,2.004,244,-0.0,-0.0,0.0,0.0,0.0,0.0,0.0,0.0,0.0,0,0,0,0.0,-0.0,0.0,8558891105255424.0,-67448008704.0,-1.295247467712278e+29,0.0,0.0,4.0080254946994836e+21,1.046802799559023e+19,-8.725915344802989e+30,-0.0,-0.0,-0.0,0.0,24.531,0,1.3516416376850534e+27,244,0.0,488,-0.0,-68.128,2048,52429,17150,39322,17152,39322,17144,0,0,0,105,99,100,0.0,69.0,0.0,69.9,-107615312.0,69.0,1,47,48,180,0,13107,0,0,0.0,0.0,0.0,60.0,nan,74.0,0.0,-0.0,0.0,1270,0,1276,0,0,0,1274,0,1286,0,1243,0,694,0,695,0,691,0,691,0.032,1.3305260699995496e+34,-2.004,0.0,65424,16828,0.0,0.0,-235571154780160.0,5.873518252966921e+23,0.0,1.8539000312076236e+22,70.0,60.0,66,0.0,0.0,10.0,2.0,0.0,0.0,0.0,0.0,0.0,0.0,0.0,0.0,0.0,0.0,0.0,0.0,65.6,69,16,65516,49,65476,0,300,0,0,8,20529,65476,0,0,47186,60.0,0.0,10.0,10.0,2.0,0.0
2026-02-05T14:23:10,ERR,ERR,ERR,ERR,ERR,ERR,ERR,ERR,ERR,ERR,ERR,ERR,ERR,ERR,ERR,ERR,ERR,ERR,ERR,ERR,ERR,ERR,ERR,ERR,ERR,ERR,ERR,ERR,ERR,ERR,ERR,ERR,ERR,ERR,ERR,ERR,ERR,ERR,ERR,ERR,ERR,ERR,ERR,ERR,ERR,ERR,ERR,ERR,ERR,ERR,ERR,ERR,ERR,ERR,ERR,ERR,ERR,ERR,ERR,ERR,ERR,ERR,ERR,ERR,ERR,ERR,ERR,ERR,ERR,ERR,ERR,ERR,ERR,ERR,ERR,ERR,ERR,ERR,ERR,ERR,ERR,ERR,ERR,ERR,ERR,ERR,ERR,ERR,ERR,ERR,ERR,ERR,ERR,ERR,ERR,ERR,ERR,ERR,ERR,ERR,ERR,ERR,ERR,ERR,ERR,ERR,ERR,ERR,ERR,ERR,ERR,ERR,ERR,ERR,ERR,ERR,ERR,ERR,ERR,ERR,ERR,ERR,ERR,ERR,ERR,2.718450016850437e+23,-0.0,2.8364315368646023e+23,-107613408.0,-4.209512871143983e+25,-28756830208.0,3.610387749275917e+30,561302565027840.0,5800,0,8,17275,5800,14723891331072.0,100,0.0,0.0,-107613408.0,0.0,1.9056969178834534e+17,0,0,0,0,nan,0,0,0,0,0,0,0,0,0,0,0,0,0,0,0,0,0,0,0,0,0,0,0,0,0,0,0,0,0,0,0,0,0,11,52,51,61,65476,619,65476,1,0,4,21553,0.0,-107613536.0,0.0,0.0,0.0,0.0,0.0,0.0,0.0,0.0,0.0,0.0,0.0,0.0,0.0,0.0,0.0,0.0,0.0,0.0,0.0,2.004,3.697074423243316e+19,-0.0,-0.0,-0.0,0.0,0.0,0.0,0.0,6587.0,-0.0,0.0,2.718450016850437e+23,-0.0,-107616232.0,-0.0,-0.0,0.0,2.004,2.004,244,-0.0,-0.0,0.0,0.0,0.0,0.0,0.0,0.0,0.0,0,0,0,0.0,-0.0,0.0,8558891105255424.0,-67448008704.0,-1.295247467712278e+29,0.0,0.0,4.0080254946994836e+21,1.046802799559023e+19,-8.725915344802989e+30,-0.0,-0.0,-0.0,0.0,24.531,0,1.3516416376850534e+27,244,0.0,488,-0.0,-68.128,2048,52429,17150,39322,17152,39322,17144,0,0,0,105,99,100,0.0,69.0,0.0,69.9,-107615312.0,69.0,1,47,48,180,0,13107,0,0,0.0,0.0,0.0,60.0,nan,74.0,0.0,-0.0,0.0,1270,0,1276,0,0,0,1274,0,1286,0,1243,0,694,0,695,0,691,0,691,0.032,1.3305260699995496e+34,-2.004,0.0,65424,16828,0.0,0.0,-235571154780160.0,5.873518252966921e+23,0.0,1.8539000312076236e+22,70.0,60.0,66,0.0,0.0,10.0,2.0,0.0,0.0,0.0,0.0,0.0,0.0,0.0,0.0,0.0,0.0,0.0,0.0,65.6,69,16,65516,49,65476,0,300,0,0,8,20529,65476,0,0,47186,60.0,0.0,10.0,10.0,2.0,0.0
2026-02-05T14:23:11,ERR,ERR,ERR,ERR,ERR,ERR,ERR,ERR,ERR,ERR,ERR,ERR,ERR,ERR,ERR,ERR,ERR,ERR,ERR,ERR,ERR,ERR,ERR,ERR,ERR,ERR,ERR,ERR,ERR,ERR,ERR,ERR,ERR,ERR,ERR,ERR,ERR,ERR,ERR,ERR,ERR,ERR,ERR,ERR,ERR,ERR,ERR,ERR,ERR,ERR,ERR,ERR,ERR,ERR,ERR,ERR,ERR,ERR,ERR,ERR,ERR,ERR,ERR,ERR,ERR,ERR,ERR,ERR,ERR,ERR,ERR,ERR,ERR,ERR,ERR,ERR,ERR,ERR,ERR,ERR,ERR,ERR,ERR,ERR,ERR,ERR,ERR,ERR,ERR,ERR,ERR,ERR,ERR,ERR,ERR,ERR,ERR,ERR,ERR,ERR,ERR,ERR,ERR,ERR,ERR,ERR,ERR,ERR,ERR,ERR,ERR,ERR,ERR,ERR,ERR,ERR,ERR,ERR,ERR,ERR,ERR,ERR,ERR,ERR,ERR,2.718450016850437e+23,-0.0,2.8364315368646023e+23,-107613408.0,-4.209512871143983e+25,-0.0,10641.792,-0.0,5800,0,8,17275,5800,-0.0,100,0.0,0.0,-107613408.0,0.0,1.9056969178834534e+17,0,0,0,0,nan,0,0,0,0,0,0,0,0,0,0,0,0,0,0,0,0,0,0,0,0,0,0,0,0,0,0,0,0,0,0,0,0,0,11,52,51,61,65476,619,65476,1,0,4,21553,0.0,0.0,0.0,0.0,0.0,0.0,0.0,0.0,0.0,0.0,0.0,0.0,0.0,0.0,0.0,0.0,0.0,0.0,0.0,0.0,0.0,2.004,3.697074423243316e+19,-0.0,-0.0,-0.0,0.0,0.0,0.0,0.0,6590.0,-564149121712128.0,0.0,2.718450016850437e+23,-0.0,-107616232.0,-107616432.0,0.0,0.0,2.004,2.004,243,-71.63,-0.059,0.0,0.0,0.0,0.0,0.0,0.0,0.0,0,0,0,-8.73212079004929e+33,0.0,0.0,1.166,-29525726.0,0.0,-26343522304.0,1.7470684129548032e+33,24914314657792.0,1.327827416306942e+19,-1.0400524225836452e+31,-0.0,-0.0,-0.0,0.0,-2.8675144902843904e+27,0,1.3516416376850534e+27,243,0.0,486,-0.0,-68.128,2048,52429,17150,39322,17152,39322,17144,0,0,0,105,99,100,0.0,69.0,0.0,69.9,-107615312.0,69.0,1,47,48,180,0,13107,0,0,0.0,0.0,0.0,60.0,nan,74.0,0.0,-0.0,0.0,1270,0,1276,0,0,0,1274,0,1286,0,1243,0,694,0,695,0,691,0,691,0.032,1.3305260699995496e+34,-2.004,0.0,65424,16828,0.0,0.0,-235571154780160.0,5.873518252966921e+23,0.0,1.8539000312076236e+22,70.0,60.0,66,0.0,0.0,10.0,2.0,0.0,0.0,0.0,0.0,0.0,0.0,0.0,0.0,0.0,0.0,0.0,0.0,65.6,69,16,65516,49,65476,0,300,0,0,8,20529,65476,0,0,48497,60.0,0.0,10.0,10.0,2.0,0.0
2026-02-05T14:23:12,ERR,ERR,ERR,ERR,ERR,ERR,ERR,ERR,ERR,ERR,ERR,ERR,ERR,ERR,ERR,ERR,ERR,ERR,ERR,ERR,ERR,ERR,ERR,ERR,ERR,ERR,ERR,ERR,ERR,ERR,ERR,ERR,ERR,ERR,ERR,ERR,ERR,ERR,ERR,ERR,ERR,ERR,ERR,ERR,ERR,ERR,ERR,ERR,ERR,ERR,ERR,ERR,ERR,ERR,ERR,ERR,ERR,ERR,ERR,ERR,ERR,ERR,ERR,ERR,ERR,ERR,ERR,ERR,ERR,ERR,ERR,ERR,ERR,ERR,ERR,ERR,ERR,ERR,ERR,ERR,ERR,ERR,ERR,ERR,ERR,ERR,ERR,ERR,ERR,ERR,ERR,ERR,ERR,ERR,ERR,ERR,ERR,ERR,ERR,ERR,ERR,ERR,ERR,ERR,ERR,ERR,ERR,ERR,ERR,ERR,ERR,ERR,ERR,ERR,ERR,ERR,ERR,ERR,ERR,ERR,ERR,ERR,ERR,ERR,ERR,2.718450016850437e+23,-0.0,2.8364315368646023e+23,-107613408.0,-4.209512871143983e+25,-0.0,10641.792,-0.0,5800,0,8,17275,5800,-0.0,100,0.0,0.0,-107613408.0,0.0,1.9056969178834534e+17,0,0,0,0,nan,0,0,0,0,0,0,0,0,0,0,0,0,0,0,0,0,0,0,0,0,0,0,0,0,0,0,0,0,0,0,0,0,0,11,52,51,61,65476,619,65476,1,0,4,21553,0.0,0.0,0.0,0.0,0.0,0.0,0.0,0.0,0.0,0.0,0.0,0.0,0.0,0.0,0.0,0.0,0.0,0.0,0.0,0.0,0.0,2.004,3.697074423243316e+19,-0.0,-0.0,-0.0,0.0,0.0,0.0,0.0,6590.0,-564149121712128.0,0.0,2.718450016850437e+23,-0.0,-107616232.0,-107616432.0,0.0,0.0,2.004,2.004,243,-71.63,-0.059,0.0,0.0,0.0,0.0,0.0,0.0,0.0,0,0,0,-8.73212079004929e+33,0.0,0.0,1.166,-29525726.0,0.0,-26343522304.0,1.7470684129548032e+33,24914314657792.0,1.327827416306942e+19,-1.0400524225836452e+31,-0.0,-0.0,-0.0,0.0,-2.8675144902843904e+27,0,1.3516416376850534e+27,243,0.0,486,-0.0,-68.128,2048,52429,17150,39322,17152,39322,17144,0,0,0,105,99,100,0.0,69.0,0.0,69.9,-107615312.0,69.0,1,47,48,180,0,13107,0,0,0.0,0.0,0.0,60.0,nan,74.0,0.0,-0.0,0.0,1270,0,1276,0,0,0,1274,0,1286,0,1243,0,694,0,695,0,691,0,691,0.032,1.3305260699995496e+34,-2.004,0.0,65424,16828,0.0,0.0,-235571154780160.0,5.873518252966921e+23,0.0,1.8539000312076236e+22,70.0,60.0,66,0.0,0.0,10.0,2.0,0.0,0.0,0.0,0.0,0.0,0.0,0.0,0.0,0.0,0.0,0.0,0.0,65.6,69,16,65516,49,65476,0,300,0,0,8,20529,65476,0,0,48497,60.0,0.0,10.0,10.0,2.0,0.0
2026-02-05T14:23:13,ERR,ERR,ERR,ERR,ERR,ERR,ERR,ERR,ERR,ERR,ERR,ERR,ERR,ERR,ERR,ERR,ERR,ERR,ERR,ERR,ERR,ERR,ERR,ERR,ERR,ERR,ERR,ERR,ERR,ERR,ERR,ERR,ERR,ERR,ERR,ERR,ERR,ERR,ERR,ERR,ERR,ERR,ERR,ERR,ERR,ERR,ERR,ERR,ERR,ERR,ERR,ERR,ERR,ERR,ERR,ERR,ERR,ERR,ERR,ERR,ERR,ERR,ERR,ERR,ERR,ERR,ERR,ERR,ERR,ERR,ERR,ERR,ERR,ERR,ERR,ERR,ERR,ERR,ERR,ERR,ERR,ERR,ERR,ERR,ERR,ERR,ERR,ERR,ERR,ERR,ERR,ERR,ERR,ERR,ERR,ERR,ERR,ERR,ERR,ERR,ERR,ERR,ERR,ERR,ERR,ERR,ERR,ERR,ERR,ERR,ERR,ERR,ERR,ERR,ERR,ERR,ERR,ERR,ERR,ERR,ERR,ERR,ERR,ERR,ERR,2.718450016850437e+23,-0.0,2.8364315368646023e+23,-107613408.0,-4.209512871143983e+25,-0.0,10641.792,-0.0,5800,0,8,17275,5800,-0.0,100,0.0,0.0,-107613408.0,0.0,1.9056969178834534e+17,0,0,0,0,nan,0,0,0,0,0,0,0,0,0,0,0,0,0,0,0,0,0,0,0,0,0,0,0,0,0,0,0,0,0,0,0,0,0,11,52,51,61,65476,619,65476,1,0,4,21553,0.0,0.0,0.0,0.0,0.0,0.0,0.0,0.0,0.0,0.0,0.0,0.0,0.0,0.0,0.0,0.0,0.0,0.0,0.0,0.0,0.0,2.004,3.697074423243316e+19,-0.0,-0.0,-0.0,0.0,0.0,0.0,0.0,6590.0,-564149121712128.0,0.0,2.718450016850437e+23,-0.0,-107616232.0,-107616432.0,0.0,0.0,2.004,2.004,243,-71.63,-0.059,0.0,0.0,0.0,0.0,0.0,0.0,0.0,0,0,0,-8.73212079004929e+33,0.0,0.0,1.166,-29525726.0,0.0,-26343522304.0,1.7470684129548032e+33,24914314657792.0,1.327827416306942e+19,-1.0400524225836452e+31,-0.0,-0.0,-0.0,0.0,-2.8675144902843904e+27,0,1.3516416376850534e+27,243,0.0,486,-0.0,-68.128,2048,52429,17150,39322,17152,39322,17144,0,0,0,105,99,100,0.0,69.0,0.0,69.9,-107615312.0,69.0,1,47,48,180,0,13107,0,0,0.0,0.0,0.0,60.0,0.0,74.5,0.0,-0.0,0.0,1270,0,1276,0,0,0,1274,0,1286,0,1243,0,694,0,695,0,691,0,691,0.032,1.3305260699995496e+34,-2.004,0.0,48016,16828,0.0,0.0,0.0,-3.2293803305608223e+32,-0.0,-110088761114624.0,70.0,60.0,66,0.0,0.0,10.0,2.0,0.0,0.0,0.0,0.0,0.0,0.0,0.0,0.0,0.0,0.0,0.0,0.0,65.6,69,16,65516,49,65476,0,300,0,0,8,20529,65476,0,0,47186,60.0,0.0,10.0,10.0,2.0,0.0
2026-02-05T14:23:14,ERR,ERR,ERR,ERR,ERR,ERR,ERR,ERR,ERR,ERR,ERR,ERR,ERR,ERR,ERR,ERR,ERR,ERR,ERR,ERR,ERR,ERR,ERR,ERR,ERR,ERR,ERR,ERR,ERR,ERR,ERR,ERR,ERR,ERR,ERR,ERR,ERR,ERR,ERR,ERR,ERR,ERR,ERR,ERR,ERR,ERR,ERR,ERR,ERR,ERR,ERR,ERR,ERR,ERR,ERR,ERR,ERR,ERR,ERR,ERR,ERR,ERR,ERR,ERR,ERR,ERR,ERR,ERR,ERR,ERR,ERR,ERR,ERR,ERR,ERR,ERR,ERR,ERR,ERR,ERR,ERR,ERR,ERR,ERR,ERR,ERR,ERR,ERR,ERR,ERR,ERR,ERR,ERR,ERR,ERR,ERR,ERR,ERR,ERR,ERR,ERR,ERR,ERR,ERR,ERR,ERR,ERR,ERR,ERR,ERR,ERR,ERR,ERR,ERR,ERR,ERR,ERR,ERR,ERR,ERR,ERR,ERR,ERR,ERR,ERR,2.718450016850437e+23,-0.0,2.8364315368646023e+23,-107613408.0,-4.209512871143983e+25,-0.0,10641.792,-0.0,5800,0,8,17275,5800,-0.0,100,0.0,0.0,-107613408.0,0.0,1.9056969178834534e+17,0,0,0,0,nan,0,0,0,0,0,0,0,0,0,0,0,0,0,0,0,0,0,0,0,0,0,0,0,0,0,0,0,0,0,0,0,0,0,11,52,51,61,65476,619,65476,1,0,4,21553,0.0,0.0,0.0,0.0,0.0,0.0,0.0,0.0,0.0,0.0,0.0,0.0,0.0,0.0,0.0,0.0,0.0,0.0,0.0,0.0,0.0,2.004,3.697074423243316e+19,-0.0,-0.0,-0.0,0.0,0.0,0.0,0.0,6590.0,-564149121712128.0,0.0,2.718450016850437e+23,-0.0,-107616232.0,-107616432.0,0.0,0.0,2.004,2.004,243,-71.63,-0.059,0.0,0.0,0.0,0.0,0.0,0.0,0.0,0,0,0,-8.73212079004929e+33,0.0,0.0,1.166,-29525726.0,0.0,-26343522304.0,1.7470684129548032e+33,24914314657792.0,1.327827416306942e+19,-1.0400524225836452e+31,-0.0,-0.0,-0.0,0.0,-2.8675144902843904e+27,0,1.3516416376850534e+27,243,0.0,486,-0.0,-68.128,2048,52429,17150,39322,17152,39322,17144,0,0,0,105,99,100,0.0,69.0,0.0,69.9,-107615312.0,69.0,1,47,48,180,0,13107,0,0,0.0,0.0,0.0,60.0,0.0,74.5,0.0,-0.0,0.0,1270,0,1276,0,0,0,1274,0,1286,0,1243,0,694,0,695,0,691,0,691,0.032,1.3305260699995496e+34,-2.004,0.0,48016,16828,0.0,0.0,0.0,-3.2293803305608223e+32,-0.0,-110088761114624.0,70.0,60.0,66,0.0,0.0,10.0,2.0,0.0,0.0,0.0,0.0,0.0,0.0,0.0,0.0,0.0,0.0,0.0,0.0,65.6,69,16,65516,49,65476,0,300,0,0,8,20529,65476,0,0,47186,60.0,0.0,10.0,10.0,2.0,0.0
2026-02-05T14:23:15,ERR,ERR,ERR,ERR,ERR,ERR,ERR,ERR,ERR,ERR,ERR,ERR,ERR,ERR,ERR,ERR,ERR,ERR,ERR,ERR,ERR,ERR,ERR,ERR,ERR,ERR,ERR,ERR,ERR,ERR,ERR,ERR,ERR,ERR,ERR,ERR,ERR,ERR,ERR,ERR,ERR,ERR,ERR,ERR,ERR,ERR,ERR,ERR,ERR,ERR,ERR,ERR,ERR,ERR,ERR,ERR,ERR,ERR,ERR,ERR,ERR,ERR,ERR,ERR,ERR,ERR,ERR,ERR,ERR,ERR,ERR,ERR,ERR,ERR,ERR,ERR,ERR,ERR,ERR,ERR,ERR,ERR,ERR,ERR,ERR,ERR,ERR,ERR,ERR,ERR,ERR,ERR,ERR,ERR,ERR,ERR,ERR,ERR,ERR,ERR,ERR,ERR,ERR,ERR,ERR,ERR,ERR,ERR,ERR,ERR,ERR,ERR,ERR,ERR,ERR,ERR,ERR,ERR,ERR,ERR,ERR,ERR,ERR,ERR,ERR,2.718450016850437e+23,-0.0,2.8364315368646023e+23,-107613408.0,-4.209512871143983e+25,-0.0,10641.792,-0.0,5800,0,8,17275,5800,-0.0,100,0.0,0.0,-107613408.0,0.0,1.9056969178834534e+17,0,0,0,0,nan,0,0,0,0,0,0,0,0,0,0,0,0,0,0,0,0,0,0,0,0,0,0,0,0,0,0,0,0,0,0,0,0,0,11,52,51,61,65476,619,65476,1,0,4,21553,0.0,0.0,0.0,0.0,0.0,0.0,0.0,0.0,0.0,0.0,0.0,0.0,0.0,0.0,0.0,0.0,0.0,0.0,0.0,0.0,0.0,2.004,3.697074423243316e+19,-0.0,-0.0,-0.0,0.0,0.0,0.0,0.0,6590.0,-564149121712128.0,0.0,2.718450016850437e+23,-0.0,-107616232.0,-107616432.0,0.0,0.0,2.004,2.004,243,-71.63,-0.059,0.0,0.0,0.0,0.0,0.0,0.0,0.0,0,0,0,-8.73212079004929e+33,0.0,0.0,1.166,-29525726.0,0.0,-26343522304.0,1.7470684129548032e+33,24914314657792.0,1.327827416306942e+19,-1.0400524225836452e+31,-0.0,-0.0,-0.0,0.0,-2.8675144902843904e+27,0,1.3516416376850534e+27,243,0.0,486,-0.0,-68.128,2048,52429,17150,39322,17152,39322,17144,0,0,0,105,99,100,0.0,69.0,0.0,69.9,-107615312.0,69.0,1,47,48,180,0,13107,0,0,0.0,0.0,0.0,60.0,0.0,74.5,0.0,-0.0,0.0,1270,0,1276,0,0,0,1274,0,1286,0,1243,0,694,0,695,0,691,0,691,0.032,1.3305260699995496e+34,-2.004,0.0,48016,16828,0.0,0.0,0.0,-3.2293803305608223e+32,-0.0,-110088761114624.0,70.0,60.0,66,0.0,0.0,10.0,2.0,0.0,0.0,0.0,0.0,0.0,0.0,0.0,0.0,0.0,0.0,0.0,0.0,65.6,69,16,65516,49,65476,0,300,0,0,8,20529,65476,0,0,40632,60.0,0.0,10.0,10.0,2.0,0.0
2026-02-05T14:23:16,ERR,ERR,ERR,ERR,ERR,ERR,ERR,ERR,ERR,ERR,ERR,ERR,ERR,ERR,ERR,ERR,ERR,ERR,ERR,ERR,ERR,ERR,ERR,ERR,ERR,ERR,ERR,ERR,ERR,ERR,ERR,ERR,ERR,ERR,ERR,ERR,ERR,ERR,ERR,ERR,ERR,ERR,ERR,ERR,ERR,ERR,ERR,ERR,ERR,ERR,ERR,ERR,ERR,ERR,ERR,ERR,ERR,ERR,ERR,ERR,ERR,ERR,ERR,ERR,ERR,ERR,ERR,ERR,ERR,ERR,ERR,ERR,ERR,ERR,ERR,ERR,ERR,ERR,ERR,ERR,ERR,ERR,ERR,ERR,ERR,ERR,ERR,ERR,ERR,ERR,ERR,ERR,ERR,ERR,ERR,ERR,ERR,ERR,ERR,ERR,ERR,ERR,ERR,ERR,ERR,ERR,ERR,ERR,ERR,ERR,ERR,ERR,ERR,ERR,ERR,ERR,ERR,ERR,ERR,ERR,ERR,ERR,ERR,ERR,ERR,2.718450016850437e+23,-0.0,2.8364315368646023e+23,-107613408.0,-4.209512871143983e+25,0.0,-0.0,0.0,5800,0,8,17276,5800,14723891331072.0,100,0.0,0.0,0.0,0.0,1.9056969178834534e+17,0,0,0,0,nan,0,0,0,0,0,0,0,0,0,0,0,0,0,0,0,0,0,0,0,0,0,0,0,0,0,0,0,0,0,0,0,0,0,11,52,51,61,65476,620,65476,1,0,4,21553,0.0,-107613536.0,0.0,0.0,0.0,0.0,0.0,0.0,0.0,0.0,0.0,0.0,0.0,0.0,0.0,0.0,0.0,0.0,0.0,0.0,0.0,2.004,3.697074423243316e+19,-0.0,-0.0,-3.697087617382849e+19,0.0,0.0,0.0,0.0,6587.0,-0.0,0.0,2.718450016850437e+23,-0.0,-107616232.0,0.0,-0.0,0.0,2.004,2.004,243,-0.0,-0.0,0.0,0.0,0.0,0.0,0.0,0.0,0.0,0,0,0,0.0,-203693722959872.0,0.0,0.0,-386428384.0,-0.673,0.0,3.217684664039577e+23,1.4527925833141227e+25,1.6160577924586537e+19,-1.349042256389276e+31,-0.0,-0.0,-0.0,0.0,0.0,0,1.3516416376850534e+27,243,0.0,486,-30771013632.0,-0.0,2048,52429,17150,39322,17152,39322,17144,0,0,0,105,99,100,0.0,69.0,0.0,69.9,-107615312.0,69.0,1,47,48,180,0,13107,0,0,0.0,0.0,0.0,60.0,0.0,74.5,0.0,-0.0,0.0,1270,0,1276,0,0,0,1274,0,1286,0,1243,0,694,0,695,0,691,0,691,0.032,1.3305260699995496e+34,-2.004,0.0,48016,16828,0.0,0.0,0.0,-3.2293803305608223e+32,-0.0,-110088761114624.0,70.0,60.0,66,0.0,0.0,10.0,2.0,0.0,0.0,0.0,0.0,0.0,0.0,0.0,0.0,0.0,0.0,0.0,0.0,65.6,69,16,65516,49,65476,0,300,0,0,8,20529,65476,0,0,40632,60.0,0.0,10.0,10.0,2.0,0.0
2026-02-05T14:23:17,ERR,ERR,ERR,ERR,ERR,ERR,ERR,ERR,ERR,ERR,ERR,ERR,ERR,ERR,ERR,ERR,ERR,ERR,ERR,ERR,ERR,ERR,ERR,ERR,ERR,ERR,ERR,ERR,ERR,ERR,ERR,ERR,ERR,ERR,ERR,ERR,ERR,ERR,ERR,ERR,ERR,ERR,ERR,ERR,ERR,ERR,ERR,ERR,ERR,ERR,ERR,ERR,ERR,ERR,ERR,ERR,ERR,ERR,ERR,ERR,ERR,ERR,ERR,ERR,ERR,ERR,ERR,ERR,ERR,ERR,ERR,ERR,ERR,ERR,ERR,ERR,ERR,ERR,ERR,ERR,ERR,ERR,ERR,ERR,ERR,ERR,ERR,ERR,ERR,ERR,ERR,ERR,ERR,ERR,ERR,ERR,ERR,ERR,ERR,ERR,ERR,ERR,ERR,ERR,ERR,ERR,ERR,ERR,ERR,ERR,ERR,ERR,ERR,ERR,ERR,ERR,ERR,ERR,ERR,ERR,ERR,ERR,ERR,ERR,ERR,2.718450016850437e+23,-0.0,2.8364315368646023e+23,-107613408.0,-4.209512871143983e+25,0.0,-0.0,0.0,5800,0,8,17276,5800,14723891331072.0,100,0.0,0.0,0.0,0.0,1.9056969178834534e+17,0,0,0,0,nan,0,0,0,0,0,0,0,0,0,0,0,0,0,0,0,0,0,0,0,0,0,0,0,0,0,0,0,0,0,0,0,0,0,11,52,51,61,65476,620,65476,1,0,4,21553,0.0,-107613536.0,0.0,0.0,0.0,0.0,0.0,0.0,0.0,0.0,0.0,0.0,0.0,0.0,0.0,0.0,0.0,0.0,0.0,0.0,0.0,2.004,3.697074423243316e+19,-0.0,-0.0,-3.697087617382849e+19,0.0,0.0,0.0,0.0,6587.0,-0.0,0.0,2.718450016850437e+23,-0.0,-107616232.0,0.0,-0.0,0.0,2.004,2.004,243,-0.0,-0.0,0.0,0.0,0.0,0.0,0.0,0.0,0.0,0,0,0,0.0,-203693722959872.0,0.0,0.0,-386428384.0,-0.673,0.0,3.217684664039577e+23,1.4527925833141227e+25,1.6160577924586537e+19,-1.349042256389276e+31,-0.0,-0.0,-0.0,0.0,0.0,0,1.3516416376850534e+27,243,0.0,486,-30771013632.0,-0.0,2048,52429,17150,39322,17152,39322,17144,0,0,0,105,99,100,0.0,69.0,0.0,69.9,-107615312.0,69.0,1,47,48,180,0,13107,0,0,0.0,0.0,0.0,60.0,-4.3951225490459297e+21,74.0,0.0,1.4144240037949347e+37,0.0,1270,0,1276,0,0,0,1274,0,1286,0,1243,0,694,0,695,0,691,0,691,0.032,1.3305260699995496e+34,0.0,2.7302352164993253e+23,39568,16828,-1.8322310472464574e+31,0.0,-12240.046,-0.0,0.0,1307820163072.0,70.0,60.0,66,0.0,0.0,10.0,2.0,0.0,0.0,0.0,0.0,0.0,0.0,0.0,0.0,0.0,0.0,0.0,0.0,66.0,69,16,65516,49,65476,0,300,0,0,8,20529,65476,0,0,39322,60.0,0.0,10.0,10.0,2.0,0.0
2026-02-05T14:23:18,ERR,ERR,ERR,ERR,ERR,ERR,ERR,ERR,ERR,ERR,ERR,ERR,ERR,ERR,ERR,ERR,ERR,ERR,ERR,ERR,ERR,ERR,ERR,ERR,ERR,ERR,ERR,ERR,ERR,ERR,ERR,ERR,ERR,ERR,ERR,ERR,ERR,ERR,ERR,ERR,ERR,ERR,ERR,ERR,ERR,ERR,ERR,ERR,ERR,ERR,ERR,ERR,ERR,ERR,ERR,ERR,ERR,ERR,ERR,ERR,ERR,ERR,ERR,ERR,ERR,ERR,ERR,ERR,ERR,ERR,ERR,ERR,ERR,ERR,ERR,ERR,ERR,ERR,ERR,ERR,ERR,ERR,ERR,ERR,ERR,ERR,ERR,ERR,ERR,ERR,ERR,ERR,ERR,ERR,ERR,ERR,ERR,ERR,ERR,ERR,ERR,ERR,ERR,ERR,ERR,ERR,ERR,ERR,ERR,ERR,ERR,ERR,ERR,ERR,ERR,ERR,ERR,ERR,ERR,ERR,ERR,ERR,ERR,ERR,ERR,2.718450016850437e+23,-0.0,2.8364315368646023e+23,-107613408.0,-4.209512871143983e+25,0.0,-0.0,0.0,5800,0,8,17276,5800,14723891331072.0,100,0.0,0.0,0.0,0.0,1.9056969178834534e+17,0,0,0,0,nan,0,0,0,0,0,0,0,0,0,0,0,0,0,0,0,0,0,0,0,0,0,0,0,0,0,0,0,0,0,0,0,0,0,11,52,51,61,65476,620,65476,1,0,4,21553,0.0,-107613536.0,0.0,0.0,0.0,0.0,0.0,0.0,0.0,0.0,0.0,0.0,0.0,0.0,0.0,0.0,0.0,0.0,0.0,0.0,0.0,2.004,3.697074423243316e+19,-0.0,-0.0,-3.697087617382849e+19,0.0,0.0,0.0,0.0,6587.0,-0.0,0.0,2.718450016850437e+23,-0.0,-107616232.0,0.0,-0.0,0.0,2.004,2.004,243,-0.0,-0.0,0.0,0.0,0.0,0.0,0.0,0.0,0.0,0,0,0,0.0,-203693722959872.0,0.0,0.0,-386428384.0,-0.673,0.0,3.217684664039577e+23,1.4527925833141227e+25,1.6160577924586537e+19,-1.349042256389276e+31,-0.0,-0.0,-0.0,0.0,0.0,0,1.3516416376850534e+27,243,0.0,486,-30771013632.0,-0.0,2048,52429,17150,39322,17152,39322,17144,0,0,0,105,99,100,0.0,69.0,0.0,69.9,-107615312.0,69.0,1,47,48,180,0,13107,0,0,0.0,0.0,0.0,60.0,-4.3951225490459297e+21,74.0,0.0,1.4144240037949347e+37,0.0,1270,0,1276,0,0,0,1274,0,1286,0,1243,0,694,0,695,0,691,0,691,0.032,1.3305260699995496e+34,0.0,2.7302352164993253e+23,39568,16828,-1.8322310472464574e+31,0.0,-12240.046,-0.0,0.0,1307820163072.0,70.0,60.0,66,0.0,0.0,10.0,2.0,0.0,0.0,0.0,0.0,0.0,0.0,0.0,0.0,0.0,0.0,0.0,0.0,66.0,69,16,65516,49,65476,0,300,0,0,8,20529,65476,0,0,39322,60.0,0.0,10.0,10.0,2.0,0.0
2026-02-05T14:23:19,ERR,ERR,ERR,ERR,ERR,ERR,ERR,ERR,ERR,ERR,ERR,ERR,ERR,ERR,ERR,ERR,ERR,ERR,ERR,ERR,ERR,ERR,ERR,ERR,ERR,ERR,ERR,ERR,ERR,ERR,ERR,ERR,ERR,ERR,ERR,ERR,ERR,ERR,ERR,ERR,ERR,ERR,ERR,ERR,ERR,ERR,ERR,ERR,ERR,ERR,ERR,ERR,ERR,ERR,ERR,ERR,ERR,ERR,ERR,ERR,ERR,ERR,ERR,ERR,ERR,ERR,ERR,ERR,ERR,ERR,ERR,ERR,ERR,ERR,ERR,ERR,ERR,ERR,ERR,ERR,ERR,ERR,ERR,ERR,ERR,ERR,ERR,ERR,ERR,ERR,ERR,ERR,ERR,ERR,ERR,ERR,ERR,ERR,ERR,ERR,ERR,ERR,ERR,ERR,ERR,ERR,ERR,ERR,ERR,ERR,ERR,ERR,ERR,ERR,ERR,ERR,ERR,ERR,ERR,ERR,ERR,ERR,ERR,ERR,ERR,2.718450016850437e+23,-0.0,2.8364315368646023e+23,-107613408.0,-4.209512871143983e+25,0.0,-0.0,0.0,5800,0,8,17276,5800,14723891331072.0,100,0.0,0.0,0.0,0.0,1.9056969178834534e+17,0,0,0,0,nan,0,0,0,0,0,0,0,0,0,0,0,0,0,0,0,0,0,0,0,0,0,0,0,0,0,0,0,0,0,0,0,0,0,11,52,51,61,65476,620,65476,1,0,4,21553,0.0,-107613536.0,0.0,0.0,0.0,0.0,0.0,0.0,0.0,0.0,0.0,0.0,0.0,0.0,0.0,0.0,0.0,0.0,0.0,0.0,0.0,2.004,3.697074423243316e+19,-0.0,-0.0,-3.697087617382849e+19,0.0,0.0,0.0,0.0,6587.0,-0.0,0.0,2.718450016850437e+23,-0.0,-107616232.0,0.0,-0.0,0.0,2.004,2.004,243,-0.0,-0.0,0.0,0.0,0.0,0.0,0.0,0.0,0.0,0,0,0,0.0,-203693722959872.0,0.0,0.0,-386428384.0,-0.673,0.0,3.217684664039577e+23,1.4527925833141227e+25,1.6160577924586537e+19,-1.349042256389276e+31,-0.0,-0.0,-0.0,0.0,0.0,0,1.3516416376850534e+27,243,0.0,486,-30771013632.0,-0.0,2048,52429,17150,39322,17152,39322,17144,0,0,0,105,99,100,0.0,69.0,0.0,69.9,-107615312.0,69.0,1,47,48,180,0,13107,0,0,0.0,0.0,0.0,60.0,-4.3951225490459297e+21,74.0,0.0,1.4144240037949347e+37,0.0,1270,0,1276,0,0,0,1274,0,1286,0,1243,0,694,0,695,0,691,0,691,0.032,1.3305260699995496e+34,0.0,2.7302352164993253e+23,39568,16828,-1.8322310472464574e+31,0.0,-12240.046,-0.0,0.0,1307820163072.0,70.0,60.0,66,0.0,0.0,10.0,2.0,0.0,0.0,0.0,0.0,0.0,0.0,0.0,0.0,0.0,0.0,0.0,0.0,66.0,69,16,65516,49,65476,0,300,0,0,8,20529,65476,0,0,38011,60.0,0.0,10.0,10.0,2.0,0.0
2026-02-05T14:23:20,ERR,ERR,ERR,ERR,ERR,ERR,ERR,ERR,ERR,ERR,ERR,ERR,ERR,ERR,ERR,ERR,ERR,ERR,ERR,ERR,ERR,ERR,ERR,ERR,ERR,ERR,ERR,ERR,ERR,ERR,ERR,ERR,ERR,ERR,ERR,ERR,ERR,ERR,ERR,ERR,ERR,ERR,ERR,ERR,ERR,ERR,ERR,ERR,ERR,ERR,ERR,ERR,ERR,ERR,ERR,ERR,ERR,ERR,ERR,ERR,ERR,ERR,ERR,ERR,ERR,ERR,ERR,ERR,ERR,ERR,ERR,ERR,ERR,ERR,ERR,ERR,ERR,ERR,ERR,ERR,ERR,ERR,ERR,ERR,ERR,ERR,ERR,ERR,ERR,ERR,ERR,ERR,ERR,ERR,ERR,ERR,ERR,ERR,ERR,ERR,ERR,ERR,ERR,ERR,ERR,ERR,ERR,ERR,ERR,ERR,ERR,ERR,ERR,ERR,ERR,ERR,ERR,ERR,ERR,ERR,ERR,ERR,ERR,ERR,ERR,2.718450016850437e+23,-0.0,2.8364315368646023e+23,-107613408.0,-4.209512871143983e+25,0.0,-0.0,0.0,5800,0,8,17276,5800,14723891331072.0,100,0.0,0.0,0.0,0.0,1.9056969178834534e+17,0,0,0,0,nan,0,0,0,0,0,0,0,0,0,0,0,0,0,0,0,0,0,0,0,0,0,0,0,0,0,0,0,0,0,0,0,0,0,11,52,51,61,65476,620,65476,1,0,4,21553,0.0,-107613536.0,0.0,0.0,0.0,0.0,0.0,0.0,0.0,0.0,0.0,0.0,0.0,0.0,0.0,0.0,0.0,0.0,0.0,0.0,0.0,2.004,3.697074423243316e+19,-0.0,-0.0,-3.697087617382849e+19,0.0,0.0,0.0,0.0,6587.0,-0.0,0.0,2.718450016850437e+23,-0.0,-107616232.0,0.0,-0.0,0.0,2.004,2.004,243,-0.0,-0.0,0.0,0.0,0.0,0.0,0.0,0.0,0.0,0,0,0,0.0,-203693722959872.0,0.0,0.0,-386428384.0,-0.673,0.0,3.217684664039577e+23,1.4527925833141227e+25,1.6160577924586537e+19,-1.349042256389276e+31,-0.0,-0.0,-0.0,0.0,0.0,0,1.3516416376850534e+27,243,0.0,486,-30771013632.0,-0.0,2048,52429,17150,39322,17152,39322,17144,0,0,0,105,99,100,0.0,69.0,0.0,69.9,-107615312.0,69.0,1,47,48,180,0,13107,0,0,0.0,0.0,0.0,60.0,-4.3951225490459297e+21,74.0,0.0,1.4144240037949347e+37,0.0,1270,0,1276,0,0,0,1274,0,1286,0,1243,0,694,0,695,0,691,0,691,0.032,1.3305260699995496e+34,0.0,2.7302352164993253e+23,39568,16828,-1.8322310472464574e+31,0.0,-12240.046,-0.0,0.0,1307820163072.0,70.0,60.0,66,0.0,0.0,10.0,2.0,0.0,0.0,0.0,0.0,0.0,0.0,0.0,0.0,0.0,0.0,0.0,0.0,66.0,69,16,65516,49,65476,0,300,0,0,8,20529,65476,0,0,38011,60.0,0.0,10.0,10.0,2.0,0.0
2026-02-05T14:23:21,ERR,ERR,ERR,ERR,ERR,ERR,ERR,ERR,ERR,ERR,ERR,ERR,ERR,ERR,ERR,ERR,ERR,ERR,ERR,ERR,ERR,ERR,ERR,ERR,ERR,ERR,ERR,ERR,ERR,ERR,ERR,ERR,ERR,ERR,ERR,ERR,ERR,ERR,ERR,ERR,ERR,ERR,ERR,ERR,ERR,ERR,ERR,ERR,ERR,ERR,ERR,ERR,ERR,ERR,ERR,ERR,ERR,ERR,ERR,ERR,ERR,ERR,ERR,ERR,ERR,ERR,ERR,ERR,ERR,ERR,ERR,ERR,ERR,ERR,ERR,ERR,ERR,ERR,ERR,ERR,ERR,ERR,ERR,ERR,ERR,ERR,ERR,ERR,ERR,ERR,ERR,ERR,ERR,ERR,ERR,ERR,ERR,ERR,ERR,ERR,ERR,ERR,ERR,ERR,ERR,ERR,ERR,ERR,ERR,ERR,ERR,ERR,ERR,ERR,ERR,ERR,ERR,ERR,ERR,ERR,ERR,ERR,ERR,ERR,ERR,2.718450016850437e+23,-0.0,2.8364315368646023e+23,-107613408.0,-4.209512871143983e+25,0.0,-0.0,0.0,5800,0,8,17276,5800,14723891331072.0,100,0.0,0.0,0.0,0.0,1.9056969178834534e+17,0,0,0,0,nan,0,0,0,0,0,0,0,0,0,0,0,0,0,0,0,0,0,0,0,0,0,0,0,0,0,0,0,0,0,0,0,0,0,11,52,51,61,65476,620,65476,1,0,4,21553,0.0,-107613536.0,0.0,0.0,0.0,0.0,0.0,0.0,0.0,0.0,0.0,0.0,0.0,0.0,0.0,0.0,0.0,0.0,0.0,0.0,0.0,2.004,3.697074423243316e+19,-0.0,-0.0,-3.697087617382849e+19,0.0,0.0,0.0,0.0,6587.0,-0.0,0.0,2.718450016850437e+23,-0.0,-107616232.0,0.0,-0.0,0.0,2.004,2.004,243,-0.0,-0.0,0.0,0.0,0.0,0.0,0.0,0.0,0.0,0,0,0,0.0,-203693722959872.0,0.0,0.0,-386428384.0,-0.673,0.0,3.217684664039577e+23,1.4527925833141227e+25,1.6160577924586537e+19,-1.349042256389276e+31,-0.0,-0.0,-0.0,0.0,0.0,0,1.3516416376850534e+27,243,0.0,486,-30771013632.0,-0.0,2048,52429,17150,39322,17152,39322,17144,0,0,0,105,99,100,0.0,69.0,0.0,69.9,-107615312.0,69.0,1,47,48,180,0,13107,0,0,0.0,0.0,0.0,60.0,-2.6965439861624036e+28,74.0,0.0,-0.0,0.0,1270,0,1276,0,0,0,1274,0,1286,0,1243,0,694,0,695,0,691,0,691,0.032,1.322413106158089e+34,-2.004,0.0,58640,16828,-1.3651185089695881e+23,-0.0,0.0,-1.044247395177708e+32,-0.0,-164102429212672.0,70.0,60.0,66,0.0,0.0,10.0,2.0,0.0,0.0,0.0,0.0,0.0,0.0,0.0,0.0,0.0,0.0,0.0,0.0,66.0,69,16,65516,49,65476,0,300,0,0,8,20529,65476,0,0,38011,60.0,0.0,10.0,10.0,2.0,0.0
2026-02-05T14:23:22,ERR,ERR,ERR,ERR,ERR,ERR,ERR,ERR,ERR,ERR,ERR,ERR,ERR,ERR,ERR,ERR,ERR,ERR,ERR,ERR,ERR,ERR,ERR,ERR,ERR,ERR,ERR,ERR,ERR,ERR,ERR,ERR,ERR,ERR,ERR,ERR,ERR,ERR,ERR,ERR,ERR,ERR,ERR,ERR,ERR,ERR,ERR,ERR,ERR,ERR,ERR,ERR,ERR,ERR,ERR,ERR,ERR,ERR,ERR,ERR,ERR,ERR,ERR,ERR,ERR,ERR,ERR,ERR,ERR,ERR,ERR,ERR,ERR,ERR,ERR,ERR,ERR,ERR,ERR,ERR,ERR,ERR,ERR,ERR,ERR,ERR,ERR,ERR,ERR,ERR,ERR,ERR,ERR,ERR,ERR,ERR,ERR,ERR,ERR,ERR,ERR,ERR,ERR,ERR,ERR,ERR,ERR,ERR,ERR,ERR,ERR,ERR,ERR,ERR,ERR,ERR,ERR,ERR,ERR,ERR,ERR,ERR,ERR,ERR,ERR,2.718450016850437e+23,-0.0,2.8364315368646023e+23,-107613408.0,-4.209512871143983e+25,-2580.081,4.652059888366839e+24,1.1633017387979825e+21,5800,0,8,17276,5800,-0.0,100,0.0,0.0,-0.0,0.0,1.9056969178834534e+17,0,0,0,0,nan,0,0,0,0,0,0,0,0,0,0,0,0,0,0,0,0,0,0,0,0,0,0,0,0,0,0,0,0,0,0,0,0,0,11,52,51,61,65476,620,65476,1,0,4,21553,0.0,0.0,0.0,0.0,0.0,0.0,0.0,0.0,0.0,0.0,0.0,0.0,0.0,0.0,0.0,0.0,0.0,0.0,0.0,0.0,0.0,2.004,3.697074423243316e+19,-0.0,-0.0,-0.0,0.0,0.0,0.0,0.0,6613.0,0.0,0.0,2.718450016850437e+23,-0.0,-107616232.0,-0.0,-0.0,0.0,2.004,2.004,241,-0.0,-2.7184280392842555e+23,0.0,0.0,0.0,0.0,0.0,0.0,0.0,0,0,0,0.0,-0.0,0.0,-0.0,-4067547.75,0.0,1.5893082028232497e+24,0.0,-35723804.0,1.9783134486573613e+19,-1.6818005389491863e+31,-0.0,-0.0,-0.0,0.0,-3843.952,0,1.3516416376850534e+27,241,0.0,482,0.0,-2678505888284672.0,2048,52429,17150,39322,17152,39322,17144,0,0,0,105,99,100,0.0,69.0,0.0,69.9,-107615312.0,69.0,1,47,48,180,0,13107,0,0,0.0,0.0,0.0,60.0,-2.6965439861624036e+28,74.0,0.0,-0.0,0.0,1270,0,1276,0,0,0,1274,0,1286,0,1243,0,694,0,695,0,691,0,691,0.032,1.322413106158089e+34,-2.004,0.0,58640,16828,-1.3651185089695881e+23,-0.0,0.0,-1.044247395177708e+32,-0.0,-164102429212672.0,70.0,60.0,66,0.0,0.0,10.0,2.0,0.0,0.0,0.0,0.0,0.0,0.0,0.0,0.0,0.0,0.0,0.0,0.0,65.6,69,16,65516,49,65476,0,300,0,0,8,20529,65476,0,0,36700,60.0,0.0,10.0,10.0,2.0,0.0
2026-02-05T14:23:23,ERR,ERR,ERR,ERR,ERR,ERR,ERR,ERR,ERR,ERR,ERR,ERR,ERR,ERR,ERR,ERR,ERR,ERR,ERR,ERR,ERR,ERR,ERR,ERR,ERR,ERR,ERR,ERR,ERR,ERR,ERR,ERR,ERR,ERR,ERR,ERR,ERR,ERR,ERR,ERR,ERR,ERR,ERR,ERR,ERR,ERR,ERR,ERR,ERR,ERR,ERR,ERR,ERR,ERR,ERR,ERR,ERR,ERR,ERR,ERR,ERR,ERR,ERR,ERR,ERR,ERR,ERR,ERR,ERR,ERR,ERR,ERR,ERR,ERR,ERR,ERR,ERR,ERR,ERR,ERR,ERR,ERR,ERR,ERR,ERR,ERR,ERR,ERR,ERR,ERR,ERR,ERR,ERR,ERR,ERR,ERR,ERR,ERR,ERR,ERR,ERR,ERR,ERR,ERR,ERR,ERR,ERR,ERR,ERR,ERR,ERR,ERR,ERR,ERR,ERR,ERR,ERR,ERR,ERR,ERR,ERR,ERR,ERR,ERR,ERR,2.718450016850437e+23,-0.0,2.8364315368646023e+23,-107613408.0,-4.209512871143983e+25,-2580.081,4.652059888366839e+24,1.1633017387979825e+21,5800,0,8,17276,5800,-0.0,100,0.0,0.0,-0.0,0.0,1.9056969178834534e+17,0,0,0,0,nan,0,0,0,0,0,0,0,0,0,0,0,0,0,0,0,0,0,0,0,0,0,0,0,0,0,0,0,0,0,0,0,0,0,11,52,51,61,65476,620,65476,1,0,4,21553,0.0,0.0,0.0,0.0,0.0,0.0,0.0,0.0,0.0,0.0,0.0,0.0,0.0,0.0,0.0,0.0,0.0,0.0,0.0,0.0,0.0,2.004,3.697074423243316e+19,-0.0,-0.0,-0.0,0.0,0.0,0.0,0.0,6613.0,0.0,0.0,2.718450016850437e+23,-0.0,-107616232.0,-0.0,-0.0,0.0,2.004,2.004,241,-0.0,-2.7184280392842555e+23,0.0,0.0,0.0,0.0,0.0,0.0,0.0,0,0,0,0.0,-0.0,0.0,-0.0,-4067547.75,0.0,1.5893082028232497e+24,0.0,-35723804.0,1.9783134486573613e+19,-1.6818005389491863e+31,-0.0,-0.0,-0.0,0.0,-3843.952,0,1.3516416376850534e+27,241,0.0,482,0.0,-2678505888284672.0,2048,52429,17150,39322,17152,39322,17144,0,0,0,105,99,100,0.0,69.0,0.0,69.9,-107615312.0,69.0,1,47,48,180,0,13107,0,0,0.0,0.0,0.0,60.0,-2.6965439861624036e+28,74.0,0.0,-0.0,0.0,1270,0,1276,0,0,0,1274,0,1286,0,1243,0,694,0,695,0,691,0,691,0.032,1.322413106158089e+34,-2.004,0.0,58640,16828,-1.3651185089695881e+23,-0.0,0.0,-1.044247395177708e+32,-0.0,-164102429212672.0,70.0,60.0,66,0.0,0.0,10.0,2.0,0.0,0.0,0.0,0.0,0.0,0.0,0.0,0.0,0.0,0.0,0.0,0.0,65.6,69,16,65516,49,65476,0,300,0,0,8,20529,65476,0,0,36700,60.0,0.0,10.0,10.0,2.0,0.0
2026-02-05T14:23:24,ERR,ERR,ERR,ERR,ERR,ERR,ERR,ERR,ERR,ERR,ERR,ERR,ERR,ERR,ERR,ERR,ERR,ERR,ERR,ERR,ERR,ERR,ERR,ERR,ERR,ERR,ERR,ERR,ERR,ERR,ERR,ERR,ERR,ERR,ERR,ERR,ERR,ERR,ERR,ERR,ERR,ERR,ERR,ERR,ERR,ERR,ERR,ERR,ERR,ERR,ERR,ERR,ERR,ERR,ERR,ERR,ERR,ERR,ERR,ERR,ERR,ERR,ERR,ERR,ERR,ERR,ERR,ERR,ERR,ERR,ERR,ERR,ERR,ERR,ERR,ERR,ERR,ERR,ERR,ERR,ERR,ERR,ERR,ERR,ERR,ERR,ERR,ERR,ERR,ERR,ERR,ERR,ERR,ERR,ERR,ERR,ERR,ERR,ERR,ERR,ERR,ERR,ERR,ERR,ERR,ERR,ERR,ERR,ERR,ERR,ERR,ERR,ERR,ERR,ERR,ERR,ERR,ERR,ERR,ERR,ERR,ERR,ERR,ERR,ERR,2.718450016850437e+23,-0.0,2.8364315368646023e+23,-107613408.0,-4.209512871143983e+25,-2580.081,4.652059888366839e+24,1.1633017387979825e+21,5800,0,8,17276,5800,-0.0,100,0.0,0.0,-0.0,0.0,1.9056969178834534e+17,0,0,0,0,nan,0,0,0,0,0,0,0,0,0,0,0,0,0,0,0,0,0,0,0,0,0,0,0,0,0,0,0,0,0,0,0,0,0,11,52,51,61,65476,620,65476,1,0,4,21553,0.0,0.0,0.0,0.0,0.0,0.0,0.0,0.0,0.0,0.0,0.0,0.0,0.0,0.0,0.0,0.0,0.0,0.0,0.0,0.0,0.0,2.004,3.697074423243316e+19,-0.0,-0.0,-0.0,0.0,0.0,0.0,0.0,6613.0,0.0,0.0,2.718450016850437e+23,-0.0,-107616232.0,-0.0,-0.0,0.0,2.004,2.004,241,-0.0,-2.7184280392842555e+23,0.0,0.0,0.0,0.0,0.0,0.0,0.0,0,0,0,0.0,-0.0,0.0,-0.0,-4067547.75,0.0,1.5893082028232497e+24,0.0,-35723804.0,1.9783134486573613e+19,-1.6818005389491863e+31,-0.0,-0.0,-0.0,0.0,-3843.952,0,1.3516416376850534e+27,241,0.0,482,0.0,-2678505888284672.0,2048,52429,17150,39322,17152,39322,17144,0,0,0,105,99,100,0.0,69.0,0.0,69.9,-107615312.0,69.0,1,47,48,180,0,13107,0,0,0.0,0.0,0.0,60.0,-2.6965439861624036e+28,74.0,0.0,-0.0,0.0,1270,0,1276,0,0,0,1274,0,1286,0,1243,0,694,0,695,0,691,0,691,0.032,1.322413106158089e+34,-2.004,0.0,58640,16828,-1.3651185089695881e+23,-0.0,0.0,-1.044247395177708e+32,-0.0,-164102429212672.0,70.0,60.0,66,0.0,0.0,10.0,2.0,0.0,0.0,0.0,0.0,0.0,0.0,0.0,0.0,0.0,0.0,0.0,0.0,66.0,69,16,65516,49,65476,0,300,0,0,8,20529,65476,0,0,36700,60.0,0.0,10.0,10.0,2.0,0.0
2026-02-05T14:23:25,ERR,ERR,ERR,ERR,ERR,ERR,ERR,ERR,ERR,ERR,ERR,ERR,ERR,ERR,ERR,ERR,ERR,ERR,ERR,ERR,ERR,ERR,ERR,ERR,ERR,ERR,ERR,ERR,ERR,ERR,ERR,ERR,ERR,ERR,ERR,ERR,ERR,ERR,ERR,ERR,ERR,ERR,ERR,ERR,ERR,ERR,ERR,ERR,ERR,ERR,ERR,ERR,ERR,ERR,ERR,ERR,ERR,ERR,ERR,ERR,ERR,ERR,ERR,ERR,ERR,ERR,ERR,ERR,ERR,ERR,ERR,ERR,ERR,ERR,ERR,ERR,ERR,ERR,ERR,ERR,ERR,ERR,ERR,ERR,ERR,ERR,ERR,ERR,ERR,ERR,ERR,ERR,ERR,ERR,ERR,ERR,ERR,ERR,ERR,ERR,ERR,ERR,ERR,ERR,ERR,ERR,ERR,ERR,ERR,ERR,ERR,ERR,ERR,ERR,ERR,ERR,ERR,ERR,ERR,ERR,ERR,ERR,ERR,ERR,ERR,2.718450016850437e+23,-0.0,2.8364315368646023e+23,-107613408.0,-4.209512871143983e+25,-2580.081,4.652059888366839e+24,1.1633017387979825e+21,5800,0,8,17276,5800,-0.0,100,0.0,0.0,-0.0,0.0,1.9056969178834534e+17,0,0,0,0,nan,0,0,0,0,0,0,0,0,0,0,0,0,0,0,0,0,0,0,0,0,0,0,0,0,0,0,0,0,0,0,0,0,0,11,52,51,61,65476,620,65476,1,0,4,21553,0.0,0.0,0.0,0.0,0.0,0.0,0.0,0.0,0.0,0.0,0.0,0.0,0.0,0.0,0.0,0.0,0.0,0.0,0.0,0.0,0.0,2.004,3.697074423243316e+19,-0.0,-0.0,-0.0,0.0,0.0,0.0,0.0,6613.0,0.0,0.0,2.718450016850437e+23,-0.0,-107616232.0,-0.0,-0.0,0.0,2.004,2.004,241,-0.0,-2.7184280392842555e+23,0.0,0.0,0.0,0.0,0.0,0.0,0.0,0,0,0,0.0,-0.0,0.0,-0.0,-4067547.75,0.0,1.5893082028232497e+24,0.0,-35723804.0,1.9783134486573613e+19,-1.6818005389491863e+31,-0.0,-0.0,-0.0,0.0,-3843.952,0,1.3516416376850534e+27,241,0.0,482,0.0,-2678505888284672.0,2048,52429,17150,39322,17152,39322,17144,0,0,0,105,99,100,0.0,69.0,0.0,69.9,-107615312.0,69.0,1,47,48,180,0,13107,0,0,0.0,0.0,0.0,60.0,0.0,74.5,0.0,-1.9669309524429033e+21,0.0,1270,0,1276,0,0,0,1274,0,1286,0,1243,0,694,0,695,0,691,0,691,0.032,1.3305260699995496e+34,-2.004,0.0,6032,16829,0.0,-1.721118714543999e+22,0.0,6.908637277107257e+18,15273340960768.0,-0.0,70.0,60.0,66,0.0,0.0,10.0,2.0,0.0,0.0,0.0,0.0,0.0,0.0,0.0,0.0,0.0,0.0,0.0,0.0,66.0,69,16,65516,49,65476,0,300,0,0,8,20529,65476,0,0,36700,60.0,0.0,10.0,10.0,2.0,0.0
2026-02-05T14:23:26,ERR,ERR,ERR,ERR,ERR,ERR,ERR,ERR,ERR,ERR,ERR,ERR,ERR,ERR,ERR,ERR,ERR,ERR,ERR,ERR,ERR,ERR,ERR,ERR,ERR,ERR,ERR,ERR,ERR,ERR,ERR,ERR,ERR,ERR,ERR,ERR,ERR,ERR,ERR,ERR,ERR,ERR,ERR,ERR,ERR,ERR,ERR,ERR,ERR,ERR,ERR,ERR,ERR,ERR,ERR,ERR,ERR,ERR,ERR,ERR,ERR,ERR,ERR,ERR,ERR,ERR,ERR,ERR,ERR,ERR,ERR,ERR,ERR,ERR,ERR,ERR,ERR,ERR,ERR,ERR,ERR,ERR,ERR,ERR,ERR,ERR,ERR,ERR,ERR,ERR,ERR,ERR,ERR,ERR,ERR,ERR,ERR,ERR,ERR,ERR,ERR,ERR,ERR,ERR,ERR,ERR,ERR,ERR,ERR,ERR,ERR,ERR,ERR,ERR,ERR,ERR,ERR,ERR,ERR,ERR,ERR,ERR,ERR,ERR,ERR,2.718450016850437e+23,-0.0,2.8364315368646023e+23,-107613408.0,-4.209512871143983e+25,-2580.081,4.652059888366839e+24,1.1633017387979825e+21,5800,0,8,17276,5800,-0.0,100,0.0,0.0,-0.0,0.0,1.9056969178834534e+17,0,0,0,0,nan,0,0,0,0,0,0,0,0,0,0,0,0,0,0,0,0,0,0,0,0,0,0,0,0,0,0,0,0,0,0,0,0,0,11,52,51,61,65476,620,65476,1,0,4,21553,0.0,0.0,0.0,0.0,0.0,0.0,0.0,0.0,0.0,0.0,0.0,0.0,0.0,0.0,0.0,0.0,0.0,0.0,0.0,0.0,0.0,2.004,3.697074423243316e+19,-0.0,-0.0,-0.0,0.0,0.0,0.0,0.0,6613.0,0.0,0.0,2.718450016850437e+23,-0.0,-107616232.0,-0.0,-0.0,0.0,2.004,2.004,241,-0.0,-2.7184280392842555e+23,0.0,0.0,0.0,0.0,0.0,0.0,0.0,0,0,0,0.0,-0.0,0.0,-0.0,-4067547.75,0.0,1.5893082028232497e+24,0.0,-35723804.0,1.9783134486573613e+19,-1.6818005389491863e+31,-0.0,-0.0,-0.0,0.0,-3843.952,0,1.3516416376850534e+27,241,0.0,482,0.0,-2678505888284672.0,2048,52429,17150,39322,17152,39322,17144,0,0,0,105,99,100,0.0,69.0,0.0,69.9,-107615312.0,69.0,1,47,48,180,0,13107,0,0,0.0,0.0,0.0,60.0,0.0,74.5,0.0,-1.9669309524429033e+21,0.0,1270,0,1276,0,0,0,1274,0,1286,0,1243,0,694,0,695,0,691,0,691,0.032,1.3305260699995496e+34,-2.004,0.0,6032,16829,0.0,-1.721118714543999e+22,0.0,6.908637277107257e+18,15273340960768.0,-0.0,70.0,60.0,66,0.0,0.0,10.0,2.0,0.0,0.0,0.0,0.0,0.0,0.0,0.0,0.0,0.0,0.0,0.0,0.0,65.6,69,16,65516,49,65476,0,300,0,0,8,20529,65476,0,0,40632,60.0,0.0,10.0,10.0,2.0,0.0
2026-02-05T14:23:27,ERR,ERR,ERR,ERR,ERR,ERR,ERR,ERR,ERR,ERR,ERR,ERR,ERR,ERR,ERR,ERR,ERR,ERR,ERR,ERR,ERR,ERR,ERR,ERR,ERR,ERR,ERR,ERR,ERR,ERR,ERR,ERR,ERR,ERR,ERR,ERR,ERR,ERR,ERR,ERR,ERR,ERR,ERR,ERR,ERR,ERR,ERR,ERR,ERR,ERR,ERR,ERR,ERR,ERR,ERR,ERR,ERR,ERR,ERR,ERR,ERR,ERR,ERR,ERR,ERR,ERR,ERR,ERR,ERR,ERR,ERR,ERR,ERR,ERR,ERR,ERR,ERR,ERR,ERR,ERR,ERR,ERR,ERR,ERR,ERR,ERR,ERR,ERR,ERR,ERR,ERR,ERR,ERR,ERR,ERR,ERR,ERR,ERR,ERR,ERR,ERR,ERR,ERR,ERR,ERR,ERR,ERR,ERR,ERR,ERR,ERR,ERR,ERR,ERR,ERR,ERR,ERR,ERR,ERR,ERR,ERR,ERR,ERR,ERR,ERR,2.718450016850437e+23,-0.0,2.8364315368646023e+23,-107613408.0,-4.209512871143983e+25,18336.652,-3423569969152.0,-3.12968014832618e+28,5800,0,8,17276,5800,14723891331072.0,100,0.0,0.0,-107613408.0,0.0,1.9056969178834534e+17,0,0,0,0,nan,0,0,0,0,0,0,0,0,0,0,0,0,0,0,0,0,0,0,0,0,0,0,0,0,0,0,0,0,0,0,0,0,0,11,52,51,61,65476,620,65476,1,0,4,21553,0.0,0.0,0.0,0.0,0.0,0.0,0.0,0.0,0.0,0.0,0.0,0.0,0.0,0.0,0.0,0.0,0.0,0.0,0.0,0.0,0.0,2.004,3.697074423243316e+19,-0.0,-0.0,2.004,0.0,0.0,0.0,0.0,6676.0,0.0,0.0,2.718450016850437e+23,-0.0,-107616232.0,-0.0,-0.0,0.0,2.004,2.004,243,-0.0,0.0,0.0,0.0,0.0,0.0,0.0,0.0,0.0,0,0,0,0.0,55362.145,0.0,0.0,-1137013000503296.0,-8875718656.0,0.001,-31.034,-0.0,2.583597238575956e+19,-2.00663600525767e+31,-0.0,-0.0,-0.0,0.0,nan,0,1.3516416376850534e+27,243,0.0,486,0.0,-0.0,2048,52429,17150,39322,17152,39322,17144,0,0,0,105,99,100,0.0,69.0,0.0,69.9,-107615312.0,69.0,1,47,48,180,0,13107,0,0,0.0,0.0,0.0,60.0,0.0,74.5,0.0,-1.9669309524429033e+21,0.0,1270,0,1276,0,0,0,1274,0,1286,0,1243,0,694,0,695,0,691,0,691,0.032,1.3305260699995496e+34,-2.004,0.0,6032,16829,0.0,-1.721118714543999e+22,0.0,6.908637277107257e+18,15273340960768.0,-0.0,70.0,60.0,66,0.0,0.0,10.0,2.0,0.0,0.0,0.0,0.0,0.0,0.0,0.0,0.0,0.0,0.0,0.0,0.0,65.6,69,16,65516,49,65476,0,300,0,0,8,20529,65476,0,0,40632,60.0,0.0,10.0,10.0,2.0,0.0
2026-02-05T14:23:28,ERR,ERR,ERR,ERR,ERR,ERR,ERR,ERR,ERR,ERR,ERR,ERR,ERR,ERR,ERR,ERR,ERR,ERR,ERR,ERR,ERR,ERR,ERR,ERR,ERR,ERR,ERR,ERR,ERR,ERR,ERR,ERR,ERR,ERR,ERR,ERR,ERR,ERR,ERR,ERR,ERR,ERR,ERR,ERR,ERR,ERR,ERR,ERR,ERR,ERR,ERR,ERR,ERR,ERR,ERR,ERR,ERR,ERR,ERR,ERR,ERR,ERR,ERR,ERR,ERR,ERR,ERR,ERR,ERR,ERR,ERR,ERR,ERR,ERR,ERR,ERR,ERR,ERR,ERR,ERR,ERR,ERR,ERR,ERR,ERR,ERR,ERR,ERR,ERR,ERR,ERR,ERR,ERR,ERR,ERR,ERR,ERR,ERR,ERR,ERR,ERR,ERR,ERR,ERR,ERR,ERR,ERR,ERR,ERR,ERR,ERR,ERR,ERR,ERR,ERR,ERR,ERR,ERR,ERR,ERR,ERR,ERR,ERR,ERR,ERR,2.718450016850437e+23,-0.0,2.8364315368646023e+23,-107613408.0,-4.209512871143983e+25,18336.652,-3423569969152.0,-3.12968014832618e+28,5800,0,8,17276,5800,14723891331072.0,100,0.0,0.0,-107613408.0,0.0,1.9056969178834534e+17,0,0,0,0,nan,0,0,0,0,0,0,0,0,0,0,0,0,0,0,0,0,0,0,0,0,0,0,0,0,0,0,0,0,0,0,0,0,0,11,52,51,61,65476,620,65476,1,0,4,21553,0.0,0.0,0.0,0.0,0.0,0.0,0.0,0.0,0.0,0.0,0.0,0.0,0.0,0.0,0.0,0.0,0.0,0.0,0.0,0.0,0.0,2.004,3.697074423243316e+19,-0.0,-0.0,2.004,0.0,0.0,0.0,0.0,6676.0,0.0,0.0,2.718450016850437e+23,-0.0,-107616232.0,-0.0,-0.0,0.0,2.004,2.004,243,-0.0,0.0,0.0,0.0,0.0,0.0,0.0,0.0,0.0,0,0,0,0.0,55362.145,0.0,0.0,-1137013000503296.0,-8875718656.0,0.001,-31.034,-0.0,2.583597238575956e+19,-2.00663600525767e+31,-0.0,-0.0,-0.0,0.0,nan,0,1.3516416376850534e+27,243,0.0,486,0.0,-0.0,2048,52429,17150,39322,17152,39322,17144,0,0,0,105,99,100,0.0,69.0,0.0,69.9,-107615312.0,69.0,1,47,48,180,0,13107,0,0,0.0,0.0,0.0,60.0,0.0,74.5,0.0,-1.9669309524429033e+21,0.0,1270,0,1276,0,0,0,1274,0,1286,0,1243,0,694,0,695,0,691,0,691,0.032,1.3305260699995496e+34,-2.004,0.0,6032,16829,0.0,-1.721118714543999e+22,0.0,6.908637277107257e+18,15273340960768.0,-0.0,70.0,60.0,66,0.0,0.0,10.0,2.0,0.0,0.0,0.0,0.0,0.0,0.0,0.0,0.0,0.0,0.0,0.0,0.0,65.6,69,16,65516,49,65476,0,300,0,0,8,20529,65476,0,0,47186,60.0,0.0,10.0,10.0,2.0,0.0
2026-02-05T14:23:29,ERR,ERR,ERR,ERR,ERR,ERR,ERR,ERR,ERR,ERR,ERR,ERR,ERR,ERR,ERR,ERR,ERR,ERR,ERR,ERR,ERR,ERR,ERR,ERR,ERR,ERR,ERR,ERR,ERR,ERR,ERR,ERR,ERR,ERR,ERR,ERR,ERR,ERR,ERR,ERR,ERR,ERR,ERR,ERR,ERR,ERR,ERR,ERR,ERR,ERR,ERR,ERR,ERR,ERR,ERR,ERR,ERR,ERR,ERR,ERR,ERR,ERR,ERR,ERR,ERR,ERR,ERR,ERR,ERR,ERR,ERR,ERR,ERR,ERR,ERR,ERR,ERR,ERR,ERR,ERR,ERR,ERR,ERR,ERR,ERR,ERR,ERR,ERR,ERR,ERR,ERR,ERR,ERR,ERR,ERR,ERR,ERR,ERR,ERR,ERR,ERR,ERR,ERR,ERR,ERR,ERR,ERR,ERR,ERR,ERR,ERR,ERR,ERR,ERR,ERR,ERR,ERR,ERR,ERR,ERR,ERR,ERR,ERR,ERR,ERR,2.718450016850437e+23,-0.0,2.8364315368646023e+23,-107613408.0,-4.209512871143983e+25,18336.652,-3423569969152.0,-3.12968014832618e+28,5800,0,8,17276,5800,14723891331072.0,100,0.0,0.0,-107613408.0,0.0,1.9056969178834534e+17,0,0,0,0,nan,0,0,0,0,0,0,0,0,0,0,0,0,0,0,0,0,0,0,0,0,0,0,0,0,0,0,0,0,0,0,0,0,0,11,52,51,61,65476,620,65476,1,0,4,21553,0.0,0.0,0.0,0.0,0.0,0.0,0.0,0.0,0.0,0.0,0.0,0.0,0.0,0.0,0.0,0.0,0.0,0.0,0.0,0.0,0.0,2.004,3.697074423243316e+19,-0.0,-0.0,2.004,0.0,0.0,0.0,0.0,6676.0,0.0,0.0,2.718450016850437e+23,-0.0,-107616232.0,-0.0,-0.0,0.0,2.004,2.004,243,-0.0,0.0,0.0,0.0,0.0,0.0,0.0,0.0,0.0,0,0,0,0.0,55362.145,0.0,0.0,-1137013000503296.0,-8875718656.0,0.001,-31.034,-0.0,2.583597238575956e+19,-2.00663600525767e+31,-0.0,-0.0,-0.0,0.0,nan,0,1.3516416376850534e+27,243,0.0,486,0.0,-0.0,2048,52429,17150,39322,17152,39322,17144,0,0,0,105,99,100,0.0,69.0,0.0,69.9,-107615312.0,69.0,1,47,48,180,0,13107,0,0,0.0,0.0,0.0,60.0,0.0,74.5,0.0,0.0,0.0,1270,0,1276,0,0,0,1274,0,1286,0,1243,0,694,0,695,0,691,0,691,0.032,1.3305260699995496e+34,-0.0,0.0,10896,16829,0.0,-0.0,-0.002,-0.0,0.0,7927244800.0,70.0,60.0,66,0.0,0.0,10.0,2.0,0.0,0.0,0.0,0.0,0.0,0.0,0.0,0.0,0.0,0.0,0.0,0.0,65.6,69,16,65516,49,65476,0,300,0,0,8,20529,65476,0,0,47186,60.0,0.0,10.0,10.0,2.0,0.0
2026-02-05T14:23:30,ERR,ERR,ERR,ERR,ERR,ERR,ERR,ERR,ERR,ERR,ERR,ERR,ERR,ERR,ERR,ERR,ERR,ERR,ERR,ERR,ERR,ERR,ERR,ERR,ERR,ERR,ERR,ERR,ERR,ERR,ERR,ERR,ERR,ERR,ERR,ERR,ERR,ERR,ERR,ERR,ERR,ERR,ERR,ERR,ERR,ERR,ERR,ERR,ERR,ERR,ERR,ERR,ERR,ERR,ERR,ERR,ERR,ERR,ERR,ERR,ERR,ERR,ERR,ERR,ERR,ERR,ERR,ERR,ERR,ERR,ERR,ERR,ERR,ERR,ERR,ERR,ERR,ERR,ERR,ERR,ERR,ERR,ERR,ERR,ERR,ERR,ERR,ERR,ERR,ERR,ERR,ERR,ERR,ERR,ERR,ERR,ERR,ERR,ERR,ERR,ERR,ERR,ERR,ERR,ERR,ERR,ERR,ERR,ERR,ERR,ERR,ERR,ERR,ERR,ERR,ERR,ERR,ERR,ERR,ERR,ERR,ERR,ERR,ERR,ERR,2.718450016850437e+23,-0.0,2.8364315368646023e+23,-107613408.0,-4.209512871143983e+25,18336.652,-3423569969152.0,-3.12968014832618e+28,5800,0,8,17276,5800,14723891331072.0,100,0.0,0.0,-107613408.0,0.0,1.9056969178834534e+17,0,0,0,0,nan,0,0,0,0,0,0,0,0,0,0,0,0,0,0,0,0,0,0,0,0,0,0,0,0,0,0,0,0,0,0,0,0,0,11,52,51,61,65476,620,65476,1,0,4,21553,0.0,0.0,0.0,0.0,0.0,0.0,0.0,0.0,0.0,0.0,0.0,0.0,0.0,0.0,0.0,0.0,0.0,0.0,0.0,0.0,0.0,2.004,3.697074423243316e+19,-0.0,-0.0,2.004,0.0,0.0,0.0,0.0,6676.0,0.0,0.0,2.718450016850437e+23,-0.0,-107616232.0,-0.0,-0.0,0.0,2.004,2.004,243,-0.0,0.0,0.0,0.0,0.0,0.0,0.0,0.0,0.0,0,0,0,0.0,55362.145,0.0,0.0,-1137013000503296.0,-8875718656.0,0.001,-31.034,-0.0,2.583597238575956e+19,-2.00663600525767e+31,-0.0,-0.0,-0.0,0.0,nan,0,1.3516416376850534e+27,243,0.0,486,0.0,-0.0,2048,52429,17150,39322,17152,39322,17144,0,0,0,105,99,100,0.0,69.0,0.0,69.9,-107615312.0,69.0,1,47,48,180,0,13107,0,0,0.0,0.0,0.0,60.0,0.0,74.5,0.0,0.0,0.0,1270,0,1276,0,0,0,1274,0,1286,0,1243,0,694,0,695,0,691,0,691,0.032,1.3305260699995496e+34,-0.0,0.0,10896,16829,0.0,-0.0,-0.002,-0.0,0.0,7927244800.0,70.0,60.0,66,0.0,0.0,1.0,0.0,0.0,0.0,0.0,0.0,0.0,0.0,0.0,0.0,0.0,0.0,0.0,0.0,65.6,69,16,65516,49,65476,0,300,0,0,8,20529,65476,0,0,40632,50.0,0.0,1.0,1.0,0.0,0.0
2026-02-05T14:23:31,ERR,ERR,ERR,ERR,ERR,ERR,ERR,ERR,ERR,ERR,ERR,ERR,ERR,ERR,ERR,ERR,ERR,ERR,ERR,ERR,ERR,ERR,ERR,ERR,ERR,ERR,ERR,ERR,ERR,ERR,ERR,ERR,ERR,ERR,ERR,ERR,ERR,ERR,ERR,ERR,ERR,ERR,ERR,ERR,ERR,ERR,ERR,ERR,ERR,ERR,ERR,ERR,ERR,ERR,ERR,ERR,ERR,ERR,ERR,ERR,ERR,ERR,ERR,ERR,ERR,ERR,ERR,ERR,ERR,ERR,ERR,ERR,ERR,ERR,ERR,ERR,ERR,ERR,ERR,ERR,ERR,ERR,ERR,ERR,ERR,ERR,ERR,ERR,ERR,ERR,ERR,ERR,ERR,ERR,ERR,ERR,ERR,ERR,ERR,ERR,ERR,ERR,ERR,ERR,ERR,ERR,ERR,ERR,ERR,ERR,ERR,ERR,ERR,ERR,ERR,ERR,ERR,ERR,ERR,ERR,ERR,ERR,ERR,ERR,ERR,2.718450016850437e+23,-0.0,2.8364315368646023e+23,-107613408.0,-4.209512871143983e+25,18336.652,-3423569969152.0,-3.12968014832618e+28,5800,0,8,17276,5800,14723891331072.0,100,0.0,0.0,-107613408.0,0.0,1.9056969178834534e+17,0,0,0,0,nan,0,0,0,0,0,0,0,0,0,0,0,0,0,0,0,0,0,0,0,0,0,0,0,0,0,0,0,0,0,0,0,0,0,11,52,51,61,65476,620,65476,1,0,4,21553,0.0,0.0,0.0,0.0,0.0,0.0,0.0,0.0,0.0,0.0,0.0,0.0,0.0,0.0,0.0,0.0,0.0,0.0,0.0,0.0,0.0,2.004,3.697074423243316e+19,-0.0,-0.0,2.004,0.0,0.0,0.0,0.0,6676.0,0.0,0.0,2.718450016850437e+23,-0.0,-107616232.0,-0.0,-0.0,0.0,2.004,2.004,243,-0.0,0.0,0.0,0.0,0.0,0.0,0.0,0.0,0.0,0,0,0,0.0,55362.145,0.0,0.0,-1137013000503296.0,-8875718656.0,0.001,-31.034,-0.0,2.583597238575956e+19,-2.00663600525767e+31,-0.0,-0.0,-0.0,0.0,nan,0,1.3516416376850534e+27,243,0.0,486,0.0,-0.0,2048,52429,17150,39322,17152,39322,17144,0,0,0,105,99,100,0.0,69.0,0.0,69.9,-107615312.0,69.0,1,47,48,180,0,13107,0,0,0.0,0.0,0.0,60.0,0.0,74.5,0.0,0.0,0.0,1270,0,1276,0,0,0,1274,0,1286,0,1243,0,694,0,695,0,691,0,691,0.032,1.3305260699995496e+34,-0.0,0.0,10896,16829,0.0,-0.0,-0.002,-0.0,0.0,7927244800.0,70.0,60.0,66,0.0,0.0,1.0,0.0,0.0,0.0,0.0,0.0,0.0,0.0,0.0,0.0,0.0,0.0,0.0,0.0,65.6,69,16,65516,49,65476,0,300,0,0,8,20529,65476,0,0,40632,50.0,0.0,1.0,1.0,0.0,0.0
2026-02-05T14:23:32,ERR,ERR,ERR,ERR,ERR,ERR,ERR,ERR,ERR,ERR,ERR,ERR,ERR,ERR,ERR,ERR,ERR,ERR,ERR,ERR,ERR,ERR,ERR,ERR,ERR,ERR,ERR,ERR,ERR,ERR,ERR,ERR,ERR,ERR,ERR,ERR,ERR,ERR,ERR,ERR,ERR,ERR,ERR,ERR,ERR,ERR,ERR,ERR,ERR,ERR,ERR,ERR,ERR,ERR,ERR,ERR,ERR,ERR,ERR,ERR,ERR,ERR,ERR,ERR,ERR,ERR,ERR,ERR,ERR,ERR,ERR,ERR,ERR,ERR,ERR,ERR,ERR,ERR,ERR,ERR,ERR,ERR,ERR,ERR,ERR,ERR,ERR,ERR,ERR,ERR,ERR,ERR,ERR,ERR,ERR,ERR,ERR,ERR,ERR,ERR,ERR,ERR,ERR,ERR,ERR,ERR,ERR,ERR,ERR,ERR,ERR,ERR,ERR,ERR,ERR,ERR,ERR,ERR,ERR,ERR,ERR,ERR,ERR,ERR,ERR,2.718450016850437e+23,-0.0,2.8364315368646023e+23,-107613408.0,-4.209512871143983e+25,18336.652,-3423569969152.0,-3.12968014832618e+28,5800,0,8,17276,5800,14723891331072.0,100,0.0,0.0,-107613408.0,0.0,1.9056969178834534e+17,0,0,0,0,nan,0,0,0,0,0,0,0,0,0,0,0,0,0,0,0,0,0,0,0,0,0,0,0,0,0,0,0,0,0,0,0,0,0,11,52,51,61,65476,620,65476,1,0,4,21553,0.0,0.0,0.0,0.0,0.0,0.0,0.0,0.0,0.0,0.0,0.0,0.0,0.0,0.0,0.0,0.0,0.0,0.0,0.0,0.0,0.0,2.004,3.697074423243316e+19,-0.0,-0.0,2.004,0.0,0.0,0.0,0.0,6676.0,0.0,0.0,2.718450016850437e+23,-0.0,-107616232.0,-0.0,-0.0,0.0,2.004,2.004,243,-0.0,0.0,0.0,0.0,0.0,0.0,0.0,0.0,0.0,0,0,0,0.0,55362.145,0.0,0.0,-1137013000503296.0,-8875718656.0,0.001,-31.034,-0.0,2.583597238575956e+19,-2.00663600525767e+31,-0.0,-0.0,-0.0,0.0,nan,0,1.3516416376850534e+27,243,0.0,486,0.0,-0.0,2048,52429,17150,39322,17152,39322,17144,0,0,0,105,99,100,0.0,69.0,0.0,69.9,-107615312.0,69.0,1,47,48,180,0,13107,0,0,0.0,0.0,0.0,60.0,0.0,74.5,0.0,0.0,0.0,1270,0,1276,0,0,0,1274,0,1286,0,1243,0,694,0,695,0,691,0,691,0.032,1.3305260699995496e+34,-0.0,0.0,10896,16829,0.0,-0.0,-0.002,-0.0,0.0,7927244800.0,70.0,60.0,66,0.0,0.0,10.0,2.0,0.0,0.0,0.0,0.0,0.0,0.0,0.0,0.0,0.0,0.0,0.0,0.0,65.6,69,16,65516,49,65476,0,300,0,0,8,20529,65476,0,0,41943,60.0,0.0,10.0,10.0,2.0,0.0
2026-02-05T14:23:33,ERR,ERR,ERR,ERR,ERR,ERR,ERR,ERR,ERR,ERR,ERR,ERR,ERR,ERR,ERR,ERR,ERR,ERR,ERR,ERR,ERR,ERR,ERR,ERR,ERR,ERR,ERR,ERR,ERR,ERR,ERR,ERR,ERR,ERR,ERR,ERR,ERR,ERR,ERR,ERR,ERR,ERR,ERR,ERR,ERR,ERR,ERR,ERR,ERR,ERR,ERR,ERR,ERR,ERR,ERR,ERR,ERR,ERR,ERR,ERR,ERR,ERR,ERR,ERR,ERR,ERR,ERR,ERR,ERR,ERR,ERR,ERR,ERR,ERR,ERR,ERR,ERR,ERR,ERR,ERR,ERR,ERR,ERR,ERR,ERR,ERR,ERR,ERR,ERR,ERR,ERR,ERR,ERR,ERR,ERR,ERR,ERR,ERR,ERR,ERR,ERR,ERR,ERR,ERR,ERR,ERR,ERR,ERR,ERR,ERR,ERR,ERR,ERR,ERR,ERR,ERR,ERR,ERR,ERR,ERR,ERR,ERR,ERR,ERR,ERR,2.718450016850437e+23,-0.0,2.8364315368646023e+23,-0.0,0.0,0.002,-4662165.5,-1.9210651415917975e+25,5800,0,8,17276,5800,14723891331072.0,100,0.0,0.0,-0.0,0.0,1.9056969178834534e+17,0,0,0,0,nan,0,0,0,0,0,0,0,0,0,0,0,0,0,0,0,0,0,0,0,0,0,0,0,0,0,0,0,0,0,0,0,0,0,10,52,51,61,65476,620,65476,1,0,4,21553,0.0,0.0,0.0,0.0,0.0,0.0,0.0,0.0,0.0,0.0,0.0,0.0,0.0,0.0,0.0,0.0,0.0,0.0,0.0,0.0,0.0,2.004,3.697074423243316e+19,-0.0,-0.0,0.0,0.0,0.0,0.0,0.0,6586.0,0.0,0.0,0.0,-0.0,-107616232.0,107616440.0,-0.0,0.0,2.004,2.004,243,-0.0,89221.023,0.0,0.0,0.0,0.0,0.0,0.0,0.0,0,0,0,0.0,2.5884469765020522e+36,0.0,0.0,-128237917175808.0,-0.0,8.17328832655376e+27,0.141,-692672987136.0,3.145646472071794e+19,-2.603010717761435e+31,-0.0,-0.0,-0.0,0.0,-5.568524628722526e+25,0,1.3516416376850534e+27,243,0.0,486,0.0,-0.0,2048,52429,17150,39322,17152,39322,17144,0,0,0,105,99,100,0.0,69.0,0.0,69.9,-107615312.0,69.0,1,47,48,180,0,13107,0,0,0.0,0.0,0.0,60.0,0.0,74.5,0.0,3113939107840.0,0.0,1270,0,1276,0,0,0,1274,0,1286,0,1243,0,694,0,695,0,691,0,691,0.032,1.3305260699995496e+34,-2.004,0.0,41360,16828,-2.1711598504430233e+35,12298042368.0,-1.7134639212743142e+37,0.0,7.575284371167379e+18,-0.0,70.0,60.0,66,0.0,0.0,10.0,2.0,0.0,0.0,0.0,0.0,0.0,0.0,0.0,0.0,0.0,0.0,0.0,0.0,65.6,69,16,65516,49,65476,0,300,0,0,8,20529,65476,0,0,41943,60.0,0.0,10.0,10.0,2.0,0.0
2026-02-05T14:23:34,ERR,ERR,ERR,ERR,ERR,ERR,ERR,ERR,ERR,ERR,ERR,ERR,ERR,ERR,ERR,ERR,ERR,ERR,ERR,ERR,ERR,ERR,ERR,ERR,ERR,ERR,ERR,ERR,ERR,ERR,ERR,ERR,ERR,ERR,ERR,ERR,ERR,ERR,ERR,ERR,ERR,ERR,ERR,ERR,ERR,ERR,ERR,ERR,ERR,ERR,ERR,ERR,ERR,ERR,ERR,ERR,ERR,ERR,ERR,ERR,ERR,ERR,ERR,ERR,ERR,ERR,ERR,ERR,ERR,ERR,ERR,ERR,ERR,ERR,ERR,ERR,ERR,ERR,ERR,ERR,ERR,ERR,ERR,ERR,ERR,ERR,ERR,ERR,ERR,ERR,ERR,ERR,ERR,ERR,ERR,ERR,ERR,ERR,ERR,ERR,ERR,ERR,ERR,ERR,ERR,ERR,ERR,ERR,ERR,ERR,ERR,ERR,ERR,ERR,ERR,ERR,ERR,ERR,ERR,ERR,ERR,ERR,ERR,ERR,ERR,2.718450016850437e+23,-0.0,2.8364315368646023e+23,-0.0,0.0,0.002,-4662165.5,-1.9210651415917975e+25,5800,0,8,17276,5800,14723891331072.0,100,0.0,0.0,-0.0,0.0,1.9056969178834534e+17,0,0,0,0,nan,0,0,0,0,0,0,0,0,0,0,0,0,0,0,0,0,0,0,0,0,0,0,0,0,0,0,0,0,0,0,0,0,0,10,52,51,61,65476,620,65476,1,0,4,21553,0.0,0.0,0.0,0.0,0.0,0.0,0.0,0.0,0.0,0.0,0.0,0.0,0.0,0.0,0.0,0.0,0.0,0.0,0.0,0.0,0.0,2.004,3.697074423243316e+19,-0.0,-0.0,0.0,0.0,0.0,0.0,0.0,6586.0,0.0,0.0,0.0,-0.0,-107616232.0,107616440.0,-0.0,0.0,2.004,2.004,243,-0.0,89221.023,0.0,0.0,0.0,0.0,0.0,0.0,0.0,0,0,0,0.0,2.5884469765020522e+36,0.0,0.0,-128237917175808.0,-0.0,8.17328832655376e+27,0.141,-692672987136.0,3.145646472071794e+19,-2.603010717761435e+31,-0.0,-0.0,-0.0,0.0,-5.568524628722526e+25,0,1.3516416376850534e+27,243,0.0,486,0.0,-0.0,2048,52429,17150,39322,17152,39322,17144,0,0,0,105,99,100,0.0,69.0,0.0,69.9,-107615312.0,69.0,1,47,48,180,0,13107,0,0,0.0,0.0,0.0,60.0,0.0,74.5,0.0,3113939107840.0,0.0,1270,0,1276,0,0,0,1274,0,1286,0,1243,0,694,0,695,0,691,0,691,0.032,1.3305260699995496e+34,-2.004,0.0,41360,16828,-2.1711598504430233e+35,12298042368.0,-1.7134639212743142e+37,0.0,7.575284371167379e+18,-0.0,70.0,60.0,66,0.0,0.0,10.0,2.0,0.0,0.0,0.0,0.0,0.0,0.0,0.0,0.0,0.0,0.0,0.0,0.0,65.6,69,16,65516,49,65476,0,300,0,0,8,20529,65476,0,0,47186,60.0,0.0,10.0,10.0,2.0,0.0
2026-02-05T14:23:35,ERR,ERR,ERR,ERR,ERR,ERR,ERR,ERR,ERR,ERR,ERR,ERR,ERR,ERR,ERR,ERR,ERR,ERR,ERR,ERR,ERR,ERR,ERR,ERR,ERR,ERR,ERR,ERR,ERR,ERR,ERR,ERR,ERR,ERR,ERR,ERR,ERR,ERR,ERR,ERR,ERR,ERR,ERR,ERR,ERR,ERR,ERR,ERR,ERR,ERR,ERR,ERR,ERR,ERR,ERR,ERR,ERR,ERR,ERR,ERR,ERR,ERR,ERR,ERR,ERR,ERR,ERR,ERR,ERR,ERR,ERR,ERR,ERR,ERR,ERR,ERR,ERR,ERR,ERR,ERR,ERR,ERR,ERR,ERR,ERR,ERR,ERR,ERR,ERR,ERR,ERR,ERR,ERR,ERR,ERR,ERR,ERR,ERR,ERR,ERR,ERR,ERR,ERR,ERR,ERR,ERR,ERR,ERR,ERR,ERR,ERR,ERR,ERR,ERR,ERR,ERR,ERR,ERR,ERR,ERR,ERR,ERR,ERR,ERR,ERR,2.718450016850437e+23,-0.0,2.8364315368646023e+23,-0.0,0.0,0.002,-4662165.5,-1.9210651415917975e+25,5800,0,8,17276,5800,14723891331072.0,100,0.0,0.0,-0.0,0.0,1.9056969178834534e+17,0,0,0,0,nan,0,0,0,0,0,0,0,0,0,0,0,0,0,0,0,0,0,0,0,0,0,0,0,0,0,0,0,0,0,0,0,0,0,10,52,51,61,65476,620,65476,1,0,4,21553,0.0,0.0,0.0,0.0,0.0,0.0,0.0,0.0,0.0,0.0,0.0,0.0,0.0,0.0,0.0,0.0,0.0,0.0,0.0,0.0,0.0,2.004,3.697074423243316e+19,-0.0,-0.0,0.0,0.0,0.0,0.0,0.0,6586.0,0.0,0.0,0.0,-0.0,-107616232.0,107616440.0,-0.0,0.0,2.004,2.004,243,-0.0,89221.023,0.0,0.0,0.0,0.0,0.0,0.0,0.0,0,0,0,0.0,2.5884469765020522e+36,0.0,0.0,-128237917175808.0,-0.0,8.17328832655376e+27,0.141,-692672987136.0,3.145646472071794e+19,-2.603010717761435e+31,-0.0,-0.0,-0.0,0.0,-5.568524628722526e+25,0,1.3516416376850534e+27,243,0.0,486,0.0,-0.0,2048,52429,17150,39322,17152,39322,17144,0,0,0,105,99,100,0.0,69.0,0.0,69.9,-107615312.0,69.0,1,47,48,180,0,13107,0,0,0.0,0.0,0.0,60.0,0.0,74.5,0.0,3113939107840.0,0.0,1270,0,1276,0,0,0,1274,0,1286,0,1243,0,694,0,695,0,691,0,691,0.032,1.3305260699995496e+34,-2.004,0.0,41360,16828,-2.1711598504430233e+35,12298042368.0,-1.7134639212743142e+37,0.0,7.575284371167379e+18,-0.0,70.0,60.0,66,0.0,0.0,10.0,2.0,0.0,0.0,0.0,0.0,0.0,0.0,0.0,0.0,0.0,0.0,0.0,0.0,65.6,69,16,65516,49,65476,0,300,0,0,8,20529,65476,0,0,47186,60.0,0.0,10.0,10.0,2.0,0.0
2026-02-05T14:23:36,ERR,ERR,ERR,ERR,ERR,ERR,ERR,ERR,ERR,ERR,ERR,ERR,ERR,ERR,ERR,ERR,ERR,ERR,ERR,ERR,ERR,ERR,ERR,ERR,ERR,ERR,ERR,ERR,ERR,ERR,ERR,ERR,ERR,ERR,ERR,ERR,ERR,ERR,ERR,ERR,ERR,ERR,ERR,ERR,ERR,ERR,ERR,ERR,ERR,ERR,ERR,ERR,ERR,ERR,ERR,ERR,ERR,ERR,ERR,ERR,ERR,ERR,ERR,ERR,ERR,ERR,ERR,ERR,ERR,ERR,ERR,ERR,ERR,ERR,ERR,ERR,ERR,ERR,ERR,ERR,ERR,ERR,ERR,ERR,ERR,ERR,ERR,ERR,ERR,ERR,ERR,ERR,ERR,ERR,ERR,ERR,ERR,ERR,ERR,ERR,ERR,ERR,ERR,ERR,ERR,ERR,ERR,ERR,ERR,ERR,ERR,ERR,ERR,ERR,ERR,ERR,ERR,ERR,ERR,ERR,ERR,ERR,ERR,ERR,ERR,2.718450016850437e+23,-0.0,2.8364315368646023e+23,-0.0,0.0,0.002,-4662165.5,-1.9210651415917975e+25,5800,0,8,17276,5800,14723891331072.0,100,0.0,0.0,-0.0,0.0,1.9056969178834534e+17,0,0,0,0,nan,0,0,0,0,0,0,0,0,0,0,0,0,0,0,0,0,0,0,0,0,0,0,0,0,0,0,0,0,0,0,0,0,0,10,52,51,61,65476,620,65476,1,0,4,21553,0.0,0.0,0.0,0.0,0.0,0.0,0.0,0.0,0.0,0.0,0.0,0.0,0.0,0.0,0.0,0.0,0.0,0.0,0.0,0.0,0.0,2.004,3.697074423243316e+19,-0.0,-0.0,0.0,0.0,0.0,0.0,0.0,6586.0,0.0,0.0,0.0,-0.0,-107616232.0,107616440.0,-0.0,0.0,2.004,2.004,243,-0.0,89221.023,0.0,0.0,0.0,0.0,0.0,0.0,0.0,0,0,0,0.0,2.5884469765020522e+36,0.0,0.0,-128237917175808.0,-0.0,8.17328832655376e+27,0.141,-692672987136.0,3.145646472071794e+19,-2.603010717761435e+31,-0.0,-0.0,-0.0,0.0,-5.568524628722526e+25,0,1.3516416376850534e+27,243,0.0,486,0.0,-0.0,2048,52429,17150,39322,17152,39322,17144,0,0,0,105,99,100,0.0,69.0,0.0,69.9,-107615312.0,69.0,1,47,48,180,0,13107,0,0,0.0,0.0,0.0,60.0,0.0,74.5,0.0,3113939107840.0,0.0,1270,0,1276,0,0,0,1274,0,1286,0,1243,0,694,0,695,0,691,0,691,0.032,1.3305260699995496e+34,-2.004,0.0,41360,16828,-2.1711598504430233e+35,12298042368.0,-1.7134639212743142e+37,0.0,7.575284371167379e+18,-0.0,70.0,60.0,66,0.0,0.0,10.0,2.0,0.0,0.0,0.0,0.0,0.0,0.0,0.0,0.0,0.0,0.0,0.0,0.0,65.6,69,16,65516,49,65476,0,300,0,0,8,20529,65476,0,0,44564,60.0,0.0,10.0,10.0,2.0,0.0
2026-02-05T14:23:37,ERR,ERR,ERR,ERR,ERR,ERR,ERR,ERR,ERR,ERR,ERR,ERR,ERR,ERR,ERR,ERR,ERR,ERR,ERR,ERR,ERR,ERR,ERR,ERR,ERR,ERR,ERR,ERR,ERR,ERR,ERR,ERR,ERR,ERR,ERR,ERR,ERR,ERR,ERR,ERR,ERR,ERR,ERR,ERR,ERR,ERR,ERR,ERR,ERR,ERR,ERR,ERR,ERR,ERR,ERR,ERR,ERR,ERR,ERR,ERR,ERR,ERR,ERR,ERR,ERR,ERR,ERR,ERR,ERR,ERR,ERR,ERR,ERR,ERR,ERR,ERR,ERR,ERR,ERR,ERR,ERR,ERR,ERR,ERR,ERR,ERR,ERR,ERR,ERR,ERR,ERR,ERR,ERR,ERR,ERR,ERR,ERR,ERR,ERR,ERR,ERR,ERR,ERR,ERR,ERR,ERR,ERR,ERR,ERR,ERR,ERR,ERR,ERR,ERR,ERR,ERR,ERR,ERR,ERR,ERR,ERR,ERR,ERR,ERR,ERR,2.718450016850437e+23,-0.0,2.8364315368646023e+23,-0.0,0.0,0.002,-4662165.5,-1.9210651415917975e+25,5800,0,8,17276,5800,14723891331072.0,100,0.0,0.0,-0.0,0.0,1.9056969178834534e+17,0,0,0,0,nan,0,0,0,0,0,0,0,0,0,0,0,0,0,0,0,0,0,0,0,0,0,0,0,0,0,0,0,0,0,0,0,0,0,10,52,51,61,65476,620,65476,1,0,4,21553,0.0,0.0,0.0,0.0,0.0,0.0,0.0,0.0,0.0,0.0,0.0,0.0,0.0,0.0,0.0,0.0,0.0,0.0,0.0,0.0,0.0,2.004,3.697074423243316e+19,-0.0,-0.0,0.0,0.0,0.0,0.0,0.0,6586.0,0.0,0.0,0.0,-0.0,-107616232.0,107616440.0,-0.0,0.0,2.004,2.004,243,-0.0,89221.023,0.0,0.0,0.0,0.0,0.0,0.0,0.0,0,0,0,0.0,2.5884469765020522e+36,0.0,0.0,-128237917175808.0,-0.0,8.17328832655376e+27,0.141,-692672987136.0,3.145646472071794e+19,-2.603010717761435e+31,-0.0,-0.0,-0.0,0.0,-5.568524628722526e+25,0,1.3516416376850534e+27,243,0.0,486,0.0,-0.0,2048,52429,17150,39322,17152,39322,17144,0,0,0,105,99,100,0.0,69.1,0.0,69.9,-107615312.0,69.0,1,47,48,180,0,13107,0,0,0.0,0.0,0.0,60.0,-2.817751002173762e+30,74.0,0.0,651187136.0,0.0,1270,0,1276,0,0,0,1274,0,1286,0,1243,0,694,0,695,0,691,0,690,0.032,1.3305260699995496e+34,-0.0,0.0,52624,16828,-2.050468047401617e+38,69393309696.0,0.0,-3.7417017812277425e+26,9.17662533104085e+28,-0.0,70.0,60.0,66,0.0,0.0,10.0,2.0,0.0,0.0,0.0,0.0,0.0,0.0,0.0,0.0,0.0,0.0,0.0,0.0,65.6,69,16,65516,49,65476,0,300,0,0,8,20529,65476,0,0,44564,60.0,0.0,10.0,10.0,2.0,0.0
2026-02-05T14:23:38,ERR,ERR,ERR,ERR,ERR,ERR,ERR,ERR,ERR,ERR,ERR,ERR,ERR,ERR,ERR,ERR,ERR,ERR,ERR,ERR,ERR,ERR,ERR,ERR,ERR,ERR,ERR,ERR,ERR,ERR,ERR,ERR,ERR,ERR,ERR,ERR,ERR,ERR,ERR,ERR,ERR,ERR,ERR,ERR,ERR,ERR,ERR,ERR,ERR,ERR,ERR,ERR,ERR,ERR,ERR,ERR,ERR,ERR,ERR,ERR,ERR,ERR,ERR,ERR,ERR,ERR,ERR,ERR,ERR,ERR,ERR,ERR,ERR,ERR,ERR,ERR,ERR,ERR,ERR,ERR,ERR,ERR,ERR,ERR,ERR,ERR,ERR,ERR,ERR,ERR,ERR,ERR,ERR,ERR,ERR,ERR,ERR,ERR,ERR,ERR,ERR,ERR,ERR,ERR,ERR,ERR,ERR,ERR,ERR,ERR,ERR,ERR,ERR,ERR,ERR,ERR,ERR,ERR,ERR,ERR,ERR,ERR,ERR,ERR,ERR,0.0,-0.0,0.0,0.0,-0.0,-9.14280864912446e+25,-0.0,-0.009,5800,0,8,17276,5800,14723891331072.0,100,0.0,0.0,-107613408.0,0.0,1.9056969178834534e+17,0,0,0,0,nan,0,0,0,0,0,0,0,0,0,0,0,0,0,0,0,0,0,0,0,0,0,0,0,0,0,0,0,0,0,0,0,0,0,11,52,51,61,65476,621,65476,1,0,4,21553,0.0,2.71838894803949e+23,0.0,0.0,0.0,0.0,0.0,0.0,0.0,0.0,0.0,0.0,0.0,0.0,0.0,0.0,0.0,0.0,0.0,0.0,0.0,2.004,3.697074423243316e+19,-0.0,-0.0,-0.0,0.0,0.0,0.0,0.0,6556.0,0.0,0.0,2.718450016850437e+23,-0.0,-107616232.0,-2.7184545204500644e+23,-0.0,0.0,2.004,2.004,245,-0.0,-0.0,0.0,0.0,0.0,0.0,0.0,0.0,0.0,0,0,0,-6.257666818403787e+33,0.0,0.0,0.0,-10.454,-0.0,0.0,1.457079058999138e+24,1.8280931161171412e+28,3.812511709238867e+19,-3.2526816503784025e+31,-0.0,-0.0,-0.0,0.0,0.0,0,1.3516416376850534e+27,245,0.0,490,-30771013632.0,-0.0,2048,52429,17150,39322,17152,39322,17144,0,0,0,105,99,100,0.0,69.1,0.0,69.9,-107615312.0,69.0,1,47,48,180,0,13107,0,0,0.0,0.0,0.0,60.0,-2.817751002173762e+30,74.0,0.0,651187136.0,0.0,1270,0,1276,0,0,0,1274,0,1286,0,1243,0,694,0,695,0,691,0,690,0.032,1.3305260699995496e+34,-0.0,0.0,52624,16828,-2.050468047401617e+38,69393309696.0,0.0,-3.7417017812277425e+26,9.17662533104085e+28,-0.0,70.0,60.0,66,0.0,0.0,10.0,2.0,0.0,0.0,0.0,0.0,0.0,0.0,0.0,0.0,0.0,0.0,0.0,0.0,65.6,69,16,65516,49,65476,0,300,0,0,8,20529,65476,0,0,44564,60.0,0.0,10.0,10.0,2.0,0.0
2026-02-05T14:23:39,ERR,ERR,ERR,ERR,ERR,ERR,ERR,ERR,ERR,ERR,ERR,ERR,ERR,ERR,ERR,ERR,ERR,ERR,ERR,ERR,ERR,ERR,ERR,ERR,ERR,ERR,ERR,ERR,ERR,ERR,ERR,ERR,ERR,ERR,ERR,ERR,ERR,ERR,ERR,ERR,ERR,ERR,ERR,ERR,ERR,ERR,ERR,ERR,ERR,ERR,ERR,ERR,ERR,ERR,ERR,ERR,ERR,ERR,ERR,ERR,ERR,ERR,ERR,ERR,ERR,ERR,ERR,ERR,ERR,ERR,ERR,ERR,ERR,ERR,ERR,ERR,ERR,ERR,ERR,ERR,ERR,ERR,ERR,ERR,ERR,ERR,ERR,ERR,ERR,ERR,ERR,ERR,ERR,ERR,ERR,ERR,ERR,ERR,ERR,ERR,ERR,ERR,ERR,ERR,ERR,ERR,ERR,ERR,ERR,ERR,ERR,ERR,ERR,ERR,ERR,ERR,ERR,ERR,ERR,ERR,ERR,ERR,ERR,ERR,ERR,0.0,-0.0,0.0,0.0,-0.0,-9.14280864912446e+25,-0.0,-0.009,5800,0,8,17276,5800,14723891331072.0,100,0.0,0.0,-107613408.0,0.0,1.9056969178834534e+17,0,0,0,0,nan,0,0,0,0,0,0,0,0,0,0,0,0,0,0,0,0,0,0,0,0,0,0,0,0,0,0,0,0,0,0,0,0,0,11,52,51,61,65476,621,65476,1,0,4,21553,0.0,2.71838894803949e+23,0.0,0.0,0.0,0.0,0.0,0.0,0.0,0.0,0.0,0.0,0.0,0.0,0.0,0.0,0.0,0.0,0.0,0.0,0.0,2.004,3.697074423243316e+19,-0.0,-0.0,-0.0,0.0,0.0,0.0,0.0,6556.0,0.0,0.0,2.718450016850437e+23,-0.0,-107616232.0,-2.7184545204500644e+23,-0.0,0.0,2.004,2.004,245,-0.0,-0.0,0.0,0.0,0.0,0.0,0.0,0.0,0.0,0,0,0,-6.257666818403787e+33,0.0,0.0,0.0,-10.454,-0.0,0.0,1.457079058999138e+24,1.8280931161171412e+28,3.812511709238867e+19,-3.2526816503784025e+31,-0.0,-0.0,-0.0,0.0,0.0,0,1.3516416376850534e+27,245,0.0,490,-30771013632.0,-0.0,2048,52429,17150,39322,17152,39322,17144,0,0,0,105,99,100,0.0,69.1,0.0,69.9,-107615312.0,69.0,1,47,48,180,0,13107,0,0,0.0,0.0,0.0,60.0,-2.817751002173762e+30,74.0,0.0,651187136.0,0.0,1270,0,1276,0,0,0,1274,0,1286,0,1243,0,694,0,695,0,691,0,690,0.032,1.3305260699995496e+34,-0.0,0.0,52624,16828,-2.050468047401617e+38,69393309696.0,0.0,-3.7417017812277425e+26,9.17662533104085e+28,-0.0,70.0,60.0,66,0.0,0.0,10.0,2.0,0.0,0.0,0.0,0.0,0.0,0.0,0.0,0.0,0.0,0.0,0.0,0.0,66.0,69,16,65516,49,65476,0,300,0,0,8,20529,65476,0,0,44564,60.0,0.0,10.0,10.0,2.0,0.0
2026-02-05T14:23:40,ERR,ERR,ERR,ERR,ERR,ERR,ERR,ERR,ERR,ERR,ERR,ERR,ERR,ERR,ERR,ERR,ERR,ERR,ERR,ERR,ERR,ERR,ERR,ERR,ERR,ERR,ERR,ERR,ERR,ERR,ERR,ERR,ERR,ERR,ERR,ERR,ERR,ERR,ERR,ERR,ERR,ERR,ERR,ERR,ERR,ERR,ERR,ERR,ERR,ERR,ERR,ERR,ERR,ERR,ERR,ERR,ERR,ERR,ERR,ERR,ERR,ERR,ERR,ERR,ERR,ERR,ERR,ERR,ERR,ERR,ERR,ERR,ERR,ERR,ERR,ERR,ERR,ERR,ERR,ERR,ERR,ERR,ERR,ERR,ERR,ERR,ERR,ERR,ERR,ERR,ERR,ERR,ERR,ERR,ERR,ERR,ERR,ERR,ERR,ERR,ERR,ERR,ERR,ERR,ERR,ERR,ERR,ERR,ERR,ERR,ERR,ERR,ERR,ERR,ERR,ERR,ERR,ERR,ERR,ERR,ERR,ERR,ERR,ERR,ERR,0.0,-0.0,0.0,0.0,-0.0,-9.14280864912446e+25,-0.0,-0.009,5800,0,8,17276,5800,14723891331072.0,100,0.0,0.0,-107613408.0,0.0,1.9056969178834534e+17,0,0,0,0,nan,0,0,0,0,0,0,0,0,0,0,0,0,0,0,0,0,0,0,0,0,0,0,0,0,0,0,0,0,0,0,0,0,0,11,52,51,61,65476,621,65476,1,0,4,21553,0.0,2.71838894803949e+23,0.0,0.0,0.0,0.0,0.0,0.0,0.0,0.0,0.0,0.0,0.0,0.0,0.0,0.0,0.0,0.0,0.0,0.0,0.0,2.004,3.697074423243316e+19,-0.0,-0.0,-0.0,0.0,0.0,0.0,0.0,6556.0,0.0,0.0,2.718450016850437e+23,-0.0,-107616232.0,-2.7184545204500644e+23,-0.0,0.0,2.004,2.004,245,-0.0,-0.0,0.0,0.0,0.0,0.0,0.0,0.0,0.0,0,0,0,-6.257666818403787e+33,0.0,0.0,0.0,-10.454,-0.0,0.0,1.457079058999138e+24,1.8280931161171412e+28,3.812511709238867e+19,-3.2526816503784025e+31,-0.0,-0.0,-0.0,0.0,0.0,0,1.3516416376850534e+27,245,0.0,490,-30771013632.0,-0.0,2048,52429,17150,39322,17152,39322,17144,0,0,0,105,99,100,0.0,69.1,0.0,69.9,-107615312.0,69.0,1,47,48,180,0,13107,0,0,0.0,0.0,0.0,60.0,-2.817751002173762e+30,74.0,0.0,651187136.0,0.0,1270,0,1276,0,0,0,1274,0,1286,0,1243,0,694,0,695,0,691,0,690,0.032,1.3305260699995496e+34,-0.0,0.0,52624,16828,-2.050468047401617e+38,69393309696.0,0.0,-3.7417017812277425e+26,9.17662533104085e+28,-0.0,70.0,60.0,66,0.0,0.0,10.0,2.0,0.0,0.0,0.0,0.0,0.0,0.0,0.0,0.0,0.0,0.0,0.0,0.0,66.0,69,16,65516,49,65476,0,300,0,0,8,20529,65476,0,0,44564,60.0,0.0,10.0,10.0,2.0,0.0
2026-02-05T14:23:41,ERR,ERR,ERR,ERR,ERR,ERR,ERR,ERR,ERR,ERR,ERR,ERR,ERR,ERR,ERR,ERR,ERR,ERR,ERR,ERR,ERR,ERR,ERR,ERR,ERR,ERR,ERR,ERR,ERR,ERR,ERR,ERR,ERR,ERR,ERR,ERR,ERR,ERR,ERR,ERR,ERR,ERR,ERR,ERR,ERR,ERR,ERR,ERR,ERR,ERR,ERR,ERR,ERR,ERR,ERR,ERR,ERR,ERR,ERR,ERR,ERR,ERR,ERR,ERR,ERR,ERR,ERR,ERR,ERR,ERR,ERR,ERR,ERR,ERR,ERR,ERR,ERR,ERR,ERR,ERR,ERR,ERR,ERR,ERR,ERR,ERR,ERR,ERR,ERR,ERR,ERR,ERR,ERR,ERR,ERR,ERR,ERR,ERR,ERR,ERR,ERR,ERR,ERR,ERR,ERR,ERR,ERR,ERR,ERR,ERR,ERR,ERR,ERR,ERR,ERR,ERR,ERR,ERR,ERR,ERR,ERR,ERR,ERR,ERR,ERR,0.0,-0.0,0.0,0.0,-0.0,-9.14280864912446e+25,-0.0,-0.009,5800,0,8,17276,5800,14723891331072.0,100,0.0,0.0,-107613408.0,0.0,1.9056969178834534e+17,0,0,0,0,nan,0,0,0,0,0,0,0,0,0,0,0,0,0,0,0,0,0,0,0,0,0,0,0,0,0,0,0,0,0,0,0,0,0,11,52,51,61,65476,621,65476,1,0,4,21553,0.0,2.71838894803949e+23,0.0,0.0,0.0,0.0,0.0,0.0,0.0,0.0,0.0,0.0,0.0,0.0,0.0,0.0,0.0,0.0,0.0,0.0,0.0,2.004,3.697074423243316e+19,-0.0,-0.0,-0.0,0.0,0.0,0.0,0.0,6556.0,0.0,0.0,2.718450016850437e+23,-0.0,-107616232.0,-2.7184545204500644e+23,-0.0,0.0,2.004,2.004,245,-0.0,-0.0,0.0,0.0,0.0,0.0,0.0,0.0,0.0,0,0,0,-6.257666818403787e+33,0.0,0.0,0.0,-10.454,-0.0,0.0,1.457079058999138e+24,1.8280931161171412e+28,3.812511709238867e+19,-3.2526816503784025e+31,-0.0,-0.0,-0.0,0.0,0.0,0,1.3516416376850534e+27,245,0.0,490,-30771013632.0,-0.0,2048,52429,17150,39322,17152,39322,17144,0,0,0,105,99,100,0.0,69.0,0.0,69.9,-107615312.0,69.0,1,47,48,180,0,13107,0,0,0.0,0.0,0.0,60.0,-1.7135416282561082e+37,74.0,0.0,36844138496.0,0.0,1270,0,1276,0,0,0,1274,0,1286,0,1243,0,694,0,696,0,691,0,690,0.032,1.3305260699995496e+34,-0.0,0.0,49296,16828,-8.282317544719785e+29,0.0,-1.002,-0.0,0.0,304611968.0,70.0,60.0,66,0.0,0.0,10.0,2.0,0.0,0.0,0.0,0.0,0.0,0.0,0.0,0.0,0.0,0.0,0.0,0.0,65.6,69,16,65516,49,65476,0,300,0,0,8,20529,65476,0,0,48497,60.0,0.0,10.0,10.0,2.0,0.0
2026-02-05T14:23:42,ERR,ERR,ERR,ERR,ERR,ERR,ERR,ERR,ERR,ERR,ERR,ERR,ERR,ERR,ERR,ERR,ERR,ERR,ERR,ERR,ERR,ERR,ERR,ERR,ERR,ERR,ERR,ERR,ERR,ERR,ERR,ERR,ERR,ERR,ERR,ERR,ERR,ERR,ERR,ERR,ERR,ERR,ERR,ERR,ERR,ERR,ERR,ERR,ERR,ERR,ERR,ERR,ERR,ERR,ERR,ERR,ERR,ERR,ERR,ERR,ERR,ERR,ERR,ERR,ERR,ERR,ERR,ERR,ERR,ERR,ERR,ERR,ERR,ERR,ERR,ERR,ERR,ERR,ERR,ERR,ERR,ERR,ERR,ERR,ERR,ERR,ERR,ERR,ERR,ERR,ERR,ERR,ERR,ERR,ERR,ERR,ERR,ERR,ERR,ERR,ERR,ERR,ERR,ERR,ERR,ERR,ERR,ERR,ERR,ERR,ERR,ERR,ERR,ERR,ERR,ERR,ERR,ERR,ERR,ERR,ERR,ERR,ERR,ERR,ERR,0.0,-0.0,0.0,0.0,-0.0,-9.14280864912446e+25,-0.0,-0.009,5800,0,8,17276,5800,14723891331072.0,100,0.0,0.0,-107613408.0,0.0,1.9056969178834534e+17,0,0,0,0,nan,0,0,0,0,0,0,0,0,0,0,0,0,0,0,0,0,0,0,0,0,0,0,0,0,0,0,0,0,0,0,0,0,0,11,52,51,61,65476,621,65476,1,0,4,21553,0.0,2.71838894803949e+23,0.0,0.0,0.0,0.0,0.0,0.0,0.0,0.0,0.0,0.0,0.0,0.0,0.0,0.0,0.0,0.0,0.0,0.0,0.0,2.004,3.697074423243316e+19,-0.0,-0.0,-0.0,0.0,0.0,0.0,0.0,6556.0,0.0,0.0,2.718450016850437e+23,-0.0,-107616232.0,-2.7184545204500644e+23,-0.0,0.0,2.004,2.004,245,-0.0,-0.0,0.0,0.0,0.0,0.0,0.0,0.0,0.0,0,0,0,-6.257666818403787e+33,0.0,0.0,0.0,-10.454,-0.0,0.0,1.457079058999138e+24,1.8280931161171412e+28,3.812511709238867e+19,-3.2526816503784025e+31,-0.0,-0.0,-0.0,0.0,0.0,0,1.3516416376850534e+27,245,0.0,490,-30771013632.0,-0.0,2048,52429,17150,39322,17152,39322,17144,0,0,0,105,99,100,0.0,69.0,0.0,69.9,-107615312.0,69.0,1,47,48,180,0,13107,0,0,0.0,0.0,0.0,60.0,-1.7135416282561082e+37,74.0,0.0,36844138496.0,0.0,1270,0,1276,0,0,0,1274,0,1286,0,1243,0,694,0,696,0,691,0,690,0.032,1.3305260699995496e+34,-0.0,0.0,49296,16828,-8.282317544719785e+29,0.0,-1.002,-0.0,0.0,304611968.0,70.0,60.0,66,0.0,0.0,10.0,2.0,0.0,0.0,0.0,0.0,0.0,0.0,0.0,0.0,0.0,0.0,0.0,0.0,65.6,69,16,65516,49,65476,0,300,0,0,8,20529,65476,0,0,48497,60.0,0.0,10.0,10.0,2.0,0.0
2026-02-05T14:23:43,ERR,ERR,ERR,ERR,ERR,ERR,ERR,ERR,ERR,ERR,ERR,ERR,ERR,ERR,ERR,ERR,ERR,ERR,ERR,ERR,ERR,ERR,ERR,ERR,ERR,ERR,ERR,ERR,ERR,ERR,ERR,ERR,ERR,ERR,ERR,ERR,ERR,ERR,ERR,ERR,ERR,ERR,ERR,ERR,ERR,ERR,ERR,ERR,ERR,ERR,ERR,ERR,ERR,ERR,ERR,ERR,ERR,ERR,ERR,ERR,ERR,ERR,ERR,ERR,ERR,ERR,ERR,ERR,ERR,ERR,ERR,ERR,ERR,ERR,ERR,ERR,ERR,ERR,ERR,ERR,ERR,ERR,ERR,ERR,ERR,ERR,ERR,ERR,ERR,ERR,ERR,ERR,ERR,ERR,ERR,ERR,ERR,ERR,ERR,ERR,ERR,ERR,ERR,ERR,ERR,ERR,ERR,ERR,ERR,ERR,ERR,ERR,ERR,ERR,ERR,ERR,ERR,ERR,ERR,ERR,ERR,ERR,ERR,ERR,ERR,0.0,-0.0,0.0,0.0,-0.0,-9.14280864912446e+25,-0.0,-0.009,5800,0,8,17276,5800,14723891331072.0,100,0.0,0.0,-107613408.0,0.0,1.9056969178834534e+17,0,0,0,0,nan,0,0,0,0,0,0,0,0,0,0,0,0,0,0,0,0,0,0,0,0,0,0,0,0,0,0,0,0,0,0,0,0,0,11,52,51,61,65476,621,65476,1,0,4,21553,0.0,2.71838894803949e+23,0.0,0.0,0.0,0.0,0.0,0.0,0.0,0.0,0.0,0.0,0.0,0.0,0.0,0.0,0.0,0.0,0.0,0.0,0.0,2.004,3.697074423243316e+19,-0.0,-0.0,-0.0,0.0,0.0,0.0,0.0,6556.0,0.0,0.0,2.718450016850437e+23,-0.0,-107616232.0,-2.7184545204500644e+23,-0.0,0.0,2.004,2.004,245,-0.0,-0.0,0.0,0.0,0.0,0.0,0.0,0.0,0.0,0,0,0,-6.257666818403787e+33,0.0,0.0,0.0,-10.454,-0.0,0.0,1.457079058999138e+24,1.8280931161171412e+28,3.812511709238867e+19,-3.2526816503784025e+31,-0.0,-0.0,-0.0,0.0,0.0,0,1.3516416376850534e+27,245,0.0,490,-30771013632.0,-0.0,2048,52429,17150,39322,17152,39322,17144,0,0,0,105,99,100,0.0,69.0,0.0,69.9,-107615312.0,69.0,1,47,48,180,0,13107,0,0,0.0,0.0,0.0,60.0,-1.7135416282561082e+37,74.0,0.0,36844138496.0,0.0,1270,0,1276,0,0,0,1274,0,1286,0,1243,0,694,0,696,0,691,0,690,0.032,1.3305260699995496e+34,-0.0,0.0,49296,16828,-8.282317544719785e+29,0.0,-1.002,-0.0,0.0,304611968.0,70.0,60.0,66,0.0,0.0,10.0,2.0,0.0,0.0,0.0,0.0,0.0,0.0,0.0,0.0,0.0,0.0,0.0,0.0,66.0,69,16,65516,49,65476,0,300,0,0,8,20529,65476,0,0,47186,60.0,0.0,10.0,10.0,2.0,0.0
2026-02-05T14:23:44,ERR,ERR,ERR,ERR,ERR,ERR,ERR,ERR,ERR,ERR,ERR,ERR,ERR,ERR,ERR,ERR,ERR,ERR,ERR,ERR,ERR,ERR,ERR,ERR,ERR,ERR,ERR,ERR,ERR,ERR,ERR,ERR,ERR,ERR,ERR,ERR,ERR,ERR,ERR,ERR,ERR,ERR,ERR,ERR,ERR,ERR,ERR,ERR,ERR,ERR,ERR,ERR,ERR,ERR,ERR,ERR,ERR,ERR,ERR,ERR,ERR,ERR,ERR,ERR,ERR,ERR,ERR,ERR,ERR,ERR,ERR,ERR,ERR,ERR,ERR,ERR,ERR,ERR,ERR,ERR,ERR,ERR,ERR,ERR,ERR,ERR,ERR,ERR,ERR,ERR,ERR,ERR,ERR,ERR,ERR,ERR,ERR,ERR,ERR,ERR,ERR,ERR,ERR,ERR,ERR,ERR,ERR,ERR,ERR,ERR,ERR,ERR,ERR,ERR,ERR,ERR,ERR,ERR,ERR,ERR,ERR,ERR,ERR,ERR,ERR,2.718450016850437e+23,-0.0,2.8364315368646023e+23,-107613408.0,-4.209512871143983e+25,0.0,-0.0,0.0,5800,0,8,17275,5800,-0.0,100,0.0,0.0,-107613408.0,0.0,1.9056969178834534e+17,0,0,0,0,nan,0,0,0,0,0,0,0,0,0,0,0,0,0,0,0,0,0,0,0,0,0,0,0,0,0,0,0,0,0,0,0,0,0,11,52,51,61,65476,621,65476,1,0,4,21553,0.0,2.71838894803949e+23,0.0,0.0,0.0,0.0,0.0,0.0,0.0,0.0,0.0,0.0,0.0,0.0,0.0,0.0,0.0,0.0,0.0,0.0,0.0,2.004,2.004,-0.0,-0.0,0.0,0.0,0.0,0.0,0.0,6588.0,-0.0,0.0,2.718450016850437e+23,-0.0,-107616232.0,107616440.0,-0.0,0.0,2.004,2.004,242,-0.0,-0.0,0.0,0.0,0.0,0.0,0.0,0.0,0.0,0,0,0,0.0,1427524.625,0.0,-0.0,-479966319869952.0,-0.0,156432523591680.0,-5579237888.0,-0.0,4.907787138615371e+19,-3.886506950492517e+31,-0.0,-0.0,-0.0,0.0,0.0,0,1.3516416376850534e+27,242,0.0,484,0.0,-2678505888284672.0,2048,52429,17150,39322,17152,39322,17144,0,0,0,105,99,100,0.0,69.0,0.0,69.9,-107615312.0,69.0,1,47,48,180,0,13107,0,0,0.0,0.0,0.0,60.0,-1.7135416282561082e+37,74.0,0.0,36844138496.0,0.0,1270,0,1276,0,0,0,1274,0,1286,0,1243,0,694,0,696,0,691,0,690,0.032,1.3305260699995496e+34,-0.0,0.0,49296,16828,-8.282317544719785e+29,0.0,-1.002,-0.0,0.0,304611968.0,70.0,60.0,66,0.0,0.0,10.0,2.0,0.0,0.0,0.0,0.0,0.0,0.0,0.0,0.0,0.0,0.0,0.0,0.0,66.0,69,16,65516,49,65476,0,300,0,0,8,20529,65476,0,0,47186,60.0,0.0,10.0,10.0,2.0,0.0
2026-02-05T14:23:45,ERR,ERR,ERR,ERR,ERR,ERR,ERR,ERR,ERR,ERR,ERR,ERR,ERR,ERR,ERR,ERR,ERR,ERR,ERR,ERR,ERR,ERR,ERR,ERR,ERR,ERR,ERR,ERR,ERR,ERR,ERR,ERR,ERR,ERR,ERR,ERR,ERR,ERR,ERR,ERR,ERR,ERR,ERR,ERR,ERR,ERR,ERR,ERR,ERR,ERR,ERR,ERR,ERR,ERR,ERR,ERR,ERR,ERR,ERR,ERR,ERR,ERR,ERR,ERR,ERR,ERR,ERR,ERR,ERR,ERR,ERR,ERR,ERR,ERR,ERR,ERR,ERR,ERR,ERR,ERR,ERR,ERR,ERR,ERR,ERR,ERR,ERR,ERR,ERR,ERR,ERR,ERR,ERR,ERR,ERR,ERR,ERR,ERR,ERR,ERR,ERR,ERR,ERR,ERR,ERR,ERR,ERR,ERR,ERR,ERR,ERR,ERR,ERR,ERR,ERR,ERR,ERR,ERR,ERR,ERR,ERR,ERR,ERR,ERR,ERR,2.718450016850437e+23,-0.0,2.8364315368646023e+23,-107613408.0,-4.209512871143983e+25,0.0,-0.0,0.0,5800,0,8,17275,5800,-0.0,100,0.0,0.0,-107613408.0,0.0,1.9056969178834534e+17,0,0,0,0,nan,0,0,0,0,0,0,0,0,0,0,0,0,0,0,0,0,0,0,0,0,0,0,0,0,0,0,0,0,0,0,0,0,0,11,52,51,61,65476,621,65476,1,0,4,21553,0.0,2.71838894803949e+23,0.0,0.0,0.0,0.0,0.0,0.0,0.0,0.0,0.0,0.0,0.0,0.0,0.0,0.0,0.0,0.0,0.0,0.0,0.0,2.004,2.004,-0.0,-0.0,0.0,0.0,0.0,0.0,0.0,6588.0,-0.0,0.0,2.718450016850437e+23,-0.0,-107616232.0,107616440.0,-0.0,0.0,2.004,2.004,242,-0.0,-0.0,0.0,0.0,0.0,0.0,0.0,0.0,0.0,0,0,0,0.0,1427524.625,0.0,-0.0,-479966319869952.0,-0.0,156432523591680.0,-5579237888.0,-0.0,4.907787138615371e+19,-3.886506950492517e+31,-0.0,-0.0,-0.0,0.0,0.0,0,1.3516416376850534e+27,242,0.0,484,0.0,-2678505888284672.0,2048,52429,17150,39322,17152,39322,17144,0,0,0,105,99,100,0.0,69.0,0.0,69.9,-107615312.0,69.0,1,47,48,180,0,13107,0,0,0.0,0.0,0.0,60.0,-1.7135416282561082e+37,74.0,0.0,0.0,0.0,1270,0,1276,0,0,0,1274,0,1286,0,1243,0,694,0,695,0,691,0,689,0.032,1.3305260699995496e+34,2.004,-107615304.0,48016,16828,0.0,-1021468716564480.0,-0.006,-0.0,0.0,268960384.0,70.0,60.0,66,0.0,0.0,10.0,2.0,0.0,0.0,0.0,0.0,0.0,0.0,0.0,0.0,0.0,0.0,0.0,0.0,65.6,69,16,65516,49,65476,0,300,0,0,8,20529,65476,0,0,51118,60.0,0.0,10.0,10.0,2.0,0.0
2026-02-05T14:23:46,ERR,ERR,ERR,ERR,ERR,ERR,ERR,ERR,ERR,ERR,ERR,ERR,ERR,ERR,ERR,ERR,ERR,ERR,ERR,ERR,ERR,ERR,ERR,ERR,ERR,ERR,ERR,ERR,ERR,ERR,ERR,ERR,ERR,ERR,ERR,ERR,ERR,ERR,ERR,ERR,ERR,ERR,ERR,ERR,ERR,ERR,ERR,ERR,ERR,ERR,ERR,ERR,ERR,ERR,ERR,ERR,ERR,ERR,ERR,ERR,ERR,ERR,ERR,ERR,ERR,ERR,ERR,ERR,ERR,ERR,ERR,ERR,ERR,ERR,ERR,ERR,ERR,ERR,ERR,ERR,ERR,ERR,ERR,ERR,ERR,ERR,ERR,ERR,ERR,ERR,ERR,ERR,ERR,ERR,ERR,ERR,ERR,ERR,ERR,ERR,ERR,ERR,ERR,ERR,ERR,ERR,ERR,ERR,ERR,ERR,ERR,ERR,ERR,ERR,ERR,ERR,ERR,ERR,ERR,ERR,ERR,ERR,ERR,ERR,ERR,2.718450016850437e+23,-0.0,2.8364315368646023e+23,-107613408.0,-4.209512871143983e+25,0.0,-0.0,0.0,5800,0,8,17275,5800,-0.0,100,0.0,0.0,-107613408.0,0.0,1.9056969178834534e+17,0,0,0,0,nan,0,0,0,0,0,0,0,0,0,0,0,0,0,0,0,0,0,0,0,0,0,0,0,0,0,0,0,0,0,0,0,0,0,11,52,51,61,65476,621,65476,1,0,4,21553,0.0,2.71838894803949e+23,0.0,0.0,0.0,0.0,0.0,0.0,0.0,0.0,0.0,0.0,0.0,0.0,0.0,0.0,0.0,0.0,0.0,0.0,0.0,2.004,2.004,-0.0,-0.0,0.0,0.0,0.0,0.0,0.0,6588.0,-0.0,0.0,2.718450016850437e+23,-0.0,-107616232.0,107616440.0,-0.0,0.0,2.004,2.004,242,-0.0,-0.0,0.0,0.0,0.0,0.0,0.0,0.0,0.0,0,0,0,0.0,1427524.625,0.0,-0.0,-479966319869952.0,-0.0,156432523591680.0,-5579237888.0,-0.0,4.907787138615371e+19,-3.886506950492517e+31,-0.0,-0.0,-0.0,0.0,0.0,0,1.3516416376850534e+27,242,0.0,484,0.0,-2678505888284672.0,2048,52429,17150,39322,17152,39322,17144,0,0,0,105,99,100,0.0,69.0,0.0,69.9,-107615312.0,69.0,1,47,48,180,0,13107,0,0,0.0,0.0,0.0,60.0,-1.7135416282561082e+37,74.0,0.0,0.0,0.0,1270,0,1276,0,0,0,1274,0,1286,0,1243,0,694,0,695,0,691,0,689,0.032,1.3305260699995496e+34,2.004,-107615304.0,48016,16828,0.0,-1021468716564480.0,-0.006,-0.0,0.0,268960384.0,70.0,60.0,66,0.0,0.0,10.0,2.0,0.0,0.0,0.0,0.0,0.0,0.0,0.0,0.0,0.0,0.0,0.0,0.0,65.6,69,16,65516,49,65476,0,300,0,0,8,20529,65476,0,0,51118,60.0,0.0,10.0,10.0,2.0,0.0
2026-02-05T14:23:47,ERR,ERR,ERR,ERR,ERR,ERR,ERR,ERR,ERR,ERR,ERR,ERR,ERR,ERR,ERR,ERR,ERR,ERR,ERR,ERR,ERR,ERR,ERR,ERR,ERR,ERR,ERR,ERR,ERR,ERR,ERR,ERR,ERR,ERR,ERR,ERR,ERR,ERR,ERR,ERR,ERR,ERR,ERR,ERR,ERR,ERR,ERR,ERR,ERR,ERR,ERR,ERR,ERR,ERR,ERR,ERR,ERR,ERR,ERR,ERR,ERR,ERR,ERR,ERR,ERR,ERR,ERR,ERR,ERR,ERR,ERR,ERR,ERR,ERR,ERR,ERR,ERR,ERR,ERR,ERR,ERR,ERR,ERR,ERR,ERR,ERR,ERR,ERR,ERR,ERR,ERR,ERR,ERR,ERR,ERR,ERR,ERR,ERR,ERR,ERR,ERR,ERR,ERR,ERR,ERR,ERR,ERR,ERR,ERR,ERR,ERR,ERR,ERR,ERR,ERR,ERR,ERR,ERR,ERR,ERR,ERR,ERR,ERR,ERR,ERR,2.718450016850437e+23,-0.0,2.8364315368646023e+23,-107613408.0,-4.209512871143983e+25,0.0,-0.0,0.0,5800,0,8,17275,5800,-0.0,100,0.0,0.0,-107613408.0,0.0,1.9056969178834534e+17,0,0,0,0,nan,0,0,0,0,0,0,0,0,0,0,0,0,0,0,0,0,0,0,0,0,0,0,0,0,0,0,0,0,0,0,0,0,0,11,52,51,61,65476,621,65476,1,0,4,21553,0.0,2.71838894803949e+23,0.0,0.0,0.0,0.0,0.0,0.0,0.0,0.0,0.0,0.0,0.0,0.0,0.0,0.0,0.0,0.0,0.0,0.0,0.0,2.004,2.004,-0.0,-0.0,0.0,0.0,0.0,0.0,0.0,6588.0,-0.0,0.0,2.718450016850437e+23,-0.0,-107616232.0,107616440.0,-0.0,0.0,2.004,2.004,242,-0.0,-0.0,0.0,0.0,0.0,0.0,0.0,0.0,0.0,0,0,0,0.0,1427524.625,0.0,-0.0,-479966319869952.0,-0.0,156432523591680.0,-5579237888.0,-0.0,4.907787138615371e+19,-3.886506950492517e+31,-0.0,-0.0,-0.0,0.0,0.0,0,1.3516416376850534e+27,242,0.0,484,0.0,-2678505888284672.0,2048,52429,17150,39322,17152,39322,17144,0,0,0,105,99,100,0.0,69.0,0.0,69.9,-107615312.0,69.0,1,47,48,180,0,13107,0,0,0.0,0.0,0.0,60.0,-1.7135416282561082e+37,74.0,0.0,0.0,0.0,1270,0,1276,0,0,0,1274,0,1286,0,1243,0,694,0,695,0,691,0,689,0.032,1.3305260699995496e+34,2.004,-107615304.0,48016,16828,0.0,-1021468716564480.0,-0.006,-0.0,0.0,268960384.0,70.0,60.0,66,0.0,0.0,10.0,2.0,0.0,0.0,0.0,0.0,0.0,0.0,0.0,0.0,0.0,0.0,0.0,0.0,65.6,69,16,65516,49,65476,0,300,0,0,8,20529,65476,0,0,43254,60.0,0.0,10.0,10.0,2.0,0.0
2026-02-05T14:23:48,ERR,ERR,ERR,ERR,ERR,ERR,ERR,ERR,ERR,ERR,ERR,ERR,ERR,ERR,ERR,ERR,ERR,ERR,ERR,ERR,ERR,ERR,ERR,ERR,ERR,ERR,ERR,ERR,ERR,ERR,ERR,ERR,ERR,ERR,ERR,ERR,ERR,ERR,ERR,ERR,ERR,ERR,ERR,ERR,ERR,ERR,ERR,ERR,ERR,ERR,ERR,ERR,ERR,ERR,ERR,ERR,ERR,ERR,ERR,ERR,ERR,ERR,ERR,ERR,ERR,ERR,ERR,ERR,ERR,ERR,ERR,ERR,ERR,ERR,ERR,ERR,ERR,ERR,ERR,ERR,ERR,ERR,ERR,ERR,ERR,ERR,ERR,ERR,ERR,ERR,ERR,ERR,ERR,ERR,ERR,ERR,ERR,ERR,ERR,ERR,ERR,ERR,ERR,ERR,ERR,ERR,ERR,ERR,ERR,ERR,ERR,ERR,ERR,ERR,ERR,ERR,ERR,ERR,ERR,ERR,ERR,ERR,ERR,ERR,ERR,2.718450016850437e+23,-0.0,2.8364315368646023e+23,-107613408.0,-4.209512871143983e+25,0.0,-0.0,0.0,5800,0,8,17275,5800,-0.0,100,0.0,0.0,-107613408.0,0.0,1.9056969178834534e+17,0,0,0,0,nan,0,0,0,0,0,0,0,0,0,0,0,0,0,0,0,0,0,0,0,0,0,0,0,0,0,0,0,0,0,0,0,0,0,11,52,51,61,65476,621,65476,1,0,4,21553,0.0,2.71838894803949e+23,0.0,0.0,0.0,0.0,0.0,0.0,0.0,0.0,0.0,0.0,0.0,0.0,0.0,0.0,0.0,0.0,0.0,0.0,0.0,2.004,2.004,-0.0,-0.0,0.0,0.0,0.0,0.0,0.0,6588.0,-0.0,0.0,2.718450016850437e+23,-0.0,-107616232.0,107616440.0,-0.0,0.0,2.004,2.004,242,-0.0,-0.0,0.0,0.0,0.0,0.0,0.0,0.0,0.0,0,0,0,0.0,1427524.625,0.0,-0.0,-479966319869952.0,-0.0,156432523591680.0,-5579237888.0,-0.0,4.907787138615371e+19,-3.886506950492517e+31,-0.0,-0.0,-0.0,0.0,0.0,0,1.3516416376850534e+27,242,0.0,484,0.0,-2678505888284672.0,2048,52429,17150,39322,17152,39322,17144,0,0,0,105,99,100,0.0,69.0,0.0,69.9,-107615312.0,69.0,1,47,48,180,0,13107,0,0,0.0,0.0,0.0,60.0,-1.7135416282561082e+37,74.0,0.0,0.0,0.0,1270,0,1276,0,0,0,1274,0,1286,0,1243,0,694,0,695,0,691,0,689,0.032,1.3305260699995496e+34,2.004,-107615304.0,48016,16828,0.0,-1021468716564480.0,-0.006,-0.0,0.0,268960384.0,70.0,60.0,66,0.0,0.0,10.0,2.0,0.0,0.0,0.0,0.0,0.0,0.0,0.0,0.0,0.0,0.0,0.0,0.0,65.6,69,16,65516,49,65476,0,300,0,0,8,20529,65476,0,0,43254,60.0,0.0,10.0,10.0,2.0,0.0
2026-02-05T14:23:49,ERR,ERR,ERR,ERR,ERR,ERR,ERR,ERR,ERR,ERR,ERR,ERR,ERR,ERR,ERR,ERR,ERR,ERR,ERR,ERR,ERR,ERR,ERR,ERR,ERR,ERR,ERR,ERR,ERR,ERR,ERR,ERR,ERR,ERR,ERR,ERR,ERR,ERR,ERR,ERR,ERR,ERR,ERR,ERR,ERR,ERR,ERR,ERR,ERR,ERR,ERR,ERR,ERR,ERR,ERR,ERR,ERR,ERR,ERR,ERR,ERR,ERR,ERR,ERR,ERR,ERR,ERR,ERR,ERR,ERR,ERR,ERR,ERR,ERR,ERR,ERR,ERR,ERR,ERR,ERR,ERR,ERR,ERR,ERR,ERR,ERR,ERR,ERR,ERR,ERR,ERR,ERR,ERR,ERR,ERR,ERR,ERR,ERR,ERR,ERR,ERR,ERR,ERR,ERR,ERR,ERR,ERR,ERR,ERR,ERR,ERR,ERR,ERR,ERR,ERR,ERR,ERR,ERR,ERR,ERR,ERR,ERR,ERR,ERR,ERR,2.718450016850437e+23,-0.0,2.8364315368646023e+23,-107613408.0,-4.209512871143983e+25,-1.1134452509281797e+27,-0.0,0.821,5800,0,8,17276,5800,-0.0,100,0.0,0.0,-107613408.0,0.0,1.9056969178834534e+17,0,0,0,0,nan,0,0,0,0,0,0,0,0,0,0,0,0,0,0,0,0,0,0,0,0,0,0,0,0,0,0,0,0,0,0,0,0,0,10,52,51,61,65476,622,65476,1,0,4,21553,0.0,2.71838894803949e+23,0.0,0.0,0.0,0.0,0.0,0.0,0.0,0.0,0.0,0.0,0.0,0.0,0.0,0.0,0.0,0.0,0.0,0.0,0.0,2.004,3.697074423243316e+19,-0.0,-0.0,-0.0,0.0,0.0,0.0,0.0,6591.0,1.0406714467631646e+34,0.0,2.718450016850437e+23,-0.0,-107616232.0,-0.0,-0.0,0.0,2.004,2.004,243,-0.0,-0.0,0.0,0.0,0.0,0.0,0.0,0.0,0.0,0,0,0,0.0,-5.457447831214255e+32,0.0,0.0,-85356963692544.0,0.0,1596138624.0,461361.688,-7381827.5,6.031885605607047e+19,-4.952491315477224e+31,-0.0,-0.0,-0.0,0.0,-72703570608128.0,0,1.3516416376850534e+27,242,0.0,484,-30771013632.0,-0.0,2048,52429,17150,39322,17152,39322,17144,0,0,0,105,99,100,0.0,69.0,0.0,69.9,-107615312.0,69.0,1,47,48,180,0,13107,0,0,0.0,0.0,0.0,60.0,-2.536541596568782e+36,74.0,0.0,-0.0,0.0,1270,0,1276,0,0,0,1274,0,1286,0,1243,0,694,0,695,0,691,0,689,0.032,1.322413106158089e+34,2.004,-107615304.0,43664,16828,-2.536541596568782e+36,-0.0,4.021002249719405e+33,2512441600.0,-5276647936.0,0.0,70.0,60.0,66,0.0,0.0,10.0,2.0,0.0,0.0,0.0,0.0,0.0,0.0,0.0,0.0,0.0,0.0,0.0,0.0,65.6,69,16,65516,49,65476,0,300,0,0,8,20529,65476,0,0,43254,60.0,0.0,10.0,10.0,2.0,0.0
2026-02-05T14:23:50,ERR,ERR,ERR,ERR,ERR,ERR,ERR,ERR,ERR,ERR,ERR,ERR,ERR,ERR,ERR,ERR,ERR,ERR,ERR,ERR,ERR,ERR,ERR,ERR,ERR,ERR,ERR,ERR,ERR,ERR,ERR,ERR,ERR,ERR,ERR,ERR,ERR,ERR,ERR,ERR,ERR,ERR,ERR,ERR,ERR,ERR,ERR,ERR,ERR,ERR,ERR,ERR,ERR,ERR,ERR,ERR,ERR,ERR,ERR,ERR,ERR,ERR,ERR,ERR,ERR,ERR,ERR,ERR,ERR,ERR,ERR,ERR,ERR,ERR,ERR,ERR,ERR,ERR,ERR,ERR,ERR,ERR,ERR,ERR,ERR,ERR,ERR,ERR,ERR,ERR,ERR,ERR,ERR,ERR,ERR,ERR,ERR,ERR,ERR,ERR,ERR,ERR,ERR,ERR,ERR,ERR,ERR,ERR,ERR,ERR,ERR,ERR,ERR,ERR,ERR,ERR,ERR,ERR,ERR,ERR,ERR,ERR,ERR,ERR,ERR,2.718450016850437e+23,-0.0,2.8364315368646023e+23,-107613408.0,-4.209512871143983e+25,-1.1134452509281797e+27,-0.0,0.821,5800,0,8,17276,5800,-0.0,100,0.0,0.0,-107613408.0,0.0,1.9056969178834534e+17,0,0,0,0,nan,0,0,0,0,0,0,0,0,0,0,0,0,0,0,0,0,0,0,0,0,0,0,0,0,0,0,0,0,0,0,0,0,0,10,52,51,61,65476,622,65476,1,0,4,21553,0.0,2.71838894803949e+23,0.0,0.0,0.0,0.0,0.0,0.0,0.0,0.0,0.0,0.0,0.0,0.0,0.0,0.0,0.0,0.0,0.0,0.0,0.0,2.004,3.697074423243316e+19,-0.0,-0.0,-0.0,0.0,0.0,0.0,0.0,6591.0,1.0406714467631646e+34,0.0,2.718450016850437e+23,-0.0,-107616232.0,-0.0,-0.0,0.0,2.004,2.004,243,-0.0,-0.0,0.0,0.0,0.0,0.0,0.0,0.0,0.0,0,0,0,0.0,-5.457447831214255e+32,0.0,0.0,-85356963692544.0,0.0,1596138624.0,461361.688,-7381827.5,6.031885605607047e+19,-4.952491315477224e+31,-0.0,-0.0,-0.0,0.0,-72703570608128.0,0,1.3516416376850534e+27,242,0.0,484,-30771013632.0,-0.0,2048,52429,17150,39322,17152,39322,17144,0,0,0,105,99,100,0.0,69.0,0.0,69.9,-107615312.0,69.0,1,47,48,180,0,13107,0,0,0.0,0.0,0.0,60.0,-2.536541596568782e+36,74.0,0.0,-0.0,0.0,1270,0,1276,0,0,0,1274,0,1286,0,1243,0,694,0,695,0,691,0,689,0.032,1.322413106158089e+34,2.004,-107615304.0,43664,16828,-2.536541596568782e+36,-0.0,4.021002249719405e+33,2512441600.0,-5276647936.0,0.0,70.0,60.0,66,0.0,0.0,10.0,2.0,0.0,0.0,0.0,0.0,0.0,0.0,0.0,0.0,0.0,0.0,0.0,0.0,65.6,69,16,65516,49,65476,0,300,0,0,8,20529,65476,0,0,43254,60.0,0.0,10.0,10.0,2.0,0.0
2026-02-05T14:23:51,ERR,ERR,ERR,ERR,ERR,ERR,ERR,ERR,ERR,ERR,ERR,ERR,ERR,ERR,ERR,ERR,ERR,ERR,ERR,ERR,ERR,ERR,ERR,ERR,ERR,ERR,ERR,ERR,ERR,ERR,ERR,ERR,ERR,ERR,ERR,ERR,ERR,ERR,ERR,ERR,ERR,ERR,ERR,ERR,ERR,ERR,ERR,ERR,ERR,ERR,ERR,ERR,ERR,ERR,ERR,ERR,ERR,ERR,ERR,ERR,ERR,ERR,ERR,ERR,ERR,ERR,ERR,ERR,ERR,ERR,ERR,ERR,ERR,ERR,ERR,ERR,ERR,ERR,ERR,ERR,ERR,ERR,ERR,ERR,ERR,ERR,ERR,ERR,ERR,ERR,ERR,ERR,ERR,ERR,ERR,ERR,ERR,ERR,ERR,ERR,ERR,ERR,ERR,ERR,ERR,ERR,ERR,ERR,ERR,ERR,ERR,ERR,ERR,ERR,ERR,ERR,ERR,ERR,ERR,ERR,ERR,ERR,ERR,ERR,ERR,2.718450016850437e+23,-0.0,2.8364315368646023e+23,-107613408.0,-4.209512871143983e+25,-1.1134452509281797e+27,-0.0,0.821,5800,0,8,17276,5800,-0.0,100,0.0,0.0,-107613408.0,0.0,1.9056969178834534e+17,0,0,0,0,nan,0,0,0,0,0,0,0,0,0,0,0,0,0,0,0,0,0,0,0,0,0,0,0,0,0,0,0,0,0,0,0,0,0,10,52,51,61,65476,622,65476,1,0,4,21553,0.0,2.71838894803949e+23,0.0,0.0,0.0,0.0,0.0,0.0,0.0,0.0,0.0,0.0,0.0,0.0,0.0,0.0,0.0,0.0,0.0,0.0,0.0,2.004,3.697074423243316e+19,-0.0,-0.0,-0.0,0.0,0.0,0.0,0.0,6591.0,1.0406714467631646e+34,0.0,2.718450016850437e+23,-0.0,-107616232.0,-0.0,-0.0,0.0,2.004,2.004,243,-0.0,-0.0,0.0,0.0,0.0,0.0,0.0,0.0,0.0,0,0,0,0.0,-5.457447831214255e+32,0.0,0.0,-85356963692544.0,0.0,1596138624.0,461361.688,-7381827.5,6.031885605607047e+19,-4.952491315477224e+31,-0.0,-0.0,-0.0,0.0,-72703570608128.0,0,1.3516416376850534e+27,242,0.0,484,-30771013632.0,-0.0,2048,52429,17150,39322,17152,39322,17144,0,0,0,105,99,100,0.0,69.0,0.0,69.9,-107615312.0,69.0,1,47,48,180,0,13107,0,0,0.0,0.0,0.0,60.0,-2.536541596568782e+36,74.0,0.0,-0.0,0.0,1270,0,1276,0,0,0,1274,0,1286,0,1243,0,694,0,695,0,691,0,689,0.032,1.322413106158089e+34,2.004,-107615304.0,43664,16828,-2.536541596568782e+36,-0.0,4.021002249719405e+33,2512441600.0,-5276647936.0,0.0,70.0,60.0,66,0.0,0.0,10.0,2.0,0.0,0.0,0.0,0.0,0.0,0.0,0.0,0.0,0.0,0.0,0.0,0.0,65.6,69,16,65516,49,65476,0,300,0,0,8,20529,65476,0,0,40632,60.0,0.0,10.0,10.0,2.0,0.0
2026-02-05T14:23:52,ERR,ERR,ERR,ERR,ERR,ERR,ERR,ERR,ERR,ERR,ERR,ERR,ERR,ERR,ERR,ERR,ERR,ERR,ERR,ERR,ERR,ERR,ERR,ERR,ERR,ERR,ERR,ERR,ERR,ERR,ERR,ERR,ERR,ERR,ERR,ERR,ERR,ERR,ERR,ERR,ERR,ERR,ERR,ERR,ERR,ERR,ERR,ERR,ERR,ERR,ERR,ERR,ERR,ERR,ERR,ERR,ERR,ERR,ERR,ERR,ERR,ERR,ERR,ERR,ERR,ERR,ERR,ERR,ERR,ERR,ERR,ERR,ERR,ERR,ERR,ERR,ERR,ERR,ERR,ERR,ERR,ERR,ERR,ERR,ERR,ERR,ERR,ERR,ERR,ERR,ERR,ERR,ERR,ERR,ERR,ERR,ERR,ERR,ERR,ERR,ERR,ERR,ERR,ERR,ERR,ERR,ERR,ERR,ERR,ERR,ERR,ERR,ERR,ERR,ERR,ERR,ERR,ERR,ERR,ERR,ERR,ERR,ERR,ERR,ERR,2.718450016850437e+23,-0.0,2.8364315368646023e+23,-107613408.0,-4.209512871143983e+25,-1.1134452509281797e+27,-0.0,0.821,5800,0,8,17276,5800,-0.0,100,0.0,0.0,-107613408.0,0.0,1.9056969178834534e+17,0,0,0,0,nan,0,0,0,0,0,0,0,0,0,0,0,0,0,0,0,0,0,0,0,0,0,0,0,0,0,0,0,0,0,0,0,0,0,10,52,51,61,65476,622,65476,1,0,4,21553,0.0,2.71838894803949e+23,0.0,0.0,0.0,0.0,0.0,0.0,0.0,0.0,0.0,0.0,0.0,0.0,0.0,0.0,0.0,0.0,0.0,0.0,0.0,2.004,3.697074423243316e+19,-0.0,-0.0,-0.0,0.0,0.0,0.0,0.0,6591.0,1.0406714467631646e+34,0.0,2.718450016850437e+23,-0.0,-107616232.0,-0.0,-0.0,0.0,2.004,2.004,243,-0.0,-0.0,0.0,0.0,0.0,0.0,0.0,0.0,0.0,0,0,0,0.0,-5.457447831214255e+32,0.0,0.0,-85356963692544.0,0.0,1596138624.0,461361.688,-7381827.5,6.031885605607047e+19,-4.952491315477224e+31,-0.0,-0.0,-0.0,0.0,-72703570608128.0,0,1.3516416376850534e+27,242,0.0,484,-30771013632.0,-0.0,2048,52429,17150,39322,17152,39322,17144,0,0,0,105,99,100,0.0,69.0,0.0,69.9,-107615312.0,69.0,1,47,48,180,0,13107,0,0,0.0,0.0,0.0,60.0,-1.331928725388702e+36,74.0,0.0,-0.0,0.0,1270,0,1276,0,0,0,1274,0,1286,0,1243,0,694,0,695,0,691,0,690,0.032,1.322413106158089e+34,-0.0,0.0,1552,16829,-1.331928725388702e+36,-0.0,658206818304.0,-0.0,-0.0,-1.4043214775243927e+31,70.0,60.0,66,0.0,0.0,10.0,2.0,0.0,0.0,0.0,0.0,0.0,0.0,0.0,0.0,0.0,0.0,0.0,0.0,65.6,69,16,65516,49,65476,0,300,0,0,8,20529,65476,0,0,40632,60.0,0.0,10.0,10.0,2.0,0.0
2026-02-05T14:23:53,ERR,ERR,ERR,ERR,ERR,ERR,ERR,ERR,ERR,ERR,ERR,ERR,ERR,ERR,ERR,ERR,ERR,ERR,ERR,ERR,ERR,ERR,ERR,ERR,ERR,ERR,ERR,ERR,ERR,ERR,ERR,ERR,ERR,ERR,ERR,ERR,ERR,ERR,ERR,ERR,ERR,ERR,ERR,ERR,ERR,ERR,ERR,ERR,ERR,ERR,ERR,ERR,ERR,ERR,ERR,ERR,ERR,ERR,ERR,ERR,ERR,ERR,ERR,ERR,ERR,ERR,ERR,ERR,ERR,ERR,ERR,ERR,ERR,ERR,ERR,ERR,ERR,ERR,ERR,ERR,ERR,ERR,ERR,ERR,ERR,ERR,ERR,ERR,ERR,ERR,ERR,ERR,ERR,ERR,ERR,ERR,ERR,ERR,ERR,ERR,ERR,ERR,ERR,ERR,ERR,ERR,ERR,ERR,ERR,ERR,ERR,ERR,ERR,ERR,ERR,ERR,ERR,ERR,ERR,ERR,ERR,ERR,ERR,ERR,ERR,2.718450016850437e+23,-0.0,2.8364315368646023e+23,-107613408.0,-4.209512871143983e+25,-1.1134452509281797e+27,-0.0,0.821,5800,0,8,17276,5800,-0.0,100,0.0,0.0,-107613408.0,0.0,1.9056969178834534e+17,0,0,0,0,nan,0,0,0,0,0,0,0,0,0,0,0,0,0,0,0,0,0,0,0,0,0,0,0,0,0,0,0,0,0,0,0,0,0,10,52,51,61,65476,622,65476,1,0,4,21553,0.0,2.71838894803949e+23,0.0,0.0,0.0,0.0,0.0,0.0,0.0,0.0,0.0,0.0,0.0,0.0,0.0,0.0,0.0,0.0,0.0,0.0,0.0,2.004,3.697074423243316e+19,-0.0,-0.0,-0.0,0.0,0.0,0.0,0.0,6591.0,1.0406714467631646e+34,0.0,2.718450016850437e+23,-0.0,-107616232.0,-0.0,-0.0,0.0,2.004,2.004,243,-0.0,-0.0,0.0,0.0,0.0,0.0,0.0,0.0,0.0,0,0,0,0.0,-5.457447831214255e+32,0.0,0.0,-85356963692544.0,0.0,1596138624.0,461361.688,-7381827.5,6.031885605607047e+19,-4.952491315477224e+31,-0.0,-0.0,-0.0,0.0,-72703570608128.0,0,1.3516416376850534e+27,242,0.0,484,-30771013632.0,-0.0,2048,52429,17150,39322,17152,39322,17144,0,0,0,105,99,100,0.0,69.0,0.0,69.9,-107615312.0,69.0,1,47,48,180,0,13107,0,0,0.0,0.0,0.0,60.0,-1.331928725388702e+36,74.0,0.0,-0.0,0.0,1270,0,1276,0,0,0,1274,0,1286,0,1243,0,694,0,695,0,691,0,690,0.032,1.322413106158089e+34,-0.0,0.0,1552,16829,-1.331928725388702e+36,-0.0,658206818304.0,-0.0,-0.0,-1.4043214775243927e+31,70.0,60.0,66,0.0,0.0,10.0,2.0,0.0,0.0,0.0,0.0,0.0,0.0,0.0,0.0,0.0,0.0,0.0,0.0,65.6,69,16,65516,49,65476,0,300,0,0,8,20529,65476,0,0,43254,60.0,0.0,10.0,10.0,2.0,0.0
2026-02-05T14:23:54,ERR,ERR,ERR,ERR,ERR,ERR,ERR,ERR,ERR,ERR,ERR,ERR,ERR,ERR,ERR,ERR,ERR,ERR,ERR,ERR,ERR,ERR,ERR,ERR,ERR,ERR,ERR,ERR,ERR,ERR,ERR,ERR,ERR,ERR,ERR,ERR,ERR,ERR,ERR,ERR,ERR,ERR,ERR,ERR,ERR,ERR,ERR,ERR,ERR,ERR,ERR,ERR,ERR,ERR,ERR,ERR,ERR,ERR,ERR,ERR,ERR,ERR,ERR,ERR,ERR,ERR,ERR,ERR,ERR,ERR,ERR,ERR,ERR,ERR,ERR,ERR,ERR,ERR,ERR,ERR,ERR,ERR,ERR,ERR,ERR,ERR,ERR,ERR,ERR,ERR,ERR,ERR,ERR,ERR,ERR,ERR,ERR,ERR,ERR,ERR,ERR,ERR,ERR,ERR,ERR,ERR,ERR,ERR,ERR,ERR,ERR,ERR,ERR,ERR,ERR,ERR,ERR,ERR,ERR,ERR,ERR,ERR,ERR,ERR,ERR,2.718450016850437e+23,-0.0,2.8364315368646023e+23,-107613408.0,-4.209512871143983e+25,-1.1134452509281797e+27,-0.0,0.821,5800,0,8,17276,5800,-0.0,100,0.0,0.0,-107613408.0,0.0,1.9056969178834534e+17,0,0,0,0,nan,0,0,0,0,0,0,0,0,0,0,0,0,0,0,0,0,0,0,0,0,0,0,0,0,0,0,0,0,0,0,0,0,0,10,52,51,61,65476,622,65476,1,0,4,21553,0.0,2.71838894803949e+23,0.0,0.0,0.0,0.0,0.0,0.0,0.0,0.0,0.0,0.0,0.0,0.0,0.0,0.0,0.0,0.0,0.0,0.0,0.0,2.004,3.697074423243316e+19,-0.0,-0.0,-0.0,0.0,0.0,0.0,0.0,6591.0,1.0406714467631646e+34,0.0,2.718450016850437e+23,-0.0,-107616232.0,-0.0,-0.0,0.0,2.004,2.004,243,-0.0,-0.0,0.0,0.0,0.0,0.0,0.0,0.0,0.0,0,0,0,0.0,-5.457447831214255e+32,0.0,0.0,-85356963692544.0,0.0,1596138624.0,461361.688,-7381827.5,6.031885605607047e+19,-4.952491315477224e+31,-0.0,-0.0,-0.0,0.0,-72703570608128.0,0,1.3516416376850534e+27,242,0.0,484,-30771013632.0,-0.0,2048,52429,17150,39322,17152,39322,17144,0,0,0,105,99,100,0.0,69.0,0.0,69.9,-107615312.0,69.0,1,47,48,180,0,13107,0,0,0.0,0.0,0.0,60.0,-1.331928725388702e+36,74.0,0.0,-0.0,0.0,1270,0,1276,0,0,0,1274,0,1286,0,1243,0,694,0,695,0,691,0,690,0.032,1.322413106158089e+34,-0.0,0.0,1552,16829,-1.331928725388702e+36,-0.0,658206818304.0,-0.0,-0.0,-1.4043214775243927e+31,70.0,60.0,66,0.0,0.0,10.0,2.0,0.0,0.0,0.0,0.0,0.0,0.0,0.0,0.0,0.0,0.0,0.0,0.0,66.0,69,16,65516,49,65476,0,300,0,0,8,20529,65476,0,0,40632,60.0,0.0,10.0,10.0,2.0,0.0
2026-02-05T14:23:55,ERR,ERR,ERR,ERR,ERR,ERR,ERR,ERR,ERR,ERR,ERR,ERR,ERR,ERR,ERR,ERR,ERR,ERR,ERR,ERR,ERR,ERR,ERR,ERR,ERR,ERR,ERR,ERR,ERR,ERR,ERR,ERR,ERR,ERR,ERR,ERR,ERR,ERR,ERR,ERR,ERR,ERR,ERR,ERR,ERR,ERR,ERR,ERR,ERR,ERR,ERR,ERR,ERR,ERR,ERR,ERR,ERR,ERR,ERR,ERR,ERR,ERR,ERR,ERR,ERR,ERR,ERR,ERR,ERR,ERR,ERR,ERR,ERR,ERR,ERR,ERR,ERR,ERR,ERR,ERR,ERR,ERR,ERR,ERR,ERR,ERR,ERR,ERR,ERR,ERR,ERR,ERR,ERR,ERR,ERR,ERR,ERR,ERR,ERR,ERR,ERR,ERR,ERR,ERR,ERR,ERR,ERR,ERR,ERR,ERR,ERR,ERR,ERR,ERR,ERR,ERR,ERR,ERR,ERR,ERR,ERR,ERR,ERR,ERR,ERR,2.718450016850437e+23,-0.0,2.8364315368646023e+23,2.7183867863116688e+23,4.310542596761384e+28,1730193152.0,-4.652162116642406e+16,-110208.445,5800,0,8,17275,5800,14723891331072.0,100,0.0,0.0,-0.0,0.0,1.9056969178834534e+17,0,0,0,0,nan,0,0,0,0,0,0,0,0,0,0,0,0,0,0,0,0,0,0,0,0,0,0,0,0,0,0,0,0,0,0,0,0,0,10,52,51,61,65476,622,65476,1,0,4,21553,0.0,0.0,0.0,0.0,0.0,0.0,0.0,0.0,0.0,0.0,0.0,0.0,0.0,0.0,0.0,0.0,0.0,0.0,0.0,0.0,0.0,2.004,3.697074423243316e+19,-0.0,-0.0,3.697087617382849e+19,0.0,0.0,0.0,0.0,6582.0,-131351.203,0.0,2.718450016850437e+23,-0.0,-107616232.0,-0.0,-0.0,0.0,2.004,2.004,245,-0.0,-0.0,0.0,0.0,0.0,0.0,0.0,0.0,0.0,0,0,0,0.0,0.0,0.0,0.0,-3.40408444445295e+25,0.0,50653002989568.0,4.020487326415387e+23,-473395825213440.0,7.2424531854442365e+19,-6.251833180711159e+31,-0.0,-0.0,-0.0,0.0,-0.0,0,1.3516416376850534e+27,245,0.0,490,2.751745971104746e+27,7.503069267377585e+25,2048,52429,17150,39322,17152,39322,17144,0,0,0,105,99,100,0.0,69.0,0.0,69.9,-107615312.0,69.0,1,47,48,180,0,13107,0,0,0.0,0.0,0.0,60.0,-1.331928725388702e+36,74.0,0.0,-0.0,0.0,1270,0,1276,0,0,0,1274,0,1286,0,1243,0,694,0,695,0,691,0,690,0.032,1.322413106158089e+34,-0.0,0.0,1552,16829,-1.331928725388702e+36,-0.0,658206818304.0,-0.0,-0.0,-1.4043214775243927e+31,70.0,60.0,66,0.0,0.0,10.0,2.0,0.0,0.0,0.0,0.0,0.0,0.0,0.0,0.0,0.0,0.0,0.0,0.0,66.0,69,16,65516,49,65476,0,300,0,0,8,20529,65476,0,0,40632,60.0,0.0,10.0,10.0,2.0,0.0
2026-02-05T14:23:56,ERR,ERR,ERR,ERR,ERR,ERR,ERR,ERR,ERR,ERR,ERR,ERR,ERR,ERR,ERR,ERR,ERR,ERR,ERR,ERR,ERR,ERR,ERR,ERR,ERR,ERR,ERR,ERR,ERR,ERR,ERR,ERR,ERR,ERR,ERR,ERR,ERR,ERR,ERR,ERR,ERR,ERR,ERR,ERR,ERR,ERR,ERR,ERR,ERR,ERR,ERR,ERR,ERR,ERR,ERR,ERR,ERR,ERR,ERR,ERR,ERR,ERR,ERR,ERR,ERR,ERR,ERR,ERR,ERR,ERR,ERR,ERR,ERR,ERR,ERR,ERR,ERR,ERR,ERR,ERR,ERR,ERR,ERR,ERR,ERR,ERR,ERR,ERR,ERR,ERR,ERR,ERR,ERR,ERR,ERR,ERR,ERR,ERR,ERR,ERR,ERR,ERR,ERR,ERR,ERR,ERR,ERR,ERR,ERR,ERR,ERR,ERR,ERR,ERR,ERR,ERR,ERR,ERR,ERR,ERR,ERR,ERR,ERR,ERR,ERR,2.718450016850437e+23,-0.0,2.8364315368646023e+23,2.7183867863116688e+23,4.310542596761384e+28,1730193152.0,-4.652162116642406e+16,-110208.445,5800,0,8,17275,5800,14723891331072.0,100,0.0,0.0,-0.0,0.0,1.9056969178834534e+17,0,0,0,0,nan,0,0,0,0,0,0,0,0,0,0,0,0,0,0,0,0,0,0,0,0,0,0,0,0,0,0,0,0,0,0,0,0,0,10,52,51,61,65476,622,65476,1,0,4,21553,0.0,0.0,0.0,0.0,0.0,0.0,0.0,0.0,0.0,0.0,0.0,0.0,0.0,0.0,0.0,0.0,0.0,0.0,0.0,0.0,0.0,2.004,3.697074423243316e+19,-0.0,-0.0,3.697087617382849e+19,0.0,0.0,0.0,0.0,6582.0,-131351.203,0.0,2.718450016850437e+23,-0.0,-107616232.0,-0.0,-0.0,0.0,2.004,2.004,245,-0.0,-0.0,0.0,0.0,0.0,0.0,0.0,0.0,0.0,0,0,0,0.0,0.0,0.0,0.0,-3.40408444445295e+25,0.0,50653002989568.0,4.020487326415387e+23,-473395825213440.0,7.2424531854442365e+19,-6.251833180711159e+31,-0.0,-0.0,-0.0,0.0,-0.0,0,1.3516416376850534e+27,245,0.0,490,2.751745971104746e+27,7.503069267377585e+25,2050,52429,17150,39322,17152,39322,17144,0,0,0,105,99,100,0.0,69.0,0.0,69.9,-107615312.0,69.0,1,47,48,180,0,13107,0,0,0.0,0.0,0.0,60.0,0.0,74.5,0.0,0.0,0.0,1270,0,1276,0,0,0,1274,0,1286,0,1243,0,694,0,695,0,691,0,690,0.032,1.3305260699995496e+34,-0.0,0.0,58256,16828,0.0,0.0,-1.9128479938769915e+37,8.712201365863144e+28,432550944.0,-0.0,70.0,60.0,66,0.0,0.0,10.0,2.0,0.0,0.0,0.0,0.0,0.0,0.0,0.0,0.0,0.0,0.0,0.0,0.0,65.6,69,16,65516,49,65476,0,300,0,0,8,20529,65476,0,0,41943,60.0,0.0,10.0,10.0,2.0,0.0
2026-02-05T14:23:57,ERR,ERR,ERR,ERR,ERR,ERR,ERR,ERR,ERR,ERR,ERR,ERR,ERR,ERR,ERR,ERR,ERR,ERR,ERR,ERR,ERR,ERR,ERR,ERR,ERR,ERR,ERR,ERR,ERR,ERR,ERR,ERR,ERR,ERR,ERR,ERR,ERR,ERR,ERR,ERR,ERR,ERR,ERR,ERR,ERR,ERR,ERR,ERR,ERR,ERR,ERR,ERR,ERR,ERR,ERR,ERR,ERR,ERR,ERR,ERR,ERR,ERR,ERR,ERR,ERR,ERR,ERR,ERR,ERR,ERR,ERR,ERR,ERR,ERR,ERR,ERR,ERR,ERR,ERR,ERR,ERR,ERR,ERR,ERR,ERR,ERR,ERR,ERR,ERR,ERR,ERR,ERR,ERR,ERR,ERR,ERR,ERR,ERR,ERR,ERR,ERR,ERR,ERR,ERR,ERR,ERR,ERR,ERR,ERR,ERR,ERR,ERR,ERR,ERR,ERR,ERR,ERR,ERR,ERR,ERR,ERR,ERR,ERR,ERR,ERR,2.718450016850437e+23,-0.0,2.8364315368646023e+23,2.7183867863116688e+23,4.310542596761384e+28,1730193152.0,-4.652162116642406e+16,-110208.445,5800,0,8,17275,5800,14723891331072.0,100,0.0,0.0,-0.0,0.0,1.9056969178834534e+17,0,0,0,0,nan,0,0,0,0,0,0,0,0,0,0,0,0,0,0,0,0,0,0,0,0,0,0,0,0,0,0,0,0,0,0,0,0,0,10,52,51,61,65476,622,65476,1,0,4,21553,0.0,0.0,0.0,0.0,0.0,0.0,0.0,0.0,0.0,0.0,0.0,0.0,0.0,0.0,0.0,0.0,0.0,0.0,0.0,0.0,0.0,2.004,3.697074423243316e+19,-0.0,-0.0,3.697087617382849e+19,0.0,0.0,0.0,0.0,6582.0,-131351.203,0.0,2.718450016850437e+23,-0.0,-107616232.0,-0.0,-0.0,0.0,2.004,2.004,245,-0.0,-0.0,0.0,0.0,0.0,0.0,0.0,0.0,0.0,0,0,0,0.0,0.0,0.0,0.0,-3.40408444445295e+25,0.0,50653002989568.0,4.020487326415387e+23,-473395825213440.0,7.2424531854442365e+19,-6.251833180711159e+31,-0.0,-0.0,-0.0,0.0,-0.0,0,1.3516416376850534e+27,245,0.0,490,2.751745971104746e+27,7.503069267377585e+25,2050,52429,17150,39322,17152,39322,17144,0,0,0,105,99,100,0.0,69.0,0.0,69.9,-107615312.0,69.0,1,47,48,180,0,13107,0,0,0.0,0.0,0.0,60.0,0.0,74.5,0.0,0.0,0.0,1270,0,1276,0,0,0,1274,0,1286,0,1243,0,694,0,695,0,691,0,690,0.032,1.3305260699995496e+34,-0.0,0.0,58256,16828,0.0,0.0,-1.9128479938769915e+37,8.712201365863144e+28,432550944.0,-0.0,70.0,60.0,66,0.0,0.0,10.0,2.0,0.0,0.0,0.0,0.0,0.0,0.0,0.0,0.0,0.0,0.0,0.0,0.0,65.6,69,16,65516,49,65476,0,300,0,0,8,20529,65476,0,0,41943,60.0,0.0,10.0,10.0,2.0,0.0
2026-02-05T14:23:58,ERR,ERR,ERR,ERR,ERR,ERR,ERR,ERR,ERR,ERR,ERR,ERR,ERR,ERR,ERR,ERR,ERR,ERR,ERR,ERR,ERR,ERR,ERR,ERR,ERR,ERR,ERR,ERR,ERR,ERR,ERR,ERR,ERR,ERR,ERR,ERR,ERR,ERR,ERR,ERR,ERR,ERR,ERR,ERR,ERR,ERR,ERR,ERR,ERR,ERR,ERR,ERR,ERR,ERR,ERR,ERR,ERR,ERR,ERR,ERR,ERR,ERR,ERR,ERR,ERR,ERR,ERR,ERR,ERR,ERR,ERR,ERR,ERR,ERR,ERR,ERR,ERR,ERR,ERR,ERR,ERR,ERR,ERR,ERR,ERR,ERR,ERR,ERR,ERR,ERR,ERR,ERR,ERR,ERR,ERR,ERR,ERR,ERR,ERR,ERR,ERR,ERR,ERR,ERR,ERR,ERR,ERR,ERR,ERR,ERR,ERR,ERR,ERR,ERR,ERR,ERR,ERR,ERR,ERR,ERR,ERR,ERR,ERR,ERR,ERR,2.718450016850437e+23,-0.0,2.8364315368646023e+23,2.7183867863116688e+23,4.310542596761384e+28,1730193152.0,-4.652162116642406e+16,-110208.445,5800,0,8,17275,5800,14723891331072.0,100,0.0,0.0,-0.0,0.0,1.9056969178834534e+17,0,0,0,0,nan,0,0,0,0,0,0,0,0,0,0,0,0,0,0,0,0,0,0,0,0,0,0,0,0,0,0,0,0,0,0,0,0,0,10,52,51,61,65476,622,65476,1,0,4,21553,0.0,0.0,0.0,0.0,0.0,0.0,0.0,0.0,0.0,0.0,0.0,0.0,0.0,0.0,0.0,0.0,0.0,0.0,0.0,0.0,0.0,2.004,3.697074423243316e+19,-0.0,-0.0,3.697087617382849e+19,0.0,0.0,0.0,0.0,6582.0,-131351.203,0.0,2.718450016850437e+23,-0.0,-107616232.0,-0.0,-0.0,0.0,2.004,2.004,245,-0.0,-0.0,0.0,0.0,0.0,0.0,0.0,0.0,0.0,0,0,0,0.0,0.0,0.0,0.0,-3.40408444445295e+25,0.0,50653002989568.0,4.020487326415387e+23,-473395825213440.0,7.2424531854442365e+19,-6.251833180711159e+31,-0.0,-0.0,-0.0,0.0,-0.0,0,1.3516416376850534e+27,245,0.0,490,2.751745971104746e+27,7.503069267377585e+25,2050,52429,17150,39322,17152,39322,17144,0,0,0,105,99,100,0.0,69.0,0.0,69.9,-107615312.0,69.0,1,47,48,180,0,13107,0,0,0.0,0.0,0.0,60.0,0.0,74.5,0.0,0.0,0.0,1270,0,1276,0,0,0,1274,0,1286,0,1243,0,694,0,695,0,691,0,690,0.032,1.3305260699995496e+34,-0.0,0.0,58256,16828,0.0,0.0,-1.9128479938769915e+37,8.712201365863144e+28,432550944.0,-0.0,70.0,60.0,66,0.0,0.0,10.0,2.0,0.0,0.0,0.0,0.0,0.0,0.0,0.0,0.0,0.0,0.0,0.0,0.0,65.6,69,16,65516,49,65476,0,300,0,0,8,20529,65476,0,0,0,60.0,0.0,10.0,10.0,2.0,0.0
2026-02-05T14:23:59,ERR,ERR,ERR,ERR,ERR,ERR,ERR,ERR,ERR,ERR,ERR,ERR,ERR,ERR,ERR,ERR,ERR,ERR,ERR,ERR,ERR,ERR,ERR,ERR,ERR,ERR,ERR,ERR,ERR,ERR,ERR,ERR,ERR,ERR,ERR,ERR,ERR,ERR,ERR,ERR,ERR,ERR,ERR,ERR,ERR,ERR,ERR,ERR,ERR,ERR,ERR,ERR,ERR,ERR,ERR,ERR,ERR,ERR,ERR,ERR,ERR,ERR,ERR,ERR,ERR,ERR,ERR,ERR,ERR,ERR,ERR,ERR,ERR,ERR,ERR,ERR,ERR,ERR,ERR,ERR,ERR,ERR,ERR,ERR,ERR,ERR,ERR,ERR,ERR,ERR,ERR,ERR,ERR,ERR,ERR,ERR,ERR,ERR,ERR,ERR,ERR,ERR,ERR,ERR,ERR,ERR,ERR,ERR,ERR,ERR,ERR,ERR,ERR,ERR,ERR,ERR,ERR,ERR,ERR,ERR,ERR,ERR,ERR,ERR,ERR,2.718450016850437e+23,-0.0,2.8364315368646023e+23,2.7183867863116688e+23,4.310542596761384e+28,1730193152.0,-4.652162116642406e+16,-110208.445,5800,0,8,17275,5800,14723891331072.0,100,0.0,0.0,-0.0,0.0,1.9056969178834534e+17,0,0,0,0,nan,0,0,0,0,0,0,0,0,0,0,0,0,0,0,0,0,0,0,0,0,0,0,0,0,0,0,0,0,0,0,0,0,0,10,52,51,61,65476,622,65476,1,0,4,21553,0.0,0.0,0.0,0.0,0.0,0.0,0.0,0.0,0.0,0.0,0.0,0.0,0.0,0.0,0.0,0.0,0.0,0.0,0.0,0.0,0.0,2.004,3.697074423243316e+19,-0.0,-0.0,3.697087617382849e+19,0.0,0.0,0.0,0.0,6582.0,-131351.203,0.0,2.718450016850437e+23,-0.0,-107616232.0,-0.0,-0.0,0.0,2.004,2.004,245,-0.0,-0.0,0.0,0.0,0.0,0.0,0.0,0.0,0.0,0,0,0,0.0,0.0,0.0,0.0,-3.40408444445295e+25,0.0,50653002989568.0,4.020487326415387e+23,-473395825213440.0,7.2424531854442365e+19,-6.251833180711159e+31,-0.0,-0.0,-0.0,0.0,-0.0,0,1.3516416376850534e+27,245,0.0,490,2.751745971104746e+27,7.503069267377585e+25,2050,52429,17150,39322,17152,39322,17144,0,0,0,105,99,100,0.0,69.0,0.0,69.9,-107615312.0,69.0,1,47,48,180,0,13107,0,0,0.0,0.0,0.0,60.0,0.0,74.5,0.0,0.0,0.0,1270,0,1276,0,0,0,1274,0,1286,0,1243,0,694,0,695,0,691,0,690,0.032,1.3305260699995496e+34,-0.0,0.0,58256,16828,0.0,0.0,-1.9128479938769915e+37,8.712201365863144e+28,432550944.0,-0.0,70.0,60.0,66,0.0,0.0,10.0,2.0,0.0,0.0,0.0,0.0,0.0,0.0,0.0,0.0,0.0,0.0,0.0,0.0,65.6,69,16,65516,49,65476,0,300,0,0,8,20529,65476,0,0,0,60.0,0.0,10.0,10.0,2.0,0.0
2026-02-05T14:24:00,ERR,ERR,ERR,ERR,ERR,ERR,ERR,ERR,ERR,ERR,ERR,ERR,ERR,ERR,ERR,ERR,ERR,ERR,ERR,ERR,ERR,ERR,ERR,ERR,ERR,ERR,ERR,ERR,ERR,ERR,ERR,ERR,ERR,ERR,ERR,ERR,ERR,ERR,ERR,ERR,ERR,ERR,ERR,ERR,ERR,ERR,ERR,ERR,ERR,ERR,ERR,ERR,ERR,ERR,ERR,ERR,ERR,ERR,ERR,ERR,ERR,ERR,ERR,ERR,ERR,ERR,ERR,ERR,ERR,ERR,ERR,ERR,ERR,ERR,ERR,ERR,ERR,ERR,ERR,ERR,ERR,ERR,ERR,ERR,ERR,ERR,ERR,ERR,ERR,ERR,ERR,ERR,ERR,ERR,ERR,ERR,ERR,ERR,ERR,ERR,ERR,ERR,ERR,ERR,ERR,ERR,ERR,ERR,ERR,ERR,ERR,ERR,ERR,ERR,ERR,ERR,ERR,ERR,ERR,ERR,ERR,ERR,ERR,ERR,ERR,2.718450016850437e+23,-0.0,2.8364315368646023e+23,-107613408.0,-4.209512871143983e+25,0.0,-0.0,0.0,5800,0,8,17275,5800,-0.0,100,0.0,0.0,-107613408.0,0.0,1.9056969178834534e+17,0,0,0,0,nan,0,0,0,0,0,0,0,0,0,0,0,0,0,0,0,0,0,0,0,0,0,0,0,0,0,0,0,0,0,0,0,0,0,10,52,51,61,65476,622,65476,1,0,4,21553,0.0,0.0,0.0,0.0,0.0,0.0,0.0,0.0,0.0,0.0,0.0,0.0,0.0,0.0,0.0,0.0,0.0,0.0,0.0,0.0,0.0,2.004,3.697074423243316e+19,-0.0,-0.0,0.0,0.0,0.0,0.0,0.0,6584.0,-0.0,0.0,2.718450016850437e+23,-0.0,-107616232.0,107616440.0,-0.0,0.0,2.004,2.004,244,-0.0,-0.0,0.0,0.0,0.0,0.0,0.0,0.0,0.0,0,0,0,0.0,-1.363733020946117e+28,0.0,-4.620796887638575e+32,-2025418395746304.0,2.8087735190373037e+31,0.0,-7.114643842769229e+20,-0.0,9.354405675388004e+19,-7.519483780939389e+31,-0.0,-0.0,-0.0,0.0,-9306057037840384.0,0,1.3516416376850534e+27,244,0.0,488,0.0,-0.0,2048,52429,17150,39322,17152,39322,17144,0,0,0,105,99,100,0.0,69.1,0.0,69.9,-107615312.0,69.0,1,47,48,180,0,13107,0,0,0.0,0.0,0.0,60.0,0.0,74.5,0.0,-4.792254930406605e+16,0.0,1270,0,1276,0,0,0,1274,0,1286,0,1243,0,694,0,696,0,691,0,691,0.032,1.322413106158089e+34,-0.0,0.0,61584,16828,0.0,-4.792254930406605e+16,-7.128373971543654e+16,553611083907072.0,0.405,3.1923243541058986e+25,70.0,60.0,66,0.0,0.0,10.0,2.0,0.0,0.0,0.0,0.0,0.0,0.0,0.0,0.0,0.0,0.0,0.0,0.0,65.6,69,16,65516,49,65476,0,300,0,0,8,20529,65476,0,0,45875,60.0,0.0,10.0,10.0,2.0,0.0
2026-02-05T14:24:01,ERR,ERR,ERR,ERR,ERR,ERR,ERR,ERR,ERR,ERR,ERR,ERR,ERR,ERR,ERR,ERR,ERR,ERR,ERR,ERR,ERR,ERR,ERR,ERR,ERR,ERR,ERR,ERR,ERR,ERR,ERR,ERR,ERR,ERR,ERR,ERR,ERR,ERR,ERR,ERR,ERR,ERR,ERR,ERR,ERR,ERR,ERR,ERR,ERR,ERR,ERR,ERR,ERR,ERR,ERR,ERR,ERR,ERR,ERR,ERR,ERR,ERR,ERR,ERR,ERR,ERR,ERR,ERR,ERR,ERR,ERR,ERR,ERR,ERR,ERR,ERR,ERR,ERR,ERR,ERR,ERR,ERR,ERR,ERR,ERR,ERR,ERR,ERR,ERR,ERR,ERR,ERR,ERR,ERR,ERR,ERR,ERR,ERR,ERR,ERR,ERR,ERR,ERR,ERR,ERR,ERR,ERR,ERR,ERR,ERR,ERR,ERR,ERR,ERR,ERR,ERR,ERR,ERR,ERR,ERR,ERR,ERR,ERR,ERR,ERR,2.718450016850437e+23,-0.0,2.8364315368646023e+23,-107613408.0,-4.209512871143983e+25,0.0,-0.0,0.0,5800,0,8,17275,5800,-0.0,100,0.0,0.0,-107613408.0,0.0,1.9056969178834534e+17,0,0,0,0,nan,0,0,0,0,0,0,0,0,0,0,0,0,0,0,0,0,0,0,0,0,0,0,0,0,0,0,0,0,0,0,0,0,0,10,52,51,61,65476,622,65476,1,0,4,21553,0.0,0.0,0.0,0.0,0.0,0.0,0.0,0.0,0.0,0.0,0.0,0.0,0.0,0.0,0.0,0.0,0.0,0.0,0.0,0.0,0.0,2.004,3.697074423243316e+19,-0.0,-0.0,0.0,0.0,0.0,0.0,0.0,6584.0,-0.0,0.0,2.718450016850437e+23,-0.0,-107616232.0,107616440.0,-0.0,0.0,2.004,2.004,244,-0.0,-0.0,0.0,0.0,0.0,0.0,0.0,0.0,0.0,0,0,0,0.0,-1.363733020946117e+28,0.0,-4.620796887638575e+32,-2025418395746304.0,2.8087735190373037e+31,0.0,-7.114643842769229e+20,-0.0,9.354405675388004e+19,-7.519483780939389e+31,-0.0,-0.0,-0.0,0.0,-9306057037840384.0,0,1.3516416376850534e+27,244,0.0,488,0.0,-0.0,2048,52429,17150,39322,17152,39322,17144,0,0,0,105,99,100,0.0,69.1,0.0,69.9,-107615312.0,69.0,1,47,48,180,0,13107,0,0,0.0,0.0,0.0,60.0,0.0,74.5,0.0,-4.792254930406605e+16,0.0,1270,0,1276,0,0,0,1274,0,1286,0,1243,0,694,0,696,0,691,0,691,0.032,1.322413106158089e+34,-0.0,0.0,61584,16828,0.0,-4.792254930406605e+16,-7.128373971543654e+16,553611083907072.0,0.405,3.1923243541058986e+25,70.0,60.0,66,0.0,0.0,10.0,2.0,0.0,0.0,0.0,0.0,0.0,0.0,0.0,0.0,0.0,0.0,0.0,0.0,65.6,69,16,65516,49,65476,0,300,0,0,8,20529,65476,0,0,45875,60.0,0.0,10.0,10.0,2.0,0.0
2026-02-05T14:24:02,ERR,ERR,ERR,ERR,ERR,ERR,ERR,ERR,ERR,ERR,ERR,ERR,ERR,ERR,ERR,ERR,ERR,ERR,ERR,ERR,ERR,ERR,ERR,ERR,ERR,ERR,ERR,ERR,ERR,ERR,ERR,ERR,ERR,ERR,ERR,ERR,ERR,ERR,ERR,ERR,ERR,ERR,ERR,ERR,ERR,ERR,ERR,ERR,ERR,ERR,ERR,ERR,ERR,ERR,ERR,ERR,ERR,ERR,ERR,ERR,ERR,ERR,ERR,ERR,ERR,ERR,ERR,ERR,ERR,ERR,ERR,ERR,ERR,ERR,ERR,ERR,ERR,ERR,ERR,ERR,ERR,ERR,ERR,ERR,ERR,ERR,ERR,ERR,ERR,ERR,ERR,ERR,ERR,ERR,ERR,ERR,ERR,ERR,ERR,ERR,ERR,ERR,ERR,ERR,ERR,ERR,ERR,ERR,ERR,ERR,ERR,ERR,ERR,ERR,ERR,ERR,ERR,ERR,ERR,ERR,ERR,ERR,ERR,ERR,ERR,2.718450016850437e+23,-0.0,2.8364315368646023e+23,-107613408.0,-4.209512871143983e+25,0.0,-0.0,0.0,5800,0,8,17275,5800,-0.0,100,0.0,0.0,-107613408.0,0.0,1.9056969178834534e+17,0,0,0,0,nan,0,0,0,0,0,0,0,0,0,0,0,0,0,0,0,0,0,0,0,0,0,0,0,0,0,0,0,0,0,0,0,0,0,10,52,51,61,65476,622,65476,1,0,4,21553,0.0,0.0,0.0,0.0,0.0,0.0,0.0,0.0,0.0,0.0,0.0,0.0,0.0,0.0,0.0,0.0,0.0,0.0,0.0,0.0,0.0,2.004,3.697074423243316e+19,-0.0,-0.0,0.0,0.0,0.0,0.0,0.0,6584.0,-0.0,0.0,2.718450016850437e+23,-0.0,-107616232.0,107616440.0,-0.0,0.0,2.004,2.004,244,-0.0,-0.0,0.0,0.0,0.0,0.0,0.0,0.0,0.0,0,0,0,0.0,-1.363733020946117e+28,0.0,-4.620796887638575e+32,-2025418395746304.0,2.8087735190373037e+31,0.0,-7.114643842769229e+20,-0.0,9.354405675388004e+19,-7.519483780939389e+31,-0.0,-0.0,-0.0,0.0,-9306057037840384.0,0,1.3516416376850534e+27,244,0.0,488,0.0,-0.0,2048,52429,17150,39322,17152,39322,17144,0,0,0,105,99,100,0.0,69.1,0.0,69.9,-107615312.0,69.0,1,47,48,180,0,13107,0,0,0.0,0.0,0.0,60.0,0.0,74.5,0.0,-4.792254930406605e+16,0.0,1270,0,1276,0,0,0,1274,0,1286,0,1243,0,694,0,696,0,691,0,691,0.032,1.322413106158089e+34,-0.0,0.0,61584,16828,0.0,-4.792254930406605e+16,-7.128373971543654e+16,553611083907072.0,0.405,3.1923243541058986e+25,70.0,60.0,66,0.0,0.0,10.0,2.0,0.0,0.0,0.0,0.0,0.0,0.0,0.0,0.0,0.0,0.0,0.0,0.0,65.6,69,16,65516,49,65476,0,300,0,0,8,20529,65476,0,0,44564,60.0,0.0,10.0,10.0,2.0,0.0
2026-02-05T14:24:03,ERR,ERR,ERR,ERR,ERR,ERR,ERR,ERR,ERR,ERR,ERR,ERR,ERR,ERR,ERR,ERR,ERR,ERR,ERR,ERR,ERR,ERR,ERR,ERR,ERR,ERR,ERR,ERR,ERR,ERR,ERR,ERR,ERR,ERR,ERR,ERR,ERR,ERR,ERR,ERR,ERR,ERR,ERR,ERR,ERR,ERR,ERR,ERR,ERR,ERR,ERR,ERR,ERR,ERR,ERR,ERR,ERR,ERR,ERR,ERR,ERR,ERR,ERR,ERR,ERR,ERR,ERR,ERR,ERR,ERR,ERR,ERR,ERR,ERR,ERR,ERR,ERR,ERR,ERR,ERR,ERR,ERR,ERR,ERR,ERR,ERR,ERR,ERR,ERR,ERR,ERR,ERR,ERR,ERR,ERR,ERR,ERR,ERR,ERR,ERR,ERR,ERR,ERR,ERR,ERR,ERR,ERR,ERR,ERR,ERR,ERR,ERR,ERR,ERR,ERR,ERR,ERR,ERR,ERR,ERR,ERR,ERR,ERR,ERR,ERR,2.718450016850437e+23,-0.0,2.8364315368646023e+23,-107613408.0,-4.209512871143983e+25,0.0,-0.0,0.0,5800,0,8,17275,5800,-0.0,100,0.0,0.0,-107613408.0,0.0,1.9056969178834534e+17,0,0,0,0,nan,0,0,0,0,0,0,0,0,0,0,0,0,0,0,0,0,0,0,0,0,0,0,0,0,0,0,0,0,0,0,0,0,0,10,52,51,61,65476,622,65476,1,0,4,21553,0.0,0.0,0.0,0.0,0.0,0.0,0.0,0.0,0.0,0.0,0.0,0.0,0.0,0.0,0.0,0.0,0.0,0.0,0.0,0.0,0.0,2.004,3.697074423243316e+19,-0.0,-0.0,0.0,0.0,0.0,0.0,0.0,6584.0,-0.0,0.0,2.718450016850437e+23,-0.0,-107616232.0,107616440.0,-0.0,0.0,2.004,2.004,244,-0.0,-0.0,0.0,0.0,0.0,0.0,0.0,0.0,0.0,0,0,0,0.0,-1.363733020946117e+28,0.0,-4.620796887638575e+32,-2025418395746304.0,2.8087735190373037e+31,0.0,-7.114643842769229e+20,-0.0,9.354405675388004e+19,-7.519483780939389e+31,-0.0,-0.0,-0.0,0.0,-9306057037840384.0,0,1.3516416376850534e+27,244,0.0,488,0.0,-0.0,2048,52429,17150,39322,17152,39322,17144,0,0,0,105,99,100,0.0,69.1,0.0,69.9,-107615312.0,69.0,1,47,48,180,0,13107,0,0,0.0,0.0,0.0,60.0,0.0,74.5,0.0,-4.792254930406605e+16,0.0,1270,0,1276,0,0,0,1274,0,1286,0,1243,0,694,0,696,0,691,0,691,0.032,1.322413106158089e+34,-0.0,0.0,61584,16828,0.0,-4.792254930406605e+16,-7.128373971543654e+16,553611083907072.0,0.405,3.1923243541058986e+25,70.0,60.0,66,0.0,0.0,10.0,2.0,0.0,0.0,0.0,0.0,0.0,0.0,0.0,0.0,0.0,0.0,0.0,0.0,65.6,69,16,65516,49,65476,0,300,0,0,8,20529,65476,0,0,44564,60.0,0.0,10.0,10.0,2.0,0.0
2026-02-05T14:24:04,ERR,ERR,ERR,ERR,ERR,ERR,ERR,ERR,ERR,ERR,ERR,ERR,ERR,ERR,ERR,ERR,ERR,ERR,ERR,ERR,ERR,ERR,ERR,ERR,ERR,ERR,ERR,ERR,ERR,ERR,ERR,ERR,ERR,ERR,ERR,ERR,ERR,ERR,ERR,ERR,ERR,ERR,ERR,ERR,ERR,ERR,ERR,ERR,ERR,ERR,ERR,ERR,ERR,ERR,ERR,ERR,ERR,ERR,ERR,ERR,ERR,ERR,ERR,ERR,ERR,ERR,ERR,ERR,ERR,ERR,ERR,ERR,ERR,ERR,ERR,ERR,ERR,ERR,ERR,ERR,ERR,ERR,ERR,ERR,ERR,ERR,ERR,ERR,ERR,ERR,ERR,ERR,ERR,ERR,ERR,ERR,ERR,ERR,ERR,ERR,ERR,ERR,ERR,ERR,ERR,ERR,ERR,ERR,ERR,ERR,ERR,ERR,ERR,ERR,ERR,ERR,ERR,ERR,ERR,ERR,ERR,ERR,ERR,ERR,ERR,2.718450016850437e+23,-0.0,2.8364315368646023e+23,-107613408.0,-4.209512871143983e+25,0.0,-0.0,0.0,5800,0,8,17275,5800,-0.0,100,0.0,0.0,-107613408.0,0.0,1.9056969178834534e+17,0,0,0,0,nan,0,0,0,0,0,0,0,0,0,0,0,0,0,0,0,0,0,0,0,0,0,0,0,0,0,0,0,0,0,0,0,0,0,10,52,51,61,65476,622,65476,1,0,4,21553,0.0,0.0,0.0,0.0,0.0,0.0,0.0,0.0,0.0,0.0,0.0,0.0,0.0,0.0,0.0,0.0,0.0,0.0,0.0,0.0,0.0,2.004,3.697074423243316e+19,-0.0,-0.0,0.0,0.0,0.0,0.0,0.0,6584.0,-0.0,0.0,2.718450016850437e+23,-0.0,-107616232.0,107616440.0,-0.0,0.0,2.004,2.004,244,-0.0,-0.0,0.0,0.0,0.0,0.0,0.0,0.0,0.0,0,0,0,0.0,-1.363733020946117e+28,0.0,-4.620796887638575e+32,-2025418395746304.0,2.8087735190373037e+31,0.0,-7.114643842769229e+20,-0.0,9.354405675388004e+19,-7.519483780939389e+31,-0.0,-0.0,-0.0,0.0,-9306057037840384.0,0,1.3516416376850534e+27,244,0.0,488,0.0,-0.0,2048,52429,17150,39322,17152,39322,17144,0,0,0,105,99,100,0.0,69.1,0.0,69.9,-107615312.0,69.0,1,47,48,180,0,13107,0,0,0.0,0.0,0.0,60.0,0.0,74.5,0.0,4.599415880978268e+17,0.0,1270,0,1276,0,0,0,1274,0,1286,0,1243,0,694,0,696,0,691,0,690,0.032,1.3305260699995496e+34,-0.0,0.0,61456,16828,0.0,4.599415880978268e+17,180617968.0,-0.0,-0.0,-8.185896454767212e+28,70.0,60.0,66,0.0,0.0,10.0,2.0,0.0,0.0,0.0,0.0,0.0,0.0,0.0,0.0,0.0,0.0,0.0,0.0,65.6,69,16,65516,49,65476,0,300,0,0,8,20529,65476,0,0,43254,60.0,0.0,10.0,10.0,2.0,0.0
2026-02-05T14:24:05,ERR,ERR,ERR,ERR,ERR,ERR,ERR,ERR,ERR,ERR,ERR,ERR,ERR,ERR,ERR,ERR,ERR,ERR,ERR,ERR,ERR,ERR,ERR,ERR,ERR,ERR,ERR,ERR,ERR,ERR,ERR,ERR,ERR,ERR,ERR,ERR,ERR,ERR,ERR,ERR,ERR,ERR,ERR,ERR,ERR,ERR,ERR,ERR,ERR,ERR,ERR,ERR,ERR,ERR,ERR,ERR,ERR,ERR,ERR,ERR,ERR,ERR,ERR,ERR,ERR,ERR,ERR,ERR,ERR,ERR,ERR,ERR,ERR,ERR,ERR,ERR,ERR,ERR,ERR,ERR,ERR,ERR,ERR,ERR,ERR,ERR,ERR,ERR,ERR,ERR,ERR,ERR,ERR,ERR,ERR,ERR,ERR,ERR,ERR,ERR,ERR,ERR,ERR,ERR,ERR,ERR,ERR,ERR,ERR,ERR,ERR,ERR,ERR,ERR,ERR,ERR,ERR,ERR,ERR,ERR,ERR,ERR,ERR,ERR,ERR,2.718450016850437e+23,-0.0,2.8364315368646023e+23,-107613408.0,-4.209512871143983e+25,0.0,-0.0,0.0,5800,0,8,17275,5800,-0.0,100,0.0,0.0,-107613408.0,0.0,1.9056969178834534e+17,0,0,0,0,nan,0,0,0,0,0,0,0,0,0,0,0,0,0,0,0,0,0,0,0,0,0,0,0,0,0,0,0,0,0,0,0,0,0,10,52,51,61,65476,622,65476,1,0,4,21553,0.0,0.0,0.0,0.0,0.0,0.0,0.0,0.0,0.0,0.0,0.0,0.0,0.0,0.0,0.0,0.0,0.0,0.0,0.0,0.0,0.0,2.004,3.697074423243316e+19,-0.0,-0.0,0.0,0.0,0.0,0.0,0.0,6584.0,-0.0,0.0,2.718450016850437e+23,-0.0,-107616232.0,107616440.0,-0.0,0.0,2.004,2.004,244,-0.0,-0.0,0.0,0.0,0.0,0.0,0.0,0.0,0.0,0,0,0,0.0,-1.363733020946117e+28,0.0,-4.620796887638575e+32,-2025418395746304.0,2.8087735190373037e+31,0.0,-7.114643842769229e+20,-0.0,9.354405675388004e+19,-7.519483780939389e+31,-0.0,-0.0,-0.0,0.0,-9306057037840384.0,0,1.3516416376850534e+27,244,0.0,488,0.0,-0.0,2048,52429,17150,39322,17152,39322,17144,0,0,0,105,99,100,0.0,69.1,0.0,69.9,-107615312.0,69.0,1,47,48,180,0,13107,0,0,0.0,0.0,0.0,60.0,0.0,74.5,0.0,4.599415880978268e+17,0.0,1270,0,1276,0,0,0,1274,0,1286,0,1243,0,694,0,696,0,691,0,690,0.032,1.3305260699995496e+34,-0.0,0.0,61456,16828,0.0,4.599415880978268e+17,180617968.0,-0.0,-0.0,-8.185896454767212e+28,70.0,60.0,66,0.0,0.0,10.0,2.0,0.0,0.0,0.0,0.0,0.0,0.0,0.0,0.0,0.0,0.0,0.0,0.0,65.6,69,16,65516,49,65476,0,300,0,0,8,20529,65476,0,0,43254,60.0,0.0,10.0,10.0,2.0,0.0
2026-02-05T14:24:06,ERR,ERR,ERR,ERR,ERR,ERR,ERR,ERR,ERR,ERR,ERR,ERR,ERR,ERR,ERR,ERR,ERR,ERR,ERR,ERR,ERR,ERR,ERR,ERR,ERR,ERR,ERR,ERR,ERR,ERR,ERR,ERR,ERR,ERR,ERR,ERR,ERR,ERR,ERR,ERR,ERR,ERR,ERR,ERR,ERR,ERR,ERR,ERR,ERR,ERR,ERR,ERR,ERR,ERR,ERR,ERR,ERR,ERR,ERR,ERR,ERR,ERR,ERR,ERR,ERR,ERR,ERR,ERR,ERR,ERR,ERR,ERR,ERR,ERR,ERR,ERR,ERR,ERR,ERR,ERR,ERR,ERR,ERR,ERR,ERR,ERR,ERR,ERR,ERR,ERR,ERR,ERR,ERR,ERR,ERR,ERR,ERR,ERR,ERR,ERR,ERR,ERR,ERR,ERR,ERR,ERR,ERR,ERR,ERR,ERR,ERR,ERR,ERR,ERR,ERR,ERR,ERR,ERR,ERR,ERR,ERR,ERR,ERR,ERR,ERR,2.718450016850437e+23,-0.0,2.8364315368646023e+23,-107613408.0,-4.209512871143983e+25,0.0,-0.0,0.0,5800,0,8,17276,5800,-0.0,100,0.0,0.0,-107613408.0,0.0,1.9056969178834534e+17,0,0,0,0,nan,0,0,0,0,0,0,0,0,0,0,0,0,0,0,0,0,0,0,0,0,0,0,0,0,0,0,0,0,0,0,0,0,0,10,52,51,61,65476,622,65476,1,0,4,21553,0.0,0.0,0.0,0.0,0.0,0.0,0.0,0.0,0.0,0.0,0.0,0.0,0.0,0.0,0.0,0.0,0.0,0.0,0.0,0.0,0.0,2.004,3.697074423243316e+19,-0.0,-0.0,0.0,0.0,0.0,0.0,0.0,6557.0,-0.0,0.0,2.718450016850437e+23,-0.0,-107616232.0,0.0,-0.0,0.0,2.004,2.004,243,-0.0,-3.222024165466893e+26,0.0,0.0,0.0,0.0,0.0,0.0,0.0,0,0,0,-1.4868093150831167e+34,-8104.268,0.0,3.9154748335071596e+21,-12030163968.0,nan,2.1732311915237963e+36,-410.548,-0.0,1.1602602609371356e+20,-9.397922390863156e+31,-0.0,-0.0,-0.0,0.0,-9.481010467751073e+36,0,1.3516416376850534e+27,244,0.0,488,2.751745971104746e+27,7.503069267377585e+25,2048,52429,17150,39322,17152,39322,17144,0,0,0,105,99,100,0.0,69.1,0.0,69.9,-107615312.0,69.0,1,47,48,180,0,13107,0,0,0.0,0.0,0.0,60.0,0.0,74.5,0.0,4.599415880978268e+17,0.0,1270,0,1276,0,0,0,1274,0,1286,0,1243,0,694,0,696,0,691,0,690,0.032,1.3305260699995496e+34,-0.0,0.0,61456,16828,0.0,4.599415880978268e+17,180617968.0,-0.0,-0.0,-8.185896454767212e+28,70.0,60.0,66,0.0,0.0,10.0,2.0,0.0,0.0,0.0,0.0,0.0,0.0,0.0,0.0,0.0,0.0,0.0,0.0,65.6,69,16,65516,49,65476,0,300,0,0,8,20529,65476,0,0,40632,60.0,0.0,10.0,10.0,2.0,0.0
2026-02-05T14:24:07,ERR,ERR,ERR,ERR,ERR,ERR,ERR,ERR,ERR,ERR,ERR,ERR,ERR,ERR,ERR,ERR,ERR,ERR,ERR,ERR,ERR,ERR,ERR,ERR,ERR,ERR,ERR,ERR,ERR,ERR,ERR,ERR,ERR,ERR,ERR,ERR,ERR,ERR,ERR,ERR,ERR,ERR,ERR,ERR,ERR,ERR,ERR,ERR,ERR,ERR,ERR,ERR,ERR,ERR,ERR,ERR,ERR,ERR,ERR,ERR,ERR,ERR,ERR,ERR,ERR,ERR,ERR,ERR,ERR,ERR,ERR,ERR,ERR,ERR,ERR,ERR,ERR,ERR,ERR,ERR,ERR,ERR,ERR,ERR,ERR,ERR,ERR,ERR,ERR,ERR,ERR,ERR,ERR,ERR,ERR,ERR,ERR,ERR,ERR,ERR,ERR,ERR,ERR,ERR,ERR,ERR,ERR,ERR,ERR,ERR,ERR,ERR,ERR,ERR,ERR,ERR,ERR,ERR,ERR,ERR,ERR,ERR,ERR,ERR,ERR,2.718450016850437e+23,-0.0,2.8364315368646023e+23,-107613408.0,-4.209512871143983e+25,0.0,-0.0,0.0,5800,0,8,17276,5800,-0.0,100,0.0,0.0,-107613408.0,0.0,1.9056969178834534e+17,0,0,0,0,nan,0,0,0,0,0,0,0,0,0,0,0,0,0,0,0,0,0,0,0,0,0,0,0,0,0,0,0,0,0,0,0,0,0,10,52,51,61,65476,622,65476,1,0,4,21553,0.0,0.0,0.0,0.0,0.0,0.0,0.0,0.0,0.0,0.0,0.0,0.0,0.0,0.0,0.0,0.0,0.0,0.0,0.0,0.0,0.0,2.004,3.697074423243316e+19,-0.0,-0.0,0.0,0.0,0.0,0.0,0.0,6557.0,-0.0,0.0,2.718450016850437e+23,-0.0,-107616232.0,0.0,-0.0,0.0,2.004,2.004,243,-0.0,-3.222024165466893e+26,0.0,0.0,0.0,0.0,0.0,0.0,0.0,0,0,0,-1.4868093150831167e+34,-8104.268,0.0,3.9154748335071596e+21,-12030163968.0,nan,2.1732311915237963e+36,-410.548,-0.0,1.1602602609371356e+20,-9.397922390863156e+31,-0.0,-0.0,-0.0,0.0,-9.481010467751073e+36,0,1.3516416376850534e+27,244,0.0,488,2.751745971104746e+27,7.503069267377585e+25,2048,52429,17150,39322,17152,39322,17144,0,0,0,105,99,100,0.0,69.1,0.0,69.9,-107615312.0,69.0,1,47,48,180,0,13107,0,0,0.0,0.0,0.0,60.0,0.0,74.5,0.0,4.599415880978268e+17,0.0,1270,0,1276,0,0,0,1274,0,1286,0,1243,0,694,0,696,0,691,0,690,0.032,1.3305260699995496e+34,-0.0,0.0,61456,16828,0.0,4.599415880978268e+17,180617968.0,-0.0,-0.0,-8.185896454767212e+28,70.0,60.0,66,0.0,0.0,10.0,2.0,0.0,0.0,0.0,0.0,0.0,0.0,0.0,0.0,0.0,0.0,0.0,0.0,65.6,69,16,65516,49,65476,0,300,0,0,8,20529,65476,0,0,40632,60.0,0.0,10.0,10.0,2.0,0.0
2026-02-05T14:24:08,ERR,ERR,ERR,ERR,ERR,ERR,ERR,ERR,ERR,ERR,ERR,ERR,ERR,ERR,ERR,ERR,ERR,ERR,ERR,ERR,ERR,ERR,ERR,ERR,ERR,ERR,ERR,ERR,ERR,ERR,ERR,ERR,ERR,ERR,ERR,ERR,ERR,ERR,ERR,ERR,ERR,ERR,ERR,ERR,ERR,ERR,ERR,ERR,ERR,ERR,ERR,ERR,ERR,ERR,ERR,ERR,ERR,ERR,ERR,ERR,ERR,ERR,ERR,ERR,ERR,ERR,ERR,ERR,ERR,ERR,ERR,ERR,ERR,ERR,ERR,ERR,ERR,ERR,ERR,ERR,ERR,ERR,ERR,ERR,ERR,ERR,ERR,ERR,ERR,ERR,ERR,ERR,ERR,ERR,ERR,ERR,ERR,ERR,ERR,ERR,ERR,ERR,ERR,ERR,ERR,ERR,ERR,ERR,ERR,ERR,ERR,ERR,ERR,ERR,ERR,ERR,ERR,ERR,ERR,ERR,ERR,ERR,ERR,ERR,ERR,2.718450016850437e+23,-0.0,2.8364315368646023e+23,-107613408.0,-4.209512871143983e+25,0.0,-0.0,0.0,5800,0,8,17276,5800,-0.0,100,0.0,0.0,-107613408.0,0.0,1.9056969178834534e+17,0,0,0,0,nan,0,0,0,0,0,0,0,0,0,0,0,0,0,0,0,0,0,0,0,0,0,0,0,0,0,0,0,0,0,0,0,0,0,10,52,51,61,65476,622,65476,1,0,4,21553,0.0,0.0,0.0,0.0,0.0,0.0,0.0,0.0,0.0,0.0,0.0,0.0,0.0,0.0,0.0,0.0,0.0,0.0,0.0,0.0,0.0,2.004,3.697074423243316e+19,-0.0,-0.0,0.0,0.0,0.0,0.0,0.0,6557.0,-0.0,0.0,2.718450016850437e+23,-0.0,-107616232.0,0.0,-0.0,0.0,2.004,2.004,243,-0.0,-3.222024165466893e+26,0.0,0.0,0.0,0.0,0.0,0.0,0.0,0,0,0,-1.4868093150831167e+34,-8104.268,0.0,3.9154748335071596e+21,-12030163968.0,nan,2.1732311915237963e+36,-410.548,-0.0,1.1602602609371356e+20,-9.397922390863156e+31,-0.0,-0.0,-0.0,0.0,-9.481010467751073e+36,0,1.3516416376850534e+27,244,0.0,488,2.751745971104746e+27,7.503069267377585e+25,2048,52429,17150,39322,17152,39322,17144,0,0,0,105,99,100,2.7302352164993253e+23,69.0,0.0,69.9,-107615312.0,69.0,1,47,48,180,0,13107,0,0,0.0,0.0,0.0,60.0,-9.381022961901862e+33,74.5,0.0,0.0,0.0,1270,0,1276,0,0,0,1274,0,1286,0,1243,0,694,0,696,0,692,0,690,0.032,1.3305260699995496e+34,-0.0,0.0,56848,16828,0.0,0.0,0.0,5.308690216213545e+17,48448980123648.0,-0.0,70.0,60.0,66,0.0,0.0,10.0,2.0,0.0,0.0,0.0,0.0,0.0,0.0,0.0,0.0,0.0,0.0,0.0,0.0,65.6,69,16,65516,49,65476,0,300,0,0,8,20529,65476,0,0,41943,60.0,0.0,10.0,10.0,2.0,0.0
2026-02-05T14:24:09,ERR,ERR,ERR,ERR,ERR,ERR,ERR,ERR,ERR,ERR,ERR,ERR,ERR,ERR,ERR,ERR,ERR,ERR,ERR,ERR,ERR,ERR,ERR,ERR,ERR,ERR,ERR,ERR,ERR,ERR,ERR,ERR,ERR,ERR,ERR,ERR,ERR,ERR,ERR,ERR,ERR,ERR,ERR,ERR,ERR,ERR,ERR,ERR,ERR,ERR,ERR,ERR,ERR,ERR,ERR,ERR,ERR,ERR,ERR,ERR,ERR,ERR,ERR,ERR,ERR,ERR,ERR,ERR,ERR,ERR,ERR,ERR,ERR,ERR,ERR,ERR,ERR,ERR,ERR,ERR,ERR,ERR,ERR,ERR,ERR,ERR,ERR,ERR,ERR,ERR,ERR,ERR,ERR,ERR,ERR,ERR,ERR,ERR,ERR,ERR,ERR,ERR,ERR,ERR,ERR,ERR,ERR,ERR,ERR,ERR,ERR,ERR,ERR,ERR,ERR,ERR,ERR,ERR,ERR,ERR,ERR,ERR,ERR,ERR,ERR,2.718450016850437e+23,-0.0,2.8364315368646023e+23,-107613408.0,-4.209512871143983e+25,0.0,-0.0,0.0,5800,0,8,17276,5800,-0.0,100,0.0,0.0,-107613408.0,0.0,1.9056969178834534e+17,0,0,0,0,nan,0,0,0,0,0,0,0,0,0,0,0,0,0,0,0,0,0,0,0,0,0,0,0,0,0,0,0,0,0,0,0,0,0,10,52,51,61,65476,622,65476,1,0,4,21553,0.0,0.0,0.0,0.0,0.0,0.0,0.0,0.0,0.0,0.0,0.0,0.0,0.0,0.0,0.0,0.0,0.0,0.0,0.0,0.0,0.0,2.004,3.697074423243316e+19,-0.0,-0.0,0.0,0.0,0.0,0.0,0.0,6557.0,-0.0,0.0,2.718450016850437e+23,-0.0,-107616232.0,0.0,-0.0,0.0,2.004,2.004,243,-0.0,-3.222024165466893e+26,0.0,0.0,0.0,0.0,0.0,0.0,0.0,0,0,0,-1.4868093150831167e+34,-8104.268,0.0,3.9154748335071596e+21,-12030163968.0,nan,2.1732311915237963e+36,-410.548,-0.0,1.1602602609371356e+20,-9.397922390863156e+31,-0.0,-0.0,-0.0,0.0,-9.481010467751073e+36,0,1.3516416376850534e+27,244,0.0,488,2.751745971104746e+27,7.503069267377585e+25,2048,52429,17150,39322,17152,39322,17144,0,0,0,105,99,100,2.7302352164993253e+23,69.0,0.0,69.9,-107615312.0,69.0,1,47,48,180,0,13107,0,0,0.0,0.0,0.0,60.0,-9.381022961901862e+33,74.5,0.0,0.0,0.0,1270,0,1276,0,0,0,1274,0,1286,0,1243,0,694,0,696,0,692,0,690,0.032,1.3305260699995496e+34,-0.0,0.0,56848,16828,0.0,0.0,0.0,5.308690216213545e+17,48448980123648.0,-0.0,70.0,60.0,66,0.0,0.0,10.0,2.0,0.0,0.0,0.0,0.0,0.0,0.0,0.0,0.0,0.0,0.0,0.0,0.0,65.6,69,16,65516,49,65476,0,300,0,0,8,20529,65476,0,0,44564,60.0,0.0,10.0,10.0,2.0,0.0
2026-02-05T14:24:10,ERR,ERR,ERR,ERR,ERR,ERR,ERR,ERR,ERR,ERR,ERR,ERR,ERR,ERR,ERR,ERR,ERR,ERR,ERR,ERR,ERR,ERR,ERR,ERR,ERR,ERR,ERR,ERR,ERR,ERR,ERR,ERR,ERR,ERR,ERR,ERR,ERR,ERR,ERR,ERR,ERR,ERR,ERR,ERR,ERR,ERR,ERR,ERR,ERR,ERR,ERR,ERR,ERR,ERR,ERR,ERR,ERR,ERR,ERR,ERR,ERR,ERR,ERR,ERR,ERR,ERR,ERR,ERR,ERR,ERR,ERR,ERR,ERR,ERR,ERR,ERR,ERR,ERR,ERR,ERR,ERR,ERR,ERR,ERR,ERR,ERR,ERR,ERR,ERR,ERR,ERR,ERR,ERR,ERR,ERR,ERR,ERR,ERR,ERR,ERR,ERR,ERR,ERR,ERR,ERR,ERR,ERR,ERR,ERR,ERR,ERR,ERR,ERR,ERR,ERR,ERR,ERR,ERR,ERR,ERR,ERR,ERR,ERR,ERR,ERR,2.718450016850437e+23,-0.0,2.8364315368646023e+23,-107613408.0,-4.209512871143983e+25,0.0,-0.0,0.0,5800,0,8,17276,5800,-0.0,100,0.0,0.0,-107613408.0,0.0,1.9056969178834534e+17,0,0,0,0,nan,0,0,0,0,0,0,0,0,0,0,0,0,0,0,0,0,0,0,0,0,0,0,0,0,0,0,0,0,0,0,0,0,0,10,52,51,61,65476,622,65476,1,0,4,21553,0.0,0.0,0.0,0.0,0.0,0.0,0.0,0.0,0.0,0.0,0.0,0.0,0.0,0.0,0.0,0.0,0.0,0.0,0.0,0.0,0.0,2.004,3.697074423243316e+19,-0.0,-0.0,0.0,0.0,0.0,0.0,0.0,6557.0,-0.0,0.0,2.718450016850437e+23,-0.0,-107616232.0,0.0,-0.0,0.0,2.004,2.004,243,-0.0,-3.222024165466893e+26,0.0,0.0,0.0,0.0,0.0,0.0,0.0,0,0,0,-1.4868093150831167e+34,-8104.268,0.0,3.9154748335071596e+21,-12030163968.0,nan,2.1732311915237963e+36,-410.548,-0.0,1.1602602609371356e+20,-9.397922390863156e+31,-0.0,-0.0,-0.0,0.0,-9.481010467751073e+36,0,1.3516416376850534e+27,244,0.0,488,2.751745971104746e+27,7.503069267377585e+25,2048,52429,17150,39322,17152,39322,17144,0,0,0,105,99,100,2.7302352164993253e+23,69.0,0.0,69.9,-107615312.0,69.0,1,47,48,180,0,13107,0,0,0.0,0.0,0.0,60.0,-9.381022961901862e+33,74.5,0.0,0.0,0.0,1270,0,1276,0,0,0,1274,0,1286,0,1243,0,694,0,696,0,692,0,690,0.032,1.3305260699995496e+34,-0.0,0.0,56848,16828,0.0,0.0,0.0,5.308690216213545e+17,48448980123648.0,-0.0,70.0,60.0,66,0.0,0.0,10.0,2.0,0.0,0.0,0.0,0.0,0.0,0.0,0.0,0.0,0.0,0.0,0.0,0.0,65.6,69,16,65516,49,65476,0,300,0,0,8,20529,65476,0,0,44564,60.0,0.0,10.0,10.0,2.0,0.0
2026-02-05T14:24:11,ERR,ERR,ERR,ERR,ERR,ERR,ERR,ERR,ERR,ERR,ERR,ERR,ERR,ERR,ERR,ERR,ERR,ERR,ERR,ERR,ERR,ERR,ERR,ERR,ERR,ERR,ERR,ERR,ERR,ERR,ERR,ERR,ERR,ERR,ERR,ERR,ERR,ERR,ERR,ERR,ERR,ERR,ERR,ERR,ERR,ERR,ERR,ERR,ERR,ERR,ERR,ERR,ERR,ERR,ERR,ERR,ERR,ERR,ERR,ERR,ERR,ERR,ERR,ERR,ERR,ERR,ERR,ERR,ERR,ERR,ERR,ERR,ERR,ERR,ERR,ERR,ERR,ERR,ERR,ERR,ERR,ERR,ERR,ERR,ERR,ERR,ERR,ERR,ERR,ERR,ERR,ERR,ERR,ERR,ERR,ERR,ERR,ERR,ERR,ERR,ERR,ERR,ERR,ERR,ERR,ERR,ERR,ERR,ERR,ERR,ERR,ERR,ERR,ERR,ERR,ERR,ERR,ERR,ERR,ERR,ERR,ERR,ERR,ERR,ERR,2.718450016850437e+23,-0.0,2.8364315368646023e+23,-107613408.0,-4.209512871143983e+25,0.0,-0.0,0.0,5800,0,8,17276,5800,-0.0,100,0.0,0.0,-107613408.0,0.0,1.9056969178834534e+17,0,0,0,0,nan,0,0,0,0,0,0,0,0,0,0,0,0,0,0,0,0,0,0,0,0,0,0,0,0,0,0,0,0,0,0,0,0,0,10,52,51,61,65476,622,65476,1,0,4,21553,0.0,0.0,0.0,0.0,0.0,0.0,0.0,0.0,0.0,0.0,0.0,0.0,0.0,0.0,0.0,0.0,0.0,0.0,0.0,0.0,0.0,2.004,2.004,-0.0,-0.0,0.0,0.0,0.0,0.0,0.0,6552.0,-0.0,0.0,2.718450016850437e+23,-0.0,-107616232.0,-0.0,0.0,0.0,2.004,2.004,245,-0.0,-4.0668755697950344e+29,0.0,0.0,0.0,0.0,0.0,0.0,0.0,0,0,0,0.0,0.0,0.0,-1.3093111511128052e+31,-3.4479950862208595e+29,0.0,471602.281,10621605888.0,-14698119.0,1.4023737769045734e+20,-1.1996606121331027e+32,-0.0,-0.0,-0.0,0.0,-2.952765343257788e+26,0,1.3516416376850534e+27,241,0.0,482,0.0,-0.0,2048,52429,17150,39322,17152,39322,17144,0,0,0,105,99,100,2.7302352164993253e+23,69.0,0.0,69.9,-107615312.0,69.0,1,47,48,180,0,13107,0,0,0.0,0.0,0.0,60.0,-9.381022961901862e+33,74.5,0.0,0.0,0.0,1270,0,1276,0,0,0,1274,0,1286,0,1243,0,694,0,696,0,692,0,690,0.032,1.3305260699995496e+34,-0.0,0.0,56848,16828,0.0,0.0,0.0,5.308690216213545e+17,48448980123648.0,-0.0,70.0,60.0,66,0.0,0.0,10.0,2.0,0.0,0.0,0.0,0.0,0.0,0.0,0.0,0.0,0.0,0.0,0.0,0.0,65.6,69,16,65516,49,65476,0,300,0,0,8,20529,65476,0,0,39322,60.0,0.0,10.0,10.0,2.0,0.0
2026-02-05T14:24:12,ERR,ERR,ERR,ERR,ERR,ERR,ERR,ERR,ERR,ERR,ERR,ERR,ERR,ERR,ERR,ERR,ERR,ERR,ERR,ERR,ERR,ERR,ERR,ERR,ERR,ERR,ERR,ERR,ERR,ERR,ERR,ERR,ERR,ERR,ERR,ERR,ERR,ERR,ERR,ERR,ERR,ERR,ERR,ERR,ERR,ERR,ERR,ERR,ERR,ERR,ERR,ERR,ERR,ERR,ERR,ERR,ERR,ERR,ERR,ERR,ERR,ERR,ERR,ERR,ERR,ERR,ERR,ERR,ERR,ERR,ERR,ERR,ERR,ERR,ERR,ERR,ERR,ERR,ERR,ERR,ERR,ERR,ERR,ERR,ERR,ERR,ERR,ERR,ERR,ERR,ERR,ERR,ERR,ERR,ERR,ERR,ERR,ERR,ERR,ERR,ERR,ERR,ERR,ERR,ERR,ERR,ERR,ERR,ERR,ERR,ERR,ERR,ERR,ERR,ERR,ERR,ERR,ERR,ERR,ERR,ERR,ERR,ERR,ERR,ERR,2.718450016850437e+23,-0.0,2.8364315368646023e+23,-107613408.0,-4.209512871143983e+25,0.0,-0.0,0.0,5800,0,8,17276,5800,-0.0,100,0.0,0.0,-107613408.0,0.0,1.9056969178834534e+17,0,0,0,0,nan,0,0,0,0,0,0,0,0,0,0,0,0,0,0,0,0,0,0,0,0,0,0,0,0,0,0,0,0,0,0,0,0,0,10,52,51,61,65476,622,65476,1,0,4,21553,0.0,0.0,0.0,0.0,0.0,0.0,0.0,0.0,0.0,0.0,0.0,0.0,0.0,0.0,0.0,0.0,0.0,0.0,0.0,0.0,0.0,2.004,2.004,-0.0,-0.0,0.0,0.0,0.0,0.0,0.0,6552.0,-0.0,0.0,2.718450016850437e+23,-0.0,-107616232.0,-0.0,0.0,0.0,2.004,2.004,245,-0.0,-4.0668755697950344e+29,0.0,0.0,0.0,0.0,0.0,0.0,0.0,0,0,0,0.0,0.0,0.0,-1.3093111511128052e+31,-3.4479950862208595e+29,0.0,471602.281,10621605888.0,-14698119.0,1.4023737769045734e+20,-1.1996606121331027e+32,-0.0,-0.0,-0.0,0.0,-2.952765343257788e+26,0,1.3516416376850534e+27,241,0.0,482,0.0,-0.0,2048,52429,17150,39322,17152,39322,17144,0,0,0,105,99,100,0.0,69.1,0.0,69.9,-107615312.0,69.0,1,47,48,180,0,13107,0,0,0.0,0.0,0.0,60.0,-3.4584688719558275e+31,74.5,0.0,2.5474059199945114e+17,0.0,1270,0,1276,0,0,0,1274,0,1286,0,1243,0,694,0,696,0,691,0,689,0.032,1.322413106158089e+34,-0.0,0.0,59664,16828,0.0,2.5474059199945114e+17,254208.734,-0.005,-0.0,-2.5296807824249856e+26,70.0,60.0,66,0.0,0.0,10.0,2.0,0.0,0.0,0.0,0.0,0.0,0.0,0.0,0.0,0.0,0.0,0.0,0.0,65.6,69,16,65516,49,65476,0,300,0,0,8,20529,65476,0,0,39322,60.0,0.0,10.0,10.0,2.0,0.0
2026-02-05T14:24:13,ERR,ERR,ERR,ERR,ERR,ERR,ERR,ERR,ERR,ERR,ERR,ERR,ERR,ERR,ERR,ERR,ERR,ERR,ERR,ERR,ERR,ERR,ERR,ERR,ERR,ERR,ERR,ERR,ERR,ERR,ERR,ERR,ERR,ERR,ERR,ERR,ERR,ERR,ERR,ERR,ERR,ERR,ERR,ERR,ERR,ERR,ERR,ERR,ERR,ERR,ERR,ERR,ERR,ERR,ERR,ERR,ERR,ERR,ERR,ERR,ERR,ERR,ERR,ERR,ERR,ERR,ERR,ERR,ERR,ERR,ERR,ERR,ERR,ERR,ERR,ERR,ERR,ERR,ERR,ERR,ERR,ERR,ERR,ERR,ERR,ERR,ERR,ERR,ERR,ERR,ERR,ERR,ERR,ERR,ERR,ERR,ERR,ERR,ERR,ERR,ERR,ERR,ERR,ERR,ERR,ERR,ERR,ERR,ERR,ERR,ERR,ERR,ERR,ERR,ERR,ERR,ERR,ERR,ERR,ERR,ERR,ERR,ERR,ERR,ERR,2.718450016850437e+23,-0.0,2.8364315368646023e+23,-107613408.0,-4.209512871143983e+25,0.0,-0.0,0.0,5800,0,8,17276,5800,-0.0,100,0.0,0.0,-107613408.0,0.0,1.9056969178834534e+17,0,0,0,0,nan,0,0,0,0,0,0,0,0,0,0,0,0,0,0,0,0,0,0,0,0,0,0,0,0,0,0,0,0,0,0,0,0,0,10,52,51,61,65476,622,65476,1,0,4,21553,0.0,0.0,0.0,0.0,0.0,0.0,0.0,0.0,0.0,0.0,0.0,0.0,0.0,0.0,0.0,0.0,0.0,0.0,0.0,0.0,0.0,2.004,2.004,-0.0,-0.0,0.0,0.0,0.0,0.0,0.0,6552.0,-0.0,0.0,2.718450016850437e+23,-0.0,-107616232.0,-0.0,0.0,0.0,2.004,2.004,245,-0.0,-4.0668755697950344e+29,0.0,0.0,0.0,0.0,0.0,0.0,0.0,0,0,0,0.0,0.0,0.0,-1.3093111511128052e+31,-3.4479950862208595e+29,0.0,471602.281,10621605888.0,-14698119.0,1.4023737769045734e+20,-1.1996606121331027e+32,-0.0,-0.0,-0.0,0.0,-2.952765343257788e+26,0,1.3516416376850534e+27,241,0.0,482,0.0,-0.0,2048,52429,17150,39322,17152,39322,17144,0,0,0,105,99,100,0.0,69.1,0.0,69.9,-107615312.0,69.0,1,47,48,180,0,13107,0,0,0.0,0.0,0.0,60.0,-3.4584688719558275e+31,74.5,0.0,2.5474059199945114e+17,0.0,1270,0,1276,0,0,0,1274,0,1286,0,1243,0,694,0,696,0,691,0,689,0.032,1.322413106158089e+34,-0.0,0.0,59664,16828,0.0,2.5474059199945114e+17,254208.734,-0.005,-0.0,-2.5296807824249856e+26,70.0,60.0,66,0.0,0.0,10.0,2.0,0.0,0.0,0.0,0.0,0.0,0.0,0.0,0.0,0.0,0.0,0.0,0.0,65.6,69,16,65516,49,65476,0,300,0,0,8,20529,65476,0,0,40632,60.0,0.0,10.0,10.0,2.0,0.0
2026-02-05T14:24:14,ERR,ERR,ERR,ERR,ERR,ERR,ERR,ERR,ERR,ERR,ERR,ERR,ERR,ERR,ERR,ERR,ERR,ERR,ERR,ERR,ERR,ERR,ERR,ERR,ERR,ERR,ERR,ERR,ERR,ERR,ERR,ERR,ERR,ERR,ERR,ERR,ERR,ERR,ERR,ERR,ERR,ERR,ERR,ERR,ERR,ERR,ERR,ERR,ERR,ERR,ERR,ERR,ERR,ERR,ERR,ERR,ERR,ERR,ERR,ERR,ERR,ERR,ERR,ERR,ERR,ERR,ERR,ERR,ERR,ERR,ERR,ERR,ERR,ERR,ERR,ERR,ERR,ERR,ERR,ERR,ERR,ERR,ERR,ERR,ERR,ERR,ERR,ERR,ERR,ERR,ERR,ERR,ERR,ERR,ERR,ERR,ERR,ERR,ERR,ERR,ERR,ERR,ERR,ERR,ERR,ERR,ERR,ERR,ERR,ERR,ERR,ERR,ERR,ERR,ERR,ERR,ERR,ERR,ERR,ERR,ERR,ERR,ERR,ERR,ERR,2.718450016850437e+23,-0.0,2.8364315368646023e+23,-107613408.0,-4.209512871143983e+25,0.0,-0.0,0.0,5800,0,8,17276,5800,-0.0,100,0.0,0.0,-107613408.0,0.0,1.9056969178834534e+17,0,0,0,0,nan,0,0,0,0,0,0,0,0,0,0,0,0,0,0,0,0,0,0,0,0,0,0,0,0,0,0,0,0,0,0,0,0,0,10,52,51,61,65476,622,65476,1,0,4,21553,0.0,0.0,0.0,0.0,0.0,0.0,0.0,0.0,0.0,0.0,0.0,0.0,0.0,0.0,0.0,0.0,0.0,0.0,0.0,0.0,0.0,2.004,2.004,-0.0,-0.0,0.0,0.0,0.0,0.0,0.0,6552.0,-0.0,0.0,2.718450016850437e+23,-0.0,-107616232.0,-0.0,0.0,0.0,2.004,2.004,245,-0.0,-4.0668755697950344e+29,0.0,0.0,0.0,0.0,0.0,0.0,0.0,0,0,0,0.0,0.0,0.0,-1.3093111511128052e+31,-3.4479950862208595e+29,0.0,471602.281,10621605888.0,-14698119.0,1.4023737769045734e+20,-1.1996606121331027e+32,-0.0,-0.0,-0.0,0.0,-2.952765343257788e+26,0,1.3516416376850534e+27,241,0.0,482,0.0,-0.0,2048,52429,17150,39322,17152,39322,17144,0,0,0,105,99,100,0.0,69.1,0.0,69.9,-107615312.0,69.0,1,47,48,180,0,13107,0,0,0.0,0.0,0.0,60.0,-3.4584688719558275e+31,74.5,0.0,2.5474059199945114e+17,0.0,1270,0,1276,0,0,0,1274,0,1286,0,1243,0,694,0,696,0,691,0,689,0.032,1.322413106158089e+34,-0.0,0.0,59664,16828,0.0,2.5474059199945114e+17,254208.734,-0.005,-0.0,-2.5296807824249856e+26,70.0,60.0,66,0.0,0.0,10.0,2.0,0.0,0.0,0.0,0.0,0.0,0.0,0.0,0.0,0.0,0.0,0.0,0.0,65.6,69,16,65516,49,65476,0,300,0,0,8,20529,65476,0,0,40632,60.0,0.0,10.0,10.0,2.0,0.0
2026-02-05T14:24:15,ERR,ERR,ERR,ERR,ERR,ERR,ERR,ERR,ERR,ERR,ERR,ERR,ERR,ERR,ERR,ERR,ERR,ERR,ERR,ERR,ERR,ERR,ERR,ERR,ERR,ERR,ERR,ERR,ERR,ERR,ERR,ERR,ERR,ERR,ERR,ERR,ERR,ERR,ERR,ERR,ERR,ERR,ERR,ERR,ERR,ERR,ERR,ERR,ERR,ERR,ERR,ERR,ERR,ERR,ERR,ERR,ERR,ERR,ERR,ERR,ERR,ERR,ERR,ERR,ERR,ERR,ERR,ERR,ERR,ERR,ERR,ERR,ERR,ERR,ERR,ERR,ERR,ERR,ERR,ERR,ERR,ERR,ERR,ERR,ERR,ERR,ERR,ERR,ERR,ERR,ERR,ERR,ERR,ERR,ERR,ERR,ERR,ERR,ERR,ERR,ERR,ERR,ERR,ERR,ERR,ERR,ERR,ERR,ERR,ERR,ERR,ERR,ERR,ERR,ERR,ERR,ERR,ERR,ERR,ERR,ERR,ERR,ERR,ERR,ERR,2.718450016850437e+23,-0.0,2.8364315368646023e+23,-107613408.0,-4.209512871143983e+25,0.0,-0.0,0.0,5800,0,8,17276,5800,-0.0,100,0.0,0.0,-107613408.0,0.0,1.9056969178834534e+17,0,0,0,0,nan,0,0,0,0,0,0,0,0,0,0,0,0,0,0,0,0,0,0,0,0,0,0,0,0,0,0,0,0,0,0,0,0,0,10,52,51,61,65476,622,65476,1,0,4,21553,0.0,0.0,0.0,0.0,0.0,0.0,0.0,0.0,0.0,0.0,0.0,0.0,0.0,0.0,0.0,0.0,0.0,0.0,0.0,0.0,0.0,2.004,2.004,-0.0,-0.0,0.0,0.0,0.0,0.0,0.0,6552.0,-0.0,0.0,2.718450016850437e+23,-0.0,-107616232.0,-0.0,0.0,0.0,2.004,2.004,245,-0.0,-4.0668755697950344e+29,0.0,0.0,0.0,0.0,0.0,0.0,0.0,0,0,0,0.0,0.0,0.0,-1.3093111511128052e+31,-3.4479950862208595e+29,0.0,471602.281,10621605888.0,-14698119.0,1.4023737769045734e+20,-1.1996606121331027e+32,-0.0,-0.0,-0.0,0.0,-2.952765343257788e+26,0,1.3516416376850534e+27,241,0.0,482,0.0,-0.0,2048,52429,17150,39322,17152,39322,17144,0,0,0,105,99,100,0.0,69.1,0.0,69.9,-107615312.0,69.0,1,47,48,180,0,13107,0,0,0.0,0.0,0.0,60.0,-3.4584688719558275e+31,74.5,0.0,2.5474059199945114e+17,0.0,1270,0,1276,0,0,0,1274,0,1286,0,1243,0,694,0,696,0,691,0,689,0.032,1.322413106158089e+34,-0.0,0.0,59664,16828,0.0,2.5474059199945114e+17,254208.734,-0.005,-0.0,-2.5296807824249856e+26,70.0,60.0,66,0.0,0.0,10.0,2.0,0.0,0.0,0.0,0.0,0.0,0.0,0.0,0.0,0.0,0.0,0.0,0.0,65.6,69,16,65516,49,65476,0,300,0,0,8,20529,65476,0,0,41943,60.0,0.0,10.0,10.0,2.0,0.0
2026-02-05T14:24:16,ERR,ERR,ERR,ERR,ERR,ERR,ERR,ERR,ERR,ERR,ERR,ERR,ERR,ERR,ERR,ERR,ERR,ERR,ERR,ERR,ERR,ERR,ERR,ERR,ERR,ERR,ERR,ERR,ERR,ERR,ERR,ERR,ERR,ERR,ERR,ERR,ERR,ERR,ERR,ERR,ERR,ERR,ERR,ERR,ERR,ERR,ERR,ERR,ERR,ERR,ERR,ERR,ERR,ERR,ERR,ERR,ERR,ERR,ERR,ERR,ERR,ERR,ERR,ERR,ERR,ERR,ERR,ERR,ERR,ERR,ERR,ERR,ERR,ERR,ERR,ERR,ERR,ERR,ERR,ERR,ERR,ERR,ERR,ERR,ERR,ERR,ERR,ERR,ERR,ERR,ERR,ERR,ERR,ERR,ERR,ERR,ERR,ERR,ERR,ERR,ERR,ERR,ERR,ERR,ERR,ERR,ERR,ERR,ERR,ERR,ERR,ERR,ERR,ERR,ERR,ERR,ERR,ERR,ERR,ERR,ERR,ERR,ERR,ERR,ERR,2.718450016850437e+23,-0.0,2.8364315368646023e+23,-107613408.0,-4.209512871143983e+25,0.0,-0.0,0.0,5800,0,8,17276,5800,-0.0,100,0.0,0.0,-107613408.0,0.0,1.9056969178834534e+17,0,0,0,0,nan,0,0,0,0,0,0,0,0,0,0,0,0,0,0,0,0,0,0,0,0,0,0,0,0,0,0,0,0,0,0,0,0,0,10,52,51,61,65476,622,65476,1,0,4,21553,0.0,0.0,0.0,0.0,0.0,0.0,0.0,0.0,0.0,0.0,0.0,0.0,0.0,0.0,0.0,0.0,0.0,0.0,0.0,0.0,0.0,2.004,3.697074423243316e+19,-0.0,-0.0,-0.0,0.0,0.0,0.0,0.0,6585.0,131351.203,0.0,2.718450016850437e+23,-0.0,-0.0,0.0,-0.0,0.0,2.004,2.004,241,-0.0,2.7184280392842555e+23,0.0,0.0,0.0,0.0,0.0,0.0,0.0,0,0,0,0.0,0.0,0.0,-0.0,-1.9764370503312652e+24,0.0,0.876,-3.751336964469555e+16,-7.518460932981929e+32,1.778647414709053e+20,-1.4468524791776074e+32,-0.0,-0.0,-0.0,0.0,-0.0,0,1.3516416376850534e+27,241,0.0,482,-0.0,-68.128,2048,52429,17150,39322,17152,39322,17144,0,0,0,105,99,100,2.7302352164993253e+23,69.1,0.0,69.9,-107615312.0,69.0,1,47,48,180,0,13107,0,0,0.0,0.0,0.0,60.0,-2.601423291774809e+33,74.0,0.0,-0.0,0.0,1270,0,1277,0,0,0,1274,0,1286,0,1243,0,694,0,696,0,692,0,689,0.032,1.3386390338410102e+34,-0.0,0.0,60560,16828,0.0,-0.0,6.0990480998952335e+26,5.4248937973822746e+23,-1842.051,0.0,70.0,60.0,66,0.0,0.0,10.0,2.0,0.0,0.0,0.0,0.0,0.0,0.0,0.0,0.0,0.0,0.0,0.0,0.0,65.6,69,16,65516,49,65476,0,300,0,0,8,20529,65476,0,0,41943,60.0,0.0,10.0,10.0,2.0,0.0
2026-02-05T14:24:17,ERR,ERR,ERR,ERR,ERR,ERR,ERR,ERR,ERR,ERR,ERR,ERR,ERR,ERR,ERR,ERR,ERR,ERR,ERR,ERR,ERR,ERR,ERR,ERR,ERR,ERR,ERR,ERR,ERR,ERR,ERR,ERR,ERR,ERR,ERR,ERR,ERR,ERR,ERR,ERR,ERR,ERR,ERR,ERR,ERR,ERR,ERR,ERR,ERR,ERR,ERR,ERR,ERR,ERR,ERR,ERR,ERR,ERR,ERR,ERR,ERR,ERR,ERR,ERR,ERR,ERR,ERR,ERR,ERR,ERR,ERR,ERR,ERR,ERR,ERR,ERR,ERR,ERR,ERR,ERR,ERR,ERR,ERR,ERR,ERR,ERR,ERR,ERR,ERR,ERR,ERR,ERR,ERR,ERR,ERR,ERR,ERR,ERR,ERR,ERR,ERR,ERR,ERR,ERR,ERR,ERR,ERR,ERR,ERR,ERR,ERR,ERR,ERR,ERR,ERR,ERR,ERR,ERR,ERR,ERR,ERR,ERR,ERR,ERR,ERR,2.718450016850437e+23,-0.0,2.8364315368646023e+23,-107613408.0,-4.209512871143983e+25,0.0,-0.0,0.0,5800,0,8,17276,5800,-0.0,100,0.0,0.0,-107613408.0,0.0,1.9056969178834534e+17,0,0,0,0,nan,0,0,0,0,0,0,0,0,0,0,0,0,0,0,0,0,0,0,0,0,0,0,0,0,0,0,0,0,0,0,0,0,0,10,52,51,61,65476,622,65476,1,0,4,21553,0.0,0.0,0.0,0.0,0.0,0.0,0.0,0.0,0.0,0.0,0.0,0.0,0.0,0.0,0.0,0.0,0.0,0.0,0.0,0.0,0.0,2.004,3.697074423243316e+19,-0.0,-0.0,-0.0,0.0,0.0,0.0,0.0,6585.0,131351.203,0.0,2.718450016850437e+23,-0.0,-0.0,0.0,-0.0,0.0,2.004,2.004,241,-0.0,2.7184280392842555e+23,0.0,0.0,0.0,0.0,0.0,0.0,0.0,0,0,0,0.0,0.0,0.0,-0.0,-1.9764370503312652e+24,0.0,0.876,-3.751336964469555e+16,-7.518460932981929e+32,1.778647414709053e+20,-1.4468524791776074e+32,-0.0,-0.0,-0.0,0.0,-0.0,0,1.3516416376850534e+27,241,0.0,482,-0.0,-68.128,2048,52429,17150,39322,17152,39322,17144,0,0,0,105,99,100,2.7302352164993253e+23,69.1,0.0,69.9,-107615312.0,69.0,1,47,48,180,0,13107,0,0,0.0,0.0,0.0,60.0,-2.601423291774809e+33,74.0,0.0,-0.0,0.0,1270,0,1277,0,0,0,1274,0,1286,0,1243,0,694,0,696,0,692,0,689,0.032,1.3386390338410102e+34,-0.0,0.0,60560,16828,0.0,-0.0,6.0990480998952335e+26,5.4248937973822746e+23,-1842.051,0.0,70.0,60.0,66,0.0,0.0,10.0,2.0,0.0,0.0,0.0,0.0,0.0,0.0,0.0,0.0,0.0,0.0,0.0,0.0,65.6,69,16,65516,49,65476,0,300,0,0,8,20529,65476,0,0,47186,60.0,0.0,10.0,10.0,2.0,0.0
2026-02-05T14:24:18,ERR,ERR,ERR,ERR,ERR,ERR,ERR,ERR,ERR,ERR,ERR,ERR,ERR,ERR,ERR,ERR,ERR,ERR,ERR,ERR,ERR,ERR,ERR,ERR,ERR,ERR,ERR,ERR,ERR,ERR,ERR,ERR,ERR,ERR,ERR,ERR,ERR,ERR,ERR,ERR,ERR,ERR,ERR,ERR,ERR,ERR,ERR,ERR,ERR,ERR,ERR,ERR,ERR,ERR,ERR,ERR,ERR,ERR,ERR,ERR,ERR,ERR,ERR,ERR,ERR,ERR,ERR,ERR,ERR,ERR,ERR,ERR,ERR,ERR,ERR,ERR,ERR,ERR,ERR,ERR,ERR,ERR,ERR,ERR,ERR,ERR,ERR,ERR,ERR,ERR,ERR,ERR,ERR,ERR,ERR,ERR,ERR,ERR,ERR,ERR,ERR,ERR,ERR,ERR,ERR,ERR,ERR,ERR,ERR,ERR,ERR,ERR,ERR,ERR,ERR,ERR,ERR,ERR,ERR,ERR,ERR,ERR,ERR,ERR,ERR,2.718450016850437e+23,-0.0,2.8364315368646023e+23,-107613408.0,-4.209512871143983e+25,0.0,-0.0,0.0,5800,0,8,17276,5800,-0.0,100,0.0,0.0,-107613408.0,0.0,1.9056969178834534e+17,0,0,0,0,nan,0,0,0,0,0,0,0,0,0,0,0,0,0,0,0,0,0,0,0,0,0,0,0,0,0,0,0,0,0,0,0,0,0,10,52,51,61,65476,622,65476,1,0,4,21553,0.0,0.0,0.0,0.0,0.0,0.0,0.0,0.0,0.0,0.0,0.0,0.0,0.0,0.0,0.0,0.0,0.0,0.0,0.0,0.0,0.0,2.004,3.697074423243316e+19,-0.0,-0.0,-0.0,0.0,0.0,0.0,0.0,6585.0,131351.203,0.0,2.718450016850437e+23,-0.0,-0.0,0.0,-0.0,0.0,2.004,2.004,241,-0.0,2.7184280392842555e+23,0.0,0.0,0.0,0.0,0.0,0.0,0.0,0,0,0,0.0,0.0,0.0,-0.0,-1.9764370503312652e+24,0.0,0.876,-3.751336964469555e+16,-7.518460932981929e+32,1.778647414709053e+20,-1.4468524791776074e+32,-0.0,-0.0,-0.0,0.0,-0.0,0,1.3516416376850534e+27,241,0.0,482,-0.0,-68.128,2048,52429,17150,39322,17152,39322,17144,0,0,0,105,99,100,2.7302352164993253e+23,69.1,0.0,69.9,-107615312.0,69.0,1,47,48,180,0,13107,0,0,0.0,0.0,0.0,60.0,-2.601423291774809e+33,74.0,0.0,-0.0,0.0,1270,0,1277,0,0,0,1274,0,1286,0,1243,0,694,0,696,0,692,0,689,0.032,1.3386390338410102e+34,-0.0,0.0,60560,16828,0.0,-0.0,6.0990480998952335e+26,5.4248937973822746e+23,-1842.051,0.0,70.0,60.0,66,0.0,0.0,10.0,2.0,0.0,0.0,0.0,0.0,0.0,0.0,0.0,0.0,0.0,0.0,0.0,0.0,65.6,69,16,65516,49,65476,0,300,0,0,8,20529,65476,0,0,47186,60.0,0.0,10.0,10.0,2.0,0.0
2026-02-05T14:24:19,ERR,ERR,ERR,ERR,ERR,ERR,ERR,ERR,ERR,ERR,ERR,ERR,ERR,ERR,ERR,ERR,ERR,ERR,ERR,ERR,ERR,ERR,ERR,ERR,ERR,ERR,ERR,ERR,ERR,ERR,ERR,ERR,ERR,ERR,ERR,ERR,ERR,ERR,ERR,ERR,ERR,ERR,ERR,ERR,ERR,ERR,ERR,ERR,ERR,ERR,ERR,ERR,ERR,ERR,ERR,ERR,ERR,ERR,ERR,ERR,ERR,ERR,ERR,ERR,ERR,ERR,ERR,ERR,ERR,ERR,ERR,ERR,ERR,ERR,ERR,ERR,ERR,ERR,ERR,ERR,ERR,ERR,ERR,ERR,ERR,ERR,ERR,ERR,ERR,ERR,ERR,ERR,ERR,ERR,ERR,ERR,ERR,ERR,ERR,ERR,ERR,ERR,ERR,ERR,ERR,ERR,ERR,ERR,ERR,ERR,ERR,ERR,ERR,ERR,ERR,ERR,ERR,ERR,ERR,ERR,ERR,ERR,ERR,ERR,ERR,2.718450016850437e+23,-0.0,2.8364315368646023e+23,-107613408.0,-4.209512871143983e+25,0.0,-0.0,0.0,5800,0,8,17276,5800,-0.0,100,0.0,0.0,-107613408.0,0.0,1.9056969178834534e+17,0,0,0,0,nan,0,0,0,0,0,0,0,0,0,0,0,0,0,0,0,0,0,0,0,0,0,0,0,0,0,0,0,0,0,0,0,0,0,10,52,51,61,65476,622,65476,1,0,4,21553,0.0,0.0,0.0,0.0,0.0,0.0,0.0,0.0,0.0,0.0,0.0,0.0,0.0,0.0,0.0,0.0,0.0,0.0,0.0,0.0,0.0,2.004,3.697074423243316e+19,-0.0,-0.0,-0.0,0.0,0.0,0.0,0.0,6585.0,131351.203,0.0,2.718450016850437e+23,-0.0,-0.0,0.0,-0.0,0.0,2.004,2.004,241,-0.0,2.7184280392842555e+23,0.0,0.0,0.0,0.0,0.0,0.0,0.0,0,0,0,0.0,0.0,0.0,-0.0,-1.9764370503312652e+24,0.0,0.876,-3.751336964469555e+16,-7.518460932981929e+32,1.778647414709053e+20,-1.4468524791776074e+32,-0.0,-0.0,-0.0,0.0,-0.0,0,1.3516416376850534e+27,241,0.0,482,-0.0,-68.128,2048,52429,17150,39322,17152,39322,17144,0,0,0,105,99,100,2.7302352164993253e+23,69.1,0.0,69.9,-107615312.0,69.0,1,47,48,180,0,13107,0,0,0.0,0.0,0.0,60.0,-2.601423291774809e+33,74.0,0.0,-0.0,0.0,1270,0,1277,0,0,0,1274,0,1286,0,1243,0,694,0,696,0,692,0,689,0.032,1.3386390338410102e+34,-0.0,0.0,60560,16828,0.0,-0.0,6.0990480998952335e+26,5.4248937973822746e+23,-1842.051,0.0,70.0,60.0,66,0.0,0.0,10.0,2.0,0.0,0.0,0.0,0.0,0.0,0.0,0.0,0.0,0.0,0.0,0.0,0.0,65.6,69,16,65516,49,65476,0,300,0,0,8,20529,65476,0,0,41943,60.0,0.0,10.0,10.0,2.0,0.0
2026-02-05T14:24:20,ERR,ERR,ERR,ERR,ERR,ERR,ERR,ERR,ERR,ERR,ERR,ERR,ERR,ERR,ERR,ERR,ERR,ERR,ERR,ERR,ERR,ERR,ERR,ERR,ERR,ERR,ERR,ERR,ERR,ERR,ERR,ERR,ERR,ERR,ERR,ERR,ERR,ERR,ERR,ERR,ERR,ERR,ERR,ERR,ERR,ERR,ERR,ERR,ERR,ERR,ERR,ERR,ERR,ERR,ERR,ERR,ERR,ERR,ERR,ERR,ERR,ERR,ERR,ERR,ERR,ERR,ERR,ERR,ERR,ERR,ERR,ERR,ERR,ERR,ERR,ERR,ERR,ERR,ERR,ERR,ERR,ERR,ERR,ERR,ERR,ERR,ERR,ERR,ERR,ERR,ERR,ERR,ERR,ERR,ERR,ERR,ERR,ERR,ERR,ERR,ERR,ERR,ERR,ERR,ERR,ERR,ERR,ERR,ERR,ERR,ERR,ERR,ERR,ERR,ERR,ERR,ERR,ERR,ERR,ERR,ERR,ERR,ERR,ERR,ERR,2.718450016850437e+23,-0.0,2.8364315368646023e+23,-107613408.0,-4.209512871143983e+25,0.0,-0.0,0.0,5800,0,8,17276,5800,-0.0,100,0.0,0.0,-107613408.0,0.0,1.9056969178834534e+17,0,0,0,0,nan,0,0,0,0,0,0,0,0,0,0,0,0,0,0,0,0,0,0,0,0,0,0,0,0,0,0,0,0,0,0,0,0,0,10,52,51,61,65476,622,65476,1,0,4,21553,0.0,0.0,0.0,0.0,0.0,0.0,0.0,0.0,0.0,0.0,0.0,0.0,0.0,0.0,0.0,0.0,0.0,0.0,0.0,0.0,0.0,2.004,3.697074423243316e+19,-0.0,-0.0,-0.0,0.0,0.0,0.0,0.0,6585.0,131351.203,0.0,2.718450016850437e+23,-0.0,-0.0,0.0,-0.0,0.0,2.004,2.004,241,-0.0,2.7184280392842555e+23,0.0,0.0,0.0,0.0,0.0,0.0,0.0,0,0,0,0.0,0.0,0.0,-0.0,-1.9764370503312652e+24,0.0,0.876,-3.751336964469555e+16,-7.518460932981929e+32,1.778647414709053e+20,-1.4468524791776074e+32,-0.0,-0.0,-0.0,0.0,-0.0,0,1.3516416376850534e+27,241,0.0,482,-0.0,-68.128,2048,52429,17150,39322,17152,39322,17144,0,0,0,105,99,100,2.7302352164993253e+23,69.1,0.0,69.9,-107615312.0,69.0,1,47,48,180,0,13107,0,0,0.0,0.0,0.0,60.0,-4.004820405081283e+35,74.0,0.0,0.0,0.0,1270,0,1276,0,0,0,1274,0,1286,0,1243,0,694,0,696,0,692,0,689,0.032,1.3386390338410102e+34,2.004,-107615304.0,1424,16829,0.0,0.0,0.0,379066944.0,6.181477048783995e+17,-0.0,70.0,60.0,66,0.0,0.0,10.0,2.0,0.0,0.0,0.0,0.0,0.0,0.0,0.0,0.0,0.0,0.0,0.0,0.0,65.6,69,16,65516,49,65476,0,300,0,0,8,20529,65476,0,0,41943,60.0,0.0,10.0,10.0,2.0,0.0
2026-02-05T14:24:21,ERR,ERR,ERR,ERR,ERR,ERR,ERR,ERR,ERR,ERR,ERR,ERR,ERR,ERR,ERR,ERR,ERR,ERR,ERR,ERR,ERR,ERR,ERR,ERR,ERR,ERR,ERR,ERR,ERR,ERR,ERR,ERR,ERR,ERR,ERR,ERR,ERR,ERR,ERR,ERR,ERR,ERR,ERR,ERR,ERR,ERR,ERR,ERR,ERR,ERR,ERR,ERR,ERR,ERR,ERR,ERR,ERR,ERR,ERR,ERR,ERR,ERR,ERR,ERR,ERR,ERR,ERR,ERR,ERR,ERR,ERR,ERR,ERR,ERR,ERR,ERR,ERR,ERR,ERR,ERR,ERR,ERR,ERR,ERR,ERR,ERR,ERR,ERR,ERR,ERR,ERR,ERR,ERR,ERR,ERR,ERR,ERR,ERR,ERR,ERR,ERR,ERR,ERR,ERR,ERR,ERR,ERR,ERR,ERR,ERR,ERR,ERR,ERR,ERR,ERR,ERR,ERR,ERR,ERR,ERR,ERR,ERR,ERR,ERR,ERR,2.718450016850437e+23,-0.0,2.8364315368646023e+23,-107613408.0,-4.209512871143983e+25,0.0,-0.0,0.0,5800,0,8,17276,5800,-0.0,100,0.0,0.0,-107613408.0,0.0,1.9056969178834534e+17,0,0,0,0,nan,0,0,0,0,0,0,0,0,0,0,0,0,0,0,0,0,0,0,0,0,0,0,0,0,0,0,0,0,0,0,0,0,0,10,52,51,61,65476,622,65476,1,0,4,21553,0.0,0.0,0.0,0.0,0.0,0.0,0.0,0.0,0.0,0.0,0.0,0.0,0.0,0.0,0.0,0.0,0.0,0.0,0.0,0.0,0.0,2.004,3.697074423243316e+19,-0.0,-0.0,-0.0,0.0,0.0,0.0,0.0,6585.0,131351.203,0.0,2.718450016850437e+23,-0.0,-0.0,0.0,-0.0,0.0,2.004,2.004,241,-0.0,2.7184280392842555e+23,0.0,0.0,0.0,0.0,0.0,0.0,0.0,0,0,0,0.0,0.0,0.0,-0.0,-1.9764370503312652e+24,0.0,0.876,-3.751336964469555e+16,-7.518460932981929e+32,1.778647414709053e+20,-1.4468524791776074e+32,-0.0,-0.0,-0.0,0.0,-0.0,0,1.3516416376850534e+27,241,0.0,482,-0.0,-68.128,2048,52429,17150,39322,17152,39322,17144,0,0,0,105,99,100,2.7302352164993253e+23,69.1,0.0,69.9,-107615312.0,69.0,1,47,48,180,0,13107,0,0,0.0,0.0,0.0,60.0,-4.004820405081283e+35,74.0,0.0,0.0,0.0,1270,0,1276,0,0,0,1274,0,1286,0,1243,0,694,0,696,0,692,0,689,0.032,1.3386390338410102e+34,2.004,-107615304.0,1424,16829,0.0,0.0,0.0,379066944.0,6.181477048783995e+17,-0.0,70.0,60.0,66,0.0,0.0,10.0,2.0,0.0,0.0,0.0,0.0,0.0,0.0,0.0,0.0,0.0,0.0,0.0,0.0,66.0,69,16,65516,49,65476,0,300,0,0,8,20529,65476,0,0,40632,60.0,0.0,10.0,10.0,2.0,0.0
2026-02-05T14:24:22,ERR,ERR,ERR,ERR,ERR,ERR,ERR,ERR,ERR,ERR,ERR,ERR,ERR,ERR,ERR,ERR,ERR,ERR,ERR,ERR,ERR,ERR,ERR,ERR,ERR,ERR,ERR,ERR,ERR,ERR,ERR,ERR,ERR,ERR,ERR,ERR,ERR,ERR,ERR,ERR,ERR,ERR,ERR,ERR,ERR,ERR,ERR,ERR,ERR,ERR,ERR,ERR,ERR,ERR,ERR,ERR,ERR,ERR,ERR,ERR,ERR,ERR,ERR,ERR,ERR,ERR,ERR,ERR,ERR,ERR,ERR,ERR,ERR,ERR,ERR,ERR,ERR,ERR,ERR,ERR,ERR,ERR,ERR,ERR,ERR,ERR,ERR,ERR,ERR,ERR,ERR,ERR,ERR,ERR,ERR,ERR,ERR,ERR,ERR,ERR,ERR,ERR,ERR,ERR,ERR,ERR,ERR,ERR,ERR,ERR,ERR,ERR,ERR,ERR,ERR,ERR,ERR,ERR,ERR,ERR,ERR,ERR,ERR,ERR,ERR,2.718450016850437e+23,-0.0,2.8364315368646023e+23,-107613408.0,-4.209512871143983e+25,0.0,-0.088,0.0,5800,0,8,17276,5800,-0.0,100,0.0,0.0,-107613408.0,0.0,1.9056969178834534e+17,0,0,0,0,nan,0,0,0,0,0,0,0,0,0,0,0,0,0,0,0,0,0,0,0,0,0,0,0,0,0,0,0,0,0,0,0,0,0,10,52,51,61,65476,622,65476,1,0,4,21553,0.0,0.0,0.0,0.0,0.0,0.0,0.0,0.0,0.0,0.0,0.0,0.0,0.0,0.0,0.0,0.0,0.0,0.0,0.0,0.0,0.0,2.004,3.697074423243316e+19,-0.0,-0.0,-0.0,0.0,0.0,0.0,0.0,6618.0,-0.0,0.0,2.718450016850437e+23,-0.0,-107616232.0,-2.7184545204500644e+23,-0.0,0.0,2.004,2.004,243,-0.0,0.0,0.0,0.0,0.0,0.0,0.0,0.0,0.0,0,0,0,0.0,29345.072,0.0,-0.0,-4.0579848819410207e+18,-9.877336415449009e+26,186934416.0,-27.784,-1.824430453395394e+31,2.2282868015057234e+20,-1.7654959241520906e+32,-0.0,-0.0,-0.0,0.0,-0.0,0,1.3516416376850534e+27,243,0.0,486,0.0,6.982198219291256e+30,2048,52429,17150,39322,17152,39322,17144,0,0,0,105,99,100,2.7302352164993253e+23,69.1,0.0,69.9,-107615312.0,69.0,1,47,48,180,0,13107,0,0,0.0,0.0,0.0,60.0,-4.004820405081283e+35,74.0,0.0,0.0,0.0,1270,0,1276,0,0,0,1274,0,1286,0,1243,0,694,0,696,0,692,0,689,0.032,1.3386390338410102e+34,2.004,-107615304.0,1424,16829,0.0,0.0,0.0,379066944.0,6.181477048783995e+17,-0.0,70.0,60.0,66,0.0,0.0,10.0,2.0,0.0,0.0,0.0,0.0,0.0,0.0,0.0,0.0,0.0,0.0,0.0,0.0,66.0,69,16,65516,49,65476,0,300,0,0,8,20529,65476,0,0,40632,60.0,0.0,10.0,10.0,2.0,0.0
2026-02-05T14:24:23,ERR,ERR,ERR,ERR,ERR,ERR,ERR,ERR,ERR,ERR,ERR,ERR,ERR,ERR,ERR,ERR,ERR,ERR,ERR,ERR,ERR,ERR,ERR,ERR,ERR,ERR,ERR,ERR,ERR,ERR,ERR,ERR,ERR,ERR,ERR,ERR,ERR,ERR,ERR,ERR,ERR,ERR,ERR,ERR,ERR,ERR,ERR,ERR,ERR,ERR,ERR,ERR,ERR,ERR,ERR,ERR,ERR,ERR,ERR,ERR,ERR,ERR,ERR,ERR,ERR,ERR,ERR,ERR,ERR,ERR,ERR,ERR,ERR,ERR,ERR,ERR,ERR,ERR,ERR,ERR,ERR,ERR,ERR,ERR,ERR,ERR,ERR,ERR,ERR,ERR,ERR,ERR,ERR,ERR,ERR,ERR,ERR,ERR,ERR,ERR,ERR,ERR,ERR,ERR,ERR,ERR,ERR,ERR,ERR,ERR,ERR,ERR,ERR,ERR,ERR,ERR,ERR,ERR,ERR,ERR,ERR,ERR,ERR,ERR,ERR,2.718450016850437e+23,-0.0,2.8364315368646023e+23,-107613408.0,-4.209512871143983e+25,0.0,-0.088,0.0,5800,0,8,17276,5800,-0.0,100,0.0,0.0,-107613408.0,0.0,1.9056969178834534e+17,0,0,0,0,nan,0,0,0,0,0,0,0,0,0,0,0,0,0,0,0,0,0,0,0,0,0,0,0,0,0,0,0,0,0,0,0,0,0,10,52,51,61,65476,622,65476,1,0,4,21553,0.0,0.0,0.0,0.0,0.0,0.0,0.0,0.0,0.0,0.0,0.0,0.0,0.0,0.0,0.0,0.0,0.0,0.0,0.0,0.0,0.0,2.004,3.697074423243316e+19,-0.0,-0.0,-0.0,0.0,0.0,0.0,0.0,6618.0,-0.0,0.0,2.718450016850437e+23,-0.0,-107616232.0,-2.7184545204500644e+23,-0.0,0.0,2.004,2.004,243,-0.0,0.0,0.0,0.0,0.0,0.0,0.0,0.0,0.0,0,0,0,0.0,29345.072,0.0,-0.0,-4.0579848819410207e+18,-9.877336415449009e+26,186934416.0,-27.784,-1.824430453395394e+31,2.2282868015057234e+20,-1.7654959241520906e+32,-0.0,-0.0,-0.0,0.0,-0.0,0,1.3516416376850534e+27,243,0.0,486,0.0,6.982198219291256e+30,2048,52429,17150,39322,17152,39322,17144,0,0,0,105,99,100,2.7302352164993253e+23,69.1,0.0,69.9,-107615312.0,69.0,1,47,48,180,0,13107,0,0,0.0,0.0,0.0,60.0,-4.004820405081283e+35,74.0,0.0,0.0,0.0,1270,0,1276,0,0,0,1274,0,1286,0,1243,0,694,0,696,0,692,0,689,0.032,1.3386390338410102e+34,2.004,-107615304.0,1424,16829,0.0,0.0,0.0,379066944.0,6.181477048783995e+17,-0.0,70.0,60.0,66,0.0,0.0,10.0,2.0,0.0,0.0,0.0,0.0,0.0,0.0,0.0,0.0,0.0,0.0,0.0,0.0,65.6,69,16,65516,49,65476,0,300,0,0,8,20529,65476,0,0,41943,60.0,0.0,10.0,10.0,2.0,0.0
2026-02-05T14:24:24,ERR,ERR,ERR,ERR,ERR,ERR,ERR,ERR,ERR,ERR,ERR,ERR,ERR,ERR,ERR,ERR,ERR,ERR,ERR,ERR,ERR,ERR,ERR,ERR,ERR,ERR,ERR,ERR,ERR,ERR,ERR,ERR,ERR,ERR,ERR,ERR,ERR,ERR,ERR,ERR,ERR,ERR,ERR,ERR,ERR,ERR,ERR,ERR,ERR,ERR,ERR,ERR,ERR,ERR,ERR,ERR,ERR,ERR,ERR,ERR,ERR,ERR,ERR,ERR,ERR,ERR,ERR,ERR,ERR,ERR,ERR,ERR,ERR,ERR,ERR,ERR,ERR,ERR,ERR,ERR,ERR,ERR,ERR,ERR,ERR,ERR,ERR,ERR,ERR,ERR,ERR,ERR,ERR,ERR,ERR,ERR,ERR,ERR,ERR,ERR,ERR,ERR,ERR,ERR,ERR,ERR,ERR,ERR,ERR,ERR,ERR,ERR,ERR,ERR,ERR,ERR,ERR,ERR,ERR,ERR,ERR,ERR,ERR,ERR,ERR,2.718450016850437e+23,-0.0,2.8364315368646023e+23,-107613408.0,-4.209512871143983e+25,0.0,-0.088,0.0,5800,0,8,17276,5800,-0.0,100,0.0,0.0,-107613408.0,0.0,1.9056969178834534e+17,0,0,0,0,nan,0,0,0,0,0,0,0,0,0,0,0,0,0,0,0,0,0,0,0,0,0,0,0,0,0,0,0,0,0,0,0,0,0,10,52,51,61,65476,622,65476,1,0,4,21553,0.0,0.0,0.0,0.0,0.0,0.0,0.0,0.0,0.0,0.0,0.0,0.0,0.0,0.0,0.0,0.0,0.0,0.0,0.0,0.0,0.0,2.004,3.697074423243316e+19,-0.0,-0.0,-0.0,0.0,0.0,0.0,0.0,6618.0,-0.0,0.0,2.718450016850437e+23,-0.0,-107616232.0,-2.7184545204500644e+23,-0.0,0.0,2.004,2.004,243,-0.0,0.0,0.0,0.0,0.0,0.0,0.0,0.0,0.0,0,0,0,0.0,29345.072,0.0,-0.0,-4.0579848819410207e+18,-9.877336415449009e+26,186934416.0,-27.784,-1.824430453395394e+31,2.2282868015057234e+20,-1.7654959241520906e+32,-0.0,-0.0,-0.0,0.0,-0.0,0,1.3516416376850534e+27,243,0.0,486,0.0,6.982198219291256e+30,2048,52429,17150,39322,17152,39322,17144,0,0,0,105,99,100,2.7302352164993253e+23,69.1,0.0,69.9,-107615312.0,69.0,1,47,48,180,0,13107,0,0,0.0,0.0,0.0,60.0,0.0,74.5,0.0,-0.0,0.0,1270,0,1276,0,0,0,1274,0,1286,0,1243,0,694,0,696,0,692,0,690,0.032,1.3305260699995496e+34,-0.0,0.0,65168,16828,0.0,1.2844633374144332e+19,7.30080567617183e+24,7.487880679475895e+25,-202.256,0.0,70.0,60.0,66,0.0,0.0,10.0,2.0,0.0,0.0,0.0,0.0,0.0,0.0,0.0,0.0,0.0,0.0,0.0,0.0,65.6,69,16,65516,49,65476,0,300,0,0,8,20529,65476,0,0,43254,60.0,0.0,10.0,10.0,2.0,0.0
2026-02-05T14:24:25,ERR,ERR,ERR,ERR,ERR,ERR,ERR,ERR,ERR,ERR,ERR,ERR,ERR,ERR,ERR,ERR,ERR,ERR,ERR,ERR,ERR,ERR,ERR,ERR,ERR,ERR,ERR,ERR,ERR,ERR,ERR,ERR,ERR,ERR,ERR,ERR,ERR,ERR,ERR,ERR,ERR,ERR,ERR,ERR,ERR,ERR,ERR,ERR,ERR,ERR,ERR,ERR,ERR,ERR,ERR,ERR,ERR,ERR,ERR,ERR,ERR,ERR,ERR,ERR,ERR,ERR,ERR,ERR,ERR,ERR,ERR,ERR,ERR,ERR,ERR,ERR,ERR,ERR,ERR,ERR,ERR,ERR,ERR,ERR,ERR,ERR,ERR,ERR,ERR,ERR,ERR,ERR,ERR,ERR,ERR,ERR,ERR,ERR,ERR,ERR,ERR,ERR,ERR,ERR,ERR,ERR,ERR,ERR,ERR,ERR,ERR,ERR,ERR,ERR,ERR,ERR,ERR,ERR,ERR,ERR,ERR,ERR,ERR,ERR,ERR,2.718450016850437e+23,-0.0,2.8364315368646023e+23,-107613408.0,-4.209512871143983e+25,0.0,-0.088,0.0,5800,0,8,17276,5800,-0.0,100,0.0,0.0,-107613408.0,0.0,1.9056969178834534e+17,0,0,0,0,nan,0,0,0,0,0,0,0,0,0,0,0,0,0,0,0,0,0,0,0,0,0,0,0,0,0,0,0,0,0,0,0,0,0,10,52,51,61,65476,622,65476,1,0,4,21553,0.0,0.0,0.0,0.0,0.0,0.0,0.0,0.0,0.0,0.0,0.0,0.0,0.0,0.0,0.0,0.0,0.0,0.0,0.0,0.0,0.0,2.004,3.697074423243316e+19,-0.0,-0.0,-0.0,0.0,0.0,0.0,0.0,6618.0,-0.0,0.0,2.718450016850437e+23,-0.0,-107616232.0,-2.7184545204500644e+23,-0.0,0.0,2.004,2.004,243,-0.0,0.0,0.0,0.0,0.0,0.0,0.0,0.0,0.0,0,0,0,0.0,29345.072,0.0,-0.0,-4.0579848819410207e+18,-9.877336415449009e+26,186934416.0,-27.784,-1.824430453395394e+31,2.2282868015057234e+20,-1.7654959241520906e+32,-0.0,-0.0,-0.0,0.0,-0.0,0,1.3516416376850534e+27,243,0.0,486,0.0,6.982198219291256e+30,2048,52429,17150,39322,17152,39322,17144,0,0,0,105,99,100,2.7302352164993253e+23,69.1,0.0,69.9,-107615312.0,69.0,1,47,48,180,0,13107,0,0,0.0,0.0,0.0,60.0,0.0,74.5,0.0,-0.0,0.0,1270,0,1276,0,0,0,1274,0,1286,0,1243,0,694,0,696,0,692,0,690,0.032,1.3305260699995496e+34,-0.0,0.0,65168,16828,0.0,1.2844633374144332e+19,7.30080567617183e+24,7.487880679475895e+25,-202.256,0.0,70.0,60.0,66,0.0,0.0,10.0,2.0,0.0,0.0,0.0,0.0,0.0,0.0,0.0,0.0,0.0,0.0,0.0,0.0,65.6,69,16,65516,49,65476,0,300,0,0,8,20529,65476,0,0,43254,60.0,0.0,10.0,10.0,2.0,0.0
2026-02-05T14:24:26,ERR,ERR,ERR,ERR,ERR,ERR,ERR,ERR,ERR,ERR,ERR,ERR,ERR,ERR,ERR,ERR,ERR,ERR,ERR,ERR,ERR,ERR,ERR,ERR,ERR,ERR,ERR,ERR,ERR,ERR,ERR,ERR,ERR,ERR,ERR,ERR,ERR,ERR,ERR,ERR,ERR,ERR,ERR,ERR,ERR,ERR,ERR,ERR,ERR,ERR,ERR,ERR,ERR,ERR,ERR,ERR,ERR,ERR,ERR,ERR,ERR,ERR,ERR,ERR,ERR,ERR,ERR,ERR,ERR,ERR,ERR,ERR,ERR,ERR,ERR,ERR,ERR,ERR,ERR,ERR,ERR,ERR,ERR,ERR,ERR,ERR,ERR,ERR,ERR,ERR,ERR,ERR,ERR,ERR,ERR,ERR,ERR,ERR,ERR,ERR,ERR,ERR,ERR,ERR,ERR,ERR,ERR,ERR,ERR,ERR,ERR,ERR,ERR,ERR,ERR,ERR,ERR,ERR,ERR,ERR,ERR,ERR,ERR,ERR,ERR,2.718450016850437e+23,-0.0,2.8364315368646023e+23,-107613408.0,-4.209512871143983e+25,0.0,-0.088,0.0,5800,0,8,17276,5800,-0.0,100,0.0,0.0,-107613408.0,0.0,1.9056969178834534e+17,0,0,0,0,nan,0,0,0,0,0,0,0,0,0,0,0,0,0,0,0,0,0,0,0,0,0,0,0,0,0,0,0,0,0,0,0,0,0,10,52,51,61,65476,622,65476,1,0,4,21553,0.0,0.0,0.0,0.0,0.0,0.0,0.0,0.0,0.0,0.0,0.0,0.0,0.0,0.0,0.0,0.0,0.0,0.0,0.0,0.0,0.0,2.004,3.697074423243316e+19,-0.0,-0.0,-0.0,0.0,0.0,0.0,0.0,6618.0,-0.0,0.0,2.718450016850437e+23,-0.0,-107616232.0,-2.7184545204500644e+23,-0.0,0.0,2.004,2.004,243,-0.0,0.0,0.0,0.0,0.0,0.0,0.0,0.0,0.0,0,0,0,0.0,29345.072,0.0,-0.0,-4.0579848819410207e+18,-9.877336415449009e+26,186934416.0,-27.784,-1.824430453395394e+31,2.2282868015057234e+20,-1.7654959241520906e+32,-0.0,-0.0,-0.0,0.0,-0.0,0,1.3516416376850534e+27,243,0.0,486,0.0,6.982198219291256e+30,2048,52429,17150,39322,17152,39322,17144,0,0,0,105,99,100,2.7302352164993253e+23,69.1,0.0,69.9,-107615312.0,69.0,1,47,48,180,0,13107,0,0,0.0,0.0,0.0,60.0,0.0,74.5,0.0,-0.0,0.0,1270,0,1276,0,0,0,1274,0,1286,0,1243,0,694,0,696,0,692,0,690,0.032,1.3305260699995496e+34,-0.0,0.0,65168,16828,0.0,1.2844633374144332e+19,7.30080567617183e+24,7.487880679475895e+25,-202.256,0.0,70.0,60.0,66,0.0,0.0,10.0,2.0,0.0,0.0,0.0,0.0,0.0,0.0,0.0,0.0,0.0,0.0,0.0,0.0,65.6,69,16,65516,49,65476,0,300,0,0,8,20529,65476,0,0,43254,60.0,0.0,10.0,10.0,2.0,0.0
2026-02-05T14:24:27,ERR,ERR,ERR,ERR,ERR,ERR,ERR,ERR,ERR,ERR,ERR,ERR,ERR,ERR,ERR,ERR,ERR,ERR,ERR,ERR,ERR,ERR,ERR,ERR,ERR,ERR,ERR,ERR,ERR,ERR,ERR,ERR,ERR,ERR,ERR,ERR,ERR,ERR,ERR,ERR,ERR,ERR,ERR,ERR,ERR,ERR,ERR,ERR,ERR,ERR,ERR,ERR,ERR,ERR,ERR,ERR,ERR,ERR,ERR,ERR,ERR,ERR,ERR,ERR,ERR,ERR,ERR,ERR,ERR,ERR,ERR,ERR,ERR,ERR,ERR,ERR,ERR,ERR,ERR,ERR,ERR,ERR,ERR,ERR,ERR,ERR,ERR,ERR,ERR,ERR,ERR,ERR,ERR,ERR,ERR,ERR,ERR,ERR,ERR,ERR,ERR,ERR,ERR,ERR,ERR,ERR,ERR,ERR,ERR,ERR,ERR,ERR,ERR,ERR,ERR,ERR,ERR,ERR,ERR,ERR,ERR,ERR,ERR,ERR,ERR,2.718450016850437e+23,-0.0,2.8364315368646023e+23,0.0,-0.0,0.0,-0.079,0.0,5800,0,8,17275,5800,-0.0,100,0.0,0.0,0.0,0.0,1.9056969178834534e+17,0,0,0,0,nan,0,0,0,0,0,0,0,0,0,0,0,0,0,0,0,0,0,0,0,0,0,0,0,0,0,0,0,0,0,0,0,0,0,10,52,51,61,65476,622,65476,1,0,4,21553,0.0,-107613536.0,0.0,0.0,0.0,0.0,0.0,0.0,0.0,0.0,0.0,0.0,0.0,0.0,0.0,0.0,0.0,0.0,0.0,0.0,0.0,2.004,3.697074423243316e+19,-0.0,-0.0,0.0,0.0,0.0,0.0,0.0,6615.0,-8608233472.0,0.0,2.718450016850437e+23,-0.0,-0.0,2.7184545204500644e+23,-0.0,0.0,2.004,2.004,244,-0.0,71.63,0.0,0.0,0.0,0.0,0.0,0.0,0.0,0,0,0,0.0,-0.0,0.0,-0.0,-13305232384.0,484.517,5.1564606929790256e+36,0.0,-558997952.0,2.7009846183945306e+20,-2.297909176247947e+32,-0.0,-0.0,-0.0,0.0,-3.250272395691256e+22,0,1.3516416376850534e+27,244,0.0,488,-0.0,1.804316963640443e+17,2048,52429,17150,39322,17152,39322,17144,0,0,0,105,99,100,2.7302352164993253e+23,69.1,0.0,69.9,-107615312.0,69.0,1,47,48,180,0,13107,0,0,0.0,0.0,0.0,60.0,0.0,74.5,0.0,-0.0,0.0,1270,0,1276,0,0,0,1274,0,1286,0,1243,0,694,0,696,0,692,0,690,0.032,1.3305260699995496e+34,-0.0,0.0,65168,16828,0.0,1.2844633374144332e+19,7.30080567617183e+24,7.487880679475895e+25,-202.256,0.0,70.0,60.0,66,0.0,0.0,10.0,2.0,0.0,0.0,0.0,0.0,0.0,0.0,0.0,0.0,0.0,0.0,0.0,0.0,65.6,69,16,65516,49,65476,0,300,0,0,8,20529,65476,0,0,43254,60.0,0.0,10.0,10.0,2.0,0.0
2026-02-05T14:24:28,ERR,ERR,ERR,ERR,ERR,ERR,ERR,ERR,ERR,ERR,ERR,ERR,ERR,ERR,ERR,ERR,ERR,ERR,ERR,ERR,ERR,ERR,ERR,ERR,ERR,ERR,ERR,ERR,ERR,ERR,ERR,ERR,ERR,ERR,ERR,ERR,ERR,ERR,ERR,ERR,ERR,ERR,ERR,ERR,ERR,ERR,ERR,ERR,ERR,ERR,ERR,ERR,ERR,ERR,ERR,ERR,ERR,ERR,ERR,ERR,ERR,ERR,ERR,ERR,ERR,ERR,ERR,ERR,ERR,ERR,ERR,ERR,ERR,ERR,ERR,ERR,ERR,ERR,ERR,ERR,ERR,ERR,ERR,ERR,ERR,ERR,ERR,ERR,ERR,ERR,ERR,ERR,ERR,ERR,ERR,ERR,ERR,ERR,ERR,ERR,ERR,ERR,ERR,ERR,ERR,ERR,ERR,ERR,ERR,ERR,ERR,ERR,ERR,ERR,ERR,ERR,ERR,ERR,ERR,ERR,ERR,ERR,ERR,ERR,ERR,2.718450016850437e+23,-0.0,2.8364315368646023e+23,0.0,-0.0,0.0,-0.079,0.0,5800,0,8,17275,5800,-0.0,100,0.0,0.0,0.0,0.0,1.9056969178834534e+17,0,0,0,0,nan,0,0,0,0,0,0,0,0,0,0,0,0,0,0,0,0,0,0,0,0,0,0,0,0,0,0,0,0,0,0,0,0,0,10,52,51,61,65476,622,65476,1,0,4,21553,0.0,-107613536.0,0.0,0.0,0.0,0.0,0.0,0.0,0.0,0.0,0.0,0.0,0.0,0.0,0.0,0.0,0.0,0.0,0.0,0.0,0.0,2.004,3.697074423243316e+19,-0.0,-0.0,0.0,0.0,0.0,0.0,0.0,6615.0,-8608233472.0,0.0,2.718450016850437e+23,-0.0,-0.0,2.7184545204500644e+23,-0.0,0.0,2.004,2.004,244,-0.0,71.63,0.0,0.0,0.0,0.0,0.0,0.0,0.0,0,0,0,0.0,-0.0,0.0,-0.0,-13305232384.0,484.517,5.1564606929790256e+36,0.0,-558997952.0,2.7009846183945306e+20,-2.297909176247947e+32,-0.0,-0.0,-0.0,0.0,-3.250272395691256e+22,0,1.3516416376850534e+27,244,0.0,488,-0.0,1.804316963640443e+17,2050,52429,17150,39322,17152,39322,17144,0,0,0,105,99,100,2.7302352164993253e+23,69.1,0.0,69.9,-107615312.0,69.0,1,47,48,180,0,13107,0,0,0.0,0.0,0.0,60.0,0.0,74.5,0.0,4.525334421384651e+20,0.0,1270,0,1276,0,0,0,1274,0,1286,0,1243,0,694,0,696,0,692,0,691,0.032,1.322413106158089e+34,-2.004,0.0,62992,16828,0.0,0.0,0.0,0.0,9.296947244527648e+26,-249.25,70.0,60.0,66,0.0,0.0,10.0,2.0,0.0,0.0,0.0,0.0,0.0,0.0,0.0,0.0,0.0,0.0,0.0,0.0,65.6,69,16,65516,49,65476,0,300,0,0,8,20529,65476,0,0,40632,60.0,0.0,10.0,10.0,2.0,0.0
2026-02-05T14:24:29,ERR,ERR,ERR,ERR,ERR,ERR,ERR,ERR,ERR,ERR,ERR,ERR,ERR,ERR,ERR,ERR,ERR,ERR,ERR,ERR,ERR,ERR,ERR,ERR,ERR,ERR,ERR,ERR,ERR,ERR,ERR,ERR,ERR,ERR,ERR,ERR,ERR,ERR,ERR,ERR,ERR,ERR,ERR,ERR,ERR,ERR,ERR,ERR,ERR,ERR,ERR,ERR,ERR,ERR,ERR,ERR,ERR,ERR,ERR,ERR,ERR,ERR,ERR,ERR,ERR,ERR,ERR,ERR,ERR,ERR,ERR,ERR,ERR,ERR,ERR,ERR,ERR,ERR,ERR,ERR,ERR,ERR,ERR,ERR,ERR,ERR,ERR,ERR,ERR,ERR,ERR,ERR,ERR,ERR,ERR,ERR,ERR,ERR,ERR,ERR,ERR,ERR,ERR,ERR,ERR,ERR,ERR,ERR,ERR,ERR,ERR,ERR,ERR,ERR,ERR,ERR,ERR,ERR,ERR,ERR,ERR,ERR,ERR,ERR,ERR,2.718450016850437e+23,-0.0,2.8364315368646023e+23,0.0,-0.0,0.0,-0.079,0.0,5800,0,8,17275,5800,-0.0,100,0.0,0.0,0.0,0.0,1.9056969178834534e+17,0,0,0,0,nan,0,0,0,0,0,0,0,0,0,0,0,0,0,0,0,0,0,0,0,0,0,0,0,0,0,0,0,0,0,0,0,0,0,10,52,51,61,65476,622,65476,1,0,4,21553,0.0,-107613536.0,0.0,0.0,0.0,0.0,0.0,0.0,0.0,0.0,0.0,0.0,0.0,0.0,0.0,0.0,0.0,0.0,0.0,0.0,0.0,2.004,3.697074423243316e+19,-0.0,-0.0,0.0,0.0,0.0,0.0,0.0,6615.0,-8608233472.0,0.0,2.718450016850437e+23,-0.0,-0.0,2.7184545204500644e+23,-0.0,0.0,2.004,2.004,244,-0.0,71.63,0.0,0.0,0.0,0.0,0.0,0.0,0.0,0,0,0,0.0,-0.0,0.0,-0.0,-13305232384.0,484.517,5.1564606929790256e+36,0.0,-558997952.0,2.7009846183945306e+20,-2.297909176247947e+32,-0.0,-0.0,-0.0,0.0,-3.250272395691256e+22,0,1.3516416376850534e+27,244,0.0,488,-0.0,1.804316963640443e+17,2050,52429,17150,39322,17152,39322,17144,0,0,0,105,99,100,2.7302352164993253e+23,69.1,0.0,69.9,-107615312.0,69.0,1,47,48,180,0,13107,0,0,0.0,0.0,0.0,60.0,0.0,74.5,0.0,4.525334421384651e+20,0.0,1270,0,1276,0,0,0,1274,0,1286,0,1243,0,694,0,696,0,692,0,691,0.032,1.322413106158089e+34,-2.004,0.0,62992,16828,0.0,0.0,0.0,0.0,9.296947244527648e+26,-249.25,70.0,60.0,66,0.0,0.0,10.0,2.0,0.0,0.0,0.0,0.0,0.0,0.0,0.0,0.0,0.0,0.0,0.0,0.0,65.6,69,16,65516,49,65476,0,300,0,0,8,20529,65476,0,0,40632,60.0,0.0,10.0,10.0,2.0,0.0
2026-02-05T14:24:30,ERR,ERR,ERR,ERR,ERR,ERR,ERR,ERR,ERR,ERR,ERR,ERR,ERR,ERR,ERR,ERR,ERR,ERR,ERR,ERR,ERR,ERR,ERR,ERR,ERR,ERR,ERR,ERR,ERR,ERR,ERR,ERR,ERR,ERR,ERR,ERR,ERR,ERR,ERR,ERR,ERR,ERR,ERR,ERR,ERR,ERR,ERR,ERR,ERR,ERR,ERR,ERR,ERR,ERR,ERR,ERR,ERR,ERR,ERR,ERR,ERR,ERR,ERR,ERR,ERR,ERR,ERR,ERR,ERR,ERR,ERR,ERR,ERR,ERR,ERR,ERR,ERR,ERR,ERR,ERR,ERR,ERR,ERR,ERR,ERR,ERR,ERR,ERR,ERR,ERR,ERR,ERR,ERR,ERR,ERR,ERR,ERR,ERR,ERR,ERR,ERR,ERR,ERR,ERR,ERR,ERR,ERR,ERR,ERR,ERR,ERR,ERR,ERR,ERR,ERR,ERR,ERR,ERR,ERR,ERR,ERR,ERR,ERR,ERR,ERR,2.718450016850437e+23,-0.0,2.8364315368646023e+23,0.0,-0.0,0.0,-0.079,0.0,5800,0,8,17275,5800,-0.0,100,0.0,0.0,0.0,0.0,1.9056969178834534e+17,0,0,0,0,nan,0,0,0,0,0,0,0,0,0,0,0,0,0,0,0,0,0,0,0,0,0,0,0,0,0,0,0,0,0,0,0,0,0,10,52,51,61,65476,622,65476,1,0,4,21553,0.0,-107613536.0,0.0,0.0,0.0,0.0,0.0,0.0,0.0,0.0,0.0,0.0,0.0,0.0,0.0,0.0,0.0,0.0,0.0,0.0,0.0,2.004,3.697074423243316e+19,-0.0,-0.0,0.0,0.0,0.0,0.0,0.0,6615.0,-8608233472.0,0.0,2.718450016850437e+23,-0.0,-0.0,2.7184545204500644e+23,-0.0,0.0,2.004,2.004,244,-0.0,71.63,0.0,0.0,0.0,0.0,0.0,0.0,0.0,0,0,0,0.0,-0.0,0.0,-0.0,-13305232384.0,484.517,5.1564606929790256e+36,0.0,-558997952.0,2.7009846183945306e+20,-2.297909176247947e+32,-0.0,-0.0,-0.0,0.0,-3.250272395691256e+22,0,1.3516416376850534e+27,244,0.0,488,-0.0,1.804316963640443e+17,2050,52429,17150,39322,17152,39322,17144,0,0,0,105,99,100,2.7302352164993253e+23,69.1,0.0,69.9,-107615312.0,69.0,1,47,48,180,0,13107,0,0,0.0,0.0,0.0,60.0,0.0,74.5,0.0,4.525334421384651e+20,0.0,1270,0,1276,0,0,0,1274,0,1286,0,1243,0,694,0,696,0,692,0,691,0.032,1.322413106158089e+34,-2.004,0.0,62992,16828,0.0,0.0,0.0,0.0,9.296947244527648e+26,-249.25,70.0,60.0,66,0.0,0.0,10.0,2.0,0.0,0.0,0.0,0.0,0.0,0.0,0.0,0.0,0.0,0.0,0.0,0.0,65.6,69,16,65516,49,65476,0,300,0,0,8,20529,65476,0,0,38011,60.0,0.0,10.0,10.0,2.0,0.0
2026-02-05T14:24:31,ERR,ERR,ERR,ERR,ERR,ERR,ERR,ERR,ERR,ERR,ERR,ERR,ERR,ERR,ERR,ERR,ERR,ERR,ERR,ERR,ERR,ERR,ERR,ERR,ERR,ERR,ERR,ERR,ERR,ERR,ERR,ERR,ERR,ERR,ERR,ERR,ERR,ERR,ERR,ERR,ERR,ERR,ERR,ERR,ERR,ERR,ERR,ERR,ERR,ERR,ERR,ERR,ERR,ERR,ERR,ERR,ERR,ERR,ERR,ERR,ERR,ERR,ERR,ERR,ERR,ERR,ERR,ERR,ERR,ERR,ERR,ERR,ERR,ERR,ERR,ERR,ERR,ERR,ERR,ERR,ERR,ERR,ERR,ERR,ERR,ERR,ERR,ERR,ERR,ERR,ERR,ERR,ERR,ERR,ERR,ERR,ERR,ERR,ERR,ERR,ERR,ERR,ERR,ERR,ERR,ERR,ERR,ERR,ERR,ERR,ERR,ERR,ERR,ERR,ERR,ERR,ERR,ERR,ERR,ERR,ERR,ERR,ERR,ERR,ERR,2.718450016850437e+23,-0.0,2.8364315368646023e+23,0.0,-0.0,0.0,-0.079,0.0,5800,0,8,17275,5800,-0.0,100,0.0,0.0,0.0,0.0,1.9056969178834534e+17,0,0,0,0,nan,0,0,0,0,0,0,0,0,0,0,0,0,0,0,0,0,0,0,0,0,0,0,0,0,0,0,0,0,0,0,0,0,0,10,52,51,61,65476,622,65476,1,0,4,21553,0.0,-107613536.0,0.0,0.0,0.0,0.0,0.0,0.0,0.0,0.0,0.0,0.0,0.0,0.0,0.0,0.0,0.0,0.0,0.0,0.0,0.0,2.004,3.697074423243316e+19,-0.0,-0.0,0.0,0.0,0.0,0.0,0.0,6615.0,-8608233472.0,0.0,2.718450016850437e+23,-0.0,-0.0,2.7184545204500644e+23,-0.0,0.0,2.004,2.004,244,-0.0,71.63,0.0,0.0,0.0,0.0,0.0,0.0,0.0,0,0,0,0.0,-0.0,0.0,-0.0,-13305232384.0,484.517,5.1564606929790256e+36,0.0,-558997952.0,2.7009846183945306e+20,-2.297909176247947e+32,-0.0,-0.0,-0.0,0.0,-3.250272395691256e+22,0,1.3516416376850534e+27,244,0.0,488,-0.0,1.804316963640443e+17,2050,52429,17150,39322,17152,39322,17144,0,0,0,105,99,100,2.7302352164993253e+23,69.1,0.0,69.9,-107615312.0,69.0,1,47,48,180,0,13107,0,0,0.0,0.0,0.0,60.0,0.0,74.5,0.0,4.525334421384651e+20,0.0,1270,0,1276,0,0,0,1274,0,1286,0,1243,0,694,0,696,0,692,0,691,0.032,1.322413106158089e+34,-2.004,0.0,62992,16828,0.0,0.0,0.0,0.0,9.296947244527648e+26,-249.25,70.0,60.0,66,0.0,0.0,10.0,2.0,0.0,0.0,0.0,0.0,0.0,0.0,0.0,0.0,0.0,0.0,0.0,0.0,65.6,69,16,65516,49,65476,0,300,0,0,8,20529,65476,0,0,38011,60.0,0.0,10.0,10.0,2.0,0.0
2026-02-05T14:24:32,ERR,ERR,ERR,ERR,ERR,ERR,ERR,ERR,ERR,ERR,ERR,ERR,ERR,ERR,ERR,ERR,ERR,ERR,ERR,ERR,ERR,ERR,ERR,ERR,ERR,ERR,ERR,ERR,ERR,ERR,ERR,ERR,ERR,ERR,ERR,ERR,ERR,ERR,ERR,ERR,ERR,ERR,ERR,ERR,ERR,ERR,ERR,ERR,ERR,ERR,ERR,ERR,ERR,ERR,ERR,ERR,ERR,ERR,ERR,ERR,ERR,ERR,ERR,ERR,ERR,ERR,ERR,ERR,ERR,ERR,ERR,ERR,ERR,ERR,ERR,ERR,ERR,ERR,ERR,ERR,ERR,ERR,ERR,ERR,ERR,ERR,ERR,ERR,ERR,ERR,ERR,ERR,ERR,ERR,ERR,ERR,ERR,ERR,ERR,ERR,ERR,ERR,ERR,ERR,ERR,ERR,ERR,ERR,ERR,ERR,ERR,ERR,ERR,ERR,ERR,ERR,ERR,ERR,ERR,ERR,ERR,ERR,ERR,ERR,ERR,2.718450016850437e+23,-0.0,2.8364315368646023e+23,0.0,-0.0,0.0,-0.079,0.0,5800,0,8,17275,5800,-0.0,100,0.0,0.0,0.0,0.0,1.9056969178834534e+17,0,0,0,0,nan,0,0,0,0,0,0,0,0,0,0,0,0,0,0,0,0,0,0,0,0,0,0,0,0,0,0,0,0,0,0,0,0,0,10,52,51,61,65476,622,65476,1,0,4,21553,0.0,-107613536.0,0.0,0.0,0.0,0.0,0.0,0.0,0.0,0.0,0.0,0.0,0.0,0.0,0.0,0.0,0.0,0.0,0.0,0.0,0.0,2.004,3.697074423243316e+19,-0.0,-0.0,0.0,0.0,0.0,0.0,0.0,6615.0,-8608233472.0,0.0,2.718450016850437e+23,-0.0,-0.0,2.7184545204500644e+23,-0.0,0.0,2.004,2.004,244,-0.0,71.63,0.0,0.0,0.0,0.0,0.0,0.0,0.0,0,0,0,0.0,-0.0,0.0,-0.0,-13305232384.0,484.517,5.1564606929790256e+36,0.0,-558997952.0,2.7009846183945306e+20,-2.297909176247947e+32,-0.0,-0.0,-0.0,0.0,-3.250272395691256e+22,0,1.3516416376850534e+27,244,0.0,488,-0.0,1.804316963640443e+17,2050,52429,17150,39322,17152,39322,17144,0,0,0,105,99,100,2.7302352164993253e+23,69.1,0.0,69.9,-107615312.0,69.0,1,47,48,180,0,13107,0,0,0.0,0.0,0.0,60.0,0.0,74.5,0.0,-0.0,0.0,1270,0,1276,0,0,0,1274,0,1286,0,1243,0,694,0,696,0,692,0,691,0.032,1.3305260699995496e+34,-2.004,0.0,64016,16828,0.0,-0.0,-0.0,-3.192502769920407e+34,-1.2435975026361669e+33,0.0,70.0,60.0,66,0.0,0.0,10.0,2.0,0.0,0.0,0.0,0.0,0.0,0.0,0.0,0.0,0.0,0.0,0.0,0.0,65.6,69,16,65516,49,65476,0,300,0,0,8,20529,65476,0,0,45875,60.0,0.0,10.0,10.0,2.0,0.0
2026-02-05T14:24:33,ERR,ERR,ERR,ERR,ERR,ERR,ERR,ERR,ERR,ERR,ERR,ERR,ERR,ERR,ERR,ERR,ERR,ERR,ERR,ERR,ERR,ERR,ERR,ERR,ERR,ERR,ERR,ERR,ERR,ERR,ERR,ERR,ERR,ERR,ERR,ERR,ERR,ERR,ERR,ERR,ERR,ERR,ERR,ERR,ERR,ERR,ERR,ERR,ERR,ERR,ERR,ERR,ERR,ERR,ERR,ERR,ERR,ERR,ERR,ERR,ERR,ERR,ERR,ERR,ERR,ERR,ERR,ERR,ERR,ERR,ERR,ERR,ERR,ERR,ERR,ERR,ERR,ERR,ERR,ERR,ERR,ERR,ERR,ERR,ERR,ERR,ERR,ERR,ERR,ERR,ERR,ERR,ERR,ERR,ERR,ERR,ERR,ERR,ERR,ERR,ERR,ERR,ERR,ERR,ERR,ERR,ERR,ERR,ERR,ERR,ERR,ERR,ERR,ERR,ERR,ERR,ERR,ERR,ERR,ERR,ERR,ERR,ERR,ERR,ERR,2.718450016850437e+23,-0.0,2.8364315368646023e+23,-107613408.0,-4.209512871143983e+25,0.0,-0.05,0.0,5800,0,8,17276,5800,14723891331072.0,100,0.0,0.0,-107613408.0,0.0,1.9056969178834534e+17,0,0,0,0,nan,0,0,0,0,0,0,0,0,0,0,0,0,0,0,0,0,0,0,0,0,0,0,0,0,0,0,0,0,0,0,0,0,0,10,52,51,61,65476,621,65476,1,0,4,21553,0.0,0.0,0.0,0.0,0.0,0.0,0.0,0.0,0.0,0.0,0.0,0.0,0.0,0.0,0.0,0.0,0.0,0.0,0.0,0.0,0.0,2.004,3.697074423243316e+19,-0.0,-0.0,-0.0,0.0,0.0,0.0,0.0,6647.0,0.0,0.0,2.718450016850437e+23,-0.0,-107616232.0,-2.7184545204500644e+23,-0.0,0.0,2.004,2.004,246,-0.0,-0.0,0.0,0.0,0.0,0.0,0.0,0.0,0.0,0,0,0,0.0,-6.191574100456862e+20,0.0,6.586170441284068e+30,-3192090368.0,nan,718377536.0,0.0,-4.946,3.3728273886810105e+20,-2.7922929103369564e+32,-0.0,-0.0,-0.0,0.0,-94693803163648.0,0,1.3516416376850534e+27,243,0.0,486,2.751745971104746e+27,0.0,2050,52429,17150,39322,17152,39322,17144,0,0,0,105,99,100,2.7302352164993253e+23,69.1,0.0,69.9,-107615312.0,69.0,1,47,48,180,0,13107,0,0,0.0,0.0,0.0,60.0,0.0,74.5,0.0,-0.0,0.0,1270,0,1276,0,0,0,1274,0,1286,0,1243,0,694,0,696,0,692,0,691,0.032,1.3305260699995496e+34,-2.004,0.0,64016,16828,0.0,-0.0,-0.0,-3.192502769920407e+34,-1.2435975026361669e+33,0.0,70.0,60.0,66,0.0,0.0,10.0,2.0,0.0,0.0,0.0,0.0,0.0,0.0,0.0,0.0,0.0,0.0,0.0,0.0,65.6,69,16,65516,49,65476,0,300,0,0,8,20529,65476,0,0,45875,60.0,0.0,10.0,10.0,2.0,0.0
2026-02-05T14:24:34,ERR,ERR,ERR,ERR,ERR,ERR,ERR,ERR,ERR,ERR,ERR,ERR,ERR,ERR,ERR,ERR,ERR,ERR,ERR,ERR,ERR,ERR,ERR,ERR,ERR,ERR,ERR,ERR,ERR,ERR,ERR,ERR,ERR,ERR,ERR,ERR,ERR,ERR,ERR,ERR,ERR,ERR,ERR,ERR,ERR,ERR,ERR,ERR,ERR,ERR,ERR,ERR,ERR,ERR,ERR,ERR,ERR,ERR,ERR,ERR,ERR,ERR,ERR,ERR,ERR,ERR,ERR,ERR,ERR,ERR,ERR,ERR,ERR,ERR,ERR,ERR,ERR,ERR,ERR,ERR,ERR,ERR,ERR,ERR,ERR,ERR,ERR,ERR,ERR,ERR,ERR,ERR,ERR,ERR,ERR,ERR,ERR,ERR,ERR,ERR,ERR,ERR,ERR,ERR,ERR,ERR,ERR,ERR,ERR,ERR,ERR,ERR,ERR,ERR,ERR,ERR,ERR,ERR,ERR,ERR,ERR,ERR,ERR,ERR,ERR,2.718450016850437e+23,-0.0,2.8364315368646023e+23,-107613408.0,-4.209512871143983e+25,0.0,-0.05,0.0,5800,0,8,17276,5800,14723891331072.0,100,0.0,0.0,-107613408.0,0.0,1.9056969178834534e+17,0,0,0,0,nan,0,0,0,0,0,0,0,0,0,0,0,0,0,0,0,0,0,0,0,0,0,0,0,0,0,0,0,0,0,0,0,0,0,10,52,51,61,65476,621,65476,1,0,4,21553,0.0,0.0,0.0,0.0,0.0,0.0,0.0,0.0,0.0,0.0,0.0,0.0,0.0,0.0,0.0,0.0,0.0,0.0,0.0,0.0,0.0,2.004,3.697074423243316e+19,-0.0,-0.0,-0.0,0.0,0.0,0.0,0.0,6647.0,0.0,0.0,2.718450016850437e+23,-0.0,-107616232.0,-2.7184545204500644e+23,-0.0,0.0,2.004,2.004,246,-0.0,-0.0,0.0,0.0,0.0,0.0,0.0,0.0,0.0,0,0,0,0.0,-6.191574100456862e+20,0.0,6.586170441284068e+30,-3192090368.0,nan,718377536.0,0.0,-4.946,3.3728273886810105e+20,-2.7922929103369564e+32,-0.0,-0.0,-0.0,0.0,-94693803163648.0,0,1.3516416376850534e+27,243,0.0,486,2.751745971104746e+27,0.0,2050,52429,17150,39322,17152,39322,17144,0,0,0,105,99,100,2.7302352164993253e+23,69.1,0.0,69.9,-107615312.0,69.0,1,47,48,180,0,13107,0,0,0.0,0.0,0.0,60.0,0.0,74.5,0.0,-0.0,0.0,1270,0,1276,0,0,0,1274,0,1286,0,1243,0,694,0,696,0,692,0,691,0.032,1.3305260699995496e+34,-2.004,0.0,64016,16828,0.0,-0.0,-0.0,-3.192502769920407e+34,-1.2435975026361669e+33,0.0,70.0,60.0,66,0.0,0.0,10.0,2.0,0.0,0.0,0.0,0.0,0.0,0.0,0.0,0.0,0.0,0.0,0.0,0.0,65.6,69,16,65516,49,65476,0,300,0,0,8,20529,65476,0,0,43254,60.0,0.0,10.0,10.0,2.0,0.0
2026-02-05T14:24:35,ERR,ERR,ERR,ERR,ERR,ERR,ERR,ERR,ERR,ERR,ERR,ERR,ERR,ERR,ERR,ERR,ERR,ERR,ERR,ERR,ERR,ERR,ERR,ERR,ERR,ERR,ERR,ERR,ERR,ERR,ERR,ERR,ERR,ERR,ERR,ERR,ERR,ERR,ERR,ERR,ERR,ERR,ERR,ERR,ERR,ERR,ERR,ERR,ERR,ERR,ERR,ERR,ERR,ERR,ERR,ERR,ERR,ERR,ERR,ERR,ERR,ERR,ERR,ERR,ERR,ERR,ERR,ERR,ERR,ERR,ERR,ERR,ERR,ERR,ERR,ERR,ERR,ERR,ERR,ERR,ERR,ERR,ERR,ERR,ERR,ERR,ERR,ERR,ERR,ERR,ERR,ERR,ERR,ERR,ERR,ERR,ERR,ERR,ERR,ERR,ERR,ERR,ERR,ERR,ERR,ERR,ERR,ERR,ERR,ERR,ERR,ERR,ERR,ERR,ERR,ERR,ERR,ERR,ERR,ERR,ERR,ERR,ERR,ERR,ERR,2.718450016850437e+23,-0.0,2.8364315368646023e+23,-107613408.0,-4.209512871143983e+25,0.0,-0.05,0.0,5800,0,8,17276,5800,14723891331072.0,100,0.0,0.0,-107613408.0,0.0,1.9056969178834534e+17,0,0,0,0,nan,0,0,0,0,0,0,0,0,0,0,0,0,0,0,0,0,0,0,0,0,0,0,0,0,0,0,0,0,0,0,0,0,0,10,52,51,61,65476,621,65476,1,0,4,21553,0.0,0.0,0.0,0.0,0.0,0.0,0.0,0.0,0.0,0.0,0.0,0.0,0.0,0.0,0.0,0.0,0.0,0.0,0.0,0.0,0.0,2.004,3.697074423243316e+19,-0.0,-0.0,-0.0,0.0,0.0,0.0,0.0,6647.0,0.0,0.0,2.718450016850437e+23,-0.0,-107616232.0,-2.7184545204500644e+23,-0.0,0.0,2.004,2.004,246,-0.0,-0.0,0.0,0.0,0.0,0.0,0.0,0.0,0.0,0,0,0,0.0,-6.191574100456862e+20,0.0,6.586170441284068e+30,-3192090368.0,nan,718377536.0,0.0,-4.946,3.3728273886810105e+20,-2.7922929103369564e+32,-0.0,-0.0,-0.0,0.0,-94693803163648.0,0,1.3516416376850534e+27,243,0.0,486,2.751745971104746e+27,0.0,2050,52429,17150,39322,17152,39322,17144,0,0,0,105,99,100,2.7302352164993253e+23,69.1,0.0,69.9,-107615312.0,69.0,1,47,48,180,0,13107,0,0,0.0,0.0,0.0,60.0,0.0,74.5,0.0,-0.0,0.0,1270,0,1276,0,0,0,1274,0,1286,0,1243,0,694,0,696,0,692,0,691,0.032,1.3305260699995496e+34,-2.004,0.0,64016,16828,0.0,-0.0,-0.0,-3.192502769920407e+34,-1.2435975026361669e+33,0.0,70.0,60.0,66,0.0,0.0,10.0,2.0,0.0,0.0,0.0,0.0,0.0,0.0,0.0,0.0,0.0,0.0,0.0,0.0,65.6,69,16,65516,49,65476,0,300,0,0,8,20529,65476,0,0,43254,60.0,0.0,10.0,10.0,2.0,0.0
2026-02-05T14:24:36,ERR,ERR,ERR,ERR,ERR,ERR,ERR,ERR,ERR,ERR,ERR,ERR,ERR,ERR,ERR,ERR,ERR,ERR,ERR,ERR,ERR,ERR,ERR,ERR,ERR,ERR,ERR,ERR,ERR,ERR,ERR,ERR,ERR,ERR,ERR,ERR,ERR,ERR,ERR,ERR,ERR,ERR,ERR,ERR,ERR,ERR,ERR,ERR,ERR,ERR,ERR,ERR,ERR,ERR,ERR,ERR,ERR,ERR,ERR,ERR,ERR,ERR,ERR,ERR,ERR,ERR,ERR,ERR,ERR,ERR,ERR,ERR,ERR,ERR,ERR,ERR,ERR,ERR,ERR,ERR,ERR,ERR,ERR,ERR,ERR,ERR,ERR,ERR,ERR,ERR,ERR,ERR,ERR,ERR,ERR,ERR,ERR,ERR,ERR,ERR,ERR,ERR,ERR,ERR,ERR,ERR,ERR,ERR,ERR,ERR,ERR,ERR,ERR,ERR,ERR,ERR,ERR,ERR,ERR,ERR,ERR,ERR,ERR,ERR,ERR,2.718450016850437e+23,-0.0,2.8364315368646023e+23,-107613408.0,-4.209512871143983e+25,0.0,-0.05,0.0,5800,0,8,17276,5800,14723891331072.0,100,0.0,0.0,-107613408.0,0.0,1.9056969178834534e+17,0,0,0,0,nan,0,0,0,0,0,0,0,0,0,0,0,0,0,0,0,0,0,0,0,0,0,0,0,0,0,0,0,0,0,0,0,0,0,10,52,51,61,65476,621,65476,1,0,4,21553,0.0,0.0,0.0,0.0,0.0,0.0,0.0,0.0,0.0,0.0,0.0,0.0,0.0,0.0,0.0,0.0,0.0,0.0,0.0,0.0,0.0,2.004,3.697074423243316e+19,-0.0,-0.0,-0.0,0.0,0.0,0.0,0.0,6647.0,0.0,0.0,2.718450016850437e+23,-0.0,-107616232.0,-2.7184545204500644e+23,-0.0,0.0,2.004,2.004,246,-0.0,-0.0,0.0,0.0,0.0,0.0,0.0,0.0,0.0,0,0,0,0.0,-6.191574100456862e+20,0.0,6.586170441284068e+30,-3192090368.0,nan,718377536.0,0.0,-4.946,3.3728273886810105e+20,-2.7922929103369564e+32,-0.0,-0.0,-0.0,0.0,-94693803163648.0,0,1.3516416376850534e+27,243,0.0,486,2.751745971104746e+27,0.0,2050,52429,17150,39322,17152,39322,17144,0,0,0,105,99,100,2.7302352164993253e+23,69.1,0.0,69.9,-107615312.0,69.0,1,47,48,180,0,13107,0,0,0.0,0.0,0.0,60.0,0.0,74.5,0.0,4.202516400094734e+20,0.0,1270,0,1276,0,0,0,1274,0,1286,0,1243,0,694,0,696,0,692,0,691,0.032,1.322413106158089e+34,-2.004,0.0,19088,16829,0.0,-0.0,-1271813.875,1.9808942104466427e+36,0.0,6.766672184019517e+17,70.0,60.0,66,0.0,0.0,10.0,2.0,0.0,0.0,0.0,0.0,0.0,0.0,0.0,0.0,0.0,0.0,0.0,0.0,65.6,69,16,65516,49,65476,0,300,0,0,8,20529,65476,0,0,45875,60.0,0.0,10.0,10.0,2.0,0.0
2026-02-05T14:24:37,ERR,ERR,ERR,ERR,ERR,ERR,ERR,ERR,ERR,ERR,ERR,ERR,ERR,ERR,ERR,ERR,ERR,ERR,ERR,ERR,ERR,ERR,ERR,ERR,ERR,ERR,ERR,ERR,ERR,ERR,ERR,ERR,ERR,ERR,ERR,ERR,ERR,ERR,ERR,ERR,ERR,ERR,ERR,ERR,ERR,ERR,ERR,ERR,ERR,ERR,ERR,ERR,ERR,ERR,ERR,ERR,ERR,ERR,ERR,ERR,ERR,ERR,ERR,ERR,ERR,ERR,ERR,ERR,ERR,ERR,ERR,ERR,ERR,ERR,ERR,ERR,ERR,ERR,ERR,ERR,ERR,ERR,ERR,ERR,ERR,ERR,ERR,ERR,ERR,ERR,ERR,ERR,ERR,ERR,ERR,ERR,ERR,ERR,ERR,ERR,ERR,ERR,ERR,ERR,ERR,ERR,ERR,ERR,ERR,ERR,ERR,ERR,ERR,ERR,ERR,ERR,ERR,ERR,ERR,ERR,ERR,ERR,ERR,ERR,ERR,2.718450016850437e+23,-0.0,2.8364315368646023e+23,-107613408.0,-4.209512871143983e+25,0.0,-0.05,0.0,5800,0,8,17276,5800,14723891331072.0,100,0.0,0.0,-107613408.0,0.0,1.9056969178834534e+17,0,0,0,0,nan,0,0,0,0,0,0,0,0,0,0,0,0,0,0,0,0,0,0,0,0,0,0,0,0,0,0,0,0,0,0,0,0,0,10,52,51,61,65476,621,65476,1,0,4,21553,0.0,0.0,0.0,0.0,0.0,0.0,0.0,0.0,0.0,0.0,0.0,0.0,0.0,0.0,0.0,0.0,0.0,0.0,0.0,0.0,0.0,2.004,3.697074423243316e+19,-0.0,-0.0,-0.0,0.0,0.0,0.0,0.0,6647.0,0.0,0.0,2.718450016850437e+23,-0.0,-107616232.0,-2.7184545204500644e+23,-0.0,0.0,2.004,2.004,246,-0.0,-0.0,0.0,0.0,0.0,0.0,0.0,0.0,0.0,0,0,0,0.0,-6.191574100456862e+20,0.0,6.586170441284068e+30,-3192090368.0,nan,718377536.0,0.0,-4.946,3.3728273886810105e+20,-2.7922929103369564e+32,-0.0,-0.0,-0.0,0.0,-94693803163648.0,0,1.3516416376850534e+27,243,0.0,486,2.751745971104746e+27,0.0,2050,52429,17150,39322,17152,39322,17144,0,0,0,105,99,100,2.7302352164993253e+23,69.1,0.0,69.9,-107615312.0,69.0,1,47,48,180,0,13107,0,0,0.0,0.0,0.0,60.0,0.0,74.5,0.0,4.202516400094734e+20,0.0,1270,0,1276,0,0,0,1274,0,1286,0,1243,0,694,0,696,0,692,0,691,0.032,1.322413106158089e+34,-2.004,0.0,19088,16829,0.0,-0.0,-1271813.875,1.9808942104466427e+36,0.0,6.766672184019517e+17,70.0,60.0,66,0.0,0.0,10.0,2.0,0.0,0.0,0.0,0.0,0.0,0.0,0.0,0.0,0.0,0.0,0.0,0.0,65.6,69,16,65516,49,65476,0,300,0,0,8,20529,65476,0,0,45875,60.0,0.0,10.0,10.0,2.0,0.0
2026-02-05T14:24:38,ERR,ERR,ERR,ERR,ERR,ERR,ERR,ERR,ERR,ERR,ERR,ERR,ERR,ERR,ERR,ERR,ERR,ERR,ERR,ERR,ERR,ERR,ERR,ERR,ERR,ERR,ERR,ERR,ERR,ERR,ERR,ERR,ERR,ERR,ERR,ERR,ERR,ERR,ERR,ERR,ERR,ERR,ERR,ERR,ERR,ERR,ERR,ERR,ERR,ERR,ERR,ERR,ERR,ERR,ERR,ERR,ERR,ERR,ERR,ERR,ERR,ERR,ERR,ERR,ERR,ERR,ERR,ERR,ERR,ERR,ERR,ERR,ERR,ERR,ERR,ERR,ERR,ERR,ERR,ERR,ERR,ERR,ERR,ERR,ERR,ERR,ERR,ERR,ERR,ERR,ERR,ERR,ERR,ERR,ERR,ERR,ERR,ERR,ERR,ERR,ERR,ERR,ERR,ERR,ERR,ERR,ERR,ERR,ERR,ERR,ERR,ERR,ERR,ERR,ERR,ERR,ERR,ERR,ERR,ERR,ERR,ERR,ERR,ERR,ERR,2.718450016850437e+23,-0.0,2.8364315368646023e+23,0.0,-0.0,504330.438,-54777119506432.0,-4.885968457164376e+36,5800,0,8,17275,5800,-0.0,100,0.0,0.0,-107613408.0,0.0,1.9056969178834534e+17,0,0,0,0,nan,0,0,0,0,0,0,0,0,0,0,0,0,0,0,0,0,0,0,0,0,0,0,0,0,0,0,0,0,0,0,0,0,0,10,52,51,61,65476,621,65476,1,0,4,21553,0.0,2.71838894803949e+23,0.0,0.0,0.0,0.0,0.0,0.0,0.0,0.0,0.0,0.0,0.0,0.0,0.0,0.0,0.0,0.0,0.0,0.0,0.0,2.004,3.697074423243316e+19,-0.0,-0.0,0.0,0.0,0.0,0.0,0.0,6617.0,-1.0406715705571685e+34,0.0,2.718450016850437e+23,-0.0,-0.0,0.0,-0.0,0.0,2.004,2.004,247,-0.0,4.950424729324142e+32,0.0,0.0,0.0,0.0,0.0,0.0,0.0,0,0,0,0.0,-0.0,0.0,-0.0,-9126767.0,-0.0,2.410999970842568e+24,-125068.422,-1.3177667103540364e+38,4.272106162274351e+20,-3.3281677522676645e+32,-0.0,-0.0,-0.0,0.0,-0.0,0,1.3516416376850534e+27,244,0.0,488,-0.0,1.804316963640443e+17,2050,52429,17150,39322,17152,39322,17144,0,0,0,105,99,100,2.7302352164993253e+23,69.1,0.0,69.9,-107615312.0,69.0,1,47,48,180,0,13107,0,0,0.0,0.0,0.0,60.0,0.0,74.5,0.0,4.202516400094734e+20,0.0,1270,0,1276,0,0,0,1274,0,1286,0,1243,0,694,0,696,0,692,0,691,0.032,1.322413106158089e+34,-2.004,0.0,19088,16829,0.0,-0.0,-1271813.875,1.9808942104466427e+36,0.0,6.766672184019517e+17,70.0,60.0,66,0.0,0.0,10.0,2.0,0.0,0.0,0.0,0.0,0.0,0.0,0.0,0.0,0.0,0.0,0.0,0.0,65.6,69,16,65516,49,65476,0,300,0,0,8,20529,65476,0,0,45875,60.0,0.0,10.0,10.0,2.0,0.0
2026-02-05T14:24:39,ERR,ERR,ERR,ERR,ERR,ERR,ERR,ERR,ERR,ERR,ERR,ERR,ERR,ERR,ERR,ERR,ERR,ERR,ERR,ERR,ERR,ERR,ERR,ERR,ERR,ERR,ERR,ERR,ERR,ERR,ERR,ERR,ERR,ERR,ERR,ERR,ERR,ERR,ERR,ERR,ERR,ERR,ERR,ERR,ERR,ERR,ERR,ERR,ERR,ERR,ERR,ERR,ERR,ERR,ERR,ERR,ERR,ERR,ERR,ERR,ERR,ERR,ERR,ERR,ERR,ERR,ERR,ERR,ERR,ERR,ERR,ERR,ERR,ERR,ERR,ERR,ERR,ERR,ERR,ERR,ERR,ERR,ERR,ERR,ERR,ERR,ERR,ERR,ERR,ERR,ERR,ERR,ERR,ERR,ERR,ERR,ERR,ERR,ERR,ERR,ERR,ERR,ERR,ERR,ERR,ERR,ERR,ERR,ERR,ERR,ERR,ERR,ERR,ERR,ERR,ERR,ERR,ERR,ERR,ERR,ERR,ERR,ERR,ERR,ERR,2.718450016850437e+23,-0.0,2.8364315368646023e+23,0.0,-0.0,504330.438,-54777119506432.0,-4.885968457164376e+36,5800,0,8,17275,5800,-0.0,100,0.0,0.0,-107613408.0,0.0,1.9056969178834534e+17,0,0,0,0,nan,0,0,0,0,0,0,0,0,0,0,0,0,0,0,0,0,0,0,0,0,0,0,0,0,0,0,0,0,0,0,0,0,0,10,52,51,61,65476,621,65476,1,0,4,21553,0.0,2.71838894803949e+23,0.0,0.0,0.0,0.0,0.0,0.0,0.0,0.0,0.0,0.0,0.0,0.0,0.0,0.0,0.0,0.0,0.0,0.0,0.0,2.004,3.697074423243316e+19,-0.0,-0.0,0.0,0.0,0.0,0.0,0.0,6617.0,-1.0406715705571685e+34,0.0,2.718450016850437e+23,-0.0,-0.0,0.0,-0.0,0.0,2.004,2.004,247,-0.0,4.950424729324142e+32,0.0,0.0,0.0,0.0,0.0,0.0,0.0,0,0,0,0.0,-0.0,0.0,-0.0,-9126767.0,-0.0,2.410999970842568e+24,-125068.422,-1.3177667103540364e+38,4.272106162274351e+20,-3.3281677522676645e+32,-0.0,-0.0,-0.0,0.0,-0.0,0,1.3516416376850534e+27,244,0.0,488,-0.0,1.804316963640443e+17,2050,52429,17150,39322,17152,39322,17144,0,0,0,105,99,100,2.7302352164993253e+23,69.1,0.0,69.9,-107615312.0,69.0,1,47,48,180,0,13107,0,0,0.0,0.0,0.0,60.0,0.0,74.5,0.0,4.202516400094734e+20,0.0,1270,0,1276,0,0,0,1274,0,1286,0,1243,0,694,0,696,0,692,0,691,0.032,1.322413106158089e+34,-2.004,0.0,19088,16829,0.0,-0.0,-1271813.875,1.9808942104466427e+36,0.0,6.766672184019517e+17,70.0,60.0,66,0.0,0.0,10.0,2.0,0.0,0.0,0.0,0.0,0.0,0.0,0.0,0.0,0.0,0.0,0.0,0.0,65.6,69,16,65516,49,65476,0,300,0,0,8,20529,65476,0,0,51118,60.0,0.0,10.0,10.0,2.0,0.0
2026-02-05T14:24:40,ERR,ERR,ERR,ERR,ERR,ERR,ERR,ERR,ERR,ERR,ERR,ERR,ERR,ERR,ERR,ERR,ERR,ERR,ERR,ERR,ERR,ERR,ERR,ERR,ERR,ERR,ERR,ERR,ERR,ERR,ERR,ERR,ERR,ERR,ERR,ERR,ERR,ERR,ERR,ERR,ERR,ERR,ERR,ERR,ERR,ERR,ERR,ERR,ERR,ERR,ERR,ERR,ERR,ERR,ERR,ERR,ERR,ERR,ERR,ERR,ERR,ERR,ERR,ERR,ERR,ERR,ERR,ERR,ERR,ERR,ERR,ERR,ERR,ERR,ERR,ERR,ERR,ERR,ERR,ERR,ERR,ERR,ERR,ERR,ERR,ERR,ERR,ERR,ERR,ERR,ERR,ERR,ERR,ERR,ERR,ERR,ERR,ERR,ERR,ERR,ERR,ERR,ERR,ERR,ERR,ERR,ERR,ERR,ERR,ERR,ERR,ERR,ERR,ERR,ERR,ERR,ERR,ERR,ERR,ERR,ERR,ERR,ERR,ERR,ERR,2.718450016850437e+23,-0.0,2.8364315368646023e+23,0.0,-0.0,504330.438,-54777119506432.0,-4.885968457164376e+36,5800,0,8,17275,5800,-0.0,100,0.0,0.0,-107613408.0,0.0,1.9056969178834534e+17,0,0,0,0,nan,0,0,0,0,0,0,0,0,0,0,0,0,0,0,0,0,0,0,0,0,0,0,0,0,0,0,0,0,0,0,0,0,0,10,52,51,61,65476,621,65476,1,0,4,21553,0.0,2.71838894803949e+23,0.0,0.0,0.0,0.0,0.0,0.0,0.0,0.0,0.0,0.0,0.0,0.0,0.0,0.0,0.0,0.0,0.0,0.0,0.0,2.004,3.697074423243316e+19,-0.0,-0.0,0.0,0.0,0.0,0.0,0.0,6617.0,-1.0406715705571685e+34,0.0,2.718450016850437e+23,-0.0,-0.0,0.0,-0.0,0.0,2.004,2.004,247,-0.0,4.950424729324142e+32,0.0,0.0,0.0,0.0,0.0,0.0,0.0,0,0,0,0.0,-0.0,0.0,-0.0,-9126767.0,-0.0,2.410999970842568e+24,-125068.422,-1.3177667103540364e+38,4.272106162274351e+20,-3.3281677522676645e+32,-0.0,-0.0,-0.0,0.0,-0.0,0,1.3516416376850534e+27,244,0.0,488,-0.0,1.804316963640443e+17,2050,52429,17150,39322,17152,39322,17144,0,0,0,105,99,100,2.7302352164993253e+23,69.1,0.0,69.9,-107615312.0,69.0,1,47,48,180,0,13107,0,0,0.0,0.0,0.0,60.0,0.0,74.5,0.0,-0.0,0.0,1270,0,1276,0,0,0,1274,0,1286,0,1243,0,694,0,696,0,692,0,691,0.032,1.3305260699995496e+34,-2.004,0.0,18832,16829,0.0,6.35457036966241e+25,-7.30080567617183e+24,0.0,2063786573824.0,3.641106094863799e+35,70.0,60.0,66,0.0,0.0,10.0,2.0,0.0,0.0,0.0,0.0,0.0,0.0,0.0,0.0,0.0,0.0,0.0,0.0,65.6,69,16,65516,49,65476,0,300,0,0,8,20529,65476,0,0,51118,60.0,0.0,10.0,10.0,2.0,0.0
2026-02-05T14:24:41,ERR,ERR,ERR,ERR,ERR,ERR,ERR,ERR,ERR,ERR,ERR,ERR,ERR,ERR,ERR,ERR,ERR,ERR,ERR,ERR,ERR,ERR,ERR,ERR,ERR,ERR,ERR,ERR,ERR,ERR,ERR,ERR,ERR,ERR,ERR,ERR,ERR,ERR,ERR,ERR,ERR,ERR,ERR,ERR,ERR,ERR,ERR,ERR,ERR,ERR,ERR,ERR,ERR,ERR,ERR,ERR,ERR,ERR,ERR,ERR,ERR,ERR,ERR,ERR,ERR,ERR,ERR,ERR,ERR,ERR,ERR,ERR,ERR,ERR,ERR,ERR,ERR,ERR,ERR,ERR,ERR,ERR,ERR,ERR,ERR,ERR,ERR,ERR,ERR,ERR,ERR,ERR,ERR,ERR,ERR,ERR,ERR,ERR,ERR,ERR,ERR,ERR,ERR,ERR,ERR,ERR,ERR,ERR,ERR,ERR,ERR,ERR,ERR,ERR,ERR,ERR,ERR,ERR,ERR,ERR,ERR,ERR,ERR,ERR,ERR,2.718450016850437e+23,-0.0,2.8364315368646023e+23,0.0,-0.0,504330.438,-54777119506432.0,-4.885968457164376e+36,5800,0,8,17275,5800,-0.0,100,0.0,0.0,-107613408.0,0.0,1.9056969178834534e+17,0,0,0,0,nan,0,0,0,0,0,0,0,0,0,0,0,0,0,0,0,0,0,0,0,0,0,0,0,0,0,0,0,0,0,0,0,0,0,10,52,51,61,65476,621,65476,1,0,4,21553,0.0,2.71838894803949e+23,0.0,0.0,0.0,0.0,0.0,0.0,0.0,0.0,0.0,0.0,0.0,0.0,0.0,0.0,0.0,0.0,0.0,0.0,0.0,2.004,3.697074423243316e+19,-0.0,-0.0,0.0,0.0,0.0,0.0,0.0,6617.0,-1.0406715705571685e+34,0.0,2.718450016850437e+23,-0.0,-0.0,0.0,-0.0,0.0,2.004,2.004,247,-0.0,4.950424729324142e+32,0.0,0.0,0.0,0.0,0.0,0.0,0.0,0,0,0,0.0,-0.0,0.0,-0.0,-9126767.0,-0.0,2.410999970842568e+24,-125068.422,-1.3177667103540364e+38,4.272106162274351e+20,-3.3281677522676645e+32,-0.0,-0.0,-0.0,0.0,-0.0,0,1.3516416376850534e+27,244,0.0,488,-0.0,1.804316963640443e+17,2050,52429,17150,39322,17152,39322,17144,0,0,0,105,99,100,2.7302352164993253e+23,69.1,0.0,69.9,-107615312.0,69.0,1,47,48,180,0,13107,0,0,0.0,0.0,0.0,60.0,0.0,74.5,0.0,-0.0,0.0,1270,0,1276,0,0,0,1274,0,1286,0,1243,0,694,0,696,0,692,0,691,0.032,1.3305260699995496e+34,-2.004,0.0,18832,16829,0.0,6.35457036966241e+25,-7.30080567617183e+24,0.0,2063786573824.0,3.641106094863799e+35,70.0,60.0,66,0.0,0.0,10.0,2.0,0.0,0.0,0.0,0.0,0.0,0.0,0.0,0.0,0.0,0.0,0.0,0.0,65.6,69,16,65516,49,65476,0,300,0,0,8,20529,65476,0,0,51118,60.0,0.0,10.0,10.0,2.0,0.0
2026-02-05T14:24:42,ERR,ERR,ERR,ERR,ERR,ERR,ERR,ERR,ERR,ERR,ERR,ERR,ERR,ERR,ERR,ERR,ERR,ERR,ERR,ERR,ERR,ERR,ERR,ERR,ERR,ERR,ERR,ERR,ERR,ERR,ERR,ERR,ERR,ERR,ERR,ERR,ERR,ERR,ERR,ERR,ERR,ERR,ERR,ERR,ERR,ERR,ERR,ERR,ERR,ERR,ERR,ERR,ERR,ERR,ERR,ERR,ERR,ERR,ERR,ERR,ERR,ERR,ERR,ERR,ERR,ERR,ERR,ERR,ERR,ERR,ERR,ERR,ERR,ERR,ERR,ERR,ERR,ERR,ERR,ERR,ERR,ERR,ERR,ERR,ERR,ERR,ERR,ERR,ERR,ERR,ERR,ERR,ERR,ERR,ERR,ERR,ERR,ERR,ERR,ERR,ERR,ERR,ERR,ERR,ERR,ERR,ERR,ERR,ERR,ERR,ERR,ERR,ERR,ERR,ERR,ERR,ERR,ERR,ERR,ERR,ERR,ERR,ERR,ERR,ERR,2.718450016850437e+23,-0.0,2.8364315368646023e+23,0.0,-0.0,504330.438,-54777119506432.0,-4.885968457164376e+36,5800,0,8,17275,5800,-0.0,100,0.0,0.0,-107613408.0,0.0,1.9056969178834534e+17,0,0,0,0,nan,0,0,0,0,0,0,0,0,0,0,0,0,0,0,0,0,0,0,0,0,0,0,0,0,0,0,0,0,0,0,0,0,0,10,52,51,61,65476,621,65476,1,0,4,21553,0.0,2.71838894803949e+23,0.0,0.0,0.0,0.0,0.0,0.0,0.0,0.0,0.0,0.0,0.0,0.0,0.0,0.0,0.0,0.0,0.0,0.0,0.0,2.004,3.697074423243316e+19,-0.0,-0.0,0.0,0.0,0.0,0.0,0.0,6617.0,-1.0406715705571685e+34,0.0,2.718450016850437e+23,-0.0,-0.0,0.0,-0.0,0.0,2.004,2.004,247,-0.0,4.950424729324142e+32,0.0,0.0,0.0,0.0,0.0,0.0,0.0,0,0,0,0.0,-0.0,0.0,-0.0,-9126767.0,-0.0,2.410999970842568e+24,-125068.422,-1.3177667103540364e+38,4.272106162274351e+20,-3.3281677522676645e+32,-0.0,-0.0,-0.0,0.0,-0.0,0,1.3516416376850534e+27,244,0.0,488,-0.0,1.804316963640443e+17,2050,52429,17150,39322,17152,39322,17144,0,0,0,105,99,100,2.7302352164993253e+23,69.1,0.0,69.9,-107615312.0,69.0,1,47,48,180,0,13107,0,0,0.0,0.0,0.0,60.0,0.0,74.5,0.0,-0.0,0.0,1270,0,1276,0,0,0,1274,0,1286,0,1243,0,694,0,696,0,692,0,691,0.032,1.3305260699995496e+34,-2.004,0.0,18832,16829,0.0,6.35457036966241e+25,-7.30080567617183e+24,0.0,2063786573824.0,3.641106094863799e+35,70.0,60.0,66,0.0,0.0,10.0,2.0,0.0,0.0,0.0,0.0,0.0,0.0,0.0,0.0,0.0,0.0,0.0,0.0,65.6,69,16,65516,49,65476,0,300,0,0,8,20529,65476,0,0,47186,60.0,0.0,10.0,10.0,2.0,0.0
2026-02-05T14:24:43,ERR,ERR,ERR,ERR,ERR,ERR,ERR,ERR,ERR,ERR,ERR,ERR,ERR,ERR,ERR,ERR,ERR,ERR,ERR,ERR,ERR,ERR,ERR,ERR,ERR,ERR,ERR,ERR,ERR,ERR,ERR,ERR,ERR,ERR,ERR,ERR,ERR,ERR,ERR,ERR,ERR,ERR,ERR,ERR,ERR,ERR,ERR,ERR,ERR,ERR,ERR,ERR,ERR,ERR,ERR,ERR,ERR,ERR,ERR,ERR,ERR,ERR,ERR,ERR,ERR,ERR,ERR,ERR,ERR,ERR,ERR,ERR,ERR,ERR,ERR,ERR,ERR,ERR,ERR,ERR,ERR,ERR,ERR,ERR,ERR,ERR,ERR,ERR,ERR,ERR,ERR,ERR,ERR,ERR,ERR,ERR,ERR,ERR,ERR,ERR,ERR,ERR,ERR,ERR,ERR,ERR,ERR,ERR,ERR,ERR,ERR,ERR,ERR,ERR,ERR,ERR,ERR,ERR,ERR,ERR,ERR,ERR,ERR,ERR,ERR,2.718450016850437e+23,-0.0,2.8364315368646023e+23,0.0,-0.0,504330.438,-54777119506432.0,-4.885968457164376e+36,5800,0,8,17275,5800,-0.0,100,0.0,0.0,-107613408.0,0.0,1.9056969178834534e+17,0,0,0,0,nan,0,0,0,0,0,0,0,0,0,0,0,0,0,0,0,0,0,0,0,0,0,0,0,0,0,0,0,0,0,0,0,0,0,10,52,51,61,65476,621,65476,1,0,4,21553,0.0,2.71838894803949e+23,0.0,0.0,0.0,0.0,0.0,0.0,0.0,0.0,0.0,0.0,0.0,0.0,0.0,0.0,0.0,0.0,0.0,0.0,0.0,2.004,3.697074423243316e+19,-0.0,-0.0,0.0,0.0,0.0,0.0,0.0,6617.0,-1.0406715705571685e+34,0.0,2.718450016850437e+23,-0.0,-0.0,0.0,-0.0,0.0,2.004,2.004,247,-0.0,4.950424729324142e+32,0.0,0.0,0.0,0.0,0.0,0.0,0.0,0,0,0,0.0,-0.0,0.0,-0.0,-9126767.0,-0.0,2.410999970842568e+24,-125068.422,-1.3177667103540364e+38,4.272106162274351e+20,-3.3281677522676645e+32,-0.0,-0.0,-0.0,0.0,-0.0,0,1.3516416376850534e+27,244,0.0,488,-0.0,1.804316963640443e+17,2050,52429,17150,39322,17152,39322,17144,0,0,0,105,99,100,2.7302352164993253e+23,69.1,0.0,69.9,-107615312.0,69.0,1,47,48,180,0,13107,0,0,0.0,0.0,0.0,60.0,0.0,74.5,0.0,-0.0,0.0,1270,0,1276,0,0,0,1274,0,1286,0,1243,0,694,0,696,0,692,0,691,0.032,1.3305260699995496e+34,-2.004,0.0,18832,16829,0.0,6.35457036966241e+25,-7.30080567617183e+24,0.0,2063786573824.0,3.641106094863799e+35,70.0,60.0,66,0.0,0.0,10.0,2.0,0.0,0.0,0.0,0.0,0.0,0.0,0.0,0.0,0.0,0.0,0.0,0.0,65.6,69,16,65516,49,65476,0,300,0,0,8,20529,65476,0,0,45875,60.0,0.0,10.0,10.0,2.0,0.0
2026-02-05T14:24:44,ERR,ERR,ERR,ERR,ERR,ERR,ERR,ERR,ERR,ERR,ERR,ERR,ERR,ERR,ERR,ERR,ERR,ERR,ERR,ERR,ERR,ERR,ERR,ERR,ERR,ERR,ERR,ERR,ERR,ERR,ERR,ERR,ERR,ERR,ERR,ERR,ERR,ERR,ERR,ERR,ERR,ERR,ERR,ERR,ERR,ERR,ERR,ERR,ERR,ERR,ERR,ERR,ERR,ERR,ERR,ERR,ERR,ERR,ERR,ERR,ERR,ERR,ERR,ERR,ERR,ERR,ERR,ERR,ERR,ERR,ERR,ERR,ERR,ERR,ERR,ERR,ERR,ERR,ERR,ERR,ERR,ERR,ERR,ERR,ERR,ERR,ERR,ERR,ERR,ERR,ERR,ERR,ERR,ERR,ERR,ERR,ERR,ERR,ERR,ERR,ERR,ERR,ERR,ERR,ERR,ERR,ERR,ERR,ERR,ERR,ERR,ERR,ERR,ERR,ERR,ERR,ERR,ERR,ERR,ERR,ERR,ERR,ERR,ERR,ERR,2.718450016850437e+23,-0.0,2.8364315368646023e+23,-107613408.0,-4.209512871143983e+25,-0.0,0.0,-0.0,5800,0,8,17276,5800,-0.0,100,0.0,0.0,0.0,0.0,1.9056969178834534e+17,0,0,0,0,nan,0,0,0,0,0,0,0,0,0,0,0,0,0,0,0,0,0,0,0,0,0,0,0,0,0,0,0,0,0,0,0,0,0,10,52,51,61,65476,621,65476,1,0,4,21553,0.0,2.7183896686154303e+23,0.0,0.0,0.0,0.0,0.0,0.0,0.0,0.0,0.0,0.0,0.0,0.0,0.0,0.0,0.0,0.0,0.0,0.0,0.0,2.004,3.697074423243316e+19,-0.0,-0.0,-0.0,0.0,0.0,0.0,0.0,6655.0,0.0,0.0,2.718450016850437e+23,-0.0,-107616232.0,-107616432.0,0.0,0.0,2.004,2.004,242,-0.059,-0.0,0.0,0.0,0.0,0.0,0.0,0.0,0.0,0,0,0,0.0,-0.0,0.0,-0.0,-159718811107328.0,-9.042251941707e+30,-0.0,-0.0,0.0,5.171384935867692e+20,-4.3169352204456835e+32,-0.0,-0.0,-0.0,0.0,-2563.952,0,1.3516416376850534e+27,242,0.0,484,-30771013632.0,-0.0,2050,52429,17150,39322,17152,39322,17144,0,0,0,105,99,100,2.7302352164993253e+23,69.1,0.0,69.9,-107615312.0,69.0,1,47,48,180,0,13107,0,0,0.0,0.0,0.0,60.0,0.0,74.5,0.0,2854421843148800.0,0.0,1270,0,1276,0,0,0,1274,0,1286,0,1243,0,694,0,696,0,692,0,692,0.032,1.3305260699995496e+34,0.0,2.7302352164993253e+23,15504,16829,0.0,0.0,9.867900352452984e+25,6.523272350085939e+16,-2396264.25,0.0,70.0,60.0,66,0.0,0.0,10.0,2.0,0.0,0.0,0.0,0.0,0.0,0.0,0.0,0.0,0.0,0.0,0.0,0.0,65.6,69,16,65516,49,65476,0,300,0,0,8,20529,65476,0,0,45875,60.0,0.0,10.0,10.0,2.0,0.0
2026-02-05T14:24:45,ERR,ERR,ERR,ERR,ERR,ERR,ERR,ERR,ERR,ERR,ERR,ERR,ERR,ERR,ERR,ERR,ERR,ERR,ERR,ERR,ERR,ERR,ERR,ERR,ERR,ERR,ERR,ERR,ERR,ERR,ERR,ERR,ERR,ERR,ERR,ERR,ERR,ERR,ERR,ERR,ERR,ERR,ERR,ERR,ERR,ERR,ERR,ERR,ERR,ERR,ERR,ERR,ERR,ERR,ERR,ERR,ERR,ERR,ERR,ERR,ERR,ERR,ERR,ERR,ERR,ERR,ERR,ERR,ERR,ERR,ERR,ERR,ERR,ERR,ERR,ERR,ERR,ERR,ERR,ERR,ERR,ERR,ERR,ERR,ERR,ERR,ERR,ERR,ERR,ERR,ERR,ERR,ERR,ERR,ERR,ERR,ERR,ERR,ERR,ERR,ERR,ERR,ERR,ERR,ERR,ERR,ERR,ERR,ERR,ERR,ERR,ERR,ERR,ERR,ERR,ERR,ERR,ERR,ERR,ERR,ERR,ERR,ERR,ERR,ERR,2.718450016850437e+23,-0.0,2.8364315368646023e+23,-107613408.0,-4.209512871143983e+25,-0.0,0.0,-0.0,5800,0,8,17276,5800,-0.0,100,0.0,0.0,0.0,0.0,1.9056969178834534e+17,0,0,0,0,nan,0,0,0,0,0,0,0,0,0,0,0,0,0,0,0,0,0,0,0,0,0,0,0,0,0,0,0,0,0,0,0,0,0,10,52,51,61,65476,621,65476,1,0,4,21553,0.0,2.7183896686154303e+23,0.0,0.0,0.0,0.0,0.0,0.0,0.0,0.0,0.0,0.0,0.0,0.0,0.0,0.0,0.0,0.0,0.0,0.0,0.0,2.004,3.697074423243316e+19,-0.0,-0.0,-0.0,0.0,0.0,0.0,0.0,6655.0,0.0,0.0,2.718450016850437e+23,-0.0,-107616232.0,-107616432.0,0.0,0.0,2.004,2.004,242,-0.059,-0.0,0.0,0.0,0.0,0.0,0.0,0.0,0.0,0,0,0,0.0,-0.0,0.0,-0.0,-159718811107328.0,-9.042251941707e+30,-0.0,-0.0,0.0,5.171384935867692e+20,-4.3169352204456835e+32,-0.0,-0.0,-0.0,0.0,-2563.952,0,1.3516416376850534e+27,242,0.0,484,-30771013632.0,-0.0,2050,52429,17150,39322,17152,39322,17144,0,0,0,105,99,100,2.7302352164993253e+23,69.1,0.0,69.9,-107615312.0,69.0,1,47,48,180,0,13107,0,0,0.0,0.0,0.0,60.0,0.0,74.5,0.0,2854421843148800.0,0.0,1270,0,1276,0,0,0,1274,0,1286,0,1243,0,694,0,696,0,692,0,692,0.032,1.3305260699995496e+34,0.0,2.7302352164993253e+23,15504,16829,0.0,0.0,9.867900352452984e+25,6.523272350085939e+16,-2396264.25,0.0,70.0,60.0,66,0.0,0.0,10.0,2.0,0.0,0.0,0.0,0.0,0.0,0.0,0.0,0.0,0.0,0.0,0.0,0.0,65.6,69,16,65516,49,65476,0,300,0,0,8,20529,65476,0,0,41943,60.0,0.0,10.0,10.0,2.0,0.0
2026-02-05T14:24:46,ERR,ERR,ERR,ERR,ERR,ERR,ERR,ERR,ERR,ERR,ERR,ERR,ERR,ERR,ERR,ERR,ERR,ERR,ERR,ERR,ERR,ERR,ERR,ERR,ERR,ERR,ERR,ERR,ERR,ERR,ERR,ERR,ERR,ERR,ERR,ERR,ERR,ERR,ERR,ERR,ERR,ERR,ERR,ERR,ERR,ERR,ERR,ERR,ERR,ERR,ERR,ERR,ERR,ERR,ERR,ERR,ERR,ERR,ERR,ERR,ERR,ERR,ERR,ERR,ERR,ERR,ERR,ERR,ERR,ERR,ERR,ERR,ERR,ERR,ERR,ERR,ERR,ERR,ERR,ERR,ERR,ERR,ERR,ERR,ERR,ERR,ERR,ERR,ERR,ERR,ERR,ERR,ERR,ERR,ERR,ERR,ERR,ERR,ERR,ERR,ERR,ERR,ERR,ERR,ERR,ERR,ERR,ERR,ERR,ERR,ERR,ERR,ERR,ERR,ERR,ERR,ERR,ERR,ERR,ERR,ERR,ERR,ERR,ERR,ERR,2.718450016850437e+23,-0.0,2.8364315368646023e+23,-107613408.0,-4.209512871143983e+25,-0.0,0.0,-0.0,5800,0,8,17276,5800,-0.0,100,0.0,0.0,0.0,0.0,1.9056969178834534e+17,0,0,0,0,nan,0,0,0,0,0,0,0,0,0,0,0,0,0,0,0,0,0,0,0,0,0,0,0,0,0,0,0,0,0,0,0,0,0,10,52,51,61,65476,621,65476,1,0,4,21553,0.0,2.7183896686154303e+23,0.0,0.0,0.0,0.0,0.0,0.0,0.0,0.0,0.0,0.0,0.0,0.0,0.0,0.0,0.0,0.0,0.0,0.0,0.0,2.004,3.697074423243316e+19,-0.0,-0.0,-0.0,0.0,0.0,0.0,0.0,6655.0,0.0,0.0,2.718450016850437e+23,-0.0,-107616232.0,-107616432.0,0.0,0.0,2.004,2.004,242,-0.059,-0.0,0.0,0.0,0.0,0.0,0.0,0.0,0.0,0,0,0,0.0,-0.0,0.0,-0.0,-159718811107328.0,-9.042251941707e+30,-0.0,-0.0,0.0,5.171384935867692e+20,-4.3169352204456835e+32,-0.0,-0.0,-0.0,0.0,-2563.952,0,1.3516416376850534e+27,242,0.0,484,-30771013632.0,-0.0,2050,52429,17150,39322,17152,39322,17144,0,0,0,105,99,100,2.7302352164993253e+23,69.1,0.0,69.9,-107615312.0,69.0,1,47,48,180,0,13107,0,0,0.0,0.0,0.0,60.0,0.0,74.5,0.0,2854421843148800.0,0.0,1270,0,1276,0,0,0,1274,0,1286,0,1243,0,694,0,696,0,692,0,692,0.032,1.3305260699995496e+34,0.0,2.7302352164993253e+23,15504,16829,0.0,0.0,9.867900352452984e+25,6.523272350085939e+16,-2396264.25,0.0,70.0,60.0,66,0.0,0.0,10.0,2.0,0.0,0.0,0.0,0.0,0.0,0.0,0.0,0.0,0.0,0.0,0.0,0.0,65.6,69,16,65516,49,65476,0,300,0,0,8,20529,65476,0,0,41943,60.0,0.0,10.0,10.0,2.0,0.0
2026-02-05T14:24:47,ERR,ERR,ERR,ERR,ERR,ERR,ERR,ERR,ERR,ERR,ERR,ERR,ERR,ERR,ERR,ERR,ERR,ERR,ERR,ERR,ERR,ERR,ERR,ERR,ERR,ERR,ERR,ERR,ERR,ERR,ERR,ERR,ERR,ERR,ERR,ERR,ERR,ERR,ERR,ERR,ERR,ERR,ERR,ERR,ERR,ERR,ERR,ERR,ERR,ERR,ERR,ERR,ERR,ERR,ERR,ERR,ERR,ERR,ERR,ERR,ERR,ERR,ERR,ERR,ERR,ERR,ERR,ERR,ERR,ERR,ERR,ERR,ERR,ERR,ERR,ERR,ERR,ERR,ERR,ERR,ERR,ERR,ERR,ERR,ERR,ERR,ERR,ERR,ERR,ERR,ERR,ERR,ERR,ERR,ERR,ERR,ERR,ERR,ERR,ERR,ERR,ERR,ERR,ERR,ERR,ERR,ERR,ERR,ERR,ERR,ERR,ERR,ERR,ERR,ERR,ERR,ERR,ERR,ERR,ERR,ERR,ERR,ERR,ERR,ERR,2.718450016850437e+23,-0.0,2.8364315368646023e+23,-107613408.0,-4.209512871143983e+25,-0.0,0.0,-0.0,5800,0,8,17276,5800,-0.0,100,0.0,0.0,0.0,0.0,1.9056969178834534e+17,0,0,0,0,nan,0,0,0,0,0,0,0,0,0,0,0,0,0,0,0,0,0,0,0,0,0,0,0,0,0,0,0,0,0,0,0,0,0,10,52,51,61,65476,621,65476,1,0,4,21553,0.0,2.7183896686154303e+23,0.0,0.0,0.0,0.0,0.0,0.0,0.0,0.0,0.0,0.0,0.0,0.0,0.0,0.0,0.0,0.0,0.0,0.0,0.0,2.004,3.697074423243316e+19,-0.0,-0.0,-0.0,0.0,0.0,0.0,0.0,6655.0,0.0,0.0,2.718450016850437e+23,-0.0,-107616232.0,-107616432.0,0.0,0.0,2.004,2.004,242,-0.059,-0.0,0.0,0.0,0.0,0.0,0.0,0.0,0.0,0,0,0,0.0,-0.0,0.0,-0.0,-159718811107328.0,-9.042251941707e+30,-0.0,-0.0,0.0,5.171384935867692e+20,-4.3169352204456835e+32,-0.0,-0.0,-0.0,0.0,-2563.952,0,1.3516416376850534e+27,242,0.0,484,-30771013632.0,-0.0,2050,52429,17150,39322,17152,39322,17144,0,0,0,105,99,100,2.7302352164993253e+23,69.1,0.0,69.9,-107615312.0,69.0,1,47,48,180,0,13107,0,0,0.0,0.0,0.0,60.0,0.0,74.5,0.0,2854421843148800.0,0.0,1270,0,1276,0,0,0,1274,0,1286,0,1243,0,694,0,696,0,692,0,692,0.032,1.3305260699995496e+34,0.0,2.7302352164993253e+23,15504,16829,0.0,0.0,9.867900352452984e+25,6.523272350085939e+16,-2396264.25,0.0,70.0,60.0,66,0.0,0.0,10.0,2.0,0.0,0.0,0.0,0.0,0.0,0.0,0.0,0.0,0.0,0.0,0.0,0.0,65.6,69,16,65516,49,65476,0,300,0,0,8,20529,65476,0,0,41943,60.0,0.0,10.0,10.0,2.0,0.0
2026-02-05T14:24:48,ERR,ERR,ERR,ERR,ERR,ERR,ERR,ERR,ERR,ERR,ERR,ERR,ERR,ERR,ERR,ERR,ERR,ERR,ERR,ERR,ERR,ERR,ERR,ERR,ERR,ERR,ERR,ERR,ERR,ERR,ERR,ERR,ERR,ERR,ERR,ERR,ERR,ERR,ERR,ERR,ERR,ERR,ERR,ERR,ERR,ERR,ERR,ERR,ERR,ERR,ERR,ERR,ERR,ERR,ERR,ERR,ERR,ERR,ERR,ERR,ERR,ERR,ERR,ERR,ERR,ERR,ERR,ERR,ERR,ERR,ERR,ERR,ERR,ERR,ERR,ERR,ERR,ERR,ERR,ERR,ERR,ERR,ERR,ERR,ERR,ERR,ERR,ERR,ERR,ERR,ERR,ERR,ERR,ERR,ERR,ERR,ERR,ERR,ERR,ERR,ERR,ERR,ERR,ERR,ERR,ERR,ERR,ERR,ERR,ERR,ERR,ERR,ERR,ERR,ERR,ERR,ERR,ERR,ERR,ERR,ERR,ERR,ERR,ERR,ERR,2.718450016850437e+23,-0.0,2.8364315368646023e+23,-107613408.0,-4.209512871143983e+25,-0.0,0.0,-0.0,5800,0,8,17276,5800,-0.0,100,0.0,0.0,0.0,0.0,1.9056969178834534e+17,0,0,0,0,nan,0,0,0,0,0,0,0,0,0,0,0,0,0,0,0,0,0,0,0,0,0,0,0,0,0,0,0,0,0,0,0,0,0,10,52,51,61,65476,621,65476,1,0,4,21553,0.0,2.7183896686154303e+23,0.0,0.0,0.0,0.0,0.0,0.0,0.0,0.0,0.0,0.0,0.0,0.0,0.0,0.0,0.0,0.0,0.0,0.0,0.0,2.004,3.697074423243316e+19,-0.0,-0.0,-0.0,0.0,0.0,0.0,0.0,6655.0,0.0,0.0,2.718450016850437e+23,-0.0,-107616232.0,-107616432.0,0.0,0.0,2.004,2.004,242,-0.059,-0.0,0.0,0.0,0.0,0.0,0.0,0.0,0.0,0,0,0,0.0,-0.0,0.0,-0.0,-159718811107328.0,-9.042251941707e+30,-0.0,-0.0,0.0,5.171384935867692e+20,-4.3169352204456835e+32,-0.0,-0.0,-0.0,0.0,-2563.952,0,1.3516416376850534e+27,242,0.0,484,-30771013632.0,-0.0,2050,52429,17150,39322,17152,39322,17144,0,0,0,105,99,100,2.7302352164993253e+23,69.1,0.0,69.9,-107615312.0,69.0,1,47,48,180,0,26215,0,0,0.0,0.0,0.0,60.0,0.0,74.5,0.0,-0.0,0.0,1270,0,1276,0,0,0,1274,0,1286,0,1243,0,694,0,696,0,692,0,692,0.032,1.322413106158089e+34,0.0,2.7302352164993253e+23,27664,16829,0.0,-0.002,409470432.0,-0.0,-0.0,-2.4972746225572052e+33,70.0,60.0,66,0.0,0.0,10.0,2.0,0.0,0.0,0.0,0.0,0.0,0.0,0.0,0.0,0.0,0.0,0.0,0.0,65.6,69,16,65516,49,65476,0,300,0,0,8,20529,65476,0,0,41943,60.0,0.0,10.0,10.0,2.0,0.0
2026-02-05T14:24:49,ERR,ERR,ERR,ERR,ERR,ERR,ERR,ERR,ERR,ERR,ERR,ERR,ERR,ERR,ERR,ERR,ERR,ERR,ERR,ERR,ERR,ERR,ERR,ERR,ERR,ERR,ERR,ERR,ERR,ERR,ERR,ERR,ERR,ERR,ERR,ERR,ERR,ERR,ERR,ERR,ERR,ERR,ERR,ERR,ERR,ERR,ERR,ERR,ERR,ERR,ERR,ERR,ERR,ERR,ERR,ERR,ERR,ERR,ERR,ERR,ERR,ERR,ERR,ERR,ERR,ERR,ERR,ERR,ERR,ERR,ERR,ERR,ERR,ERR,ERR,ERR,ERR,ERR,ERR,ERR,ERR,ERR,ERR,ERR,ERR,ERR,ERR,ERR,ERR,ERR,ERR,ERR,ERR,ERR,ERR,ERR,ERR,ERR,ERR,ERR,ERR,ERR,ERR,ERR,ERR,ERR,ERR,ERR,ERR,ERR,ERR,ERR,ERR,ERR,ERR,ERR,ERR,ERR,ERR,ERR,ERR,ERR,ERR,ERR,ERR,2.718450016850437e+23,-0.0,2.8364315368646023e+23,0.0,-0.0,-0.0,0.0,-0.0,5800,0,8,17276,5800,14723891331072.0,100,0.0,0.0,0.0,0.0,1.9056969178834534e+17,0,0,0,0,nan,0,0,0,0,0,0,0,0,0,0,0,0,0,0,0,0,0,0,0,0,0,0,0,0,0,0,0,0,0,0,0,0,0,10,52,51,61,65476,620,65476,1,0,4,21553,0.0,-107613536.0,0.0,0.0,0.0,0.0,0.0,0.0,0.0,0.0,0.0,0.0,0.0,0.0,0.0,0.0,0.0,0.0,0.0,0.0,0.0,2.004,3.697074423243316e+19,-0.0,-0.0,-0.0,0.0,0.0,0.0,0.0,6648.0,0.0,0.0,2.718450016850437e+23,-0.0,-107616232.0,-0.0,-0.0,0.0,2.004,2.004,243,-0.0,-0.0,0.0,0.0,0.0,0.0,0.0,0.0,0.0,0,0,0,0.0,6.089804131761456e+37,0.0,-5.476976166084367e+30,-491285984.0,3.5861832742312346e+17,-0.0,0.0,-1.9396496651504845e+17,6.468953616256378e+20,-5.432467748646525e+32,-0.0,-0.0,-0.0,0.0,0.0,0,1.3516416376850534e+27,243,0.0,486,-30771013632.0,-0.0,2050,52429,17150,39322,17152,39322,17144,0,0,0,105,99,100,2.7302352164993253e+23,69.1,0.0,69.9,-107615312.0,69.0,1,47,48,180,0,26215,0,0,0.0,0.0,0.0,60.0,0.0,74.5,0.0,-0.0,0.0,1270,0,1276,0,0,0,1274,0,1286,0,1243,0,694,0,696,0,692,0,692,0.032,1.322413106158089e+34,0.0,2.7302352164993253e+23,27664,16829,0.0,-0.002,409470432.0,-0.0,-0.0,-2.4972746225572052e+33,70.0,60.0,66,0.0,0.0,10.0,2.0,0.0,0.0,0.0,0.0,0.0,0.0,0.0,0.0,0.0,0.0,0.0,0.0,65.6,69,16,65516,49,65476,0,300,0,0,8,20529,65476,0,0,43254,60.0,0.0,10.0,10.0,2.0,0.0
2026-02-05T14:24:50,ERR,ERR,ERR,ERR,ERR,ERR,ERR,ERR,ERR,ERR,ERR,ERR,ERR,ERR,ERR,ERR,ERR,ERR,ERR,ERR,ERR,ERR,ERR,ERR,ERR,ERR,ERR,ERR,ERR,ERR,ERR,ERR,ERR,ERR,ERR,ERR,ERR,ERR,ERR,ERR,ERR,ERR,ERR,ERR,ERR,ERR,ERR,ERR,ERR,ERR,ERR,ERR,ERR,ERR,ERR,ERR,ERR,ERR,ERR,ERR,ERR,ERR,ERR,ERR,ERR,ERR,ERR,ERR,ERR,ERR,ERR,ERR,ERR,ERR,ERR,ERR,ERR,ERR,ERR,ERR,ERR,ERR,ERR,ERR,ERR,ERR,ERR,ERR,ERR,ERR,ERR,ERR,ERR,ERR,ERR,ERR,ERR,ERR,ERR,ERR,ERR,ERR,ERR,ERR,ERR,ERR,ERR,ERR,ERR,ERR,ERR,ERR,ERR,ERR,ERR,ERR,ERR,ERR,ERR,ERR,ERR,ERR,ERR,ERR,ERR,2.718450016850437e+23,-0.0,2.8364315368646023e+23,0.0,-0.0,-0.0,0.0,-0.0,5800,0,8,17276,5800,14723891331072.0,100,0.0,0.0,0.0,0.0,1.9056969178834534e+17,0,0,0,0,nan,0,0,0,0,0,0,0,0,0,0,0,0,0,0,0,0,0,0,0,0,0,0,0,0,0,0,0,0,0,0,0,0,0,10,52,51,61,65476,620,65476,1,0,4,21553,0.0,-107613536.0,0.0,0.0,0.0,0.0,0.0,0.0,0.0,0.0,0.0,0.0,0.0,0.0,0.0,0.0,0.0,0.0,0.0,0.0,0.0,2.004,3.697074423243316e+19,-0.0,-0.0,-0.0,0.0,0.0,0.0,0.0,6648.0,0.0,0.0,2.718450016850437e+23,-0.0,-107616232.0,-0.0,-0.0,0.0,2.004,2.004,243,-0.0,-0.0,0.0,0.0,0.0,0.0,0.0,0.0,0.0,0,0,0,0.0,6.089804131761456e+37,0.0,-5.476976166084367e+30,-491285984.0,3.5861832742312346e+17,-0.0,0.0,-1.9396496651504845e+17,6.468953616256378e+20,-5.432467748646525e+32,-0.0,-0.0,-0.0,0.0,0.0,0,1.3516416376850534e+27,243,0.0,486,-30771013632.0,-0.0,2050,52429,17150,39322,17152,39322,17144,0,0,0,105,99,100,2.7302352164993253e+23,69.1,0.0,69.9,-107615312.0,69.0,1,47,48,180,0,26215,0,0,0.0,0.0,0.0,60.0,0.0,74.5,0.0,-0.0,0.0,1270,0,1276,0,0,0,1274,0,1286,0,1243,0,694,0,696,0,692,0,692,0.032,1.322413106158089e+34,0.0,2.7302352164993253e+23,27664,16829,0.0,-0.002,409470432.0,-0.0,-0.0,-2.4972746225572052e+33,70.0,60.0,66,0.0,0.0,10.0,2.0,0.0,0.0,0.0,0.0,0.0,0.0,0.0,0.0,0.0,0.0,0.0,0.0,65.6,69,16,65516,49,65476,0,300,0,0,8,20529,65476,0,0,43254,60.0,0.0,10.0,10.0,2.0,0.0
2026-02-05T14:24:51,ERR,ERR,ERR,ERR,ERR,ERR,ERR,ERR,ERR,ERR,ERR,ERR,ERR,ERR,ERR,ERR,ERR,ERR,ERR,ERR,ERR,ERR,ERR,ERR,ERR,ERR,ERR,ERR,ERR,ERR,ERR,ERR,ERR,ERR,ERR,ERR,ERR,ERR,ERR,ERR,ERR,ERR,ERR,ERR,ERR,ERR,ERR,ERR,ERR,ERR,ERR,ERR,ERR,ERR,ERR,ERR,ERR,ERR,ERR,ERR,ERR,ERR,ERR,ERR,ERR,ERR,ERR,ERR,ERR,ERR,ERR,ERR,ERR,ERR,ERR,ERR,ERR,ERR,ERR,ERR,ERR,ERR,ERR,ERR,ERR,ERR,ERR,ERR,ERR,ERR,ERR,ERR,ERR,ERR,ERR,ERR,ERR,ERR,ERR,ERR,ERR,ERR,ERR,ERR,ERR,ERR,ERR,ERR,ERR,ERR,ERR,ERR,ERR,ERR,ERR,ERR,ERR,ERR,ERR,ERR,ERR,ERR,ERR,ERR,ERR,2.718450016850437e+23,-0.0,2.8364315368646023e+23,0.0,-0.0,-0.0,0.0,-0.0,5800,0,8,17276,5800,14723891331072.0,100,0.0,0.0,0.0,0.0,1.9056969178834534e+17,0,0,0,0,nan,0,0,0,0,0,0,0,0,0,0,0,0,0,0,0,0,0,0,0,0,0,0,0,0,0,0,0,0,0,0,0,0,0,10,52,51,61,65476,620,65476,1,0,4,21553,0.0,-107613536.0,0.0,0.0,0.0,0.0,0.0,0.0,0.0,0.0,0.0,0.0,0.0,0.0,0.0,0.0,0.0,0.0,0.0,0.0,0.0,2.004,3.697074423243316e+19,-0.0,-0.0,-0.0,0.0,0.0,0.0,0.0,6648.0,0.0,0.0,2.718450016850437e+23,-0.0,-107616232.0,-0.0,-0.0,0.0,2.004,2.004,243,-0.0,-0.0,0.0,0.0,0.0,0.0,0.0,0.0,0.0,0,0,0,0.0,6.089804131761456e+37,0.0,-5.476976166084367e+30,-491285984.0,3.5861832742312346e+17,-0.0,0.0,-1.9396496651504845e+17,6.468953616256378e+20,-5.432467748646525e+32,-0.0,-0.0,-0.0,0.0,0.0,0,1.3516416376850534e+27,243,0.0,486,-30771013632.0,-0.0,2050,52429,17150,39322,17152,39322,17144,0,0,0,105,99,100,2.7302352164993253e+23,69.1,0.0,69.9,-107615312.0,69.0,1,47,48,180,0,26215,0,0,0.0,0.0,0.0,60.0,0.0,74.5,0.0,-0.0,0.0,1270,0,1276,0,0,0,1274,0,1286,0,1243,0,694,0,696,0,692,0,692,0.032,1.322413106158089e+34,0.0,2.7302352164993253e+23,27664,16829,0.0,-0.002,409470432.0,-0.0,-0.0,-2.4972746225572052e+33,70.0,60.0,66,0.0,0.0,10.0,2.0,0.0,0.0,0.0,0.0,0.0,0.0,0.0,0.0,0.0,0.0,0.0,0.0,65.6,69,16,65516,49,65476,0,300,0,0,8,20529,65476,0,0,45875,60.0,0.0,10.0,10.0,2.0,0.0
2026-02-05T14:24:52,ERR,ERR,ERR,ERR,ERR,ERR,ERR,ERR,ERR,ERR,ERR,ERR,ERR,ERR,ERR,ERR,ERR,ERR,ERR,ERR,ERR,ERR,ERR,ERR,ERR,ERR,ERR,ERR,ERR,ERR,ERR,ERR,ERR,ERR,ERR,ERR,ERR,ERR,ERR,ERR,ERR,ERR,ERR,ERR,ERR,ERR,ERR,ERR,ERR,ERR,ERR,ERR,ERR,ERR,ERR,ERR,ERR,ERR,ERR,ERR,ERR,ERR,ERR,ERR,ERR,ERR,ERR,ERR,ERR,ERR,ERR,ERR,ERR,ERR,ERR,ERR,ERR,ERR,ERR,ERR,ERR,ERR,ERR,ERR,ERR,ERR,ERR,ERR,ERR,ERR,ERR,ERR,ERR,ERR,ERR,ERR,ERR,ERR,ERR,ERR,ERR,ERR,ERR,ERR,ERR,ERR,ERR,ERR,ERR,ERR,ERR,ERR,ERR,ERR,ERR,ERR,ERR,ERR,ERR,ERR,ERR,ERR,ERR,ERR,ERR,2.718450016850437e+23,-0.0,2.8364315368646023e+23,0.0,-0.0,-0.0,0.0,-0.0,5800,0,8,17276,5800,14723891331072.0,100,0.0,0.0,0.0,0.0,1.9056969178834534e+17,0,0,0,0,nan,0,0,0,0,0,0,0,0,0,0,0,0,0,0,0,0,0,0,0,0,0,0,0,0,0,0,0,0,0,0,0,0,0,10,52,51,61,65476,620,65476,1,0,4,21553,0.0,-107613536.0,0.0,0.0,0.0,0.0,0.0,0.0,0.0,0.0,0.0,0.0,0.0,0.0,0.0,0.0,0.0,0.0,0.0,0.0,0.0,2.004,3.697074423243316e+19,-0.0,-0.0,-0.0,0.0,0.0,0.0,0.0,6648.0,0.0,0.0,2.718450016850437e+23,-0.0,-107616232.0,-0.0,-0.0,0.0,2.004,2.004,243,-0.0,-0.0,0.0,0.0,0.0,0.0,0.0,0.0,0.0,0,0,0,0.0,6.089804131761456e+37,0.0,-5.476976166084367e+30,-491285984.0,3.5861832742312346e+17,-0.0,0.0,-1.9396496651504845e+17,6.468953616256378e+20,-5.432467748646525e+32,-0.0,-0.0,-0.0,0.0,0.0,0,1.3516416376850534e+27,243,0.0,486,-30771013632.0,-0.0,2050,39322,17150,39322,17152,39322,17144,0,0,0,105,99,100,2.7302352164993253e+23,69.1,0.0,69.9,-107615312.0,69.0,1,47,48,180,0,26215,0,0,0.0,0.0,0.0,60.0,0.0,74.5,0.0,-0.0,0.0,1270,0,1277,0,0,0,1274,0,1286,0,1243,0,694,0,696,0,692,0,692,0.032,1.322413106158089e+34,0.0,2.7302352164993253e+23,15632,16829,0.0,8.433219825303552e+17,-226.251,-0.0,0.0,5110540783321088.0,70.0,60.0,66,0.0,0.0,10.0,2.0,0.0,0.0,0.0,0.0,0.0,0.0,0.0,0.0,0.0,0.0,0.0,0.0,65.6,69,16,65516,49,65476,0,300,0,0,8,20529,65476,0,0,45875,60.0,0.0,10.0,10.0,2.0,0.0
2026-02-05T14:24:53,ERR,ERR,ERR,ERR,ERR,ERR,ERR,ERR,ERR,ERR,ERR,ERR,ERR,ERR,ERR,ERR,ERR,ERR,ERR,ERR,ERR,ERR,ERR,ERR,ERR,ERR,ERR,ERR,ERR,ERR,ERR,ERR,ERR,ERR,ERR,ERR,ERR,ERR,ERR,ERR,ERR,ERR,ERR,ERR,ERR,ERR,ERR,ERR,ERR,ERR,ERR,ERR,ERR,ERR,ERR,ERR,ERR,ERR,ERR,ERR,ERR,ERR,ERR,ERR,ERR,ERR,ERR,ERR,ERR,ERR,ERR,ERR,ERR,ERR,ERR,ERR,ERR,ERR,ERR,ERR,ERR,ERR,ERR,ERR,ERR,ERR,ERR,ERR,ERR,ERR,ERR,ERR,ERR,ERR,ERR,ERR,ERR,ERR,ERR,ERR,ERR,ERR,ERR,ERR,ERR,ERR,ERR,ERR,ERR,ERR,ERR,ERR,ERR,ERR,ERR,ERR,ERR,ERR,ERR,ERR,ERR,ERR,ERR,ERR,ERR,2.718450016850437e+23,-0.0,2.8364315368646023e+23,0.0,-0.0,-0.0,0.0,-0.0,5800,0,8,17276,5800,14723891331072.0,100,0.0,0.0,0.0,0.0,1.9056969178834534e+17,0,0,0,0,nan,0,0,0,0,0,0,0,0,0,0,0,0,0,0,0,0,0,0,0,0,0,0,0,0,0,0,0,0,0,0,0,0,0,10,52,51,61,65476,620,65476,1,0,4,21553,0.0,-107613536.0,0.0,0.0,0.0,0.0,0.0,0.0,0.0,0.0,0.0,0.0,0.0,0.0,0.0,0.0,0.0,0.0,0.0,0.0,0.0,2.004,3.697074423243316e+19,-0.0,-0.0,-0.0,0.0,0.0,0.0,0.0,6648.0,0.0,0.0,2.718450016850437e+23,-0.0,-107616232.0,-0.0,-0.0,0.0,2.004,2.004,243,-0.0,-0.0,0.0,0.0,0.0,0.0,0.0,0.0,0.0,0,0,0,0.0,6.089804131761456e+37,0.0,-5.476976166084367e+30,-491285984.0,3.5861832742312346e+17,-0.0,0.0,-1.9396496651504845e+17,6.468953616256378e+20,-5.432467748646525e+32,-0.0,-0.0,-0.0,0.0,0.0,0,1.3516416376850534e+27,243,0.0,486,-30771013632.0,-0.0,2050,39322,17150,39322,17152,39322,17144,0,0,0,105,99,100,2.7302352164993253e+23,69.1,0.0,69.9,-107615312.0,69.0,1,47,48,180,0,26215,0,0,0.0,0.0,0.0,60.0,0.0,74.5,0.0,-0.0,0.0,1270,0,1277,0,0,0,1274,0,1286,0,1243,0,694,0,696,0,692,0,692,0.032,1.322413106158089e+34,0.0,2.7302352164993253e+23,15632,16829,0.0,8.433219825303552e+17,-226.251,-0.0,0.0,5110540783321088.0,70.0,60.0,66,0.0,0.0,10.0,2.0,0.0,0.0,0.0,0.0,0.0,0.0,0.0,0.0,0.0,0.0,0.0,0.0,66.0,69,16,65516,49,65476,0,300,0,0,8,20529,65476,0,0,49807,60.0,0.0,10.0,10.0,2.0,0.0
2026-02-05T14:24:54,ERR,ERR,ERR,ERR,ERR,ERR,ERR,ERR,ERR,ERR,ERR,ERR,ERR,ERR,ERR,ERR,ERR,ERR,ERR,ERR,ERR,ERR,ERR,ERR,ERR,ERR,ERR,ERR,ERR,ERR,ERR,ERR,ERR,ERR,ERR,ERR,ERR,ERR,ERR,ERR,ERR,ERR,ERR,ERR,ERR,ERR,ERR,ERR,ERR,ERR,ERR,ERR,ERR,ERR,ERR,ERR,ERR,ERR,ERR,ERR,ERR,ERR,ERR,ERR,ERR,ERR,ERR,ERR,ERR,ERR,ERR,ERR,ERR,ERR,ERR,ERR,ERR,ERR,ERR,ERR,ERR,ERR,ERR,ERR,ERR,ERR,ERR,ERR,ERR,ERR,ERR,ERR,ERR,ERR,ERR,ERR,ERR,ERR,ERR,ERR,ERR,ERR,ERR,ERR,ERR,ERR,ERR,ERR,ERR,ERR,ERR,ERR,ERR,ERR,ERR,ERR,ERR,ERR,ERR,ERR,ERR,ERR,ERR,ERR,ERR,2.718450016850437e+23,-0.0,2.8364315368646023e+23,0.0,-0.0,-0.0,0.0,-0.0,5800,0,8,17276,5800,14723891331072.0,100,0.0,0.0,0.0,0.0,1.9056969178834534e+17,0,0,0,0,nan,0,0,0,0,0,0,0,0,0,0,0,0,0,0,0,0,0,0,0,0,0,0,0,0,0,0,0,0,0,0,0,0,0,10,52,51,61,65476,620,65476,1,0,4,21553,0.0,-107613536.0,0.0,0.0,0.0,0.0,0.0,0.0,0.0,0.0,0.0,0.0,0.0,0.0,0.0,0.0,0.0,0.0,0.0,0.0,0.0,2.004,3.697074423243316e+19,-0.0,-0.0,-0.0,0.0,0.0,0.0,0.0,6648.0,0.0,0.0,2.718450016850437e+23,-0.0,-107616232.0,-0.0,-0.0,0.0,2.004,2.004,243,-0.0,-0.0,0.0,0.0,0.0,0.0,0.0,0.0,0.0,0,0,0,0.0,6.089804131761456e+37,0.0,-5.476976166084367e+30,-491285984.0,3.5861832742312346e+17,-0.0,0.0,-1.9396496651504845e+17,6.468953616256378e+20,-5.432467748646525e+32,-0.0,-0.0,-0.0,0.0,0.0,0,1.3516416376850534e+27,243,0.0,486,-30771013632.0,-0.0,2050,39322,17150,39322,17152,39322,17144,0,0,0,105,99,100,2.7302352164993253e+23,69.1,0.0,69.9,-107615312.0,69.0,1,47,48,180,0,26215,0,0,0.0,0.0,0.0,60.0,0.0,74.5,0.0,-0.0,0.0,1270,0,1277,0,0,0,1274,0,1286,0,1243,0,694,0,696,0,692,0,692,0.032,1.322413106158089e+34,0.0,2.7302352164993253e+23,15632,16829,0.0,8.433219825303552e+17,-226.251,-0.0,0.0,5110540783321088.0,70.0,60.0,66,0.0,0.0,10.0,2.0,0.0,0.0,0.0,0.0,0.0,0.0,0.0,0.0,0.0,0.0,0.0,0.0,66.0,69,16,65516,49,65476,0,300,0,0,8,20529,65476,0,0,49807,60.0,0.0,10.0,10.0,2.0,0.0
2026-02-05T14:24:55,ERR,ERR,ERR,ERR,ERR,ERR,ERR,ERR,ERR,ERR,ERR,ERR,ERR,ERR,ERR,ERR,ERR,ERR,ERR,ERR,ERR,ERR,ERR,ERR,ERR,ERR,ERR,ERR,ERR,ERR,ERR,ERR,ERR,ERR,ERR,ERR,ERR,ERR,ERR,ERR,ERR,ERR,ERR,ERR,ERR,ERR,ERR,ERR,ERR,ERR,ERR,ERR,ERR,ERR,ERR,ERR,ERR,ERR,ERR,ERR,ERR,ERR,ERR,ERR,ERR,ERR,ERR,ERR,ERR,ERR,ERR,ERR,ERR,ERR,ERR,ERR,ERR,ERR,ERR,ERR,ERR,ERR,ERR,ERR,ERR,ERR,ERR,ERR,ERR,ERR,ERR,ERR,ERR,ERR,ERR,ERR,ERR,ERR,ERR,ERR,ERR,ERR,ERR,ERR,ERR,ERR,ERR,ERR,ERR,ERR,ERR,ERR,ERR,ERR,ERR,ERR,ERR,ERR,ERR,ERR,ERR,ERR,ERR,ERR,ERR,2.718450016850437e+23,-0.0,2.8364315368646023e+23,-107613408.0,-4.209512871143983e+25,3.0069705917346405e+33,-7.363840014828095e+36,-290.502,5800,0,8,17276,5800,-0.0,100,0.0,0.0,-107613408.0,0.0,1.9056969178834534e+17,0,0,0,0,nan,0,0,0,0,0,0,0,0,0,0,0,0,0,0,0,0,0,0,0,0,0,0,0,0,0,0,0,0,0,0,0,0,0,10,52,51,61,65476,620,65476,1,0,4,21553,0.0,0.0,0.0,0.0,0.0,0.0,0.0,0.0,0.0,0.0,0.0,0.0,0.0,0.0,0.0,0.0,0.0,0.0,0.0,0.0,0.0,2.004,3.697074423243316e+19,-0.0,-0.0,3.697087617382849e+19,0.0,0.0,0.0,0.0,6649.0,-0.0,0.0,2.718450016850437e+23,-0.0,-107616232.0,-107616432.0,0.0,0.0,2.004,2.004,246,-0.0,-126841028608.0,0.0,0.0,0.0,0.0,0.0,0.0,0.0,0,0,0,0.0,0.0,0.0,-689.033,-10188584124416.0,0.0,3.2334144599267183e+34,1.4334910326124201e+22,-7.831583548661872e+21,8.267511163443059e+20,-6.421235216824544e+32,-0.0,-0.0,-0.0,0.0,-81736998912.0,0,1.3516416376850534e+27,244,0.0,488,-30771013632.0,-0.0,2050,39322,17150,39322,17152,39322,17144,0,0,0,105,99,100,2.7302352164993253e+23,69.1,0.0,69.9,-107615312.0,69.0,1,47,48,180,0,26215,0,0,0.0,0.0,0.0,60.0,0.0,74.5,0.0,-0.0,0.0,1270,0,1277,0,0,0,1274,0,1286,0,1243,0,694,0,696,0,692,0,692,0.032,1.322413106158089e+34,0.0,2.7302352164993253e+23,15632,16829,0.0,8.433219825303552e+17,-226.251,-0.0,0.0,5110540783321088.0,70.0,60.0,66,0.0,0.0,10.0,2.0,0.0,0.0,0.0,0.0,0.0,0.0,0.0,0.0,0.0,0.0,0.0,0.0,65.6,69,16,65516,49,65476,0,300,0,0,8,20529,65476,0,0,45875,60.0,0.0,10.0,10.0,2.0,0.0
2026-02-05T14:24:56,ERR,ERR,ERR,ERR,ERR,ERR,ERR,ERR,ERR,ERR,ERR,ERR,ERR,ERR,ERR,ERR,ERR,ERR,ERR,ERR,ERR,ERR,ERR,ERR,ERR,ERR,ERR,ERR,ERR,ERR,ERR,ERR,ERR,ERR,ERR,ERR,ERR,ERR,ERR,ERR,ERR,ERR,ERR,ERR,ERR,ERR,ERR,ERR,ERR,ERR,ERR,ERR,ERR,ERR,ERR,ERR,ERR,ERR,ERR,ERR,ERR,ERR,ERR,ERR,ERR,ERR,ERR,ERR,ERR,ERR,ERR,ERR,ERR,ERR,ERR,ERR,ERR,ERR,ERR,ERR,ERR,ERR,ERR,ERR,ERR,ERR,ERR,ERR,ERR,ERR,ERR,ERR,ERR,ERR,ERR,ERR,ERR,ERR,ERR,ERR,ERR,ERR,ERR,ERR,ERR,ERR,ERR,ERR,ERR,ERR,ERR,ERR,ERR,ERR,ERR,ERR,ERR,ERR,ERR,ERR,ERR,ERR,ERR,ERR,ERR,2.718450016850437e+23,-0.0,2.8364315368646023e+23,-107613408.0,-4.209512871143983e+25,3.0069705917346405e+33,-7.363840014828095e+36,-290.502,5800,0,8,17276,5800,-0.0,100,0.0,0.0,-107613408.0,0.0,1.9056969178834534e+17,0,0,0,0,nan,0,0,0,0,0,0,0,0,0,0,0,0,0,0,0,0,0,0,0,0,0,0,0,0,0,0,0,0,0,0,0,0,0,10,52,51,61,65476,620,65476,1,0,4,21553,0.0,0.0,0.0,0.0,0.0,0.0,0.0,0.0,0.0,0.0,0.0,0.0,0.0,0.0,0.0,0.0,0.0,0.0,0.0,0.0,0.0,2.004,3.697074423243316e+19,-0.0,-0.0,3.697087617382849e+19,0.0,0.0,0.0,0.0,6649.0,-0.0,0.0,2.718450016850437e+23,-0.0,-107616232.0,-107616432.0,0.0,0.0,2.004,2.004,246,-0.0,-126841028608.0,0.0,0.0,0.0,0.0,0.0,0.0,0.0,0,0,0,0.0,0.0,0.0,-689.033,-10188584124416.0,0.0,3.2334144599267183e+34,1.4334910326124201e+22,-7.831583548661872e+21,8.267511163443059e+20,-6.421235216824544e+32,-0.0,-0.0,-0.0,0.0,-81736998912.0,0,1.3516416376850534e+27,244,0.0,488,-30771013632.0,-0.0,2050,39322,17150,39322,17152,39322,17144,0,0,0,105,99,100,2.7302352164993253e+23,69.1,0.0,69.9,-107615312.0,69.0,1,47,48,180,0,26215,0,0,0.0,0.0,0.0,60.0,0.0,74.5,0.0,-0.0,0.0,1270,0,1277,0,0,0,1274,0,1286,0,1243,0,694,0,696,0,692,0,692,0.032,1.322413106158089e+34,0.0,2.7302352164993253e+23,15632,16829,0.0,8.433219825303552e+17,-226.251,-0.0,0.0,5110540783321088.0,70.0,60.0,66,0.0,0.0,10.0,2.0,0.0,0.0,0.0,0.0,0.0,0.0,0.0,0.0,0.0,0.0,0.0,0.0,65.6,69,16,65516,49,65476,0,300,0,0,8,20529,65476,0,0,45875,60.0,0.0,10.0,10.0,2.0,0.0
2026-02-05T14:24:57,ERR,ERR,ERR,ERR,ERR,ERR,ERR,ERR,ERR,ERR,ERR,ERR,ERR,ERR,ERR,ERR,ERR,ERR,ERR,ERR,ERR,ERR,ERR,ERR,ERR,ERR,ERR,ERR,ERR,ERR,ERR,ERR,ERR,ERR,ERR,ERR,ERR,ERR,ERR,ERR,ERR,ERR,ERR,ERR,ERR,ERR,ERR,ERR,ERR,ERR,ERR,ERR,ERR,ERR,ERR,ERR,ERR,ERR,ERR,ERR,ERR,ERR,ERR,ERR,ERR,ERR,ERR,ERR,ERR,ERR,ERR,ERR,ERR,ERR,ERR,ERR,ERR,ERR,ERR,ERR,ERR,ERR,ERR,ERR,ERR,ERR,ERR,ERR,ERR,ERR,ERR,ERR,ERR,ERR,ERR,ERR,ERR,ERR,ERR,ERR,ERR,ERR,ERR,ERR,ERR,ERR,ERR,ERR,ERR,ERR,ERR,ERR,ERR,ERR,ERR,ERR,ERR,ERR,ERR,ERR,ERR,ERR,ERR,ERR,ERR,2.718450016850437e+23,-0.0,2.8364315368646023e+23,-107613408.0,-4.209512871143983e+25,3.0069705917346405e+33,-7.363840014828095e+36,-290.502,5800,0,8,17276,5800,-0.0,100,0.0,0.0,-107613408.0,0.0,1.9056969178834534e+17,0,0,0,0,nan,0,0,0,0,0,0,0,0,0,0,0,0,0,0,0,0,0,0,0,0,0,0,0,0,0,0,0,0,0,0,0,0,0,10,52,51,61,65476,620,65476,1,0,4,21553,0.0,0.0,0.0,0.0,0.0,0.0,0.0,0.0,0.0,0.0,0.0,0.0,0.0,0.0,0.0,0.0,0.0,0.0,0.0,0.0,0.0,2.004,3.697074423243316e+19,-0.0,-0.0,3.697087617382849e+19,0.0,0.0,0.0,0.0,6649.0,-0.0,0.0,2.718450016850437e+23,-0.0,-107616232.0,-107616432.0,0.0,0.0,2.004,2.004,246,-0.0,-126841028608.0,0.0,0.0,0.0,0.0,0.0,0.0,0.0,0,0,0,0.0,0.0,0.0,-689.033,-10188584124416.0,0.0,3.2334144599267183e+34,1.4334910326124201e+22,-7.831583548661872e+21,8.267511163443059e+20,-6.421235216824544e+32,-0.0,-0.0,-0.0,0.0,-81736998912.0,0,1.3516416376850534e+27,244,0.0,488,-30771013632.0,-0.0,2050,52429,17150,39322,17152,39322,17144,0,0,0,105,99,100,2.7302352164993253e+23,69.1,0.0,69.9,-107615312.0,69.0,1,47,48,180,0,26215,0,0,0.0,0.0,0.0,60.0,0.0,74.5,0.0,0.0,0.0,1270,0,1276,0,0,0,1274,0,1286,0,1243,0,694,0,696,0,692,0,691,0.032,1.3305260699995496e+34,-2.004,0.0,23952,16829,0.0,1.93169375363072e+16,-0.0,-1051206877184.0,0.0,0.108,70.0,60.0,66,0.0,0.0,10.0,2.0,0.0,0.0,0.0,0.0,0.0,0.0,0.0,0.0,0.0,0.0,0.0,0.0,65.6,69,16,65516,49,65476,0,300,0,0,8,20529,65476,0,0,53740,60.0,0.0,10.0,10.0,2.0,0.0
2026-02-05T14:24:58,ERR,ERR,ERR,ERR,ERR,ERR,ERR,ERR,ERR,ERR,ERR,ERR,ERR,ERR,ERR,ERR,ERR,ERR,ERR,ERR,ERR,ERR,ERR,ERR,ERR,ERR,ERR,ERR,ERR,ERR,ERR,ERR,ERR,ERR,ERR,ERR,ERR,ERR,ERR,ERR,ERR,ERR,ERR,ERR,ERR,ERR,ERR,ERR,ERR,ERR,ERR,ERR,ERR,ERR,ERR,ERR,ERR,ERR,ERR,ERR,ERR,ERR,ERR,ERR,ERR,ERR,ERR,ERR,ERR,ERR,ERR,ERR,ERR,ERR,ERR,ERR,ERR,ERR,ERR,ERR,ERR,ERR,ERR,ERR,ERR,ERR,ERR,ERR,ERR,ERR,ERR,ERR,ERR,ERR,ERR,ERR,ERR,ERR,ERR,ERR,ERR,ERR,ERR,ERR,ERR,ERR,ERR,ERR,ERR,ERR,ERR,ERR,ERR,ERR,ERR,ERR,ERR,ERR,ERR,ERR,ERR,ERR,ERR,ERR,ERR,2.718450016850437e+23,-0.0,2.8364315368646023e+23,-107613408.0,-4.209512871143983e+25,3.0069705917346405e+33,-7.363840014828095e+36,-290.502,5800,0,8,17276,5800,-0.0,100,0.0,0.0,-107613408.0,0.0,1.9056969178834534e+17,0,0,0,0,nan,0,0,0,0,0,0,0,0,0,0,0,0,0,0,0,0,0,0,0,0,0,0,0,0,0,0,0,0,0,0,0,0,0,10,52,51,61,65476,620,65476,1,0,4,21553,0.0,0.0,0.0,0.0,0.0,0.0,0.0,0.0,0.0,0.0,0.0,0.0,0.0,0.0,0.0,0.0,0.0,0.0,0.0,0.0,0.0,2.004,3.697074423243316e+19,-0.0,-0.0,3.697087617382849e+19,0.0,0.0,0.0,0.0,6649.0,-0.0,0.0,2.718450016850437e+23,-0.0,-107616232.0,-107616432.0,0.0,0.0,2.004,2.004,246,-0.0,-126841028608.0,0.0,0.0,0.0,0.0,0.0,0.0,0.0,0,0,0,0.0,0.0,0.0,-689.033,-10188584124416.0,0.0,3.2334144599267183e+34,1.4334910326124201e+22,-7.831583548661872e+21,8.267511163443059e+20,-6.421235216824544e+32,-0.0,-0.0,-0.0,0.0,-81736998912.0,0,1.3516416376850534e+27,244,0.0,488,-30771013632.0,-0.0,2050,52429,17150,39322,17152,39322,17144,0,0,0,105,99,100,2.7302352164993253e+23,69.1,0.0,69.9,-107615312.0,69.0,1,47,48,180,0,26215,0,0,0.0,0.0,0.0,60.0,0.0,74.5,0.0,0.0,0.0,1270,0,1276,0,0,0,1274,0,1286,0,1243,0,694,0,696,0,692,0,691,0.032,1.3305260699995496e+34,-2.004,0.0,23952,16829,0.0,1.93169375363072e+16,-0.0,-1051206877184.0,0.0,0.108,70.0,60.0,66,0.0,0.0,10.0,2.0,0.0,0.0,0.0,0.0,0.0,0.0,0.0,0.0,0.0,0.0,0.0,0.0,65.6,69,16,65516,49,65476,0,300,0,0,8,20529,65476,0,0,53740,60.0,0.0,10.0,10.0,2.0,0.0
2026-02-05T14:24:59,ERR,ERR,ERR,ERR,ERR,ERR,ERR,ERR,ERR,ERR,ERR,ERR,ERR,ERR,ERR,ERR,ERR,ERR,ERR,ERR,ERR,ERR,ERR,ERR,ERR,ERR,ERR,ERR,ERR,ERR,ERR,ERR,ERR,ERR,ERR,ERR,ERR,ERR,ERR,ERR,ERR,ERR,ERR,ERR,ERR,ERR,ERR,ERR,ERR,ERR,ERR,ERR,ERR,ERR,ERR,ERR,ERR,ERR,ERR,ERR,ERR,ERR,ERR,ERR,ERR,ERR,ERR,ERR,ERR,ERR,ERR,ERR,ERR,ERR,ERR,ERR,ERR,ERR,ERR,ERR,ERR,ERR,ERR,ERR,ERR,ERR,ERR,ERR,ERR,ERR,ERR,ERR,ERR,ERR,ERR,ERR,ERR,ERR,ERR,ERR,ERR,ERR,ERR,ERR,ERR,ERR,ERR,ERR,ERR,ERR,ERR,ERR,ERR,ERR,ERR,ERR,ERR,ERR,ERR,ERR,ERR,ERR,ERR,ERR,ERR,2.718450016850437e+23,-0.0,2.8364315368646023e+23,-107613408.0,-4.209512871143983e+25,3.0069705917346405e+33,-7.363840014828095e+36,-290.502,5800,0,8,17276,5800,-0.0,100,0.0,0.0,-107613408.0,0.0,1.9056969178834534e+17,0,0,0,0,nan,0,0,0,0,0,0,0,0,0,0,0,0,0,0,0,0,0,0,0,0,0,0,0,0,0,0,0,0,0,0,0,0,0,10,52,51,61,65476,620,65476,1,0,4,21553,0.0,0.0,0.0,0.0,0.0,0.0,0.0,0.0,0.0,0.0,0.0,0.0,0.0,0.0,0.0,0.0,0.0,0.0,0.0,0.0,0.0,2.004,3.697074423243316e+19,-0.0,-0.0,3.697087617382849e+19,0.0,0.0,0.0,0.0,6649.0,-0.0,0.0,2.718450016850437e+23,-0.0,-107616232.0,-107616432.0,0.0,0.0,2.004,2.004,246,-0.0,-126841028608.0,0.0,0.0,0.0,0.0,0.0,0.0,0.0,0,0,0,0.0,0.0,0.0,-689.033,-10188584124416.0,0.0,3.2334144599267183e+34,1.4334910326124201e+22,-7.831583548661872e+21,8.267511163443059e+20,-6.421235216824544e+32,-0.0,-0.0,-0.0,0.0,-81736998912.0,0,1.3516416376850534e+27,244,0.0,488,-30771013632.0,-0.0,2050,52429,17150,39322,17152,39322,17144,0,0,0,105,99,100,2.7302352164993253e+23,69.1,0.0,69.9,-107615312.0,69.0,1,47,48,180,0,26215,0,0,0.0,0.0,0.0,60.0,0.0,74.5,0.0,0.0,0.0,1270,0,1276,0,0,0,1274,0,1286,0,1243,0,694,0,696,0,692,0,691,0.032,1.3305260699995496e+34,-2.004,0.0,23952,16829,0.0,1.93169375363072e+16,-0.0,-1051206877184.0,0.0,0.108,70.0,60.0,66,0.0,0.0,10.0,2.0,0.0,0.0,0.0,0.0,0.0,0.0,0.0,0.0,0.0,0.0,0.0,0.0,65.6,69,16,65516,49,65476,0,300,0,0,8,20529,65476,0,0,56361,60.0,0.0,10.0,10.0,2.0,0.0
2026-02-05T14:25:00,ERR,ERR,ERR,ERR,ERR,ERR,ERR,ERR,ERR,ERR,ERR,ERR,ERR,ERR,ERR,ERR,ERR,ERR,ERR,ERR,ERR,ERR,ERR,ERR,ERR,ERR,ERR,ERR,ERR,ERR,ERR,ERR,ERR,ERR,ERR,ERR,ERR,ERR,ERR,ERR,ERR,ERR,ERR,ERR,ERR,ERR,ERR,ERR,ERR,ERR,ERR,ERR,ERR,ERR,ERR,ERR,ERR,ERR,ERR,ERR,ERR,ERR,ERR,ERR,ERR,ERR,ERR,ERR,ERR,ERR,ERR,ERR,ERR,ERR,ERR,ERR,ERR,ERR,ERR,ERR,ERR,ERR,ERR,ERR,ERR,ERR,ERR,ERR,ERR,ERR,ERR,ERR,ERR,ERR,ERR,ERR,ERR,ERR,ERR,ERR,ERR,ERR,ERR,ERR,ERR,ERR,ERR,ERR,ERR,ERR,ERR,ERR,ERR,ERR,ERR,ERR,ERR,ERR,ERR,ERR,ERR,ERR,ERR,ERR,ERR,2.718450016850437e+23,-0.0,2.8364315368646023e+23,-107613408.0,-4.209512871143983e+25,3.0069705917346405e+33,-7.363840014828095e+36,-290.502,5800,0,8,17276,5800,-0.0,100,0.0,0.0,-107613408.0,0.0,1.9056969178834534e+17,0,0,0,0,nan,0,0,0,0,0,0,0,0,0,0,0,0,0,0,0,0,0,0,0,0,0,0,0,0,0,0,0,0,0,0,0,0,0,10,52,51,61,65476,620,65476,1,0,4,21553,0.0,0.0,0.0,0.0,0.0,0.0,0.0,0.0,0.0,0.0,0.0,0.0,0.0,0.0,0.0,0.0,0.0,0.0,0.0,0.0,0.0,2.004,3.697074423243316e+19,-0.0,-0.0,3.697087617382849e+19,0.0,0.0,0.0,0.0,6649.0,-0.0,0.0,2.718450016850437e+23,-0.0,-107616232.0,-107616432.0,0.0,0.0,2.004,2.004,246,-0.0,-126841028608.0,0.0,0.0,0.0,0.0,0.0,0.0,0.0,0,0,0,0.0,0.0,0.0,-689.033,-10188584124416.0,0.0,3.2334144599267183e+34,1.4334910326124201e+22,-7.831583548661872e+21,8.267511163443059e+20,-6.421235216824544e+32,-0.0,-0.0,-0.0,0.0,-81736998912.0,0,1.3516416376850534e+27,244,0.0,488,-30771013632.0,-0.0,2050,52429,17150,39322,17152,39322,17144,0,0,0,105,99,100,2.7302352164993253e+23,69.1,0.0,69.9,-107615312.0,69.0,1,47,48,180,0,26215,0,0,0.0,0.0,0.0,60.0,0.0,74.5,0.0,0.0,0.0,1270,0,1276,0,0,0,1274,0,1286,0,1243,0,694,0,696,0,692,0,691,0.032,1.3305260699995496e+34,-2.004,0.0,23952,16829,0.0,1.93169375363072e+16,-0.0,-1051206877184.0,0.0,0.108,70.0,60.0,66,0.0,0.0,10.0,2.0,0.0,0.0,0.0,0.0,0.0,0.0,0.0,0.0,0.0,0.0,0.0,0.0,65.6,69,16,65516,49,65476,0,300,0,0,8,20529,65476,0,0,56361,60.0,0.0,10.0,10.0,2.0,0.0
2026-02-05T14:25:01,ERR,ERR,ERR,ERR,ERR,ERR,ERR,ERR,ERR,ERR,ERR,ERR,ERR,ERR,ERR,ERR,ERR,ERR,ERR,ERR,ERR,ERR,ERR,ERR,ERR,ERR,ERR,ERR,ERR,ERR,ERR,ERR,ERR,ERR,ERR,ERR,ERR,ERR,ERR,ERR,ERR,ERR,ERR,ERR,ERR,ERR,ERR,ERR,ERR,ERR,ERR,ERR,ERR,ERR,ERR,ERR,ERR,ERR,ERR,ERR,ERR,ERR,ERR,ERR,ERR,ERR,ERR,ERR,ERR,ERR,ERR,ERR,ERR,ERR,ERR,ERR,ERR,ERR,ERR,ERR,ERR,ERR,ERR,ERR,ERR,ERR,ERR,ERR,ERR,ERR,ERR,ERR,ERR,ERR,ERR,ERR,ERR,ERR,ERR,ERR,ERR,ERR,ERR,ERR,ERR,ERR,ERR,ERR,ERR,ERR,ERR,ERR,ERR,ERR,ERR,ERR,ERR,ERR,ERR,ERR,ERR,ERR,ERR,ERR,ERR,2.718450016850437e+23,-0.0,2.8364315368646023e+23,-107613408.0,-4.209512871143983e+25,2621525504.0,-6.48174946526167e+16,-8.087092233590988e+23,5800,0,8,17276,5800,-0.0,100,0.0,0.0,-107613408.0,0.0,1.9056969178834534e+17,0,0,0,0,nan,0,0,0,0,0,0,0,0,0,0,0,0,0,0,0,0,0,0,0,0,0,0,0,0,0,0,0,0,0,0,0,0,0,10,52,51,61,65476,620,65476,1,0,4,21553,0.0,-107613536.0,0.0,0.0,0.0,0.0,0.0,0.0,0.0,0.0,0.0,0.0,0.0,0.0,0.0,0.0,0.0,0.0,0.0,0.0,0.0,2.004,3.697074423243316e+19,-0.0,-0.0,3.697087617382849e+19,0.0,0.0,0.0,0.0,6624.0,-0.0,0.0,2.718450016850437e+23,-0.0,-107616232.0,-0.0,-0.0,0.0,2.004,2.004,243,-126841094144.0,-5.8480794516081455e+35,0.0,0.0,0.0,0.0,0.0,0.0,0.0,0,0,0,0.0,3.667276741505511e+35,0.0,1032882368.0,-0.0,-8.396691577485024e+24,-15615561.0,-0.0,-963688.5,1.029665301155111e+21,-8.583164416882238e+32,-0.0,-0.0,-0.0,0.0,0.0,0,1.3516416376850534e+27,243,0.0,486,-30771013632.0,-0.0,2050,52429,17150,39322,17152,39322,17144,0,0,0,105,99,100,2.7302352164993253e+23,69.1,0.0,69.9,-107615312.0,69.0,1,47,48,180,0,26215,0,0,0.0,0.0,0.0,60.0,0.013,74.5,0.0,-3.831139785122073e+23,0.0,1270,0,1277,0,0,0,1274,0,1286,0,1243,0,695,0,696,0,692,0,691,0.032,1.3305260699995496e+34,-2.004,0.0,19472,16829,8.454,-3.831139785122073e+23,-0.0,-1.2690237193583966e+37,-8.255977831639767e+31,0.0,70.0,60.0,66,0.0,0.0,10.0,2.0,0.0,0.0,0.0,0.0,0.0,0.0,0.0,0.0,0.0,0.0,0.0,0.0,65.6,69,16,65516,49,65476,0,300,0,0,8,20529,65476,0,0,48497,60.0,0.0,10.0,10.0,2.0,0.0
2026-02-05T14:25:02,ERR,ERR,ERR,ERR,ERR,ERR,ERR,ERR,ERR,ERR,ERR,ERR,ERR,ERR,ERR,ERR,ERR,ERR,ERR,ERR,ERR,ERR,ERR,ERR,ERR,ERR,ERR,ERR,ERR,ERR,ERR,ERR,ERR,ERR,ERR,ERR,ERR,ERR,ERR,ERR,ERR,ERR,ERR,ERR,ERR,ERR,ERR,ERR,ERR,ERR,ERR,ERR,ERR,ERR,ERR,ERR,ERR,ERR,ERR,ERR,ERR,ERR,ERR,ERR,ERR,ERR,ERR,ERR,ERR,ERR,ERR,ERR,ERR,ERR,ERR,ERR,ERR,ERR,ERR,ERR,ERR,ERR,ERR,ERR,ERR,ERR,ERR,ERR,ERR,ERR,ERR,ERR,ERR,ERR,ERR,ERR,ERR,ERR,ERR,ERR,ERR,ERR,ERR,ERR,ERR,ERR,ERR,ERR,ERR,ERR,ERR,ERR,ERR,ERR,ERR,ERR,ERR,ERR,ERR,ERR,ERR,ERR,ERR,ERR,ERR,2.718450016850437e+23,-0.0,2.8364315368646023e+23,-107613408.0,-4.209512871143983e+25,2621525504.0,-6.48174946526167e+16,-8.087092233590988e+23,5800,0,8,17276,5800,-0.0,100,0.0,0.0,-107613408.0,0.0,1.9056969178834534e+17,0,0,0,0,nan,0,0,0,0,0,0,0,0,0,0,0,0,0,0,0,0,0,0,0,0,0,0,0,0,0,0,0,0,0,0,0,0,0,10,52,51,61,65476,620,65476,1,0,4,21553,0.0,-107613536.0,0.0,0.0,0.0,0.0,0.0,0.0,0.0,0.0,0.0,0.0,0.0,0.0,0.0,0.0,0.0,0.0,0.0,0.0,0.0,2.004,3.697074423243316e+19,-0.0,-0.0,3.697087617382849e+19,0.0,0.0,0.0,0.0,6624.0,-0.0,0.0,2.718450016850437e+23,-0.0,-107616232.0,-0.0,-0.0,0.0,2.004,2.004,243,-126841094144.0,-5.8480794516081455e+35,0.0,0.0,0.0,0.0,0.0,0.0,0.0,0,0,0,0.0,3.667276741505511e+35,0.0,1032882368.0,-0.0,-8.396691577485024e+24,-15615561.0,-0.0,-963688.5,1.029665301155111e+21,-8.583164416882238e+32,-0.0,-0.0,-0.0,0.0,0.0,0,1.3516416376850534e+27,243,0.0,486,-30771013632.0,-0.0,2050,52429,17150,39322,17152,39322,17144,0,0,0,105,99,100,2.7302352164993253e+23,69.1,0.0,69.9,-107615312.0,69.0,1,47,48,180,0,26215,0,0,0.0,0.0,0.0,60.0,0.013,74.5,0.0,-3.831139785122073e+23,0.0,1270,0,1277,0,0,0,1274,0,1286,0,1243,0,695,0,696,0,692,0,691,0.032,1.3305260699995496e+34,-2.004,0.0,19472,16829,8.454,-3.831139785122073e+23,-0.0,-1.2690237193583966e+37,-8.255977831639767e+31,0.0,70.0,60.0,66,0.0,0.0,10.0,2.0,0.0,0.0,0.0,0.0,0.0,0.0,0.0,0.0,0.0,0.0,0.0,0.0,65.6,69,16,65516,49,65476,0,300,0,0,8,20529,65476,0,0,48497,60.0,0.0,10.0,10.0,2.0,0.0
2026-02-05T14:25:03,ERR,ERR,ERR,ERR,ERR,ERR,ERR,ERR,ERR,ERR,ERR,ERR,ERR,ERR,ERR,ERR,ERR,ERR,ERR,ERR,ERR,ERR,ERR,ERR,ERR,ERR,ERR,ERR,ERR,ERR,ERR,ERR,ERR,ERR,ERR,ERR,ERR,ERR,ERR,ERR,ERR,ERR,ERR,ERR,ERR,ERR,ERR,ERR,ERR,ERR,ERR,ERR,ERR,ERR,ERR,ERR,ERR,ERR,ERR,ERR,ERR,ERR,ERR,ERR,ERR,ERR,ERR,ERR,ERR,ERR,ERR,ERR,ERR,ERR,ERR,ERR,ERR,ERR,ERR,ERR,ERR,ERR,ERR,ERR,ERR,ERR,ERR,ERR,ERR,ERR,ERR,ERR,ERR,ERR,ERR,ERR,ERR,ERR,ERR,ERR,ERR,ERR,ERR,ERR,ERR,ERR,ERR,ERR,ERR,ERR,ERR,ERR,ERR,ERR,ERR,ERR,ERR,ERR,ERR,ERR,ERR,ERR,ERR,ERR,ERR,2.718450016850437e+23,-0.0,2.8364315368646023e+23,-107613408.0,-4.209512871143983e+25,2621525504.0,-6.48174946526167e+16,-8.087092233590988e+23,5800,0,8,17276,5800,-0.0,100,0.0,0.0,-107613408.0,0.0,1.9056969178834534e+17,0,0,0,0,nan,0,0,0,0,0,0,0,0,0,0,0,0,0,0,0,0,0,0,0,0,0,0,0,0,0,0,0,0,0,0,0,0,0,10,52,51,61,65476,620,65476,1,0,4,21553,0.0,-107613536.0,0.0,0.0,0.0,0.0,0.0,0.0,0.0,0.0,0.0,0.0,0.0,0.0,0.0,0.0,0.0,0.0,0.0,0.0,0.0,2.004,3.697074423243316e+19,-0.0,-0.0,3.697087617382849e+19,0.0,0.0,0.0,0.0,6624.0,-0.0,0.0,2.718450016850437e+23,-0.0,-107616232.0,-0.0,-0.0,0.0,2.004,2.004,243,-126841094144.0,-5.8480794516081455e+35,0.0,0.0,0.0,0.0,0.0,0.0,0.0,0,0,0,0.0,3.667276741505511e+35,0.0,1032882368.0,-0.0,-8.396691577485024e+24,-15615561.0,-0.0,-963688.5,1.029665301155111e+21,-8.583164416882238e+32,-0.0,-0.0,-0.0,0.0,0.0,0,1.3516416376850534e+27,243,0.0,486,-30771013632.0,-0.0,2050,52429,17150,39322,17152,39322,17144,0,0,0,105,99,100,2.7302352164993253e+23,69.1,0.0,69.9,-107615312.0,69.0,1,47,48,180,0,26215,0,0,0.0,0.0,0.0,60.0,0.013,74.5,0.0,-3.831139785122073e+23,0.0,1270,0,1277,0,0,0,1274,0,1286,0,1243,0,695,0,696,0,692,0,691,0.032,1.3305260699995496e+34,-2.004,0.0,19472,16829,8.454,-3.831139785122073e+23,-0.0,-1.2690237193583966e+37,-8.255977831639767e+31,0.0,70.0,60.0,66,0.0,0.0,10.0,2.0,0.0,0.0,0.0,0.0,0.0,0.0,0.0,0.0,0.0,0.0,0.0,0.0,65.2,69,16,65516,49,65476,0,300,0,0,8,20529,65476,0,0,47186,60.0,0.0,10.0,10.0,2.0,0.0
2026-02-05T14:25:04,ERR,ERR,ERR,ERR,ERR,ERR,ERR,ERR,ERR,ERR,ERR,ERR,ERR,ERR,ERR,ERR,ERR,ERR,ERR,ERR,ERR,ERR,ERR,ERR,ERR,ERR,ERR,ERR,ERR,ERR,ERR,ERR,ERR,ERR,ERR,ERR,ERR,ERR,ERR,ERR,ERR,ERR,ERR,ERR,ERR,ERR,ERR,ERR,ERR,ERR,ERR,ERR,ERR,ERR,ERR,ERR,ERR,ERR,ERR,ERR,ERR,ERR,ERR,ERR,ERR,ERR,ERR,ERR,ERR,ERR,ERR,ERR,ERR,ERR,ERR,ERR,ERR,ERR,ERR,ERR,ERR,ERR,ERR,ERR,ERR,ERR,ERR,ERR,ERR,ERR,ERR,ERR,ERR,ERR,ERR,ERR,ERR,ERR,ERR,ERR,ERR,ERR,ERR,ERR,ERR,ERR,ERR,ERR,ERR,ERR,ERR,ERR,ERR,ERR,ERR,ERR,ERR,ERR,ERR,ERR,ERR,ERR,ERR,ERR,ERR,2.718450016850437e+23,-0.0,2.8364315368646023e+23,-107613408.0,-4.209512871143983e+25,2621525504.0,-6.48174946526167e+16,-8.087092233590988e+23,5800,0,8,17276,5800,-0.0,100,0.0,0.0,-107613408.0,0.0,1.9056969178834534e+17,0,0,0,0,nan,0,0,0,0,0,0,0,0,0,0,0,0,0,0,0,0,0,0,0,0,0,0,0,0,0,0,0,0,0,0,0,0,0,10,52,51,61,65476,620,65476,1,0,4,21553,0.0,-107613536.0,0.0,0.0,0.0,0.0,0.0,0.0,0.0,0.0,0.0,0.0,0.0,0.0,0.0,0.0,0.0,0.0,0.0,0.0,0.0,2.004,3.697074423243316e+19,-0.0,-0.0,3.697087617382849e+19,0.0,0.0,0.0,0.0,6624.0,-0.0,0.0,2.718450016850437e+23,-0.0,-107616232.0,-0.0,-0.0,0.0,2.004,2.004,243,-126841094144.0,-5.8480794516081455e+35,0.0,0.0,0.0,0.0,0.0,0.0,0.0,0,0,0,0.0,3.667276741505511e+35,0.0,1032882368.0,-0.0,-8.396691577485024e+24,-15615561.0,-0.0,-963688.5,1.029665301155111e+21,-8.583164416882238e+32,-0.0,-0.0,-0.0,0.0,0.0,0,1.3516416376850534e+27,243,0.0,486,-30771013632.0,-0.0,2050,52429,17150,39322,17152,39322,17144,0,0,0,105,99,100,2.7302352164993253e+23,69.1,0.0,69.9,-107615312.0,69.0,1,47,48,180,0,26215,0,0,0.0,0.0,0.0,60.0,0.013,74.5,0.0,-3.831139785122073e+23,0.0,1270,0,1277,0,0,0,1274,0,1286,0,1243,0,695,0,696,0,692,0,691,0.032,1.3305260699995496e+34,-2.004,0.0,19472,16829,8.454,-3.831139785122073e+23,-0.0,-1.2690237193583966e+37,-8.255977831639767e+31,0.0,70.0,60.0,66,0.0,0.0,10.0,2.0,0.0,0.0,0.0,0.0,0.0,0.0,0.0,0.0,0.0,0.0,0.0,0.0,65.2,69,16,65516,49,65476,0,300,0,0,8,20529,65476,0,0,47186,60.0,0.0,10.0,10.0,2.0,0.0
2026-02-05T14:25:05,ERR,ERR,ERR,ERR,ERR,ERR,ERR,ERR,ERR,ERR,ERR,ERR,ERR,ERR,ERR,ERR,ERR,ERR,ERR,ERR,ERR,ERR,ERR,ERR,ERR,ERR,ERR,ERR,ERR,ERR,ERR,ERR,ERR,ERR,ERR,ERR,ERR,ERR,ERR,ERR,ERR,ERR,ERR,ERR,ERR,ERR,ERR,ERR,ERR,ERR,ERR,ERR,ERR,ERR,ERR,ERR,ERR,ERR,ERR,ERR,ERR,ERR,ERR,ERR,ERR,ERR,ERR,ERR,ERR,ERR,ERR,ERR,ERR,ERR,ERR,ERR,ERR,ERR,ERR,ERR,ERR,ERR,ERR,ERR,ERR,ERR,ERR,ERR,ERR,ERR,ERR,ERR,ERR,ERR,ERR,ERR,ERR,ERR,ERR,ERR,ERR,ERR,ERR,ERR,ERR,ERR,ERR,ERR,ERR,ERR,ERR,ERR,ERR,ERR,ERR,ERR,ERR,ERR,ERR,ERR,ERR,ERR,ERR,ERR,ERR,2.718450016850437e+23,-0.0,2.8364315368646023e+23,-107613408.0,-4.209512871143983e+25,2621525504.0,-6.48174946526167e+16,-8.087092233590988e+23,5800,0,8,17276,5800,-0.0,100,0.0,0.0,-107613408.0,0.0,1.9056969178834534e+17,0,0,0,0,nan,0,0,0,0,0,0,0,0,0,0,0,0,0,0,0,0,0,0,0,0,0,0,0,0,0,0,0,0,0,0,0,0,0,10,52,51,61,65476,620,65476,1,0,4,21553,0.0,-107613536.0,0.0,0.0,0.0,0.0,0.0,0.0,0.0,0.0,0.0,0.0,0.0,0.0,0.0,0.0,0.0,0.0,0.0,0.0,0.0,2.004,3.697074423243316e+19,-0.0,-0.0,3.697087617382849e+19,0.0,0.0,0.0,0.0,6624.0,-0.0,0.0,2.718450016850437e+23,-0.0,-107616232.0,-0.0,-0.0,0.0,2.004,2.004,243,-126841094144.0,-5.8480794516081455e+35,0.0,0.0,0.0,0.0,0.0,0.0,0.0,0,0,0,0.0,3.667276741505511e+35,0.0,1032882368.0,-0.0,-8.396691577485024e+24,-15615561.0,-0.0,-963688.5,1.029665301155111e+21,-8.583164416882238e+32,-0.0,-0.0,-0.0,0.0,0.0,0,1.3516416376850534e+27,243,0.0,486,-30771013632.0,-0.0,2050,52429,17150,39322,17152,39322,17144,0,0,0,105,99,100,2.7302352164993253e+23,69.2,0.0,69.9,-107615312.0,69.5,1,47,48,180,0,26215,0,0,0.0,0.0,0.0,60.0,0.0,74.5,0.0,19.657,0.0,1270,0,1277,0,0,0,1273,0,1286,0,1243,0,695,0,697,0,692,0,690,0.032,1.322413106158089e+34,-2.004,0.0,19984,16829,0.082,19.657,-1.6976433783498255e+34,1.4517824024989854e+22,485881839616.0,-0.0,70.0,60.0,66,0.0,0.0,10.0,2.0,0.0,0.0,0.0,0.0,0.0,0.0,0.0,0.0,0.0,0.0,0.0,0.0,65.6,69,16,65516,49,65476,0,300,0,0,8,20529,65476,0,0,45875,60.0,0.0,10.0,10.0,2.0,0.0
2026-02-05T14:25:06,ERR,ERR,ERR,ERR,ERR,ERR,ERR,ERR,ERR,ERR,ERR,ERR,ERR,ERR,ERR,ERR,ERR,ERR,ERR,ERR,ERR,ERR,ERR,ERR,ERR,ERR,ERR,ERR,ERR,ERR,ERR,ERR,ERR,ERR,ERR,ERR,ERR,ERR,ERR,ERR,ERR,ERR,ERR,ERR,ERR,ERR,ERR,ERR,ERR,ERR,ERR,ERR,ERR,ERR,ERR,ERR,ERR,ERR,ERR,ERR,ERR,ERR,ERR,ERR,ERR,ERR,ERR,ERR,ERR,ERR,ERR,ERR,ERR,ERR,ERR,ERR,ERR,ERR,ERR,ERR,ERR,ERR,ERR,ERR,ERR,ERR,ERR,ERR,ERR,ERR,ERR,ERR,ERR,ERR,ERR,ERR,ERR,ERR,ERR,ERR,ERR,ERR,ERR,ERR,ERR,ERR,ERR,ERR,ERR,ERR,ERR,ERR,ERR,ERR,ERR,ERR,ERR,ERR,ERR,ERR,ERR,ERR,ERR,ERR,ERR,2.718450016850437e+23,-0.0,2.8364315368646023e+23,0.0,-0.0,-2.908579983970266e+34,-0.0,372.502,5800,0,8,17276,5800,14723891331072.0,100,0.0,0.0,-107613408.0,0.0,1.9056969178834534e+17,0,0,0,0,nan,0,0,0,0,0,0,0,0,0,0,0,0,0,0,0,0,0,0,0,0,0,0,0,0,0,0,0,0,0,0,0,0,0,10,52,51,61,65476,619,65476,1,0,4,21553,0.0,0.0,0.0,0.0,0.0,0.0,0.0,0.0,0.0,0.0,0.0,0.0,0.0,0.0,0.0,0.0,0.0,0.0,0.0,0.0,0.0,2.004,3.697074423243316e+19,-0.0,-0.0,3.697087617382849e+19,0.0,0.0,0.0,0.0,6652.0,3.697208563661904e+19,0.0,2.718450016850437e+23,-0.0,-107616232.0,-0.0,-0.0,0.0,2.004,2.004,242,-0.0,-0.0,0.0,0.0,0.0,0.0,0.0,0.0,0.0,0,0,0,-5781486305280.0,0.0,0.0,7.713429782850458e+20,-0.0,0.0,0.0,0.0,-0.0,1.238450491030147e+21,-1.0560699353238276e+33,-0.0,-0.0,-0.0,0.0,1.5734699148306755e+25,0,1.3516416376850534e+27,242,0.0,484,-30771013632.0,-0.0,2050,52429,17150,39322,17152,39322,17144,0,0,0,105,99,100,2.7302352164993253e+23,69.2,0.0,69.9,-107615312.0,69.5,1,47,48,180,0,26215,0,0,0.0,0.0,0.0,60.0,0.0,74.5,0.0,19.657,0.0,1270,0,1277,0,0,0,1273,0,1286,0,1243,0,695,0,697,0,692,0,690,0.032,1.322413106158089e+34,-2.004,0.0,19984,16829,0.082,19.657,-1.6976433783498255e+34,1.4517824024989854e+22,485881839616.0,-0.0,70.0,60.0,66,0.0,0.0,10.0,2.0,0.0,0.0,0.0,0.0,0.0,0.0,0.0,0.0,0.0,0.0,0.0,0.0,65.6,69,16,65516,49,65476,0,300,0,0,8,20529,65476,0,0,45875,60.0,0.0,10.0,10.0,2.0,0.0
2026-02-05T14:25:07,ERR,ERR,ERR,ERR,ERR,ERR,ERR,ERR,ERR,ERR,ERR,ERR,ERR,ERR,ERR,ERR,ERR,ERR,ERR,ERR,ERR,ERR,ERR,ERR,ERR,ERR,ERR,ERR,ERR,ERR,ERR,ERR,ERR,ERR,ERR,ERR,ERR,ERR,ERR,ERR,ERR,ERR,ERR,ERR,ERR,ERR,ERR,ERR,ERR,ERR,ERR,ERR,ERR,ERR,ERR,ERR,ERR,ERR,ERR,ERR,ERR,ERR,ERR,ERR,ERR,ERR,ERR,ERR,ERR,ERR,ERR,ERR,ERR,ERR,ERR,ERR,ERR,ERR,ERR,ERR,ERR,ERR,ERR,ERR,ERR,ERR,ERR,ERR,ERR,ERR,ERR,ERR,ERR,ERR,ERR,ERR,ERR,ERR,ERR,ERR,ERR,ERR,ERR,ERR,ERR,ERR,ERR,ERR,ERR,ERR,ERR,ERR,ERR,ERR,ERR,ERR,ERR,ERR,ERR,ERR,ERR,ERR,ERR,ERR,ERR,2.718450016850437e+23,-0.0,2.8364315368646023e+23,0.0,-0.0,-2.908579983970266e+34,-0.0,372.502,5800,0,8,17276,5800,14723891331072.0,100,0.0,0.0,-107613408.0,0.0,1.9056969178834534e+17,0,0,0,0,nan,0,0,0,0,0,0,0,0,0,0,0,0,0,0,0,0,0,0,0,0,0,0,0,0,0,0,0,0,0,0,0,0,0,10,52,51,61,65476,619,65476,1,0,4,21553,0.0,0.0,0.0,0.0,0.0,0.0,0.0,0.0,0.0,0.0,0.0,0.0,0.0,0.0,0.0,0.0,0.0,0.0,0.0,0.0,0.0,2.004,3.697074423243316e+19,-0.0,-0.0,3.697087617382849e+19,0.0,0.0,0.0,0.0,6652.0,3.697208563661904e+19,0.0,2.718450016850437e+23,-0.0,-107616232.0,-0.0,-0.0,0.0,2.004,2.004,242,-0.0,-0.0,0.0,0.0,0.0,0.0,0.0,0.0,0.0,0,0,0,-5781486305280.0,0.0,0.0,7.713429782850458e+20,-0.0,0.0,0.0,0.0,-0.0,1.238450491030147e+21,-1.0560699353238276e+33,-0.0,-0.0,-0.0,0.0,1.5734699148306755e+25,0,1.3516416376850534e+27,242,0.0,484,-30771013632.0,-0.0,2050,52429,17150,39322,17152,39322,17144,0,0,0,105,99,100,2.7302352164993253e+23,69.2,0.0,69.9,-107615312.0,69.5,1,47,48,180,0,26215,0,0,0.0,0.0,0.0,60.0,0.0,74.5,0.0,19.657,0.0,1270,0,1277,0,0,0,1273,0,1286,0,1243,0,695,0,697,0,692,0,690,0.032,1.322413106158089e+34,-2.004,0.0,19984,16829,0.082,19.657,-1.6976433783498255e+34,1.4517824024989854e+22,485881839616.0,-0.0,70.0,60.0,66,0.0,0.0,10.0,2.0,0.0,0.0,0.0,0.0,0.0,0.0,0.0,0.0,0.0,0.0,0.0,0.0,65.6,69,16,65516,49,65476,0,300,0,0,8,20529,65476,0,0,49807,60.0,0.0,10.0,10.0,2.0,0.0
2026-02-05T14:25:08,ERR,ERR,ERR,ERR,ERR,ERR,ERR,ERR,ERR,ERR,ERR,ERR,ERR,ERR,ERR,ERR,ERR,ERR,ERR,ERR,ERR,ERR,ERR,ERR,ERR,ERR,ERR,ERR,ERR,ERR,ERR,ERR,ERR,ERR,ERR,ERR,ERR,ERR,ERR,ERR,ERR,ERR,ERR,ERR,ERR,ERR,ERR,ERR,ERR,ERR,ERR,ERR,ERR,ERR,ERR,ERR,ERR,ERR,ERR,ERR,ERR,ERR,ERR,ERR,ERR,ERR,ERR,ERR,ERR,ERR,ERR,ERR,ERR,ERR,ERR,ERR,ERR,ERR,ERR,ERR,ERR,ERR,ERR,ERR,ERR,ERR,ERR,ERR,ERR,ERR,ERR,ERR,ERR,ERR,ERR,ERR,ERR,ERR,ERR,ERR,ERR,ERR,ERR,ERR,ERR,ERR,ERR,ERR,ERR,ERR,ERR,ERR,ERR,ERR,ERR,ERR,ERR,ERR,ERR,ERR,ERR,ERR,ERR,ERR,ERR,2.718450016850437e+23,-0.0,2.8364315368646023e+23,0.0,-0.0,-2.908579983970266e+34,-0.0,372.502,5800,0,8,17276,5800,14723891331072.0,100,0.0,0.0,-107613408.0,0.0,1.9056969178834534e+17,0,0,0,0,nan,0,0,0,0,0,0,0,0,0,0,0,0,0,0,0,0,0,0,0,0,0,0,0,0,0,0,0,0,0,0,0,0,0,10,52,51,61,65476,619,65476,1,0,4,21553,0.0,0.0,0.0,0.0,0.0,0.0,0.0,0.0,0.0,0.0,0.0,0.0,0.0,0.0,0.0,0.0,0.0,0.0,0.0,0.0,0.0,2.004,3.697074423243316e+19,-0.0,-0.0,3.697087617382849e+19,0.0,0.0,0.0,0.0,6652.0,3.697208563661904e+19,0.0,2.718450016850437e+23,-0.0,-107616232.0,-0.0,-0.0,0.0,2.004,2.004,242,-0.0,-0.0,0.0,0.0,0.0,0.0,0.0,0.0,0.0,0,0,0,-5781486305280.0,0.0,0.0,7.713429782850458e+20,-0.0,0.0,0.0,0.0,-0.0,1.238450491030147e+21,-1.0560699353238276e+33,-0.0,-0.0,-0.0,0.0,1.5734699148306755e+25,0,1.3516416376850534e+27,242,0.0,484,-30771013632.0,-0.0,2050,52429,17150,39322,17152,39322,17144,0,0,0,105,99,100,2.7302352164993253e+23,69.2,0.0,69.9,-107615312.0,69.5,1,47,48,180,0,26215,0,0,0.0,0.0,0.0,60.0,0.0,74.5,0.0,19.657,0.0,1270,0,1277,0,0,0,1273,0,1286,0,1243,0,695,0,697,0,692,0,690,0.032,1.322413106158089e+34,-2.004,0.0,19984,16829,0.082,19.657,-1.6976433783498255e+34,1.4517824024989854e+22,485881839616.0,-0.0,70.0,60.0,66,0.0,0.0,10.0,2.0,0.0,0.0,0.0,0.0,0.0,0.0,0.0,0.0,0.0,0.0,0.0,0.0,65.6,69,16,65516,49,65476,0,300,0,0,8,20529,65476,0,0,51118,60.0,0.0,10.0,10.0,2.0,0.0
2026-02-05T14:25:09,ERR,ERR,ERR,ERR,ERR,ERR,ERR,ERR,ERR,ERR,ERR,ERR,ERR,ERR,ERR,ERR,ERR,ERR,ERR,ERR,ERR,ERR,ERR,ERR,ERR,ERR,ERR,ERR,ERR,ERR,ERR,ERR,ERR,ERR,ERR,ERR,ERR,ERR,ERR,ERR,ERR,ERR,ERR,ERR,ERR,ERR,ERR,ERR,ERR,ERR,ERR,ERR,ERR,ERR,ERR,ERR,ERR,ERR,ERR,ERR,ERR,ERR,ERR,ERR,ERR,ERR,ERR,ERR,ERR,ERR,ERR,ERR,ERR,ERR,ERR,ERR,ERR,ERR,ERR,ERR,ERR,ERR,ERR,ERR,ERR,ERR,ERR,ERR,ERR,ERR,ERR,ERR,ERR,ERR,ERR,ERR,ERR,ERR,ERR,ERR,ERR,ERR,ERR,ERR,ERR,ERR,ERR,ERR,ERR,ERR,ERR,ERR,ERR,ERR,ERR,ERR,ERR,ERR,ERR,ERR,ERR,ERR,ERR,ERR,ERR,2.718450016850437e+23,-0.0,2.8364315368646023e+23,0.0,-0.0,-2.908579983970266e+34,-0.0,372.502,5800,0,8,17276,5800,14723891331072.0,100,0.0,0.0,-107613408.0,0.0,1.9056969178834534e+17,0,0,0,0,nan,0,0,0,0,0,0,0,0,0,0,0,0,0,0,0,0,0,0,0,0,0,0,0,0,0,0,0,0,0,0,0,0,0,10,52,51,61,65476,619,65476,1,0,4,21553,0.0,0.0,0.0,0.0,0.0,0.0,0.0,0.0,0.0,0.0,0.0,0.0,0.0,0.0,0.0,0.0,0.0,0.0,0.0,0.0,0.0,2.004,3.697074423243316e+19,-0.0,-0.0,3.697087617382849e+19,0.0,0.0,0.0,0.0,6652.0,3.697208563661904e+19,0.0,2.718450016850437e+23,-0.0,-107616232.0,-0.0,-0.0,0.0,2.004,2.004,242,-0.0,-0.0,0.0,0.0,0.0,0.0,0.0,0.0,0.0,0,0,0,-5781486305280.0,0.0,0.0,7.713429782850458e+20,-0.0,0.0,0.0,0.0,-0.0,1.238450491030147e+21,-1.0560699353238276e+33,-0.0,-0.0,-0.0,0.0,1.5734699148306755e+25,0,1.3516416376850534e+27,242,0.0,484,-30771013632.0,-0.0,2050,52429,17150,39322,17152,39322,17144,0,0,0,105,99,100,2.7302352164993253e+23,69.1,0.0,69.9,-107615312.0,69.5,1,47,48,180,0,26215,0,0,0.0,0.0,0.0,60.0,0.0,74.5,0.0,5.355204883827917e+16,0.0,1270,0,1277,0,0,0,1274,0,1286,0,1243,0,694,0,696,0,692,0,690,0.032,1.3305260699995496e+34,-0.0,0.0,14480,16829,0.0,5.355204883827917e+16,-0.0,-0.651,0.0,2404.005,70.0,60.0,66,0.0,0.0,10.0,2.0,0.0,0.0,0.0,0.0,0.0,0.0,0.0,0.0,0.0,0.0,0.0,0.0,65.6,69,16,65516,49,65476,0,300,0,0,8,20529,65476,0,0,51118,60.0,0.0,10.0,10.0,2.0,0.0
2026-02-05T14:25:10,ERR,ERR,ERR,ERR,ERR,ERR,ERR,ERR,ERR,ERR,ERR,ERR,ERR,ERR,ERR,ERR,ERR,ERR,ERR,ERR,ERR,ERR,ERR,ERR,ERR,ERR,ERR,ERR,ERR,ERR,ERR,ERR,ERR,ERR,ERR,ERR,ERR,ERR,ERR,ERR,ERR,ERR,ERR,ERR,ERR,ERR,ERR,ERR,ERR,ERR,ERR,ERR,ERR,ERR,ERR,ERR,ERR,ERR,ERR,ERR,ERR,ERR,ERR,ERR,ERR,ERR,ERR,ERR,ERR,ERR,ERR,ERR,ERR,ERR,ERR,ERR,ERR,ERR,ERR,ERR,ERR,ERR,ERR,ERR,ERR,ERR,ERR,ERR,ERR,ERR,ERR,ERR,ERR,ERR,ERR,ERR,ERR,ERR,ERR,ERR,ERR,ERR,ERR,ERR,ERR,ERR,ERR,ERR,ERR,ERR,ERR,ERR,ERR,ERR,ERR,ERR,ERR,ERR,ERR,ERR,ERR,ERR,ERR,ERR,ERR,2.718450016850437e+23,-0.0,2.8364315368646023e+23,0.0,-0.0,-2.908579983970266e+34,-0.0,372.502,5800,0,8,17276,5800,14723891331072.0,100,0.0,0.0,-107613408.0,0.0,1.9056969178834534e+17,0,0,0,0,nan,0,0,0,0,0,0,0,0,0,0,0,0,0,0,0,0,0,0,0,0,0,0,0,0,0,0,0,0,0,0,0,0,0,10,52,51,61,65476,619,65476,1,0,4,21553,0.0,0.0,0.0,0.0,0.0,0.0,0.0,0.0,0.0,0.0,0.0,0.0,0.0,0.0,0.0,0.0,0.0,0.0,0.0,0.0,0.0,2.004,3.697074423243316e+19,-0.0,-0.0,3.697087617382849e+19,0.0,0.0,0.0,0.0,6652.0,3.697208563661904e+19,0.0,2.718450016850437e+23,-0.0,-107616232.0,-0.0,-0.0,0.0,2.004,2.004,242,-0.0,-0.0,0.0,0.0,0.0,0.0,0.0,0.0,0.0,0,0,0,-5781486305280.0,0.0,0.0,7.713429782850458e+20,-0.0,0.0,0.0,0.0,-0.0,1.238450491030147e+21,-1.0560699353238276e+33,-0.0,-0.0,-0.0,0.0,1.5734699148306755e+25,0,1.3516416376850534e+27,242,0.0,484,-30771013632.0,-0.0,2050,52429,17150,39322,17152,39322,17144,0,0,0,105,99,100,2.7302352164993253e+23,69.1,0.0,69.9,-107615312.0,69.5,1,47,48,180,0,26215,0,0,0.0,0.0,0.0,60.0,0.0,74.5,0.0,5.355204883827917e+16,0.0,1270,0,1277,0,0,0,1274,0,1286,0,1243,0,694,0,696,0,692,0,690,0.032,1.3305260699995496e+34,-0.0,0.0,14480,16829,0.0,5.355204883827917e+16,-0.0,-0.651,0.0,2404.005,70.0,60.0,66,0.0,0.0,10.0,2.0,0.0,0.0,0.0,0.0,0.0,0.0,0.0,0.0,0.0,0.0,0.0,0.0,65.6,69,16,65516,49,65476,0,300,0,0,8,20529,65476,0,0,47186,60.0,0.0,10.0,10.0,2.0,0.0
2026-02-05T14:25:11,ERR,ERR,ERR,ERR,ERR,ERR,ERR,ERR,ERR,ERR,ERR,ERR,ERR,ERR,ERR,ERR,ERR,ERR,ERR,ERR,ERR,ERR,ERR,ERR,ERR,ERR,ERR,ERR,ERR,ERR,ERR,ERR,ERR,ERR,ERR,ERR,ERR,ERR,ERR,ERR,ERR,ERR,ERR,ERR,ERR,ERR,ERR,ERR,ERR,ERR,ERR,ERR,ERR,ERR,ERR,ERR,ERR,ERR,ERR,ERR,ERR,ERR,ERR,ERR,ERR,ERR,ERR,ERR,ERR,ERR,ERR,ERR,ERR,ERR,ERR,ERR,ERR,ERR,ERR,ERR,ERR,ERR,ERR,ERR,ERR,ERR,ERR,ERR,ERR,ERR,ERR,ERR,ERR,ERR,ERR,ERR,ERR,ERR,ERR,ERR,ERR,ERR,ERR,ERR,ERR,ERR,ERR,ERR,ERR,ERR,ERR,ERR,ERR,ERR,ERR,ERR,ERR,ERR,ERR,ERR,ERR,ERR,ERR,ERR,ERR,2.718450016850437e+23,-0.0,2.8364315368646023e+23,-107613408.0,-4.209512871143983e+25,0.006,-12928811.0,-1.941033407739681e+34,5800,0,8,17276,5800,14723891331072.0,100,0.0,0.0,0.0,0.0,1.9056969178834534e+17,0,0,0,0,nan,0,0,0,0,0,0,0,0,0,0,0,0,0,0,0,0,0,0,0,0,0,0,0,0,0,0,0,0,0,0,0,0,0,10,52,51,61,65476,619,65476,1,0,4,21553,0.0,0.0,0.0,0.0,0.0,0.0,0.0,0.0,0.0,0.0,0.0,0.0,0.0,0.0,0.0,0.0,0.0,0.0,0.0,0.0,0.0,2.004,3.697074423243316e+19,-0.0,-0.0,0.0,0.0,0.0,0.0,0.0,6652.0,0.0,0.0,2.718450016850437e+23,-0.0,-107616232.0,0.0,0.0,0.0,2.004,2.004,243,-89221.094,-0.0,0.0,0.0,0.0,0.0,0.0,0.0,0.0,0,0,0,-0.002,-1.9746378442657322e+23,-1.5137108353343224e+33,0.001,-0.0,5.015000014563405e+33,0.0,-0.001,-0.0,1.5981620004674832e+21,-1.2588940313603443e+33,-0.0,-0.0,-0.0,0.0,-0.0,0,1.3516416376850534e+27,243,0.0,486,-30771013632.0,-0.0,2050,52429,17150,39322,17152,39322,17144,0,0,0,105,99,100,2.7302352164993253e+23,69.1,0.0,69.9,-107615312.0,69.5,1,47,48,180,0,26215,0,0,0.0,0.0,0.0,60.0,0.0,74.5,0.0,5.355204883827917e+16,0.0,1270,0,1277,0,0,0,1274,0,1286,0,1243,0,694,0,696,0,692,0,690,0.032,1.3305260699995496e+34,-0.0,0.0,14480,16829,0.0,5.355204883827917e+16,-0.0,-0.651,0.0,2404.005,70.0,60.0,66,0.0,0.0,10.0,2.0,0.0,0.0,0.0,0.0,0.0,0.0,0.0,0.0,0.0,0.0,0.0,0.0,65.6,69,16,65516,49,65476,0,300,0,0,8,20529,65476,0,0,47186,60.0,0.0,10.0,10.0,2.0,0.0
2026-02-05T14:25:12,ERR,ERR,ERR,ERR,ERR,ERR,ERR,ERR,ERR,ERR,ERR,ERR,ERR,ERR,ERR,ERR,ERR,ERR,ERR,ERR,ERR,ERR,ERR,ERR,ERR,ERR,ERR,ERR,ERR,ERR,ERR,ERR,ERR,ERR,ERR,ERR,ERR,ERR,ERR,ERR,ERR,ERR,ERR,ERR,ERR,ERR,ERR,ERR,ERR,ERR,ERR,ERR,ERR,ERR,ERR,ERR,ERR,ERR,ERR,ERR,ERR,ERR,ERR,ERR,ERR,ERR,ERR,ERR,ERR,ERR,ERR,ERR,ERR,ERR,ERR,ERR,ERR,ERR,ERR,ERR,ERR,ERR,ERR,ERR,ERR,ERR,ERR,ERR,ERR,ERR,ERR,ERR,ERR,ERR,ERR,ERR,ERR,ERR,ERR,ERR,ERR,ERR,ERR,ERR,ERR,ERR,ERR,ERR,ERR,ERR,ERR,ERR,ERR,ERR,ERR,ERR,ERR,ERR,ERR,ERR,ERR,ERR,ERR,ERR,ERR,2.718450016850437e+23,-0.0,2.8364315368646023e+23,-107613408.0,-4.209512871143983e+25,0.006,-12928811.0,-1.941033407739681e+34,5800,0,8,17276,5800,14723891331072.0,100,0.0,0.0,0.0,0.0,1.9056969178834534e+17,0,0,0,0,nan,0,0,0,0,0,0,0,0,0,0,0,0,0,0,0,0,0,0,0,0,0,0,0,0,0,0,0,0,0,0,0,0,0,10,52,51,61,65476,619,65476,1,0,4,21553,0.0,0.0,0.0,0.0,0.0,0.0,0.0,0.0,0.0,0.0,0.0,0.0,0.0,0.0,0.0,0.0,0.0,0.0,0.0,0.0,0.0,2.004,3.697074423243316e+19,-0.0,-0.0,0.0,0.0,0.0,0.0,0.0,6652.0,0.0,0.0,2.718450016850437e+23,-0.0,-107616232.0,0.0,0.0,0.0,2.004,2.004,243,-89221.094,-0.0,0.0,0.0,0.0,0.0,0.0,0.0,0.0,0,0,0,-0.002,-1.9746378442657322e+23,-1.5137108353343224e+33,0.001,-0.0,5.015000014563405e+33,0.0,-0.001,-0.0,1.5981620004674832e+21,-1.2588940313603443e+33,-0.0,-0.0,-0.0,0.0,-0.0,0,1.3516416376850534e+27,243,0.0,486,-30771013632.0,-0.0,2050,52429,17150,39322,17152,39322,17144,0,0,0,105,99,100,2.7302352164993253e+23,69.1,0.0,69.9,-107615312.0,69.5,1,47,48,180,0,26215,0,0,0.0,0.0,0.0,60.0,0.0,74.5,0.0,5.355204883827917e+16,0.0,1270,0,1277,0,0,0,1274,0,1286,0,1243,0,694,0,696,0,692,0,690,0.032,1.3305260699995496e+34,-0.0,0.0,14480,16829,0.0,5.355204883827917e+16,-0.0,-0.651,0.0,2404.005,70.0,60.0,66,0.0,0.0,10.0,2.0,0.0,0.0,0.0,0.0,0.0,0.0,0.0,0.0,0.0,0.0,0.0,0.0,65.6,69,16,65516,49,65476,0,300,0,0,8,20529,65476,0,0,52429,60.0,0.0,10.0,10.0,2.0,0.0
2026-02-05T14:25:13,ERR,ERR,ERR,ERR,ERR,ERR,ERR,ERR,ERR,ERR,ERR,ERR,ERR,ERR,ERR,ERR,ERR,ERR,ERR,ERR,ERR,ERR,ERR,ERR,ERR,ERR,ERR,ERR,ERR,ERR,ERR,ERR,ERR,ERR,ERR,ERR,ERR,ERR,ERR,ERR,ERR,ERR,ERR,ERR,ERR,ERR,ERR,ERR,ERR,ERR,ERR,ERR,ERR,ERR,ERR,ERR,ERR,ERR,ERR,ERR,ERR,ERR,ERR,ERR,ERR,ERR,ERR,ERR,ERR,ERR,ERR,ERR,ERR,ERR,ERR,ERR,ERR,ERR,ERR,ERR,ERR,ERR,ERR,ERR,ERR,ERR,ERR,ERR,ERR,ERR,ERR,ERR,ERR,ERR,ERR,ERR,ERR,ERR,ERR,ERR,ERR,ERR,ERR,ERR,ERR,ERR,ERR,ERR,ERR,ERR,ERR,ERR,ERR,ERR,ERR,ERR,ERR,ERR,ERR,ERR,ERR,ERR,ERR,ERR,ERR,2.718450016850437e+23,-0.0,2.8364315368646023e+23,-107613408.0,-4.209512871143983e+25,0.006,-12928811.0,-1.941033407739681e+34,5800,0,8,17276,5800,14723891331072.0,100,0.0,0.0,0.0,0.0,1.9056969178834534e+17,0,0,0,0,nan,0,0,0,0,0,0,0,0,0,0,0,0,0,0,0,0,0,0,0,0,0,0,0,0,0,0,0,0,0,0,0,0,0,10,52,51,61,65476,619,65476,1,0,4,21553,0.0,0.0,0.0,0.0,0.0,0.0,0.0,0.0,0.0,0.0,0.0,0.0,0.0,0.0,0.0,0.0,0.0,0.0,0.0,0.0,0.0,2.004,3.697074423243316e+19,-0.0,-0.0,0.0,0.0,0.0,0.0,0.0,6652.0,0.0,0.0,2.718450016850437e+23,-0.0,-107616232.0,0.0,0.0,0.0,2.004,2.004,243,-89221.094,-0.0,0.0,0.0,0.0,0.0,0.0,0.0,0.0,0,0,0,-0.002,-1.9746378442657322e+23,-1.5137108353343224e+33,0.001,-0.0,5.015000014563405e+33,0.0,-0.001,-0.0,1.5981620004674832e+21,-1.2588940313603443e+33,-0.0,-0.0,-0.0,0.0,-0.0,0,1.3516416376850534e+27,243,0.0,486,-30771013632.0,-0.0,2050,52429,17150,39322,17152,39322,17144,0,0,0,105,99,100,2.7302352164993253e+23,69.2,2.7302353966433104e+23,69.5,0.0,69.5,1,47,48,180,0,26215,0,0,0.0,0.0,0.0,60.0,0.0,74.5,0.0,-1.3060805056746488e+19,0.0,1270,0,1277,0,0,0,1274,0,1286,0,1243,0,694,0,697,0,692,0,690,0.032,1.3305260699995496e+34,-0.0,0.0,24976,16829,0.0,-1.3060805056746488e+19,0.0,-2042284343296.0,-0.0,-1.6532921116184973e+21,70.0,60.0,66,0.0,0.0,10.0,2.0,0.0,0.0,0.0,0.0,0.0,0.0,0.0,0.0,0.0,0.0,0.0,0.0,65.6,69,16,65516,49,65476,0,300,0,0,8,20529,65476,0,0,52429,60.0,0.0,10.0,10.0,2.0,0.0
2026-02-05T14:25:14,ERR,ERR,ERR,ERR,ERR,ERR,ERR,ERR,ERR,ERR,ERR,ERR,ERR,ERR,ERR,ERR,ERR,ERR,ERR,ERR,ERR,ERR,ERR,ERR,ERR,ERR,ERR,ERR,ERR,ERR,ERR,ERR,ERR,ERR,ERR,ERR,ERR,ERR,ERR,ERR,ERR,ERR,ERR,ERR,ERR,ERR,ERR,ERR,ERR,ERR,ERR,ERR,ERR,ERR,ERR,ERR,ERR,ERR,ERR,ERR,ERR,ERR,ERR,ERR,ERR,ERR,ERR,ERR,ERR,ERR,ERR,ERR,ERR,ERR,ERR,ERR,ERR,ERR,ERR,ERR,ERR,ERR,ERR,ERR,ERR,ERR,ERR,ERR,ERR,ERR,ERR,ERR,ERR,ERR,ERR,ERR,ERR,ERR,ERR,ERR,ERR,ERR,ERR,ERR,ERR,ERR,ERR,ERR,ERR,ERR,ERR,ERR,ERR,ERR,ERR,ERR,ERR,ERR,ERR,ERR,ERR,ERR,ERR,ERR,ERR,2.718450016850437e+23,-0.0,2.8364315368646023e+23,-107613408.0,-4.209512871143983e+25,0.006,-12928811.0,-1.941033407739681e+34,5800,0,8,17276,5800,14723891331072.0,100,0.0,0.0,0.0,0.0,1.9056969178834534e+17,0,0,0,0,nan,0,0,0,0,0,0,0,0,0,0,0,0,0,0,0,0,0,0,0,0,0,0,0,0,0,0,0,0,0,0,0,0,0,10,52,51,61,65476,619,65476,1,0,4,21553,0.0,0.0,0.0,0.0,0.0,0.0,0.0,0.0,0.0,0.0,0.0,0.0,0.0,0.0,0.0,0.0,0.0,0.0,0.0,0.0,0.0,2.004,3.697074423243316e+19,-0.0,-0.0,0.0,0.0,0.0,0.0,0.0,6652.0,0.0,0.0,2.718450016850437e+23,-0.0,-107616232.0,0.0,0.0,0.0,2.004,2.004,243,-89221.094,-0.0,0.0,0.0,0.0,0.0,0.0,0.0,0.0,0,0,0,-0.002,-1.9746378442657322e+23,-1.5137108353343224e+33,0.001,-0.0,5.015000014563405e+33,0.0,-0.001,-0.0,1.5981620004674832e+21,-1.2588940313603443e+33,-0.0,-0.0,-0.0,0.0,-0.0,0,1.3516416376850534e+27,243,0.0,486,-30771013632.0,-0.0,2050,52429,17150,39322,17152,39322,17144,0,0,0,105,99,100,2.7302352164993253e+23,69.2,2.7302353966433104e+23,69.5,0.0,69.5,1,47,48,180,0,26215,0,0,0.0,0.0,0.0,60.0,0.0,74.5,0.0,-1.3060805056746488e+19,0.0,1270,0,1277,0,0,0,1274,0,1286,0,1243,0,694,0,697,0,692,0,690,0.032,1.3305260699995496e+34,-0.0,0.0,24976,16829,0.0,-1.3060805056746488e+19,0.0,-2042284343296.0,-0.0,-1.6532921116184973e+21,70.0,60.0,66,0.0,0.0,10.0,2.0,0.0,0.0,0.0,0.0,0.0,0.0,0.0,0.0,0.0,0.0,0.0,0.0,65.6,69,16,65516,49,65476,0,300,0,0,8,20529,65476,0,0,52429,60.0,0.0,10.0,10.0,2.0,0.0
2026-02-05T14:25:15,ERR,ERR,ERR,ERR,ERR,ERR,ERR,ERR,ERR,ERR,ERR,ERR,ERR,ERR,ERR,ERR,ERR,ERR,ERR,ERR,ERR,ERR,ERR,ERR,ERR,ERR,ERR,ERR,ERR,ERR,ERR,ERR,ERR,ERR,ERR,ERR,ERR,ERR,ERR,ERR,ERR,ERR,ERR,ERR,ERR,ERR,ERR,ERR,ERR,ERR,ERR,ERR,ERR,ERR,ERR,ERR,ERR,ERR,ERR,ERR,ERR,ERR,ERR,ERR,ERR,ERR,ERR,ERR,ERR,ERR,ERR,ERR,ERR,ERR,ERR,ERR,ERR,ERR,ERR,ERR,ERR,ERR,ERR,ERR,ERR,ERR,ERR,ERR,ERR,ERR,ERR,ERR,ERR,ERR,ERR,ERR,ERR,ERR,ERR,ERR,ERR,ERR,ERR,ERR,ERR,ERR,ERR,ERR,ERR,ERR,ERR,ERR,ERR,ERR,ERR,ERR,ERR,ERR,ERR,ERR,ERR,ERR,ERR,ERR,ERR,2.718450016850437e+23,-0.0,2.8364315368646023e+23,-107613408.0,-4.209512871143983e+25,0.006,-12928811.0,-1.941033407739681e+34,5800,0,8,17276,5800,14723891331072.0,100,0.0,0.0,0.0,0.0,1.9056969178834534e+17,0,0,0,0,nan,0,0,0,0,0,0,0,0,0,0,0,0,0,0,0,0,0,0,0,0,0,0,0,0,0,0,0,0,0,0,0,0,0,10,52,51,61,65476,619,65476,1,0,4,21553,0.0,0.0,0.0,0.0,0.0,0.0,0.0,0.0,0.0,0.0,0.0,0.0,0.0,0.0,0.0,0.0,0.0,0.0,0.0,0.0,0.0,2.004,3.697074423243316e+19,-0.0,-0.0,0.0,0.0,0.0,0.0,0.0,6652.0,0.0,0.0,2.718450016850437e+23,-0.0,-107616232.0,0.0,0.0,0.0,2.004,2.004,243,-89221.094,-0.0,0.0,0.0,0.0,0.0,0.0,0.0,0.0,0,0,0,-0.002,-1.9746378442657322e+23,-1.5137108353343224e+33,0.001,-0.0,5.015000014563405e+33,0.0,-0.001,-0.0,1.5981620004674832e+21,-1.2588940313603443e+33,-0.0,-0.0,-0.0,0.0,-0.0,0,1.3516416376850534e+27,243,0.0,486,-30771013632.0,-0.0,2050,52429,17150,39322,17152,39322,17144,0,0,0,105,99,100,2.7302352164993253e+23,69.2,2.7302353966433104e+23,69.5,0.0,69.5,1,47,48,180,0,26215,0,0,0.0,0.0,0.0,60.0,0.0,74.5,0.0,-1.3060805056746488e+19,0.0,1270,0,1277,0,0,0,1274,0,1286,0,1243,0,694,0,697,0,692,0,690,0.032,1.3305260699995496e+34,-0.0,0.0,24976,16829,0.0,-1.3060805056746488e+19,0.0,-2042284343296.0,-0.0,-1.6532921116184973e+21,70.0,60.0,66,0.0,0.0,10.0,2.0,0.0,0.0,0.0,0.0,0.0,0.0,0.0,0.0,0.0,0.0,0.0,0.0,65.6,69,16,65516,49,65476,0,300,0,0,8,20529,65476,0,0,52429,60.0,0.0,10.0,10.0,2.0,0.0
2026-02-05T14:25:16,ERR,ERR,ERR,ERR,ERR,ERR,ERR,ERR,ERR,ERR,ERR,ERR,ERR,ERR,ERR,ERR,ERR,ERR,ERR,ERR,ERR,ERR,ERR,ERR,ERR,ERR,ERR,ERR,ERR,ERR,ERR,ERR,ERR,ERR,ERR,ERR,ERR,ERR,ERR,ERR,ERR,ERR,ERR,ERR,ERR,ERR,ERR,ERR,ERR,ERR,ERR,ERR,ERR,ERR,ERR,ERR,ERR,ERR,ERR,ERR,ERR,ERR,ERR,ERR,ERR,ERR,ERR,ERR,ERR,ERR,ERR,ERR,ERR,ERR,ERR,ERR,ERR,ERR,ERR,ERR,ERR,ERR,ERR,ERR,ERR,ERR,ERR,ERR,ERR,ERR,ERR,ERR,ERR,ERR,ERR,ERR,ERR,ERR,ERR,ERR,ERR,ERR,ERR,ERR,ERR,ERR,ERR,ERR,ERR,ERR,ERR,ERR,ERR,ERR,ERR,ERR,ERR,ERR,ERR,ERR,ERR,ERR,ERR,ERR,ERR,2.718450016850437e+23,-0.0,2.8364315368646023e+23,-107613408.0,-4.209512871143983e+25,0.006,-12928811.0,-1.941033407739681e+34,5800,0,8,17276,5800,14723891331072.0,100,0.0,0.0,0.0,0.0,1.9056969178834534e+17,0,0,0,0,nan,0,0,0,0,0,0,0,0,0,0,0,0,0,0,0,0,0,0,0,0,0,0,0,0,0,0,0,0,0,0,0,0,0,10,52,51,61,65476,619,65476,1,0,4,21553,0.0,0.0,0.0,0.0,0.0,0.0,0.0,0.0,0.0,0.0,0.0,0.0,0.0,0.0,0.0,0.0,0.0,0.0,0.0,0.0,0.0,2.004,3.697074423243316e+19,-0.0,-0.0,0.0,0.0,0.0,0.0,0.0,6652.0,0.0,0.0,2.718450016850437e+23,-0.0,-107616232.0,0.0,0.0,0.0,2.004,2.004,243,-89221.094,-0.0,0.0,0.0,0.0,0.0,0.0,0.0,0.0,0,0,0,-0.002,-1.9746378442657322e+23,-1.5137108353343224e+33,0.001,-0.0,5.015000014563405e+33,0.0,-0.001,-0.0,1.5981620004674832e+21,-1.2588940313603443e+33,-0.0,-0.0,-0.0,0.0,-0.0,0,1.3516416376850534e+27,243,0.0,486,-30771013632.0,-0.0,2050,52429,17150,39322,17152,39322,17144,0,0,0,105,99,100,2.7302352164993253e+23,69.1,2.7302353966433104e+23,69.5,0.0,69.5,1,47,48,180,0,26215,0,0,0.0,0.0,0.0,60.0,0.0,74.5,0.0,-6.053072227104058e+20,0.0,1270,0,1277,0,0,0,1274,0,1286,0,1243,0,695,0,697,0,692,0,691,0.032,1.3305260699995496e+34,-0.0,0.0,4496,16829,0.0,-6.053072227104058e+20,3065451034705920.0,-0.0,-0.0,nan,70.0,60.0,66,0.0,0.0,10.0,2.0,0.0,0.0,0.0,0.0,0.0,0.0,0.0,0.0,0.0,0.0,0.0,0.0,65.2,69,16,65516,49,65476,0,300,0,0,8,20529,65476,0,0,55050,60.0,0.0,10.0,10.0,2.0,0.0
2026-02-05T14:25:17,ERR,ERR,ERR,ERR,ERR,ERR,ERR,ERR,ERR,ERR,ERR,ERR,ERR,ERR,ERR,ERR,ERR,ERR,ERR,ERR,ERR,ERR,ERR,ERR,ERR,ERR,ERR,ERR,ERR,ERR,ERR,ERR,ERR,ERR,ERR,ERR,ERR,ERR,ERR,ERR,ERR,ERR,ERR,ERR,ERR,ERR,ERR,ERR,ERR,ERR,ERR,ERR,ERR,ERR,ERR,ERR,ERR,ERR,ERR,ERR,ERR,ERR,ERR,ERR,ERR,ERR,ERR,ERR,ERR,ERR,ERR,ERR,ERR,ERR,ERR,ERR,ERR,ERR,ERR,ERR,ERR,ERR,ERR,ERR,ERR,ERR,ERR,ERR,ERR,ERR,ERR,ERR,ERR,ERR,ERR,ERR,ERR,ERR,ERR,ERR,ERR,ERR,ERR,ERR,ERR,ERR,ERR,ERR,ERR,ERR,ERR,ERR,ERR,ERR,ERR,ERR,ERR,ERR,ERR,ERR,ERR,ERR,ERR,ERR,ERR,2.718450016850437e+23,-0.0,2.8364315368646023e+23,-107613408.0,-4.209512871143983e+25,0.0,-0.0,0.0,5800,0,8,17276,5800,14723891331072.0,100,0.0,0.0,-107613408.0,0.0,1.9056969178834534e+17,0,0,0,0,nan,0,0,0,0,0,0,0,0,0,0,0,0,0,0,0,0,0,0,0,0,0,0,0,0,0,0,0,0,0,0,0,0,0,10,52,51,61,65476,618,65476,1,0,4,21553,0.0,0.0,0.0,0.0,0.0,0.0,0.0,0.0,0.0,0.0,0.0,0.0,0.0,0.0,0.0,0.0,0.0,0.0,0.0,0.0,0.0,2.004,3.697074423243316e+19,-0.0,-0.0,-0.0,0.0,0.0,0.0,0.0,6653.0,2.004,0.0,2.718450016850437e+23,-0.0,0.0,-0.0,-0.0,0.0,2.004,2.004,246,-0.059,-0.0,0.0,0.0,0.0,0.0,0.0,0.0,0.0,0,0,0,-8.60590038044461e+21,0.0,0.0,0.946,-0.146,-0.0,-1.589046676928174e+37,-0.0,8.817579821693928e+36,1.9855436260153837e+21,-1.635503244961841e+33,-0.0,-0.0,-0.0,0.0,-0.0,0,1.3516416376850534e+27,246,0.0,492,2.751745971104746e+27,-30099091456.0,2050,52429,17150,39322,17152,39322,17144,0,0,0,105,99,100,2.7302352164993253e+23,69.1,2.7302353966433104e+23,69.5,0.0,69.5,1,47,48,180,0,26215,0,0,0.0,0.0,0.0,60.0,0.0,74.5,0.0,-6.053072227104058e+20,0.0,1270,0,1277,0,0,0,1274,0,1286,0,1243,0,695,0,697,0,692,0,691,0.032,1.3305260699995496e+34,-0.0,0.0,4496,16829,0.0,-6.053072227104058e+20,3065451034705920.0,-0.0,-0.0,nan,70.0,60.0,66,0.0,0.0,10.0,2.0,0.0,0.0,0.0,0.0,0.0,0.0,0.0,0.0,0.0,0.0,0.0,0.0,65.2,69,16,65516,49,65476,0,300,0,0,8,20529,65476,0,0,55050,60.0,0.0,10.0,10.0,2.0,0.0
2026-02-05T14:25:18,ERR,ERR,ERR,ERR,ERR,ERR,ERR,ERR,ERR,ERR,ERR,ERR,ERR,ERR,ERR,ERR,ERR,ERR,ERR,ERR,ERR,ERR,ERR,ERR,ERR,ERR,ERR,ERR,ERR,ERR,ERR,ERR,ERR,ERR,ERR,ERR,ERR,ERR,ERR,ERR,ERR,ERR,ERR,ERR,ERR,ERR,ERR,ERR,ERR,ERR,ERR,ERR,ERR,ERR,ERR,ERR,ERR,ERR,ERR,ERR,ERR,ERR,ERR,ERR,ERR,ERR,ERR,ERR,ERR,ERR,ERR,ERR,ERR,ERR,ERR,ERR,ERR,ERR,ERR,ERR,ERR,ERR,ERR,ERR,ERR,ERR,ERR,ERR,ERR,ERR,ERR,ERR,ERR,ERR,ERR,ERR,ERR,ERR,ERR,ERR,ERR,ERR,ERR,ERR,ERR,ERR,ERR,ERR,ERR,ERR,ERR,ERR,ERR,ERR,ERR,ERR,ERR,ERR,ERR,ERR,ERR,ERR,ERR,ERR,ERR,2.718450016850437e+23,-0.0,2.8364315368646023e+23,-107613408.0,-4.209512871143983e+25,0.0,-0.0,0.0,5800,0,8,17276,5800,14723891331072.0,100,0.0,0.0,-107613408.0,0.0,1.9056969178834534e+17,0,0,0,0,nan,0,0,0,0,0,0,0,0,0,0,0,0,0,0,0,0,0,0,0,0,0,0,0,0,0,0,0,0,0,0,0,0,0,10,52,51,61,65476,618,65476,1,0,4,21553,0.0,0.0,0.0,0.0,0.0,0.0,0.0,0.0,0.0,0.0,0.0,0.0,0.0,0.0,0.0,0.0,0.0,0.0,0.0,0.0,0.0,2.004,3.697074423243316e+19,-0.0,-0.0,-0.0,0.0,0.0,0.0,0.0,6653.0,2.004,0.0,2.718450016850437e+23,-0.0,0.0,-0.0,-0.0,0.0,2.004,2.004,246,-0.059,-0.0,0.0,0.0,0.0,0.0,0.0,0.0,0.0,0,0,0,-8.60590038044461e+21,0.0,0.0,0.946,-0.146,-0.0,-1.589046676928174e+37,-0.0,8.817579821693928e+36,1.9855436260153837e+21,-1.635503244961841e+33,-0.0,-0.0,-0.0,0.0,-0.0,0,1.3516416376850534e+27,246,0.0,492,2.751745971104746e+27,-30099091456.0,2050,52429,17150,39322,17152,39322,17144,0,0,0,105,99,100,2.7302352164993253e+23,69.1,2.7302353966433104e+23,69.5,0.0,69.5,1,47,48,180,0,26215,0,0,0.0,0.0,0.0,60.0,0.0,74.5,0.0,-6.053072227104058e+20,0.0,1270,0,1277,0,0,0,1274,0,1286,0,1243,0,695,0,697,0,692,0,691,0.032,1.3305260699995496e+34,-0.0,0.0,4496,16829,0.0,-6.053072227104058e+20,3065451034705920.0,-0.0,-0.0,nan,70.0,60.0,66,0.0,0.0,10.0,2.0,0.0,0.0,0.0,0.0,0.0,0.0,0.0,0.0,0.0,0.0,0.0,0.0,65.6,69,16,65516,49,65476,0,300,0,0,8,20529,65476,0,0,51118,60.0,0.0,10.0,10.0,2.0,0.0
2026-02-05T14:25:19,ERR,ERR,ERR,ERR,ERR,ERR,ERR,ERR,ERR,ERR,ERR,ERR,ERR,ERR,ERR,ERR,ERR,ERR,ERR,ERR,ERR,ERR,ERR,ERR,ERR,ERR,ERR,ERR,ERR,ERR,ERR,ERR,ERR,ERR,ERR,ERR,ERR,ERR,ERR,ERR,ERR,ERR,ERR,ERR,ERR,ERR,ERR,ERR,ERR,ERR,ERR,ERR,ERR,ERR,ERR,ERR,ERR,ERR,ERR,ERR,ERR,ERR,ERR,ERR,ERR,ERR,ERR,ERR,ERR,ERR,ERR,ERR,ERR,ERR,ERR,ERR,ERR,ERR,ERR,ERR,ERR,ERR,ERR,ERR,ERR,ERR,ERR,ERR,ERR,ERR,ERR,ERR,ERR,ERR,ERR,ERR,ERR,ERR,ERR,ERR,ERR,ERR,ERR,ERR,ERR,ERR,ERR,ERR,ERR,ERR,ERR,ERR,ERR,ERR,ERR,ERR,ERR,ERR,ERR,ERR,ERR,ERR,ERR,ERR,ERR,2.718450016850437e+23,-0.0,2.8364315368646023e+23,-107613408.0,-4.209512871143983e+25,0.0,-0.0,0.0,5800,0,8,17276,5800,14723891331072.0,100,0.0,0.0,-107613408.0,0.0,1.9056969178834534e+17,0,0,0,0,nan,0,0,0,0,0,0,0,0,0,0,0,0,0,0,0,0,0,0,0,0,0,0,0,0,0,0,0,0,0,0,0,0,0,10,52,51,61,65476,618,65476,1,0,4,21553,0.0,0.0,0.0,0.0,0.0,0.0,0.0,0.0,0.0,0.0,0.0,0.0,0.0,0.0,0.0,0.0,0.0,0.0,0.0,0.0,0.0,2.004,3.697074423243316e+19,-0.0,-0.0,-0.0,0.0,0.0,0.0,0.0,6653.0,2.004,0.0,2.718450016850437e+23,-0.0,0.0,-0.0,-0.0,0.0,2.004,2.004,246,-0.059,-0.0,0.0,0.0,0.0,0.0,0.0,0.0,0.0,0,0,0,-8.60590038044461e+21,0.0,0.0,0.946,-0.146,-0.0,-1.589046676928174e+37,-0.0,8.817579821693928e+36,1.9855436260153837e+21,-1.635503244961841e+33,-0.0,-0.0,-0.0,0.0,-0.0,0,1.3516416376850534e+27,246,0.0,492,2.751745971104746e+27,-30099091456.0,2050,52429,17150,39322,17152,39322,17144,0,0,0,105,99,100,2.7302352164993253e+23,69.1,2.7302353966433104e+23,69.5,0.0,69.5,1,47,48,180,0,26215,0,0,0.0,0.0,0.0,60.0,0.0,74.5,0.0,-6.053072227104058e+20,0.0,1270,0,1277,0,0,0,1274,0,1286,0,1243,0,695,0,697,0,692,0,691,0.032,1.3305260699995496e+34,-0.0,0.0,4496,16829,0.0,-6.053072227104058e+20,3065451034705920.0,-0.0,-0.0,nan,70.0,60.0,66,0.0,0.0,10.0,2.0,0.0,0.0,0.0,0.0,0.0,0.0,0.0,0.0,0.0,0.0,0.0,0.0,65.6,69,16,65516,49,65476,0,300,0,0,8,20529,65476,0,0,51118,60.0,0.0,10.0,10.0,2.0,0.0
2026-02-05T14:25:20,ERR,ERR,ERR,ERR,ERR,ERR,ERR,ERR,ERR,ERR,ERR,ERR,ERR,ERR,ERR,ERR,ERR,ERR,ERR,ERR,ERR,ERR,ERR,ERR,ERR,ERR,ERR,ERR,ERR,ERR,ERR,ERR,ERR,ERR,ERR,ERR,ERR,ERR,ERR,ERR,ERR,ERR,ERR,ERR,ERR,ERR,ERR,ERR,ERR,ERR,ERR,ERR,ERR,ERR,ERR,ERR,ERR,ERR,ERR,ERR,ERR,ERR,ERR,ERR,ERR,ERR,ERR,ERR,ERR,ERR,ERR,ERR,ERR,ERR,ERR,ERR,ERR,ERR,ERR,ERR,ERR,ERR,ERR,ERR,ERR,ERR,ERR,ERR,ERR,ERR,ERR,ERR,ERR,ERR,ERR,ERR,ERR,ERR,ERR,ERR,ERR,ERR,ERR,ERR,ERR,ERR,ERR,ERR,ERR,ERR,ERR,ERR,ERR,ERR,ERR,ERR,ERR,ERR,ERR,ERR,ERR,ERR,ERR,ERR,ERR,2.718450016850437e+23,-0.0,2.8364315368646023e+23,-107613408.0,-4.209512871143983e+25,0.0,-0.0,0.0,5800,0,8,17276,5800,14723891331072.0,100,0.0,0.0,-107613408.0,0.0,1.9056969178834534e+17,0,0,0,0,nan,0,0,0,0,0,0,0,0,0,0,0,0,0,0,0,0,0,0,0,0,0,0,0,0,0,0,0,0,0,0,0,0,0,10,52,51,61,65476,618,65476,1,0,4,21553,0.0,0.0,0.0,0.0,0.0,0.0,0.0,0.0,0.0,0.0,0.0,0.0,0.0,0.0,0.0,0.0,0.0,0.0,0.0,0.0,0.0,2.004,3.697074423243316e+19,-0.0,-0.0,-0.0,0.0,0.0,0.0,0.0,6653.0,2.004,0.0,2.718450016850437e+23,-0.0,0.0,-0.0,-0.0,0.0,2.004,2.004,246,-0.059,-0.0,0.0,0.0,0.0,0.0,0.0,0.0,0.0,0,0,0,-8.60590038044461e+21,0.0,0.0,0.946,-0.146,-0.0,-1.589046676928174e+37,-0.0,8.817579821693928e+36,1.9855436260153837e+21,-1.635503244961841e+33,-0.0,-0.0,-0.0,0.0,-0.0,0,1.3516416376850534e+27,246,0.0,492,2.751745971104746e+27,-30099091456.0,2050,39322,17150,39322,17152,39322,17144,0,0,0,105,99,100,2.7302352164993253e+23,69.2,2.7302353966433104e+23,69.5,0.0,69.5,1,47,48,180,0,26215,0,0,0.0,0.0,0.0,60.0,0.0,74.5,0.0,-2.9083030773502994e+20,0.0,1270,0,1277,0,0,0,1273,0,1286,0,1243,0,695,0,697,0,692,0,692,0.032,1.3305260699995496e+34,-2.004,0.0,23184,16829,0.0,-2.9083030773502994e+20,688271589376.0,-0.0,-0.0,-2.0931484344345718e+35,70.0,60.0,66,0.0,0.0,10.0,2.0,0.0,0.0,0.0,0.0,0.0,0.0,0.0,0.0,0.0,0.0,0.0,0.0,65.2,69,16,65516,49,65476,0,300,0,0,8,20529,65476,0,0,45875,60.0,0.0,10.0,10.0,2.0,0.0
2026-02-05T14:25:21,ERR,ERR,ERR,ERR,ERR,ERR,ERR,ERR,ERR,ERR,ERR,ERR,ERR,ERR,ERR,ERR,ERR,ERR,ERR,ERR,ERR,ERR,ERR,ERR,ERR,ERR,ERR,ERR,ERR,ERR,ERR,ERR,ERR,ERR,ERR,ERR,ERR,ERR,ERR,ERR,ERR,ERR,ERR,ERR,ERR,ERR,ERR,ERR,ERR,ERR,ERR,ERR,ERR,ERR,ERR,ERR,ERR,ERR,ERR,ERR,ERR,ERR,ERR,ERR,ERR,ERR,ERR,ERR,ERR,ERR,ERR,ERR,ERR,ERR,ERR,ERR,ERR,ERR,ERR,ERR,ERR,ERR,ERR,ERR,ERR,ERR,ERR,ERR,ERR,ERR,ERR,ERR,ERR,ERR,ERR,ERR,ERR,ERR,ERR,ERR,ERR,ERR,ERR,ERR,ERR,ERR,ERR,ERR,ERR,ERR,ERR,ERR,ERR,ERR,ERR,ERR,ERR,ERR,ERR,ERR,ERR,ERR,ERR,ERR,ERR,2.718450016850437e+23,-0.0,2.8364315368646023e+23,-107613408.0,-4.209512871143983e+25,0.0,-0.0,0.0,5800,0,8,17276,5800,14723891331072.0,100,0.0,0.0,-107613408.0,0.0,1.9056969178834534e+17,0,0,0,0,nan,0,0,0,0,0,0,0,0,0,0,0,0,0,0,0,0,0,0,0,0,0,0,0,0,0,0,0,0,0,0,0,0,0,10,52,51,61,65476,618,65476,1,0,4,21553,0.0,0.0,0.0,0.0,0.0,0.0,0.0,0.0,0.0,0.0,0.0,0.0,0.0,0.0,0.0,0.0,0.0,0.0,0.0,0.0,0.0,2.004,3.697074423243316e+19,-0.0,-0.0,-0.0,0.0,0.0,0.0,0.0,6653.0,2.004,0.0,2.718450016850437e+23,-0.0,0.0,-0.0,-0.0,0.0,2.004,2.004,246,-0.059,-0.0,0.0,0.0,0.0,0.0,0.0,0.0,0.0,0,0,0,-8.60590038044461e+21,0.0,0.0,0.946,-0.146,-0.0,-1.589046676928174e+37,-0.0,8.817579821693928e+36,1.9855436260153837e+21,-1.635503244961841e+33,-0.0,-0.0,-0.0,0.0,-0.0,0,1.3516416376850534e+27,246,0.0,492,2.751745971104746e+27,-30099091456.0,2050,39322,17150,39322,17152,39322,17144,0,0,0,105,99,100,2.7302352164993253e+23,69.2,2.7302353966433104e+23,69.5,0.0,69.5,1,47,48,180,0,26215,0,0,0.0,0.0,0.0,60.0,0.0,74.5,0.0,-2.9083030773502994e+20,0.0,1270,0,1277,0,0,0,1273,0,1286,0,1243,0,695,0,697,0,692,0,692,0.032,1.3305260699995496e+34,-2.004,0.0,23184,16829,0.0,-2.9083030773502994e+20,688271589376.0,-0.0,-0.0,-2.0931484344345718e+35,70.0,60.0,66,0.0,0.0,10.0,2.0,0.0,0.0,0.0,0.0,0.0,0.0,0.0,0.0,0.0,0.0,0.0,0.0,65.2,69,16,65516,49,65476,0,300,0,0,8,20529,65476,0,0,45875,60.0,0.0,10.0,10.0,2.0,0.0
2026-02-05T14:25:22,ERR,ERR,ERR,ERR,ERR,ERR,ERR,ERR,ERR,ERR,ERR,ERR,ERR,ERR,ERR,ERR,ERR,ERR,ERR,ERR,ERR,ERR,ERR,ERR,ERR,ERR,ERR,ERR,ERR,ERR,ERR,ERR,ERR,ERR,ERR,ERR,ERR,ERR,ERR,ERR,ERR,ERR,ERR,ERR,ERR,ERR,ERR,ERR,ERR,ERR,ERR,ERR,ERR,ERR,ERR,ERR,ERR,ERR,ERR,ERR,ERR,ERR,ERR,ERR,ERR,ERR,ERR,ERR,ERR,ERR,ERR,ERR,ERR,ERR,ERR,ERR,ERR,ERR,ERR,ERR,ERR,ERR,ERR,ERR,ERR,ERR,ERR,ERR,ERR,ERR,ERR,ERR,ERR,ERR,ERR,ERR,ERR,ERR,ERR,ERR,ERR,ERR,ERR,ERR,ERR,ERR,ERR,ERR,ERR,ERR,ERR,ERR,ERR,ERR,ERR,ERR,ERR,ERR,ERR,ERR,ERR,ERR,ERR,ERR,ERR,2.718450016850437e+23,-0.0,2.8364315368646023e+23,0.0,-0.0,-5.156056312437553e+36,-0.0,3.488,5800,0,8,17276,5800,14723891331072.0,100,0.0,0.0,-107613408.0,0.0,1.9056969178834534e+17,0,0,0,0,nan,0,0,0,0,0,0,0,0,0,0,0,0,0,0,0,0,0,0,0,0,0,0,0,0,0,0,0,0,0,0,0,0,0,10,52,51,61,65476,618,65476,1,0,4,21553,0.0,0.0,0.0,0.0,0.0,0.0,0.0,0.0,0.0,0.0,0.0,0.0,0.0,0.0,0.0,0.0,0.0,0.0,0.0,0.0,0.0,2.004,3.697074423243316e+19,-0.0,-2.004,0.0,0.0,0.0,0.0,0.0,6621.0,-0.0,0.0,2.718450016850437e+23,-0.0,0.0,107616440.0,-0.0,0.0,2.004,2.004,242,-0.059,107615264.0,0.0,0.0,0.0,0.0,0.0,0.0,0.0,0,0,0,-5.9000951171436355e+35,-9.982624880863784e+35,0.0,0.0,-3.863,7.950728396462739e+37,0.0,-0.041,-5.3900027897731695e+23,2.34525513545272e+21,-2.0310102322330484e+33,-0.0,-0.0,-0.0,0.0,-0.0,0,1.3516416376850534e+27,242,0.0,484,0.0,-9.919343075420545e+28,2050,39322,17150,39322,17152,39322,17144,0,0,0,105,99,100,2.7302352164993253e+23,69.2,2.7302353966433104e+23,69.5,0.0,69.5,1,47,48,180,0,26215,0,0,0.0,0.0,0.0,60.0,0.0,74.5,0.0,-2.9083030773502994e+20,0.0,1270,0,1277,0,0,0,1273,0,1286,0,1243,0,695,0,697,0,692,0,692,0.032,1.3305260699995496e+34,-2.004,0.0,23184,16829,0.0,-2.9083030773502994e+20,688271589376.0,-0.0,-0.0,-2.0931484344345718e+35,70.0,60.0,66,0.0,0.0,10.0,2.0,0.0,0.0,0.0,0.0,0.0,0.0,0.0,0.0,0.0,0.0,0.0,0.0,65.6,69,16,65516,49,65476,0,300,0,0,8,20529,65476,0,0,43254,60.0,0.0,10.0,10.0,2.0,0.0
2026-02-05T14:25:23,ERR,ERR,ERR,ERR,ERR,ERR,ERR,ERR,ERR,ERR,ERR,ERR,ERR,ERR,ERR,ERR,ERR,ERR,ERR,ERR,ERR,ERR,ERR,ERR,ERR,ERR,ERR,ERR,ERR,ERR,ERR,ERR,ERR,ERR,ERR,ERR,ERR,ERR,ERR,ERR,ERR,ERR,ERR,ERR,ERR,ERR,ERR,ERR,ERR,ERR,ERR,ERR,ERR,ERR,ERR,ERR,ERR,ERR,ERR,ERR,ERR,ERR,ERR,ERR,ERR,ERR,ERR,ERR,ERR,ERR,ERR,ERR,ERR,ERR,ERR,ERR,ERR,ERR,ERR,ERR,ERR,ERR,ERR,ERR,ERR,ERR,ERR,ERR,ERR,ERR,ERR,ERR,ERR,ERR,ERR,ERR,ERR,ERR,ERR,ERR,ERR,ERR,ERR,ERR,ERR,ERR,ERR,ERR,ERR,ERR,ERR,ERR,ERR,ERR,ERR,ERR,ERR,ERR,ERR,ERR,ERR,ERR,ERR,ERR,ERR,2.718450016850437e+23,-0.0,2.8364315368646023e+23,0.0,-0.0,-5.156056312437553e+36,-0.0,3.488,5800,0,8,17276,5800,14723891331072.0,100,0.0,0.0,-107613408.0,0.0,1.9056969178834534e+17,0,0,0,0,nan,0,0,0,0,0,0,0,0,0,0,0,0,0,0,0,0,0,0,0,0,0,0,0,0,0,0,0,0,0,0,0,0,0,10,52,51,61,65476,618,65476,1,0,4,21553,0.0,0.0,0.0,0.0,0.0,0.0,0.0,0.0,0.0,0.0,0.0,0.0,0.0,0.0,0.0,0.0,0.0,0.0,0.0,0.0,0.0,2.004,3.697074423243316e+19,-0.0,-2.004,0.0,0.0,0.0,0.0,0.0,6621.0,-0.0,0.0,2.718450016850437e+23,-0.0,0.0,107616440.0,-0.0,0.0,2.004,2.004,242,-0.059,107615264.0,0.0,0.0,0.0,0.0,0.0,0.0,0.0,0,0,0,-5.9000951171436355e+35,-9.982624880863784e+35,0.0,0.0,-3.863,7.950728396462739e+37,0.0,-0.041,-5.3900027897731695e+23,2.34525513545272e+21,-2.0310102322330484e+33,-0.0,-0.0,-0.0,0.0,-0.0,0,1.3516416376850534e+27,242,0.0,484,0.0,-9.919343075420545e+28,2050,39322,17150,39322,17152,39322,17144,0,0,0,105,99,100,2.7302352164993253e+23,69.2,2.7302353966433104e+23,69.5,0.0,69.5,1,47,48,180,0,26215,0,0,0.0,0.0,0.0,60.0,0.0,74.5,0.0,-2.9083030773502994e+20,0.0,1270,0,1277,0,0,0,1273,0,1286,0,1243,0,695,0,697,0,692,0,692,0.032,1.3305260699995496e+34,-2.004,0.0,23184,16829,0.0,-2.9083030773502994e+20,688271589376.0,-0.0,-0.0,-2.0931484344345718e+35,70.0,60.0,66,0.0,0.0,10.0,2.0,0.0,0.0,0.0,0.0,0.0,0.0,0.0,0.0,0.0,0.0,0.0,0.0,65.2,69,16,65516,49,65476,0,300,0,0,8,20529,65476,0,0,44564,60.0,0.0,10.0,10.0,2.0,0.0
2026-02-05T14:25:24,ERR,ERR,ERR,ERR,ERR,ERR,ERR,ERR,ERR,ERR,ERR,ERR,ERR,ERR,ERR,ERR,ERR,ERR,ERR,ERR,ERR,ERR,ERR,ERR,ERR,ERR,ERR,ERR,ERR,ERR,ERR,ERR,ERR,ERR,ERR,ERR,ERR,ERR,ERR,ERR,ERR,ERR,ERR,ERR,ERR,ERR,ERR,ERR,ERR,ERR,ERR,ERR,ERR,ERR,ERR,ERR,ERR,ERR,ERR,ERR,ERR,ERR,ERR,ERR,ERR,ERR,ERR,ERR,ERR,ERR,ERR,ERR,ERR,ERR,ERR,ERR,ERR,ERR,ERR,ERR,ERR,ERR,ERR,ERR,ERR,ERR,ERR,ERR,ERR,ERR,ERR,ERR,ERR,ERR,ERR,ERR,ERR,ERR,ERR,ERR,ERR,ERR,ERR,ERR,ERR,ERR,ERR,ERR,ERR,ERR,ERR,ERR,ERR,ERR,ERR,ERR,ERR,ERR,ERR,ERR,ERR,ERR,ERR,ERR,ERR,2.718450016850437e+23,-0.0,2.8364315368646023e+23,0.0,-0.0,-5.156056312437553e+36,-0.0,3.488,5800,0,8,17276,5800,14723891331072.0,100,0.0,0.0,-107613408.0,0.0,1.9056969178834534e+17,0,0,0,0,nan,0,0,0,0,0,0,0,0,0,0,0,0,0,0,0,0,0,0,0,0,0,0,0,0,0,0,0,0,0,0,0,0,0,10,52,51,61,65476,618,65476,1,0,4,21553,0.0,0.0,0.0,0.0,0.0,0.0,0.0,0.0,0.0,0.0,0.0,0.0,0.0,0.0,0.0,0.0,0.0,0.0,0.0,0.0,0.0,2.004,3.697074423243316e+19,-0.0,-2.004,0.0,0.0,0.0,0.0,0.0,6621.0,-0.0,0.0,2.718450016850437e+23,-0.0,0.0,107616440.0,-0.0,0.0,2.004,2.004,242,-0.059,107615264.0,0.0,0.0,0.0,0.0,0.0,0.0,0.0,0,0,0,-5.9000951171436355e+35,-9.982624880863784e+35,0.0,0.0,-3.863,7.950728396462739e+37,0.0,-0.041,-5.3900027897731695e+23,2.34525513545272e+21,-2.0310102322330484e+33,-0.0,-0.0,-0.0,0.0,-0.0,0,1.3516416376850534e+27,242,0.0,484,0.0,-9.919343075420545e+28,2050,39322,17150,39322,17152,39322,17144,0,0,0,105,99,100,2.7302352164993253e+23,69.2,2.7302353966433104e+23,69.5,0.0,69.5,1,47,48,180,0,26215,0,0,0.0,0.0,0.0,60.0,0.004,74.5,0.0,-0.0,0.0,1270,0,1277,0,0,0,1274,0,1286,0,1243,0,695,0,697,0,692,0,692,0.032,1.3305260699995496e+34,0.0,2.7302352164993253e+23,30352,16829,0.023,-0.0,0.0,-15082929152.0,2.214580844908966e+36,-0.0,70.0,60.0,66,0.0,0.0,10.0,2.0,0.0,0.0,0.0,0.0,0.0,0.0,0.0,0.0,0.0,0.0,0.0,0.0,65.2,69,16,65516,49,65476,0,300,0,0,8,20529,65476,0,0,44564,60.0,0.0,10.0,10.0,2.0,0.0
2026-02-05T14:25:25,ERR,ERR,ERR,ERR,ERR,ERR,ERR,ERR,ERR,ERR,ERR,ERR,ERR,ERR,ERR,ERR,ERR,ERR,ERR,ERR,ERR,ERR,ERR,ERR,ERR,ERR,ERR,ERR,ERR,ERR,ERR,ERR,ERR,ERR,ERR,ERR,ERR,ERR,ERR,ERR,ERR,ERR,ERR,ERR,ERR,ERR,ERR,ERR,ERR,ERR,ERR,ERR,ERR,ERR,ERR,ERR,ERR,ERR,ERR,ERR,ERR,ERR,ERR,ERR,ERR,ERR,ERR,ERR,ERR,ERR,ERR,ERR,ERR,ERR,ERR,ERR,ERR,ERR,ERR,ERR,ERR,ERR,ERR,ERR,ERR,ERR,ERR,ERR,ERR,ERR,ERR,ERR,ERR,ERR,ERR,ERR,ERR,ERR,ERR,ERR,ERR,ERR,ERR,ERR,ERR,ERR,ERR,ERR,ERR,ERR,ERR,ERR,ERR,ERR,ERR,ERR,ERR,ERR,ERR,ERR,ERR,ERR,ERR,ERR,ERR,2.718450016850437e+23,-0.0,2.8364315368646023e+23,0.0,-0.0,-5.156056312437553e+36,-0.0,3.488,5800,0,8,17276,5800,14723891331072.0,100,0.0,0.0,-107613408.0,0.0,1.9056969178834534e+17,0,0,0,0,nan,0,0,0,0,0,0,0,0,0,0,0,0,0,0,0,0,0,0,0,0,0,0,0,0,0,0,0,0,0,0,0,0,0,10,52,51,61,65476,618,65476,1,0,4,21553,0.0,0.0,0.0,0.0,0.0,0.0,0.0,0.0,0.0,0.0,0.0,0.0,0.0,0.0,0.0,0.0,0.0,0.0,0.0,0.0,0.0,2.004,3.697074423243316e+19,-0.0,-2.004,0.0,0.0,0.0,0.0,0.0,6621.0,-0.0,0.0,2.718450016850437e+23,-0.0,0.0,107616440.0,-0.0,0.0,2.004,2.004,242,-0.059,107615264.0,0.0,0.0,0.0,0.0,0.0,0.0,0.0,0,0,0,-5.9000951171436355e+35,-9.982624880863784e+35,0.0,0.0,-3.863,7.950728396462739e+37,0.0,-0.041,-5.3900027897731695e+23,2.34525513545272e+21,-2.0310102322330484e+33,-0.0,-0.0,-0.0,0.0,-0.0,0,1.3516416376850534e+27,242,0.0,484,0.0,-9.919343075420545e+28,2050,39322,17150,39322,17152,39322,17144,0,0,0,105,99,100,2.7302352164993253e+23,69.2,2.7302353966433104e+23,69.5,0.0,69.5,1,47,48,180,0,26215,0,0,0.0,0.0,0.0,60.0,0.004,74.5,0.0,-0.0,0.0,1270,0,1277,0,0,0,1274,0,1286,0,1243,0,695,0,697,0,692,0,692,0.032,1.3305260699995496e+34,0.0,2.7302352164993253e+23,30352,16829,0.023,-0.0,0.0,-15082929152.0,2.214580844908966e+36,-0.0,70.0,60.0,66,0.0,0.0,10.0,2.0,0.0,0.0,0.0,0.0,0.0,0.0,0.0,0.0,0.0,0.0,0.0,0.0,65.2,69,16,65516,49,65476,0,300,0,0,8,20529,65476,0,0,44564,60.0,0.0,10.0,10.0,2.0,0.0
2026-02-05T14:25:26,ERR,ERR,ERR,ERR,ERR,ERR,ERR,ERR,ERR,ERR,ERR,ERR,ERR,ERR,ERR,ERR,ERR,ERR,ERR,ERR,ERR,ERR,ERR,ERR,ERR,ERR,ERR,ERR,ERR,ERR,ERR,ERR,ERR,ERR,ERR,ERR,ERR,ERR,ERR,ERR,ERR,ERR,ERR,ERR,ERR,ERR,ERR,ERR,ERR,ERR,ERR,ERR,ERR,ERR,ERR,ERR,ERR,ERR,ERR,ERR,ERR,ERR,ERR,ERR,ERR,ERR,ERR,ERR,ERR,ERR,ERR,ERR,ERR,ERR,ERR,ERR,ERR,ERR,ERR,ERR,ERR,ERR,ERR,ERR,ERR,ERR,ERR,ERR,ERR,ERR,ERR,ERR,ERR,ERR,ERR,ERR,ERR,ERR,ERR,ERR,ERR,ERR,ERR,ERR,ERR,ERR,ERR,ERR,ERR,ERR,ERR,ERR,ERR,ERR,ERR,ERR,ERR,ERR,ERR,ERR,ERR,ERR,ERR,ERR,ERR,2.718450016850437e+23,-0.0,2.8364315368646023e+23,0.0,-0.0,-5.156056312437553e+36,-0.0,3.488,5800,0,8,17276,5800,14723891331072.0,100,0.0,0.0,-107613408.0,0.0,1.9056969178834534e+17,0,0,0,0,nan,0,0,0,0,0,0,0,0,0,0,0,0,0,0,0,0,0,0,0,0,0,0,0,0,0,0,0,0,0,0,0,0,0,10,52,51,61,65476,618,65476,1,0,4,21553,0.0,0.0,0.0,0.0,0.0,0.0,0.0,0.0,0.0,0.0,0.0,0.0,0.0,0.0,0.0,0.0,0.0,0.0,0.0,0.0,0.0,2.004,3.697074423243316e+19,-0.0,-2.004,0.0,0.0,0.0,0.0,0.0,6621.0,-0.0,0.0,2.718450016850437e+23,-0.0,0.0,107616440.0,-0.0,0.0,2.004,2.004,242,-0.059,107615264.0,0.0,0.0,0.0,0.0,0.0,0.0,0.0,0,0,0,-5.9000951171436355e+35,-9.982624880863784e+35,0.0,0.0,-3.863,7.950728396462739e+37,0.0,-0.041,-5.3900027897731695e+23,2.34525513545272e+21,-2.0310102322330484e+33,-0.0,-0.0,-0.0,0.0,-0.0,0,1.3516416376850534e+27,242,0.0,484,0.0,-9.919343075420545e+28,2050,39322,17150,39322,17152,39322,17144,0,0,0,105,99,100,2.7302352164993253e+23,69.2,2.7302353966433104e+23,69.5,0.0,69.5,1,47,48,180,0,26215,0,0,0.0,0.0,0.0,60.0,0.004,74.5,0.0,-0.0,0.0,1270,0,1277,0,0,0,1274,0,1286,0,1243,0,695,0,697,0,692,0,692,0.032,1.3305260699995496e+34,0.0,2.7302352164993253e+23,30352,16829,0.023,-0.0,0.0,-15082929152.0,2.214580844908966e+36,-0.0,70.0,60.0,66,0.0,0.0,10.0,2.0,0.0,0.0,0.0,0.0,0.0,0.0,0.0,0.0,0.0,0.0,0.0,0.0,65.2,69,16,65516,49,65476,0,300,0,0,8,20529,65476,0,0,44564,60.0,0.0,10.0,10.0,2.0,0.0
2026-02-05T14:25:27,ERR,ERR,ERR,ERR,ERR,ERR,ERR,ERR,ERR,ERR,ERR,ERR,ERR,ERR,ERR,ERR,ERR,ERR,ERR,ERR,ERR,ERR,ERR,ERR,ERR,ERR,ERR,ERR,ERR,ERR,ERR,ERR,ERR,ERR,ERR,ERR,ERR,ERR,ERR,ERR,ERR,ERR,ERR,ERR,ERR,ERR,ERR,ERR,ERR,ERR,ERR,ERR,ERR,ERR,ERR,ERR,ERR,ERR,ERR,ERR,ERR,ERR,ERR,ERR,ERR,ERR,ERR,ERR,ERR,ERR,ERR,ERR,ERR,ERR,ERR,ERR,ERR,ERR,ERR,ERR,ERR,ERR,ERR,ERR,ERR,ERR,ERR,ERR,ERR,ERR,ERR,ERR,ERR,ERR,ERR,ERR,ERR,ERR,ERR,ERR,ERR,ERR,ERR,ERR,ERR,ERR,ERR,ERR,ERR,ERR,ERR,ERR,ERR,ERR,ERR,ERR,ERR,ERR,ERR,ERR,ERR,ERR,ERR,ERR,ERR,2.718450016850437e+23,-0.0,2.8364315368646023e+23,0.0,-0.0,-5.156056312437553e+36,-0.0,3.488,5800,0,8,17276,5800,14723891331072.0,100,0.0,0.0,-107613408.0,0.0,1.9056969178834534e+17,0,0,0,0,nan,0,0,0,0,0,0,0,0,0,0,0,0,0,0,0,0,0,0,0,0,0,0,0,0,0,0,0,0,0,0,0,0,0,10,52,51,61,65476,618,65476,1,0,4,21553,0.0,0.0,0.0,0.0,0.0,0.0,0.0,0.0,0.0,0.0,0.0,0.0,0.0,0.0,0.0,0.0,0.0,0.0,0.0,0.0,0.0,2.004,3.697074423243316e+19,-0.0,-2.004,0.0,0.0,0.0,0.0,0.0,6621.0,-0.0,0.0,2.718450016850437e+23,-0.0,0.0,107616440.0,-0.0,0.0,2.004,2.004,242,-0.059,107615264.0,0.0,0.0,0.0,0.0,0.0,0.0,0.0,0,0,0,-5.9000951171436355e+35,-9.982624880863784e+35,0.0,0.0,-3.863,7.950728396462739e+37,0.0,-0.041,-5.3900027897731695e+23,2.34525513545272e+21,-2.0310102322330484e+33,-0.0,-0.0,-0.0,0.0,-0.0,0,1.3516416376850534e+27,242,0.0,484,0.0,-9.919343075420545e+28,2050,39322,17150,39322,17152,39322,17144,0,0,0,105,99,100,2.7302352164993253e+23,69.2,2.7302353966433104e+23,69.5,0.0,69.5,1,47,48,180,0,26215,0,0,0.0,0.0,0.0,60.0,0.004,74.5,0.0,-0.0,0.0,1270,0,1277,0,0,0,1274,0,1286,0,1243,0,695,0,697,0,692,0,692,0.032,1.3305260699995496e+34,0.0,2.7302352164993253e+23,30352,16829,0.023,-0.0,0.0,-15082929152.0,2.214580844908966e+36,-0.0,70.0,60.0,66,0.0,0.0,10.0,2.0,0.0,0.0,0.0,0.0,0.0,0.0,0.0,0.0,0.0,0.0,0.0,0.0,65.6,69,16,65516,49,65476,0,300,0,0,8,20529,65476,0,0,52429,60.0,0.0,10.0,10.0,2.0,0.0
2026-02-05T14:25:28,ERR,ERR,ERR,ERR,ERR,ERR,ERR,ERR,ERR,ERR,ERR,ERR,ERR,ERR,ERR,ERR,ERR,ERR,ERR,ERR,ERR,ERR,ERR,ERR,ERR,ERR,ERR,ERR,ERR,ERR,ERR,ERR,ERR,ERR,ERR,ERR,ERR,ERR,ERR,ERR,ERR,ERR,ERR,ERR,ERR,ERR,ERR,ERR,ERR,ERR,ERR,ERR,ERR,ERR,ERR,ERR,ERR,ERR,ERR,ERR,ERR,ERR,ERR,ERR,ERR,ERR,ERR,ERR,ERR,ERR,ERR,ERR,ERR,ERR,ERR,ERR,ERR,ERR,ERR,ERR,ERR,ERR,ERR,ERR,ERR,ERR,ERR,ERR,ERR,ERR,ERR,ERR,ERR,ERR,ERR,ERR,ERR,ERR,ERR,ERR,ERR,ERR,ERR,ERR,ERR,ERR,ERR,ERR,ERR,ERR,ERR,ERR,ERR,ERR,ERR,ERR,ERR,ERR,ERR,ERR,ERR,ERR,ERR,ERR,ERR,2.718450016850437e+23,-0.0,2.8364315368646023e+23,0.0,-0.0,0.0,-0.0,0.0,5800,0,8,17276,5800,-0.0,100,0.0,0.0,-107613408.0,0.0,1.9056969178834534e+17,0,0,0,0,nan,0,0,0,0,0,0,0,0,0,0,0,0,0,0,0,0,0,0,0,0,0,0,0,0,0,0,0,0,0,0,0,0,0,10,52,51,61,65476,618,65476,1,0,4,21553,0.0,0.0,0.0,0.0,0.0,0.0,0.0,0.0,0.0,0.0,0.0,0.0,0.0,0.0,0.0,0.0,0.0,0.0,0.0,0.0,0.0,2.004,3.697074423243316e+19,-0.0,-2.004,2.004,0.0,0.0,0.0,0.0,6650.0,0.0,0.0,2.718450016850437e+23,-0.0,0.0,2.7184547005940495e+23,-0.0,0.0,2.004,2.004,243,-0.0,-0.0,0.0,0.0,0.0,0.0,0.0,0.0,0.0,0,0,0,-1461827328.0,6.19972086726656e+16,0.0,0.0,-0.0,3.4286797926977043e+27,0.0,0.0,233399394500608.0,3.04875004834529e+21,-2.4366584243060818e+33,-0.0,-0.0,-0.0,0.0,0.0,0,1.3516416376850534e+27,243,0.0,486,-30771013632.0,0.0,2050,39322,17150,39322,17152,39322,17144,0,0,0,105,99,100,2.7302352164993253e+23,69.2,2.7302353966433104e+23,69.5,0.0,69.5,1,47,48,180,0,26215,0,0,0.0,0.0,0.0,60.0,256.52,74.5,0.0,-9.362331504077218e+23,0.0,1270,0,1277,0,0,0,1273,0,1286,0,1243,0,695,0,697,0,692,0,693,0.032,1.322413106158089e+34,0.0,2.7302352164993253e+23,31632,16829,11536.646,0.0,-6.539,-0.0,0.0,1.91755257380864e+16,70.0,60.0,66,0.0,0.0,10.0,2.0,0.0,0.0,0.0,0.0,0.0,0.0,0.0,0.0,0.0,0.0,0.0,0.0,65.6,69,16,65516,49,65476,0,300,0,0,8,20529,65476,0,0,52429,60.0,0.0,10.0,10.0,2.0,0.0
2026-02-05T14:25:29,ERR,ERR,ERR,ERR,ERR,ERR,ERR,ERR,ERR,ERR,ERR,ERR,ERR,ERR,ERR,ERR,ERR,ERR,ERR,ERR,ERR,ERR,ERR,ERR,ERR,ERR,ERR,ERR,ERR,ERR,ERR,ERR,ERR,ERR,ERR,ERR,ERR,ERR,ERR,ERR,ERR,ERR,ERR,ERR,ERR,ERR,ERR,ERR,ERR,ERR,ERR,ERR,ERR,ERR,ERR,ERR,ERR,ERR,ERR,ERR,ERR,ERR,ERR,ERR,ERR,ERR,ERR,ERR,ERR,ERR,ERR,ERR,ERR,ERR,ERR,ERR,ERR,ERR,ERR,ERR,ERR,ERR,ERR,ERR,ERR,ERR,ERR,ERR,ERR,ERR,ERR,ERR,ERR,ERR,ERR,ERR,ERR,ERR,ERR,ERR,ERR,ERR,ERR,ERR,ERR,ERR,ERR,ERR,ERR,ERR,ERR,ERR,ERR,ERR,ERR,ERR,ERR,ERR,ERR,ERR,ERR,ERR,ERR,ERR,ERR,2.718450016850437e+23,-0.0,2.8364315368646023e+23,0.0,-0.0,0.0,-0.0,0.0,5800,0,8,17276,5800,-0.0,100,0.0,0.0,-107613408.0,0.0,1.9056969178834534e+17,0,0,0,0,nan,0,0,0,0,0,0,0,0,0,0,0,0,0,0,0,0,0,0,0,0,0,0,0,0,0,0,0,0,0,0,0,0,0,10,52,51,61,65476,618,65476,1,0,4,21553,0.0,0.0,0.0,0.0,0.0,0.0,0.0,0.0,0.0,0.0,0.0,0.0,0.0,0.0,0.0,0.0,0.0,0.0,0.0,0.0,0.0,2.004,3.697074423243316e+19,-0.0,-2.004,2.004,0.0,0.0,0.0,0.0,6650.0,0.0,0.0,2.718450016850437e+23,-0.0,0.0,2.7184547005940495e+23,-0.0,0.0,2.004,2.004,243,-0.0,-0.0,0.0,0.0,0.0,0.0,0.0,0.0,0.0,0,0,0,-1461827328.0,6.19972086726656e+16,0.0,0.0,-0.0,3.4286797926977043e+27,0.0,0.0,233399394500608.0,3.04875004834529e+21,-2.4366584243060818e+33,-0.0,-0.0,-0.0,0.0,0.0,0,1.3516416376850534e+27,243,0.0,486,-30771013632.0,0.0,2050,39322,17150,39322,17152,39322,17144,0,0,0,105,99,100,2.7302352164993253e+23,69.2,2.7302353966433104e+23,69.5,0.0,69.5,1,47,48,180,0,26215,0,0,0.0,0.0,0.0,60.0,256.52,74.5,0.0,-9.362331504077218e+23,0.0,1270,0,1277,0,0,0,1273,0,1286,0,1243,0,695,0,697,0,692,0,693,0.032,1.322413106158089e+34,0.0,2.7302352164993253e+23,31632,16829,11536.646,0.0,-6.539,-0.0,0.0,1.91755257380864e+16,70.0,60.0,66,0.0,0.0,10.0,2.0,0.0,0.0,0.0,0.0,0.0,0.0,0.0,0.0,0.0,0.0,0.0,0.0,65.2,69,16,65516,49,65476,0,300,0,0,8,20529,65476,0,0,51118,60.0,0.0,10.0,10.0,2.0,0.0
2026-02-05T14:25:30,ERR,ERR,ERR,ERR,ERR,ERR,ERR,ERR,ERR,ERR,ERR,ERR,ERR,ERR,ERR,ERR,ERR,ERR,ERR,ERR,ERR,ERR,ERR,ERR,ERR,ERR,ERR,ERR,ERR,ERR,ERR,ERR,ERR,ERR,ERR,ERR,ERR,ERR,ERR,ERR,ERR,ERR,ERR,ERR,ERR,ERR,ERR,ERR,ERR,ERR,ERR,ERR,ERR,ERR,ERR,ERR,ERR,ERR,ERR,ERR,ERR,ERR,ERR,ERR,ERR,ERR,ERR,ERR,ERR,ERR,ERR,ERR,ERR,ERR,ERR,ERR,ERR,ERR,ERR,ERR,ERR,ERR,ERR,ERR,ERR,ERR,ERR,ERR,ERR,ERR,ERR,ERR,ERR,ERR,ERR,ERR,ERR,ERR,ERR,ERR,ERR,ERR,ERR,ERR,ERR,ERR,ERR,ERR,ERR,ERR,ERR,ERR,ERR,ERR,ERR,ERR,ERR,ERR,ERR,ERR,ERR,ERR,ERR,ERR,ERR,2.718450016850437e+23,-0.0,2.8364315368646023e+23,0.0,-0.0,0.0,-0.0,0.0,5800,0,8,17276,5800,-0.0,100,0.0,0.0,-107613408.0,0.0,1.9056969178834534e+17,0,0,0,0,nan,0,0,0,0,0,0,0,0,0,0,0,0,0,0,0,0,0,0,0,0,0,0,0,0,0,0,0,0,0,0,0,0,0,10,52,51,61,65476,618,65476,1,0,4,21553,0.0,0.0,0.0,0.0,0.0,0.0,0.0,0.0,0.0,0.0,0.0,0.0,0.0,0.0,0.0,0.0,0.0,0.0,0.0,0.0,0.0,2.004,3.697074423243316e+19,-0.0,-2.004,2.004,0.0,0.0,0.0,0.0,6650.0,0.0,0.0,2.718450016850437e+23,-0.0,0.0,2.7184547005940495e+23,-0.0,0.0,2.004,2.004,243,-0.0,-0.0,0.0,0.0,0.0,0.0,0.0,0.0,0.0,0,0,0,-1461827328.0,6.19972086726656e+16,0.0,0.0,-0.0,3.4286797926977043e+27,0.0,0.0,233399394500608.0,3.04875004834529e+21,-2.4366584243060818e+33,-0.0,-0.0,-0.0,0.0,0.0,0,1.3516416376850534e+27,243,0.0,486,-30771013632.0,0.0,2050,39322,17150,39322,17152,39322,17144,0,0,0,105,99,100,2.7302352164993253e+23,69.2,2.7302353966433104e+23,69.5,0.0,69.5,1,47,48,180,0,26215,0,0,0.0,0.0,0.0,60.0,256.52,74.5,0.0,-9.362331504077218e+23,0.0,1270,0,1277,0,0,0,1273,0,1286,0,1243,0,695,0,697,0,692,0,693,0.032,1.322413106158089e+34,0.0,2.7302352164993253e+23,31632,16829,11536.646,0.0,-6.539,-0.0,0.0,1.91755257380864e+16,70.0,60.0,66,0.0,0.0,10.0,2.0,0.0,0.0,0.0,0.0,0.0,0.0,0.0,0.0,0.0,0.0,0.0,0.0,65.2,69,16,65516,49,65476,0,300,0,0,8,20529,65476,0,0,51118,60.0,0.0,10.0,10.0,2.0,0.0
2026-02-05T14:25:31,ERR,ERR,ERR,ERR,ERR,ERR,ERR,ERR,ERR,ERR,ERR,ERR,ERR,ERR,ERR,ERR,ERR,ERR,ERR,ERR,ERR,ERR,ERR,ERR,ERR,ERR,ERR,ERR,ERR,ERR,ERR,ERR,ERR,ERR,ERR,ERR,ERR,ERR,ERR,ERR,ERR,ERR,ERR,ERR,ERR,ERR,ERR,ERR,ERR,ERR,ERR,ERR,ERR,ERR,ERR,ERR,ERR,ERR,ERR,ERR,ERR,ERR,ERR,ERR,ERR,ERR,ERR,ERR,ERR,ERR,ERR,ERR,ERR,ERR,ERR,ERR,ERR,ERR,ERR,ERR,ERR,ERR,ERR,ERR,ERR,ERR,ERR,ERR,ERR,ERR,ERR,ERR,ERR,ERR,ERR,ERR,ERR,ERR,ERR,ERR,ERR,ERR,ERR,ERR,ERR,ERR,ERR,ERR,ERR,ERR,ERR,ERR,ERR,ERR,ERR,ERR,ERR,ERR,ERR,ERR,ERR,ERR,ERR,ERR,ERR,2.718450016850437e+23,-0.0,2.8364315368646023e+23,0.0,-0.0,0.0,-0.0,0.0,5800,0,8,17276,5800,-0.0,100,0.0,0.0,-107613408.0,0.0,1.9056969178834534e+17,0,0,0,0,nan,0,0,0,0,0,0,0,0,0,0,0,0,0,0,0,0,0,0,0,0,0,0,0,0,0,0,0,0,0,0,0,0,0,10,52,51,61,65476,618,65476,1,0,4,21553,0.0,0.0,0.0,0.0,0.0,0.0,0.0,0.0,0.0,0.0,0.0,0.0,0.0,0.0,0.0,0.0,0.0,0.0,0.0,0.0,0.0,2.004,3.697074423243316e+19,-0.0,-2.004,2.004,0.0,0.0,0.0,0.0,6650.0,0.0,0.0,2.718450016850437e+23,-0.0,0.0,2.7184547005940495e+23,-0.0,0.0,2.004,2.004,243,-0.0,-0.0,0.0,0.0,0.0,0.0,0.0,0.0,0.0,0,0,0,-1461827328.0,6.19972086726656e+16,0.0,0.0,-0.0,3.4286797926977043e+27,0.0,0.0,233399394500608.0,3.04875004834529e+21,-2.4366584243060818e+33,-0.0,-0.0,-0.0,0.0,0.0,0,1.3516416376850534e+27,243,0.0,486,-30771013632.0,0.0,2050,39322,17150,39322,17152,39322,17144,0,0,0,105,99,100,2.7302352164993253e+23,69.2,2.7302353966433104e+23,69.5,0.0,69.5,1,47,48,180,0,26215,0,0,0.0,0.0,0.0,60.0,256.52,74.5,0.0,-9.362331504077218e+23,0.0,1270,0,1277,0,0,0,1273,0,1286,0,1243,0,695,0,697,0,692,0,693,0.032,1.322413106158089e+34,0.0,2.7302352164993253e+23,31632,16829,11536.646,0.0,-6.539,-0.0,0.0,1.91755257380864e+16,70.0,60.0,66,0.0,0.0,10.0,2.0,0.0,0.0,0.0,0.0,0.0,0.0,0.0,0.0,0.0,0.0,0.0,0.0,65.2,69,16,65516,49,65476,0,300,0,0,8,20529,65476,0,0,51118,60.0,0.0,10.0,10.0,2.0,0.0
2026-02-05T14:25:32,ERR,ERR,ERR,ERR,ERR,ERR,ERR,ERR,ERR,ERR,ERR,ERR,ERR,ERR,ERR,ERR,ERR,ERR,ERR,ERR,ERR,ERR,ERR,ERR,ERR,ERR,ERR,ERR,ERR,ERR,ERR,ERR,ERR,ERR,ERR,ERR,ERR,ERR,ERR,ERR,ERR,ERR,ERR,ERR,ERR,ERR,ERR,ERR,ERR,ERR,ERR,ERR,ERR,ERR,ERR,ERR,ERR,ERR,ERR,ERR,ERR,ERR,ERR,ERR,ERR,ERR,ERR,ERR,ERR,ERR,ERR,ERR,ERR,ERR,ERR,ERR,ERR,ERR,ERR,ERR,ERR,ERR,ERR,ERR,ERR,ERR,ERR,ERR,ERR,ERR,ERR,ERR,ERR,ERR,ERR,ERR,ERR,ERR,ERR,ERR,ERR,ERR,ERR,ERR,ERR,ERR,ERR,ERR,ERR,ERR,ERR,ERR,ERR,ERR,ERR,ERR,ERR,ERR,ERR,ERR,ERR,ERR,ERR,ERR,ERR,2.718450016850437e+23,-0.0,2.8364315368646023e+23,0.0,-0.0,0.0,-0.0,0.0,5800,0,8,17276,5800,-0.0,100,0.0,0.0,-107613408.0,0.0,1.9056969178834534e+17,0,0,0,0,nan,0,0,0,0,0,0,0,0,0,0,0,0,0,0,0,0,0,0,0,0,0,0,0,0,0,0,0,0,0,0,0,0,0,10,52,51,61,65476,618,65476,1,0,4,21553,0.0,0.0,0.0,0.0,0.0,0.0,0.0,0.0,0.0,0.0,0.0,0.0,0.0,0.0,0.0,0.0,0.0,0.0,0.0,0.0,0.0,2.004,3.697074423243316e+19,-0.0,-2.004,2.004,0.0,0.0,0.0,0.0,6650.0,0.0,0.0,2.718450016850437e+23,-0.0,0.0,2.7184547005940495e+23,-0.0,0.0,2.004,2.004,243,-0.0,-0.0,0.0,0.0,0.0,0.0,0.0,0.0,0.0,0,0,0,-1461827328.0,6.19972086726656e+16,0.0,0.0,-0.0,3.4286797926977043e+27,0.0,0.0,233399394500608.0,3.04875004834529e+21,-2.4366584243060818e+33,-0.0,-0.0,-0.0,0.0,0.0,0,1.3516416376850534e+27,243,0.0,486,-30771013632.0,0.0,2050,39322,17150,39322,17152,39322,17144,0,0,0,105,99,100,2.7302352164993253e+23,69.2,2.7302353966433104e+23,69.5,0.0,69.5,1,47,48,180,0,26215,0,0,0.0,0.0,0.0,60.0,256.52,74.5,0.0,-9.362331504077218e+23,0.0,1270,0,1277,0,0,0,1273,0,1286,0,1243,0,695,0,697,0,692,0,693,0.032,1.322413106158089e+34,0.0,2.7302352164993253e+23,31632,16829,11536.646,0.0,-6.539,-0.0,0.0,1.91755257380864e+16,70.0,60.0,66,0.0,0.0,10.0,2.0,0.0,0.0,0.0,0.0,0.0,0.0,0.0,0.0,0.0,0.0,0.0,0.0,65.2,69,16,65516,49,65476,0,300,0,0,8,20529,65476,0,0,51118,60.0,0.0,10.0,10.0,2.0,0.0
2026-02-05T14:25:33,ERR,ERR,ERR,ERR,ERR,ERR,ERR,ERR,ERR,ERR,ERR,ERR,ERR,ERR,ERR,ERR,ERR,ERR,ERR,ERR,ERR,ERR,ERR,ERR,ERR,ERR,ERR,ERR,ERR,ERR,ERR,ERR,ERR,ERR,ERR,ERR,ERR,ERR,ERR,ERR,ERR,ERR,ERR,ERR,ERR,ERR,ERR,ERR,ERR,ERR,ERR,ERR,ERR,ERR,ERR,ERR,ERR,ERR,ERR,ERR,ERR,ERR,ERR,ERR,ERR,ERR,ERR,ERR,ERR,ERR,ERR,ERR,ERR,ERR,ERR,ERR,ERR,ERR,ERR,ERR,ERR,ERR,ERR,ERR,ERR,ERR,ERR,ERR,ERR,ERR,ERR,ERR,ERR,ERR,ERR,ERR,ERR,ERR,ERR,ERR,ERR,ERR,ERR,ERR,ERR,ERR,ERR,ERR,ERR,ERR,ERR,ERR,ERR,ERR,ERR,ERR,ERR,ERR,ERR,ERR,ERR,ERR,ERR,ERR,ERR,2.718450016850437e+23,-0.0,2.8364315368646023e+23,0.0,-0.0,0.0,-0.0,0.0,5800,0,8,17276,5800,-0.0,100,0.0,0.0,-107613408.0,0.0,1.9056969178834534e+17,0,0,0,0,nan,0,0,0,0,0,0,0,0,0,0,0,0,0,0,0,0,0,0,0,0,0,0,0,0,0,0,0,0,0,0,0,0,0,10,52,51,61,65476,618,65476,1,0,4,21553,0.0,0.0,0.0,0.0,0.0,0.0,0.0,0.0,0.0,0.0,0.0,0.0,0.0,0.0,0.0,0.0,0.0,0.0,0.0,0.0,0.0,2.004,3.697074423243316e+19,-0.0,-2.004,2.004,0.0,0.0,0.0,0.0,6650.0,0.0,0.0,2.718450016850437e+23,-0.0,0.0,2.7184547005940495e+23,-0.0,0.0,2.004,2.004,243,-0.0,-0.0,0.0,0.0,0.0,0.0,0.0,0.0,0.0,0,0,0,-1461827328.0,6.19972086726656e+16,0.0,0.0,-0.0,3.4286797926977043e+27,0.0,0.0,233399394500608.0,3.04875004834529e+21,-2.4366584243060818e+33,-0.0,-0.0,-0.0,0.0,0.0,0,1.3516416376850534e+27,243,0.0,486,-30771013632.0,0.0,2050,39322,17150,39322,17152,39322,17144,0,0,0,105,99,100,2.7302352164993253e+23,69.2,2.7302353966433104e+23,69.5,0.0,69.5,1,47,48,180,0,26215,0,0,0.0,0.0,0.0,60.0,1746.081,74.5,0.0,0.0,0.0,1270,0,1277,0,0,0,1273,0,1286,0,1243,0,695,0,697,0,692,0,693,0.032,1.3305260699995496e+34,2.004,-0.0,11024,16829,21409.291,-2.8760171687828725e+24,-0.0,-450441510912.0,0.0,0.147,70.0,60.0,66,0.0,0.0,10.0,2.0,0.0,0.0,0.0,0.0,0.0,0.0,0.0,0.0,0.0,0.0,0.0,0.0,65.2,69,16,65516,49,65476,0,300,0,0,8,20529,65476,0,0,51118,60.0,0.0,10.0,10.0,2.0,0.0
2026-02-05T14:25:34,ERR,ERR,ERR,ERR,ERR,ERR,ERR,ERR,ERR,ERR,ERR,ERR,ERR,ERR,ERR,ERR,ERR,ERR,ERR,ERR,ERR,ERR,ERR,ERR,ERR,ERR,ERR,ERR,ERR,ERR,ERR,ERR,ERR,ERR,ERR,ERR,ERR,ERR,ERR,ERR,ERR,ERR,ERR,ERR,ERR,ERR,ERR,ERR,ERR,ERR,ERR,ERR,ERR,ERR,ERR,ERR,ERR,ERR,ERR,ERR,ERR,ERR,ERR,ERR,ERR,ERR,ERR,ERR,ERR,ERR,ERR,ERR,ERR,ERR,ERR,ERR,ERR,ERR,ERR,ERR,ERR,ERR,ERR,ERR,ERR,ERR,ERR,ERR,ERR,ERR,ERR,ERR,ERR,ERR,ERR,ERR,ERR,ERR,ERR,ERR,ERR,ERR,ERR,ERR,ERR,ERR,ERR,ERR,ERR,ERR,ERR,ERR,ERR,ERR,ERR,ERR,ERR,ERR,ERR,ERR,ERR,ERR,ERR,ERR,ERR,-0.0,-0.0,-109185632.0,-107613408.0,0.0,-1.6793119135945492e+25,-0.0,-3749520605184.0,5800,0,8,17276,5800,-0.0,100,0.0,0.0,-107613408.0,0.0,1.9056969178834534e+17,0,0,0,0,nan,0,0,0,0,0,0,0,0,0,0,0,0,0,0,0,0,0,0,0,0,0,0,0,0,0,0,0,0,0,0,0,0,0,10,52,51,61,65476,617,65476,1,0,4,21553,0.0,0.0,0.0,0.0,0.0,0.0,0.0,0.0,0.0,0.0,0.0,0.0,0.0,0.0,0.0,0.0,0.0,0.0,0.0,0.0,0.0,2.004,-0.0,-0.0,-0.0,-2.004,0.0,0.0,0.0,0.0,6655.0,0.0,0.0,2.718450016850437e+23,-0.0,-107616232.0,-107616440.0,-0.0,0.0,2.004,2.004,242,-89221.094,-0.0,0.0,0.0,0.0,0.0,0.0,0.0,0.0,0,0,0,-2.25476540270379e+17,-1.500659319223563e+19,0.0,-0.0,-0.0,12.266,-6.464273391081121e+19,0.0,0.0,3.823513299441091e+21,-3.0884648034908167e+33,-0.0,-0.0,-0.0,0.0,-757550358200320.0,0,1.3516416376850534e+27,242,0.0,484,-0.0,-68.128,2050,39322,17150,39322,17152,39322,17144,0,0,0,105,99,100,2.7302352164993253e+23,69.2,2.7302353966433104e+23,69.5,0.0,69.5,1,47,48,180,0,26215,0,0,0.0,0.0,0.0,60.0,1746.081,74.5,0.0,0.0,0.0,1270,0,1277,0,0,0,1273,0,1286,0,1243,0,695,0,697,0,692,0,693,0.032,1.3305260699995496e+34,2.004,-0.0,11024,16829,21409.291,-2.8760171687828725e+24,-0.0,-450441510912.0,0.0,0.147,70.0,60.0,66,0.0,0.0,10.0,2.0,0.0,0.0,0.0,0.0,0.0,0.0,0.0,0.0,0.0,0.0,0.0,0.0,65.6,69,16,65516,49,65476,0,300,0,0,8,20529,65476,0,0,52429,60.0,0.0,10.0,10.0,2.0,0.0
2026-02-05T14:25:35,ERR,ERR,ERR,ERR,ERR,ERR,ERR,ERR,ERR,ERR,ERR,ERR,ERR,ERR,ERR,ERR,ERR,ERR,ERR,ERR,ERR,ERR,ERR,ERR,ERR,ERR,ERR,ERR,ERR,ERR,ERR,ERR,ERR,ERR,ERR,ERR,ERR,ERR,ERR,ERR,ERR,ERR,ERR,ERR,ERR,ERR,ERR,ERR,ERR,ERR,ERR,ERR,ERR,ERR,ERR,ERR,ERR,ERR,ERR,ERR,ERR,ERR,ERR,ERR,ERR,ERR,ERR,ERR,ERR,ERR,ERR,ERR,ERR,ERR,ERR,ERR,ERR,ERR,ERR,ERR,ERR,ERR,ERR,ERR,ERR,ERR,ERR,ERR,ERR,ERR,ERR,ERR,ERR,ERR,ERR,ERR,ERR,ERR,ERR,ERR,ERR,ERR,ERR,ERR,ERR,ERR,ERR,ERR,ERR,ERR,ERR,ERR,ERR,ERR,ERR,ERR,ERR,ERR,ERR,ERR,ERR,ERR,ERR,ERR,ERR,-0.0,-0.0,-109185632.0,-107613408.0,0.0,-1.6793119135945492e+25,-0.0,-3749520605184.0,5800,0,8,17276,5800,-0.0,100,0.0,0.0,-107613408.0,0.0,1.9056969178834534e+17,0,0,0,0,nan,0,0,0,0,0,0,0,0,0,0,0,0,0,0,0,0,0,0,0,0,0,0,0,0,0,0,0,0,0,0,0,0,0,10,52,51,61,65476,617,65476,1,0,4,21553,0.0,0.0,0.0,0.0,0.0,0.0,0.0,0.0,0.0,0.0,0.0,0.0,0.0,0.0,0.0,0.0,0.0,0.0,0.0,0.0,0.0,2.004,-0.0,-0.0,-0.0,-2.004,0.0,0.0,0.0,0.0,6655.0,0.0,0.0,2.718450016850437e+23,-0.0,-107616232.0,-107616440.0,-0.0,0.0,2.004,2.004,242,-89221.094,-0.0,0.0,0.0,0.0,0.0,0.0,0.0,0.0,0,0,0,-2.25476540270379e+17,-1.500659319223563e+19,0.0,-0.0,-0.0,12.266,-6.464273391081121e+19,0.0,0.0,3.823513299441091e+21,-3.0884648034908167e+33,-0.0,-0.0,-0.0,0.0,-757550358200320.0,0,1.3516416376850534e+27,242,0.0,484,-0.0,-68.128,2050,39322,17150,39322,17152,39322,17144,0,0,0,105,99,100,2.7302352164993253e+23,69.2,2.7302353966433104e+23,69.5,0.0,69.5,1,47,48,180,0,26215,0,0,0.0,0.0,0.0,60.0,1746.081,74.5,0.0,0.0,0.0,1270,0,1277,0,0,0,1273,0,1286,0,1243,0,695,0,697,0,692,0,693,0.032,1.3305260699995496e+34,2.004,-0.0,11024,16829,21409.291,-2.8760171687828725e+24,-0.0,-450441510912.0,0.0,0.147,70.0,60.0,66,0.0,0.0,10.0,2.0,0.0,0.0,0.0,0.0,0.0,0.0,0.0,0.0,0.0,0.0,0.0,0.0,65.6,69,16,65516,49,65476,0,300,0,0,8,20529,65476,0,0,52429,60.0,0.0,10.0,10.0,2.0,0.0
2026-02-05T14:25:36,ERR,ERR,ERR,ERR,ERR,ERR,ERR,ERR,ERR,ERR,ERR,ERR,ERR,ERR,ERR,ERR,ERR,ERR,ERR,ERR,ERR,ERR,ERR,ERR,ERR,ERR,ERR,ERR,ERR,ERR,ERR,ERR,ERR,ERR,ERR,ERR,ERR,ERR,ERR,ERR,ERR,ERR,ERR,ERR,ERR,ERR,ERR,ERR,ERR,ERR,ERR,ERR,ERR,ERR,ERR,ERR,ERR,ERR,ERR,ERR,ERR,ERR,ERR,ERR,ERR,ERR,ERR,ERR,ERR,ERR,ERR,ERR,ERR,ERR,ERR,ERR,ERR,ERR,ERR,ERR,ERR,ERR,ERR,ERR,ERR,ERR,ERR,ERR,ERR,ERR,ERR,ERR,ERR,ERR,ERR,ERR,ERR,ERR,ERR,ERR,ERR,ERR,ERR,ERR,ERR,ERR,ERR,ERR,ERR,ERR,ERR,ERR,ERR,ERR,ERR,ERR,ERR,ERR,ERR,ERR,ERR,ERR,ERR,ERR,ERR,-0.0,-0.0,-109185632.0,-107613408.0,0.0,-1.6793119135945492e+25,-0.0,-3749520605184.0,5800,0,8,17276,5800,-0.0,100,0.0,0.0,-107613408.0,0.0,1.9056969178834534e+17,0,0,0,0,nan,0,0,0,0,0,0,0,0,0,0,0,0,0,0,0,0,0,0,0,0,0,0,0,0,0,0,0,0,0,0,0,0,0,10,52,51,61,65476,617,65476,1,0,4,21553,0.0,0.0,0.0,0.0,0.0,0.0,0.0,0.0,0.0,0.0,0.0,0.0,0.0,0.0,0.0,0.0,0.0,0.0,0.0,0.0,0.0,2.004,-0.0,-0.0,-0.0,-2.004,0.0,0.0,0.0,0.0,6655.0,0.0,0.0,2.718450016850437e+23,-0.0,-107616232.0,-107616440.0,-0.0,0.0,2.004,2.004,242,-89221.094,-0.0,0.0,0.0,0.0,0.0,0.0,0.0,0.0,0,0,0,-2.25476540270379e+17,-1.500659319223563e+19,0.0,-0.0,-0.0,12.266,-6.464273391081121e+19,0.0,0.0,3.823513299441091e+21,-3.0884648034908167e+33,-0.0,-0.0,-0.0,0.0,-757550358200320.0,0,1.3516416376850534e+27,242,0.0,484,-0.0,-68.128,2050,39322,17150,39322,17152,39322,17144,0,0,0,105,99,100,2.7302352164993253e+23,69.2,2.7302353966433104e+23,69.5,0.0,69.5,1,47,48,180,0,26215,0,0,0.0,0.0,0.0,60.0,1746.081,74.5,0.0,0.0,0.0,1270,0,1277,0,0,0,1273,0,1286,0,1243,0,695,0,697,0,692,0,693,0.032,1.3305260699995496e+34,2.004,-0.0,11024,16829,21409.291,-2.8760171687828725e+24,-0.0,-450441510912.0,0.0,0.147,70.0,60.0,66,0.0,0.0,10.0,2.0,0.0,0.0,0.0,0.0,0.0,0.0,0.0,0.0,0.0,0.0,0.0,0.0,65.6,69,16,65516,49,65476,0,300,0,0,8,20529,65476,0,0,51118,60.0,0.0,10.0,10.0,2.0,0.0
2026-02-05T14:25:37,ERR,ERR,ERR,ERR,ERR,ERR,ERR,ERR,ERR,ERR,ERR,ERR,ERR,ERR,ERR,ERR,ERR,ERR,ERR,ERR,ERR,ERR,ERR,ERR,ERR,ERR,ERR,ERR,ERR,ERR,ERR,ERR,ERR,ERR,ERR,ERR,ERR,ERR,ERR,ERR,ERR,ERR,ERR,ERR,ERR,ERR,ERR,ERR,ERR,ERR,ERR,ERR,ERR,ERR,ERR,ERR,ERR,ERR,ERR,ERR,ERR,ERR,ERR,ERR,ERR,ERR,ERR,ERR,ERR,ERR,ERR,ERR,ERR,ERR,ERR,ERR,ERR,ERR,ERR,ERR,ERR,ERR,ERR,ERR,ERR,ERR,ERR,ERR,ERR,ERR,ERR,ERR,ERR,ERR,ERR,ERR,ERR,ERR,ERR,ERR,ERR,ERR,ERR,ERR,ERR,ERR,ERR,ERR,ERR,ERR,ERR,ERR,ERR,ERR,ERR,ERR,ERR,ERR,ERR,ERR,ERR,ERR,ERR,ERR,ERR,-0.0,-0.0,-109185632.0,-107613408.0,0.0,-1.6793119135945492e+25,-0.0,-3749520605184.0,5800,0,8,17276,5800,-0.0,100,0.0,0.0,-107613408.0,0.0,1.9056969178834534e+17,0,0,0,0,nan,0,0,0,0,0,0,0,0,0,0,0,0,0,0,0,0,0,0,0,0,0,0,0,0,0,0,0,0,0,0,0,0,0,10,52,51,61,65476,617,65476,1,0,4,21553,0.0,0.0,0.0,0.0,0.0,0.0,0.0,0.0,0.0,0.0,0.0,0.0,0.0,0.0,0.0,0.0,0.0,0.0,0.0,0.0,0.0,2.004,-0.0,-0.0,-0.0,-2.004,0.0,0.0,0.0,0.0,6655.0,0.0,0.0,2.718450016850437e+23,-0.0,-107616232.0,-107616440.0,-0.0,0.0,2.004,2.004,242,-89221.094,-0.0,0.0,0.0,0.0,0.0,0.0,0.0,0.0,0,0,0,-2.25476540270379e+17,-1.500659319223563e+19,0.0,-0.0,-0.0,12.266,-6.464273391081121e+19,0.0,0.0,3.823513299441091e+21,-3.0884648034908167e+33,-0.0,-0.0,-0.0,0.0,-757550358200320.0,0,1.3516416376850534e+27,242,0.0,484,-0.0,-68.128,2050,39322,17150,39322,17152,39322,17144,0,0,0,105,99,100,2.7302352164993253e+23,69.2,2.7302353966433104e+23,69.5,0.0,69.5,1,47,48,180,0,26215,0,0,0.0,0.0,0.0,60.0,0.0,74.5,0.0,nan,0.0,1270,0,1277,0,0,0,1273,0,1286,0,1243,0,695,0,697,0,692,0,693,0.032,1.3305260699995496e+34,2.004,-0.0,16272,16829,0.0,254022896.0,9546285056.0,3.449,-0.02,-289931904.0,70.0,60.0,66,0.0,0.0,10.0,2.0,0.0,0.0,0.0,0.0,0.0,0.0,0.0,0.0,0.0,0.0,0.0,0.0,65.6,69,16,65516,49,65476,0,300,0,0,8,20529,65476,0,0,52429,60.0,0.0,10.0,10.0,2.0,0.0
2026-02-05T14:25:38,ERR,ERR,ERR,ERR,ERR,ERR,ERR,ERR,ERR,ERR,ERR,ERR,ERR,ERR,ERR,ERR,ERR,ERR,ERR,ERR,ERR,ERR,ERR,ERR,ERR,ERR,ERR,ERR,ERR,ERR,ERR,ERR,ERR,ERR,ERR,ERR,ERR,ERR,ERR,ERR,ERR,ERR,ERR,ERR,ERR,ERR,ERR,ERR,ERR,ERR,ERR,ERR,ERR,ERR,ERR,ERR,ERR,ERR,ERR,ERR,ERR,ERR,ERR,ERR,ERR,ERR,ERR,ERR,ERR,ERR,ERR,ERR,ERR,ERR,ERR,ERR,ERR,ERR,ERR,ERR,ERR,ERR,ERR,ERR,ERR,ERR,ERR,ERR,ERR,ERR,ERR,ERR,ERR,ERR,ERR,ERR,ERR,ERR,ERR,ERR,ERR,ERR,ERR,ERR,ERR,ERR,ERR,ERR,ERR,ERR,ERR,ERR,ERR,ERR,ERR,ERR,ERR,ERR,ERR,ERR,ERR,ERR,ERR,ERR,ERR,-0.0,-0.0,-109185632.0,-107613408.0,0.0,-1.6793119135945492e+25,-0.0,-3749520605184.0,5800,0,8,17276,5800,-0.0,100,0.0,0.0,-107613408.0,0.0,1.9056969178834534e+17,0,0,0,0,nan,0,0,0,0,0,0,0,0,0,0,0,0,0,0,0,0,0,0,0,0,0,0,0,0,0,0,0,0,0,0,0,0,0,10,52,51,61,65476,617,65476,1,0,4,21553,0.0,0.0,0.0,0.0,0.0,0.0,0.0,0.0,0.0,0.0,0.0,0.0,0.0,0.0,0.0,0.0,0.0,0.0,0.0,0.0,0.0,2.004,-0.0,-0.0,-0.0,-2.004,0.0,0.0,0.0,0.0,6655.0,0.0,0.0,2.718450016850437e+23,-0.0,-107616232.0,-107616440.0,-0.0,0.0,2.004,2.004,242,-89221.094,-0.0,0.0,0.0,0.0,0.0,0.0,0.0,0.0,0,0,0,-2.25476540270379e+17,-1.500659319223563e+19,0.0,-0.0,-0.0,12.266,-6.464273391081121e+19,0.0,0.0,3.823513299441091e+21,-3.0884648034908167e+33,-0.0,-0.0,-0.0,0.0,-757550358200320.0,0,1.3516416376850534e+27,242,0.0,484,-0.0,-68.128,2050,39322,17150,39322,17152,39322,17144,0,0,0,105,99,100,2.7302352164993253e+23,69.2,2.7302353966433104e+23,69.5,0.0,69.5,1,47,48,180,0,26215,0,0,0.0,0.0,0.0,60.0,0.0,74.5,0.0,nan,0.0,1270,0,1277,0,0,0,1273,0,1286,0,1243,0,695,0,697,0,692,0,693,0.032,1.3305260699995496e+34,2.004,-0.0,16272,16829,0.0,254022896.0,9546285056.0,3.449,-0.02,-289931904.0,70.0,60.0,66,0.0,0.0,10.0,2.0,0.0,0.0,0.0,0.0,0.0,0.0,0.0,0.0,0.0,0.0,0.0,0.0,65.6,69,16,65516,49,65476,0,300,0,0,8,20529,65476,0,0,52429,60.0,0.0,10.0,10.0,2.0,0.0
2026-02-05T14:25:39,ERR,ERR,ERR,ERR,ERR,ERR,ERR,ERR,ERR,ERR,ERR,ERR,ERR,ERR,ERR,ERR,ERR,ERR,ERR,ERR,ERR,ERR,ERR,ERR,ERR,ERR,ERR,ERR,ERR,ERR,ERR,ERR,ERR,ERR,ERR,ERR,ERR,ERR,ERR,ERR,ERR,ERR,ERR,ERR,ERR,ERR,ERR,ERR,ERR,ERR,ERR,ERR,ERR,ERR,ERR,ERR,ERR,ERR,ERR,ERR,ERR,ERR,ERR,ERR,ERR,ERR,ERR,ERR,ERR,ERR,ERR,ERR,ERR,ERR,ERR,ERR,ERR,ERR,ERR,ERR,ERR,ERR,ERR,ERR,ERR,ERR,ERR,ERR,ERR,ERR,ERR,ERR,ERR,ERR,ERR,ERR,ERR,ERR,ERR,ERR,ERR,ERR,ERR,ERR,ERR,ERR,ERR,ERR,ERR,ERR,ERR,ERR,ERR,ERR,ERR,ERR,ERR,ERR,ERR,ERR,ERR,ERR,ERR,ERR,ERR,2.718450016850437e+23,-0.0,2.8364315368646023e+23,-107613408.0,-4.209512871143983e+25,0.0,-0.0,0.0,5800,0,8,17276,5800,14723891331072.0,100,0.0,0.0,-107613408.0,0.0,1.9056969178834534e+17,0,0,0,0,nan,0,0,0,0,0,0,0,0,0,0,0,0,0,0,0,0,0,0,0,0,0,0,0,0,0,0,0,0,0,0,0,0,0,10,52,51,61,65476,617,65476,1,0,4,21553,0.0,-0.0,0.0,0.0,0.0,0.0,0.0,0.0,0.0,0.0,0.0,0.0,0.0,0.0,0.0,0.0,0.0,0.0,0.0,0.0,0.0,2.004,3.697074423243316e+19,-0.0,-0.0,0.0,0.0,0.0,0.0,0.0,6623.0,-1.0406715705571685e+34,0.0,2.718450016850437e+23,-0.0,-107616232.0,107616440.0,-0.0,0.0,2.004,2.004,243,-71.63,126841028608.0,0.0,0.0,0.0,0.0,0.0,0.0,0.0,0,0,0,-3.66166783985451e+18,13349332975616.0,0.0,-1.8776450831785336e+38,-68.132,0.0,0.0,-7.239069603024731e+36,-9.723899770202078e+35,4.6351700386843114e+21,-3.98089082605149e+33,-0.0,-0.0,-0.0,0.0,0.0,0,1.3516416376850534e+27,243,0.0,486,-30771013632.0,-0.0,2050,39322,17150,39322,17152,39322,17144,0,0,0,105,99,100,2.7302352164993253e+23,69.2,2.7302353966433104e+23,69.5,0.0,69.5,1,47,48,180,0,26215,0,0,0.0,0.0,0.0,60.0,0.0,74.5,0.0,nan,0.0,1270,0,1277,0,0,0,1273,0,1286,0,1243,0,695,0,697,0,692,0,693,0.032,1.3305260699995496e+34,2.004,-0.0,16272,16829,0.0,254022896.0,9546285056.0,3.449,-0.02,-289931904.0,70.0,60.0,66,0.0,0.0,10.0,2.0,0.0,0.0,0.0,0.0,0.0,0.0,0.0,0.0,0.0,0.0,0.0,0.0,65.6,69,16,65516,49,65476,0,300,0,0,8,20529,65476,0,0,56361,60.0,0.0,10.0,10.0,2.0,0.0
2026-02-05T14:25:40,ERR,ERR,ERR,ERR,ERR,ERR,ERR,ERR,ERR,ERR,ERR,ERR,ERR,ERR,ERR,ERR,ERR,ERR,ERR,ERR,ERR,ERR,ERR,ERR,ERR,ERR,ERR,ERR,ERR,ERR,ERR,ERR,ERR,ERR,ERR,ERR,ERR,ERR,ERR,ERR,ERR,ERR,ERR,ERR,ERR,ERR,ERR,ERR,ERR,ERR,ERR,ERR,ERR,ERR,ERR,ERR,ERR,ERR,ERR,ERR,ERR,ERR,ERR,ERR,ERR,ERR,ERR,ERR,ERR,ERR,ERR,ERR,ERR,ERR,ERR,ERR,ERR,ERR,ERR,ERR,ERR,ERR,ERR,ERR,ERR,ERR,ERR,ERR,ERR,ERR,ERR,ERR,ERR,ERR,ERR,ERR,ERR,ERR,ERR,ERR,ERR,ERR,ERR,ERR,ERR,ERR,ERR,ERR,ERR,ERR,ERR,ERR,ERR,ERR,ERR,ERR,ERR,ERR,ERR,ERR,ERR,ERR,ERR,ERR,ERR,2.718450016850437e+23,-0.0,2.8364315368646023e+23,-107613408.0,-4.209512871143983e+25,0.0,-0.0,0.0,5800,0,8,17276,5800,14723891331072.0,100,0.0,0.0,-107613408.0,0.0,1.9056969178834534e+17,0,0,0,0,nan,0,0,0,0,0,0,0,0,0,0,0,0,0,0,0,0,0,0,0,0,0,0,0,0,0,0,0,0,0,0,0,0,0,10,52,51,61,65476,617,65476,1,0,4,21553,0.0,-0.0,0.0,0.0,0.0,0.0,0.0,0.0,0.0,0.0,0.0,0.0,0.0,0.0,0.0,0.0,0.0,0.0,0.0,0.0,0.0,2.004,3.697074423243316e+19,-0.0,-0.0,0.0,0.0,0.0,0.0,0.0,6623.0,-1.0406715705571685e+34,0.0,2.718450016850437e+23,-0.0,-107616232.0,107616440.0,-0.0,0.0,2.004,2.004,243,-71.63,126841028608.0,0.0,0.0,0.0,0.0,0.0,0.0,0.0,0,0,0,-3.66166783985451e+18,13349332975616.0,0.0,-1.8776450831785336e+38,-68.132,0.0,0.0,-7.239069603024731e+36,-9.723899770202078e+35,4.6351700386843114e+21,-3.98089082605149e+33,-0.0,-0.0,-0.0,0.0,0.0,0,1.3516416376850534e+27,243,0.0,486,-30771013632.0,-0.0,2050,39322,17150,39322,17152,39322,17144,0,0,0,105,99,100,2.7302352164993253e+23,69.2,2.7302353966433104e+23,69.5,0.0,69.5,1,47,48,180,0,26215,0,0,0.0,0.0,0.0,60.0,0.0,74.5,0.0,nan,0.0,1270,0,1277,0,0,0,1273,0,1286,0,1243,0,695,0,697,0,692,0,693,0.032,1.3305260699995496e+34,2.004,-0.0,16272,16829,0.0,254022896.0,9546285056.0,3.449,-0.02,-289931904.0,70.0,60.0,66,0.0,0.0,10.0,2.0,0.0,0.0,0.0,0.0,0.0,0.0,0.0,0.0,0.0,0.0,0.0,0.0,65.6,69,16,65516,49,65476,0,300,0,0,8,20529,65476,0,0,56361,60.0,0.0,10.0,10.0,2.0,0.0
2026-02-05T14:25:41,ERR,ERR,ERR,ERR,ERR,ERR,ERR,ERR,ERR,ERR,ERR,ERR,ERR,ERR,ERR,ERR,ERR,ERR,ERR,ERR,ERR,ERR,ERR,ERR,ERR,ERR,ERR,ERR,ERR,ERR,ERR,ERR,ERR,ERR,ERR,ERR,ERR,ERR,ERR,ERR,ERR,ERR,ERR,ERR,ERR,ERR,ERR,ERR,ERR,ERR,ERR,ERR,ERR,ERR,ERR,ERR,ERR,ERR,ERR,ERR,ERR,ERR,ERR,ERR,ERR,ERR,ERR,ERR,ERR,ERR,ERR,ERR,ERR,ERR,ERR,ERR,ERR,ERR,ERR,ERR,ERR,ERR,ERR,ERR,ERR,ERR,ERR,ERR,ERR,ERR,ERR,ERR,ERR,ERR,ERR,ERR,ERR,ERR,ERR,ERR,ERR,ERR,ERR,ERR,ERR,ERR,ERR,ERR,ERR,ERR,ERR,ERR,ERR,ERR,ERR,ERR,ERR,ERR,ERR,ERR,ERR,ERR,ERR,ERR,ERR,2.718450016850437e+23,-0.0,2.8364315368646023e+23,-107613408.0,-4.209512871143983e+25,0.0,-0.0,0.0,5800,0,8,17276,5800,14723891331072.0,100,0.0,0.0,-107613408.0,0.0,1.9056969178834534e+17,0,0,0,0,nan,0,0,0,0,0,0,0,0,0,0,0,0,0,0,0,0,0,0,0,0,0,0,0,0,0,0,0,0,0,0,0,0,0,10,52,51,61,65476,617,65476,1,0,4,21553,0.0,-0.0,0.0,0.0,0.0,0.0,0.0,0.0,0.0,0.0,0.0,0.0,0.0,0.0,0.0,0.0,0.0,0.0,0.0,0.0,0.0,2.004,3.697074423243316e+19,-0.0,-0.0,0.0,0.0,0.0,0.0,0.0,6623.0,-1.0406715705571685e+34,0.0,2.718450016850437e+23,-0.0,-107616232.0,107616440.0,-0.0,0.0,2.004,2.004,243,-71.63,126841028608.0,0.0,0.0,0.0,0.0,0.0,0.0,0.0,0,0,0,-3.66166783985451e+18,13349332975616.0,0.0,-1.8776450831785336e+38,-68.132,0.0,0.0,-7.239069603024731e+36,-9.723899770202078e+35,4.6351700386843114e+21,-3.98089082605149e+33,-0.0,-0.0,-0.0,0.0,0.0,0,1.3516416376850534e+27,243,0.0,486,-30771013632.0,-0.0,2050,39322,17150,39322,17152,39322,17144,0,0,0,105,99,100,2.7302352164993253e+23,69.2,2.7302353966433104e+23,69.5,0.0,69.5,1,47,48,180,0,26215,0,0,0.0,0.0,0.0,60.0,0.0,74.5,0.0,963168370688.0,0.0,1270,0,1277,0,0,0,1273,0,1286,0,1243,0,695,0,697,0,692,0,693,0.032,1.3305260699995496e+34,2.004,-0.0,15504,16829,0.0,-4547759407366144.0,0.0,9.233361871107893e+25,-0.0,-0.242,70.0,60.0,66,0.0,0.0,10.0,2.0,0.0,0.0,0.0,0.0,0.0,0.0,0.0,0.0,0.0,0.0,0.0,0.0,65.6,69,16,65516,49,65476,0,300,0,0,8,20529,65476,0,0,53740,60.0,0.0,10.0,10.0,2.0,0.0
2026-02-05T14:25:42,ERR,ERR,ERR,ERR,ERR,ERR,ERR,ERR,ERR,ERR,ERR,ERR,ERR,ERR,ERR,ERR,ERR,ERR,ERR,ERR,ERR,ERR,ERR,ERR,ERR,ERR,ERR,ERR,ERR,ERR,ERR,ERR,ERR,ERR,ERR,ERR,ERR,ERR,ERR,ERR,ERR,ERR,ERR,ERR,ERR,ERR,ERR,ERR,ERR,ERR,ERR,ERR,ERR,ERR,ERR,ERR,ERR,ERR,ERR,ERR,ERR,ERR,ERR,ERR,ERR,ERR,ERR,ERR,ERR,ERR,ERR,ERR,ERR,ERR,ERR,ERR,ERR,ERR,ERR,ERR,ERR,ERR,ERR,ERR,ERR,ERR,ERR,ERR,ERR,ERR,ERR,ERR,ERR,ERR,ERR,ERR,ERR,ERR,ERR,ERR,ERR,ERR,ERR,ERR,ERR,ERR,ERR,ERR,ERR,ERR,ERR,ERR,ERR,ERR,ERR,ERR,ERR,ERR,ERR,ERR,ERR,ERR,ERR,ERR,ERR,2.718450016850437e+23,-0.0,2.8364315368646023e+23,-107613408.0,-4.209512871143983e+25,0.0,-0.0,0.0,5800,0,8,17276,5800,14723891331072.0,100,0.0,0.0,-107613408.0,0.0,1.9056969178834534e+17,0,0,0,0,nan,0,0,0,0,0,0,0,0,0,0,0,0,0,0,0,0,0,0,0,0,0,0,0,0,0,0,0,0,0,0,0,0,0,10,52,51,61,65476,617,65476,1,0,4,21553,0.0,-0.0,0.0,0.0,0.0,0.0,0.0,0.0,0.0,0.0,0.0,0.0,0.0,0.0,0.0,0.0,0.0,0.0,0.0,0.0,0.0,2.004,3.697074423243316e+19,-0.0,-0.0,0.0,0.0,0.0,0.0,0.0,6623.0,-1.0406715705571685e+34,0.0,2.718450016850437e+23,-0.0,-107616232.0,107616440.0,-0.0,0.0,2.004,2.004,243,-71.63,126841028608.0,0.0,0.0,0.0,0.0,0.0,0.0,0.0,0,0,0,-3.66166783985451e+18,13349332975616.0,0.0,-1.8776450831785336e+38,-68.132,0.0,0.0,-7.239069603024731e+36,-9.723899770202078e+35,4.6351700386843114e+21,-3.98089082605149e+33,-0.0,-0.0,-0.0,0.0,0.0,0,1.3516416376850534e+27,243,0.0,486,-30771013632.0,-0.0,2050,39322,17150,39322,17152,39322,17144,0,0,0,105,99,100,2.7302352164993253e+23,69.2,2.7302353966433104e+23,69.5,0.0,69.5,1,47,48,180,0,26215,0,0,0.0,0.0,0.0,60.0,0.0,74.5,0.0,963168370688.0,0.0,1270,0,1277,0,0,0,1273,0,1286,0,1243,0,695,0,697,0,692,0,693,0.032,1.3305260699995496e+34,2.004,-0.0,15504,16829,0.0,-4547759407366144.0,0.0,9.233361871107893e+25,-0.0,-0.242,70.0,60.0,66,0.0,0.0,10.0,2.0,0.0,0.0,0.0,0.0,0.0,0.0,0.0,0.0,0.0,0.0,0.0,0.0,65.6,69,16,65516,49,65476,0,300,0,0,8,20529,65476,0,0,53740,60.0,0.0,10.0,10.0,2.0,0.0
2026-02-05T14:25:43,ERR,ERR,ERR,ERR,ERR,ERR,ERR,ERR,ERR,ERR,ERR,ERR,ERR,ERR,ERR,ERR,ERR,ERR,ERR,ERR,ERR,ERR,ERR,ERR,ERR,ERR,ERR,ERR,ERR,ERR,ERR,ERR,ERR,ERR,ERR,ERR,ERR,ERR,ERR,ERR,ERR,ERR,ERR,ERR,ERR,ERR,ERR,ERR,ERR,ERR,ERR,ERR,ERR,ERR,ERR,ERR,ERR,ERR,ERR,ERR,ERR,ERR,ERR,ERR,ERR,ERR,ERR,ERR,ERR,ERR,ERR,ERR,ERR,ERR,ERR,ERR,ERR,ERR,ERR,ERR,ERR,ERR,ERR,ERR,ERR,ERR,ERR,ERR,ERR,ERR,ERR,ERR,ERR,ERR,ERR,ERR,ERR,ERR,ERR,ERR,ERR,ERR,ERR,ERR,ERR,ERR,ERR,ERR,ERR,ERR,ERR,ERR,ERR,ERR,ERR,ERR,ERR,ERR,ERR,ERR,ERR,ERR,ERR,ERR,ERR,2.718450016850437e+23,-0.0,2.8364315368646023e+23,-107613408.0,-4.209512871143983e+25,0.0,-0.0,0.0,5800,0,8,17276,5800,14723891331072.0,100,0.0,0.0,-107613408.0,0.0,1.9056969178834534e+17,0,0,0,0,nan,0,0,0,0,0,0,0,0,0,0,0,0,0,0,0,0,0,0,0,0,0,0,0,0,0,0,0,0,0,0,0,0,0,10,52,51,61,65476,617,65476,1,0,4,21553,0.0,-0.0,0.0,0.0,0.0,0.0,0.0,0.0,0.0,0.0,0.0,0.0,0.0,0.0,0.0,0.0,0.0,0.0,0.0,0.0,0.0,2.004,3.697074423243316e+19,-0.0,-0.0,0.0,0.0,0.0,0.0,0.0,6623.0,-1.0406715705571685e+34,0.0,2.718450016850437e+23,-0.0,-107616232.0,107616440.0,-0.0,0.0,2.004,2.004,243,-71.63,126841028608.0,0.0,0.0,0.0,0.0,0.0,0.0,0.0,0,0,0,-3.66166783985451e+18,13349332975616.0,0.0,-1.8776450831785336e+38,-68.132,0.0,0.0,-7.239069603024731e+36,-9.723899770202078e+35,4.6351700386843114e+21,-3.98089082605149e+33,-0.0,-0.0,-0.0,0.0,0.0,0,1.3516416376850534e+27,243,0.0,486,-30771013632.0,-0.0,2050,39322,17150,39322,17152,39322,17144,0,0,0,105,99,100,2.7302352164993253e+23,69.2,2.7302353966433104e+23,69.5,0.0,69.5,1,47,48,180,0,26215,0,0,0.0,0.0,0.0,60.0,0.0,74.5,0.0,963168370688.0,0.0,1270,0,1277,0,0,0,1273,0,1286,0,1243,0,695,0,697,0,692,0,693,0.032,1.3305260699995496e+34,2.004,-0.0,15504,16829,0.0,-4547759407366144.0,0.0,9.233361871107893e+25,-0.0,-0.242,70.0,60.0,66,0.0,0.0,10.0,2.0,0.0,0.0,0.0,0.0,0.0,0.0,0.0,0.0,0.0,0.0,0.0,0.0,65.2,69,16,65516,49,65476,0,300,0,0,8,20529,65476,0,0,55050,60.0,0.0,10.0,10.0,2.0,0.0
2026-02-05T14:25:44,ERR,ERR,ERR,ERR,ERR,ERR,ERR,ERR,ERR,ERR,ERR,ERR,ERR,ERR,ERR,ERR,ERR,ERR,ERR,ERR,ERR,ERR,ERR,ERR,ERR,ERR,ERR,ERR,ERR,ERR,ERR,ERR,ERR,ERR,ERR,ERR,ERR,ERR,ERR,ERR,ERR,ERR,ERR,ERR,ERR,ERR,ERR,ERR,ERR,ERR,ERR,ERR,ERR,ERR,ERR,ERR,ERR,ERR,ERR,ERR,ERR,ERR,ERR,ERR,ERR,ERR,ERR,ERR,ERR,ERR,ERR,ERR,ERR,ERR,ERR,ERR,ERR,ERR,ERR,ERR,ERR,ERR,ERR,ERR,ERR,ERR,ERR,ERR,ERR,ERR,ERR,ERR,ERR,ERR,ERR,ERR,ERR,ERR,ERR,ERR,ERR,ERR,ERR,ERR,ERR,ERR,ERR,ERR,ERR,ERR,ERR,ERR,ERR,ERR,ERR,ERR,ERR,ERR,ERR,ERR,ERR,ERR,ERR,ERR,ERR,2.718450016850437e+23,-0.0,2.8364315368646023e+23,-107613408.0,-4.209512871143983e+25,0.0,-0.0,0.0,5800,0,8,17276,5800,14723891331072.0,100,0.0,0.0,-107613408.0,0.0,1.9056969178834534e+17,0,0,0,0,nan,0,0,0,0,0,0,0,0,0,0,0,0,0,0,0,0,0,0,0,0,0,0,0,0,0,0,0,0,0,0,0,0,0,10,52,51,61,65476,617,65476,1,0,4,21553,0.0,-0.0,0.0,0.0,0.0,0.0,0.0,0.0,0.0,0.0,0.0,0.0,0.0,0.0,0.0,0.0,0.0,0.0,0.0,0.0,0.0,2.004,3.697074423243316e+19,-0.0,-0.0,0.0,0.0,0.0,0.0,0.0,6623.0,-1.0406715705571685e+34,0.0,2.718450016850437e+23,-0.0,-107616232.0,107616440.0,-0.0,0.0,2.004,2.004,243,-71.63,126841028608.0,0.0,0.0,0.0,0.0,0.0,0.0,0.0,0,0,0,-3.66166783985451e+18,13349332975616.0,0.0,-1.8776450831785336e+38,-68.132,0.0,0.0,-7.239069603024731e+36,-9.723899770202078e+35,4.6351700386843114e+21,-3.98089082605149e+33,-0.0,-0.0,-0.0,0.0,0.0,0,1.3516416376850534e+27,243,0.0,486,-30771013632.0,-0.0,2050,39322,17150,39322,17152,39322,17144,0,0,0,105,99,100,2.7302352164993253e+23,69.2,2.7302353966433104e+23,69.5,0.0,69.5,1,47,48,180,0,26215,0,0,0.0,0.0,0.0,60.0,0.0,74.5,0.0,963168370688.0,0.0,1270,0,1277,0,0,0,1273,0,1286,0,1243,0,695,0,697,0,692,0,693,0.032,1.3305260699995496e+34,2.004,-0.0,15504,16829,0.0,-4547759407366144.0,0.0,9.233361871107893e+25,-0.0,-0.242,70.0,60.0,66,0.0,0.0,10.0,2.0,0.0,0.0,0.0,0.0,0.0,0.0,0.0,0.0,0.0,0.0,0.0,0.0,65.2,69,16,65516,49,65476,0,300,0,0,8,20529,65476,0,0,55050,60.0,0.0,10.0,10.0,2.0,0.0
2026-02-05T14:25:45,ERR,ERR,ERR,ERR,ERR,ERR,ERR,ERR,ERR,ERR,ERR,ERR,ERR,ERR,ERR,ERR,ERR,ERR,ERR,ERR,ERR,ERR,ERR,ERR,ERR,ERR,ERR,ERR,ERR,ERR,ERR,ERR,ERR,ERR,ERR,ERR,ERR,ERR,ERR,ERR,ERR,ERR,ERR,ERR,ERR,ERR,ERR,ERR,ERR,ERR,ERR,ERR,ERR,ERR,ERR,ERR,ERR,ERR,ERR,ERR,ERR,ERR,ERR,ERR,ERR,ERR,ERR,ERR,ERR,ERR,ERR,ERR,ERR,ERR,ERR,ERR,ERR,ERR,ERR,ERR,ERR,ERR,ERR,ERR,ERR,ERR,ERR,ERR,ERR,ERR,ERR,ERR,ERR,ERR,ERR,ERR,ERR,ERR,ERR,ERR,ERR,ERR,ERR,ERR,ERR,ERR,ERR,ERR,ERR,ERR,ERR,ERR,ERR,ERR,ERR,ERR,ERR,ERR,ERR,ERR,ERR,ERR,ERR,ERR,ERR,2.718450016850437e+23,-0.0,2.8364315368646023e+23,-107613408.0,-4.209512871143983e+25,-0.012,1.767175022423908e+20,7.019351365579144e+25,5800,0,8,17276,5800,14723891331072.0,100,0.0,0.0,-107613408.0,0.0,1.9056969178834534e+17,0,0,0,0,nan,0,0,0,0,0,0,0,0,0,0,0,0,0,0,0,0,0,0,0,0,0,0,0,0,0,0,0,0,0,0,0,0,0,10,52,51,61,65476,616,65476,1,0,4,21553,0.0,-0.0,0.0,0.0,0.0,0.0,0.0,0.0,0.0,0.0,0.0,0.0,0.0,0.0,0.0,0.0,0.0,0.0,0.0,0.0,0.0,2.004,3.697074423243316e+19,-0.0,-0.0,3.6970880571875e+19,0.0,0.0,0.0,0.0,6561.0,-564149121712128.0,0.0,2.718450016850437e+23,-0.0,-107616232.0,-0.0,-0.0,0.0,2.004,2.004,243,-126841094144.0,-0.059,0.0,0.0,0.0,0.0,0.0,0.0,0.0,0,0,0,-1.4277764034566131e+32,0.0,0.0,-0.0,-0.0,0.0,-0.0,1.4878449955270235e+36,0.0,6.060606608543161e+21,-4.8327520294048604e+33,-0.0,-0.0,-0.0,0.0,-0.0,0,1.3516416376850534e+27,243,0.0,486,-30771013632.0,-0.0,2050,39322,17150,39322,17152,39322,17144,0,0,0,105,99,100,2.7302352164993253e+23,69.2,2.7302353966433104e+23,69.5,0.0,69.5,1,47,48,180,0,26215,0,0,0.0,0.0,0.0,60.0,0.0,74.5,0.0,-0.0,0.0,1270,0,1277,0,0,0,1273,0,1286,0,1243,0,695,0,697,0,692,0,693,0.032,1.3305260699995496e+34,2.004,-0.0,21648,16829,0.0,-0.0,0.0,-498604512.0,9.938321126211108e+36,-0.0,70.0,60.0,66,0.0,0.0,10.0,2.0,0.0,0.0,0.0,0.0,0.0,0.0,0.0,0.0,0.0,0.0,0.0,0.0,65.6,69,16,65516,49,65476,0,300,0,0,8,20529,65476,0,0,56361,60.0,0.0,10.0,10.0,2.0,0.0
2026-02-05T14:25:46,ERR,ERR,ERR,ERR,ERR,ERR,ERR,ERR,ERR,ERR,ERR,ERR,ERR,ERR,ERR,ERR,ERR,ERR,ERR,ERR,ERR,ERR,ERR,ERR,ERR,ERR,ERR,ERR,ERR,ERR,ERR,ERR,ERR,ERR,ERR,ERR,ERR,ERR,ERR,ERR,ERR,ERR,ERR,ERR,ERR,ERR,ERR,ERR,ERR,ERR,ERR,ERR,ERR,ERR,ERR,ERR,ERR,ERR,ERR,ERR,ERR,ERR,ERR,ERR,ERR,ERR,ERR,ERR,ERR,ERR,ERR,ERR,ERR,ERR,ERR,ERR,ERR,ERR,ERR,ERR,ERR,ERR,ERR,ERR,ERR,ERR,ERR,ERR,ERR,ERR,ERR,ERR,ERR,ERR,ERR,ERR,ERR,ERR,ERR,ERR,ERR,ERR,ERR,ERR,ERR,ERR,ERR,ERR,ERR,ERR,ERR,ERR,ERR,ERR,ERR,ERR,ERR,ERR,ERR,ERR,ERR,ERR,ERR,ERR,ERR,2.718450016850437e+23,-0.0,2.8364315368646023e+23,-107613408.0,-4.209512871143983e+25,-0.012,1.767175022423908e+20,7.019351365579144e+25,5800,0,8,17276,5800,14723891331072.0,100,0.0,0.0,-107613408.0,0.0,1.9056969178834534e+17,0,0,0,0,nan,0,0,0,0,0,0,0,0,0,0,0,0,0,0,0,0,0,0,0,0,0,0,0,0,0,0,0,0,0,0,0,0,0,10,52,51,61,65476,616,65476,1,0,4,21553,0.0,-0.0,0.0,0.0,0.0,0.0,0.0,0.0,0.0,0.0,0.0,0.0,0.0,0.0,0.0,0.0,0.0,0.0,0.0,0.0,0.0,2.004,3.697074423243316e+19,-0.0,-0.0,3.6970880571875e+19,0.0,0.0,0.0,0.0,6561.0,-564149121712128.0,0.0,2.718450016850437e+23,-0.0,-107616232.0,-0.0,-0.0,0.0,2.004,2.004,243,-126841094144.0,-0.059,0.0,0.0,0.0,0.0,0.0,0.0,0.0,0,0,0,-1.4277764034566131e+32,0.0,0.0,-0.0,-0.0,0.0,-0.0,1.4878449955270235e+36,0.0,6.060606608543161e+21,-4.8327520294048604e+33,-0.0,-0.0,-0.0,0.0,-0.0,0,1.3516416376850534e+27,243,0.0,486,-30771013632.0,-0.0,2050,39322,17150,39322,17152,39322,17144,0,0,0,105,99,100,2.7302352164993253e+23,69.2,2.7302353966433104e+23,69.5,0.0,69.5,1,47,48,180,0,26215,0,0,0.0,0.0,0.0,60.0,0.0,74.5,0.0,-0.0,0.0,1270,0,1277,0,0,0,1273,0,1286,0,1243,0,695,0,697,0,692,0,693,0.032,1.3305260699995496e+34,2.004,-0.0,21648,16829,0.0,-0.0,0.0,-498604512.0,9.938321126211108e+36,-0.0,70.0,60.0,66,0.0,0.0,10.0,2.0,0.0,0.0,0.0,0.0,0.0,0.0,0.0,0.0,0.0,0.0,0.0,0.0,65.6,69,16,65516,49,65476,0,300,0,0,8,20529,65476,0,0,56361,60.0,0.0,10.0,10.0,2.0,0.0
2026-02-05T14:25:47,ERR,ERR,ERR,ERR,ERR,ERR,ERR,ERR,ERR,ERR,ERR,ERR,ERR,ERR,ERR,ERR,ERR,ERR,ERR,ERR,ERR,ERR,ERR,ERR,ERR,ERR,ERR,ERR,ERR,ERR,ERR,ERR,ERR,ERR,ERR,ERR,ERR,ERR,ERR,ERR,ERR,ERR,ERR,ERR,ERR,ERR,ERR,ERR,ERR,ERR,ERR,ERR,ERR,ERR,ERR,ERR,ERR,ERR,ERR,ERR,ERR,ERR,ERR,ERR,ERR,ERR,ERR,ERR,ERR,ERR,ERR,ERR,ERR,ERR,ERR,ERR,ERR,ERR,ERR,ERR,ERR,ERR,ERR,ERR,ERR,ERR,ERR,ERR,ERR,ERR,ERR,ERR,ERR,ERR,ERR,ERR,ERR,ERR,ERR,ERR,ERR,ERR,ERR,ERR,ERR,ERR,ERR,ERR,ERR,ERR,ERR,ERR,ERR,ERR,ERR,ERR,ERR,ERR,ERR,ERR,ERR,ERR,ERR,ERR,ERR,2.718450016850437e+23,-0.0,2.8364315368646023e+23,-107613408.0,-4.209512871143983e+25,-0.012,1.767175022423908e+20,7.019351365579144e+25,5800,0,8,17276,5800,14723891331072.0,100,0.0,0.0,-107613408.0,0.0,1.9056969178834534e+17,0,0,0,0,nan,0,0,0,0,0,0,0,0,0,0,0,0,0,0,0,0,0,0,0,0,0,0,0,0,0,0,0,0,0,0,0,0,0,10,52,51,61,65476,616,65476,1,0,4,21553,0.0,-0.0,0.0,0.0,0.0,0.0,0.0,0.0,0.0,0.0,0.0,0.0,0.0,0.0,0.0,0.0,0.0,0.0,0.0,0.0,0.0,2.004,3.697074423243316e+19,-0.0,-0.0,3.6970880571875e+19,0.0,0.0,0.0,0.0,6561.0,-564149121712128.0,0.0,2.718450016850437e+23,-0.0,-107616232.0,-0.0,-0.0,0.0,2.004,2.004,243,-126841094144.0,-0.059,0.0,0.0,0.0,0.0,0.0,0.0,0.0,0,0,0,-1.4277764034566131e+32,0.0,0.0,-0.0,-0.0,0.0,-0.0,1.4878449955270235e+36,0.0,6.060606608543161e+21,-4.8327520294048604e+33,-0.0,-0.0,-0.0,0.0,-0.0,0,1.3516416376850534e+27,243,0.0,486,-30771013632.0,-0.0,2050,39322,17150,39322,17152,39322,17144,0,0,0,105,99,100,2.7302352164993253e+23,69.2,2.7302353966433104e+23,69.5,0.0,69.5,1,47,48,180,0,26215,0,0,0.0,0.0,0.0,60.0,0.0,74.5,0.0,-0.0,0.0,1270,0,1277,0,0,0,1273,0,1286,0,1243,0,695,0,697,0,692,0,693,0.032,1.3305260699995496e+34,2.004,-0.0,21648,16829,0.0,-0.0,0.0,-498604512.0,9.938321126211108e+36,-0.0,70.0,60.0,66,0.0,0.0,10.0,2.0,0.0,0.0,0.0,0.0,0.0,0.0,0.0,0.0,0.0,0.0,0.0,0.0,65.2,69,16,65516,49,65476,0,300,0,0,8,20529,65476,0,0,53740,60.0,0.0,10.0,10.0,2.0,0.0
2026-02-05T14:25:48,ERR,ERR,ERR,ERR,ERR,ERR,ERR,ERR,ERR,ERR,ERR,ERR,ERR,ERR,ERR,ERR,ERR,ERR,ERR,ERR,ERR,ERR,ERR,ERR,ERR,ERR,ERR,ERR,ERR,ERR,ERR,ERR,ERR,ERR,ERR,ERR,ERR,ERR,ERR,ERR,ERR,ERR,ERR,ERR,ERR,ERR,ERR,ERR,ERR,ERR,ERR,ERR,ERR,ERR,ERR,ERR,ERR,ERR,ERR,ERR,ERR,ERR,ERR,ERR,ERR,ERR,ERR,ERR,ERR,ERR,ERR,ERR,ERR,ERR,ERR,ERR,ERR,ERR,ERR,ERR,ERR,ERR,ERR,ERR,ERR,ERR,ERR,ERR,ERR,ERR,ERR,ERR,ERR,ERR,ERR,ERR,ERR,ERR,ERR,ERR,ERR,ERR,ERR,ERR,ERR,ERR,ERR,ERR,ERR,ERR,ERR,ERR,ERR,ERR,ERR,ERR,ERR,ERR,ERR,ERR,ERR,ERR,ERR,ERR,ERR,2.718450016850437e+23,-0.0,2.8364315368646023e+23,-107613408.0,-4.209512871143983e+25,-0.012,1.767175022423908e+20,7.019351365579144e+25,5800,0,8,17276,5800,14723891331072.0,100,0.0,0.0,-107613408.0,0.0,1.9056969178834534e+17,0,0,0,0,nan,0,0,0,0,0,0,0,0,0,0,0,0,0,0,0,0,0,0,0,0,0,0,0,0,0,0,0,0,0,0,0,0,0,10,52,51,61,65476,616,65476,1,0,4,21553,0.0,-0.0,0.0,0.0,0.0,0.0,0.0,0.0,0.0,0.0,0.0,0.0,0.0,0.0,0.0,0.0,0.0,0.0,0.0,0.0,0.0,2.004,3.697074423243316e+19,-0.0,-0.0,3.6970880571875e+19,0.0,0.0,0.0,0.0,6561.0,-564149121712128.0,0.0,2.718450016850437e+23,-0.0,-107616232.0,-0.0,-0.0,0.0,2.004,2.004,243,-126841094144.0,-0.059,0.0,0.0,0.0,0.0,0.0,0.0,0.0,0,0,0,-1.4277764034566131e+32,0.0,0.0,-0.0,-0.0,0.0,-0.0,1.4878449955270235e+36,0.0,6.060606608543161e+21,-4.8327520294048604e+33,-0.0,-0.0,-0.0,0.0,-0.0,0,1.3516416376850534e+27,243,0.0,486,-30771013632.0,-0.0,2050,39322,17150,39322,17152,39322,17144,0,0,0,105,99,100,2.7302352164993253e+23,69.2,2.7302353966433104e+23,69.5,0.0,69.5,1,47,48,180,0,26215,0,0,0.0,0.0,0.0,60.0,0.0,74.5,0.0,-0.0,0.0,1270,0,1277,0,0,0,1273,0,1286,0,1243,0,695,0,697,0,692,0,693,0.032,1.3305260699995496e+34,2.004,-0.0,21648,16829,0.0,-0.0,0.0,-498604512.0,9.938321126211108e+36,-0.0,70.0,60.0,66,0.0,0.0,10.0,2.0,0.0,0.0,0.0,0.0,0.0,0.0,0.0,0.0,0.0,0.0,0.0,0.0,65.2,69,16,65516,49,65476,0,300,0,0,8,20529,65476,0,0,53740,60.0,0.0,10.0,10.0,2.0,0.0
2026-02-05T14:25:49,ERR,ERR,ERR,ERR,ERR,ERR,ERR,ERR,ERR,ERR,ERR,ERR,ERR,ERR,ERR,ERR,ERR,ERR,ERR,ERR,ERR,ERR,ERR,ERR,ERR,ERR,ERR,ERR,ERR,ERR,ERR,ERR,ERR,ERR,ERR,ERR,ERR,ERR,ERR,ERR,ERR,ERR,ERR,ERR,ERR,ERR,ERR,ERR,ERR,ERR,ERR,ERR,ERR,ERR,ERR,ERR,ERR,ERR,ERR,ERR,ERR,ERR,ERR,ERR,ERR,ERR,ERR,ERR,ERR,ERR,ERR,ERR,ERR,ERR,ERR,ERR,ERR,ERR,ERR,ERR,ERR,ERR,ERR,ERR,ERR,ERR,ERR,ERR,ERR,ERR,ERR,ERR,ERR,ERR,ERR,ERR,ERR,ERR,ERR,ERR,ERR,ERR,ERR,ERR,ERR,ERR,ERR,ERR,ERR,ERR,ERR,ERR,ERR,ERR,ERR,ERR,ERR,ERR,ERR,ERR,ERR,ERR,ERR,ERR,ERR,2.718450016850437e+23,-0.0,2.8364315368646023e+23,-107613408.0,-4.209512871143983e+25,-0.012,1.767175022423908e+20,7.019351365579144e+25,5800,0,8,17276,5800,14723891331072.0,100,0.0,0.0,-107613408.0,0.0,1.9056969178834534e+17,0,0,0,0,nan,0,0,0,0,0,0,0,0,0,0,0,0,0,0,0,0,0,0,0,0,0,0,0,0,0,0,0,0,0,0,0,0,0,10,52,51,61,65476,616,65476,1,0,4,21553,0.0,-0.0,0.0,0.0,0.0,0.0,0.0,0.0,0.0,0.0,0.0,0.0,0.0,0.0,0.0,0.0,0.0,0.0,0.0,0.0,0.0,2.004,3.697074423243316e+19,-0.0,-0.0,3.6970880571875e+19,0.0,0.0,0.0,0.0,6561.0,-564149121712128.0,0.0,2.718450016850437e+23,-0.0,-107616232.0,-0.0,-0.0,0.0,2.004,2.004,243,-126841094144.0,-0.059,0.0,0.0,0.0,0.0,0.0,0.0,0.0,0,0,0,-1.4277764034566131e+32,0.0,0.0,-0.0,-0.0,0.0,-0.0,1.4878449955270235e+36,0.0,6.060606608543161e+21,-4.8327520294048604e+33,-0.0,-0.0,-0.0,0.0,-0.0,0,1.3516416376850534e+27,243,0.0,486,-30771013632.0,-0.0,2050,39322,17150,39322,17152,39322,17144,0,0,0,105,99,100,-0.0,69.2,2.7302353966433104e+23,69.5,0.0,69.5,1,47,48,180,0,26215,0,0,0.0,0.0,0.0,60.0,0.0,74.5,0.0,-0.111,0.0,1270,0,1277,0,0,0,1273,0,1286,0,1243,0,695,0,697,0,692,0,693,0.032,1.3305260699995496e+34,2.004,-0.0,5008,16829,0.0,-0.111,0.0,0.0,4.420327335272956e+25,-24.156,70.0,60.0,66,0.0,0.0,10.0,2.0,0.0,0.0,0.0,0.0,0.0,0.0,0.0,0.0,0.0,0.0,0.0,0.0,65.6,69,16,65516,49,65476,0,300,0,0,8,20529,65476,0,0,56361,60.0,0.0,10.0,10.0,2.0,0.0
2026-02-05T14:25:50,ERR,ERR,ERR,ERR,ERR,ERR,ERR,ERR,ERR,ERR,ERR,ERR,ERR,ERR,ERR,ERR,ERR,ERR,ERR,ERR,ERR,ERR,ERR,ERR,ERR,ERR,ERR,ERR,ERR,ERR,ERR,ERR,ERR,ERR,ERR,ERR,ERR,ERR,ERR,ERR,ERR,ERR,ERR,ERR,ERR,ERR,ERR,ERR,ERR,ERR,ERR,ERR,ERR,ERR,ERR,ERR,ERR,ERR,ERR,ERR,ERR,ERR,ERR,ERR,ERR,ERR,ERR,ERR,ERR,ERR,ERR,ERR,ERR,ERR,ERR,ERR,ERR,ERR,ERR,ERR,ERR,ERR,ERR,ERR,ERR,ERR,ERR,ERR,ERR,ERR,ERR,ERR,ERR,ERR,ERR,ERR,ERR,ERR,ERR,ERR,ERR,ERR,ERR,ERR,ERR,ERR,ERR,ERR,ERR,ERR,ERR,ERR,ERR,ERR,ERR,ERR,ERR,ERR,ERR,ERR,ERR,ERR,ERR,ERR,ERR,2.718450016850437e+23,-0.0,2.8364315368646023e+23,-107613408.0,-4.209512871143983e+25,0.0,-0.0,0.0,5800,0,8,17276,5800,14723891331072.0,100,0.0,0.0,-107613408.0,0.0,1.9056969178834534e+17,0,0,0,0,nan,0,0,0,0,0,0,0,0,0,0,0,0,0,0,0,0,0,0,0,0,0,0,0,0,0,0,0,0,0,0,0,0,0,10,52,51,61,65476,616,65476,1,0,4,21553,0.0,2.71838894803949e+23,0.0,0.0,0.0,0.0,0.0,0.0,0.0,0.0,0.0,0.0,0.0,0.0,0.0,0.0,0.0,0.0,0.0,0.0,0.0,2.004,3.697074423243316e+19,-0.0,-0.0,0.0,0.0,0.0,0.0,0.0,6593.0,564149188820992.0,0.0,2.718450016850437e+23,-0.0,-107616232.0,0.0,-0.0,0.0,2.004,2.004,244,-126841094144.0,0.0,0.0,0.0,0.0,0.0,0.0,0.0,0.0,0,0,0,-6.721354252578281e+37,-57154.141,0.0,0.0,-1.111,-1114.068,-2.328999938823516e+36,27417225216.0,3013110415753216.0,7.462559158145087e+21,-6.055235149359723e+33,-0.0,-0.0,-0.0,0.0,0.0,0,1.3516416376850534e+27,244,0.0,488,0.0,-0.0,2050,39322,17150,39322,17152,39322,17144,0,0,0,105,99,100,-0.0,69.2,2.7302353966433104e+23,69.5,0.0,69.5,1,47,48,180,0,26215,0,0,0.0,0.0,0.0,60.0,0.0,74.5,0.0,-0.111,0.0,1270,0,1277,0,0,0,1273,0,1286,0,1243,0,695,0,697,0,692,0,693,0.032,1.3305260699995496e+34,2.004,-0.0,5008,16829,0.0,-0.111,0.0,0.0,4.420327335272956e+25,-24.156,70.0,60.0,66,0.0,0.0,10.0,2.0,0.0,0.0,0.0,0.0,0.0,0.0,0.0,0.0,0.0,0.0,0.0,0.0,65.6,69,16,65516,49,65476,0,300,0,0,8,20529,65476,0,0,56361,60.0,0.0,10.0,10.0,2.0,0.0
2026-02-05T14:25:51,ERR,ERR,ERR,ERR,ERR,ERR,ERR,ERR,ERR,ERR,ERR,ERR,ERR,ERR,ERR,ERR,ERR,ERR,ERR,ERR,ERR,ERR,ERR,ERR,ERR,ERR,ERR,ERR,ERR,ERR,ERR,ERR,ERR,ERR,ERR,ERR,ERR,ERR,ERR,ERR,ERR,ERR,ERR,ERR,ERR,ERR,ERR,ERR,ERR,ERR,ERR,ERR,ERR,ERR,ERR,ERR,ERR,ERR,ERR,ERR,ERR,ERR,ERR,ERR,ERR,ERR,ERR,ERR,ERR,ERR,ERR,ERR,ERR,ERR,ERR,ERR,ERR,ERR,ERR,ERR,ERR,ERR,ERR,ERR,ERR,ERR,ERR,ERR,ERR,ERR,ERR,ERR,ERR,ERR,ERR,ERR,ERR,ERR,ERR,ERR,ERR,ERR,ERR,ERR,ERR,ERR,ERR,ERR,ERR,ERR,ERR,ERR,ERR,ERR,ERR,ERR,ERR,ERR,ERR,ERR,ERR,ERR,ERR,ERR,ERR,2.718450016850437e+23,-0.0,2.8364315368646023e+23,-107613408.0,-4.209512871143983e+25,0.0,-0.0,0.0,5800,0,8,17276,5800,14723891331072.0,100,0.0,0.0,-107613408.0,0.0,1.9056969178834534e+17,0,0,0,0,nan,0,0,0,0,0,0,0,0,0,0,0,0,0,0,0,0,0,0,0,0,0,0,0,0,0,0,0,0,0,0,0,0,0,10,52,51,61,65476,616,65476,1,0,4,21553,0.0,2.71838894803949e+23,0.0,0.0,0.0,0.0,0.0,0.0,0.0,0.0,0.0,0.0,0.0,0.0,0.0,0.0,0.0,0.0,0.0,0.0,0.0,2.004,3.697074423243316e+19,-0.0,-0.0,0.0,0.0,0.0,0.0,0.0,6593.0,564149188820992.0,0.0,2.718450016850437e+23,-0.0,-107616232.0,0.0,-0.0,0.0,2.004,2.004,244,-126841094144.0,0.0,0.0,0.0,0.0,0.0,0.0,0.0,0.0,0,0,0,-6.721354252578281e+37,-57154.141,0.0,0.0,-1.111,-1114.068,-2.328999938823516e+36,27417225216.0,3013110415753216.0,7.462559158145087e+21,-6.055235149359723e+33,-0.0,-0.0,-0.0,0.0,0.0,0,1.3516416376850534e+27,244,0.0,488,0.0,-0.0,2050,39322,17150,39322,17152,39322,17144,0,0,0,105,99,100,-0.0,69.2,2.7302353966433104e+23,69.5,0.0,69.5,1,47,48,180,0,26215,0,0,0.0,0.0,0.0,60.0,0.0,74.5,0.0,-0.111,0.0,1270,0,1277,0,0,0,1273,0,1286,0,1243,0,695,0,697,0,692,0,693,0.032,1.3305260699995496e+34,2.004,-0.0,5008,16829,0.0,-0.111,0.0,0.0,4.420327335272956e+25,-24.156,70.0,60.0,66,0.0,0.0,10.0,2.0,0.0,0.0,0.0,0.0,0.0,0.0,0.0,0.0,0.0,0.0,0.0,0.0,65.6,69,16,65516,49,65476,0,300,0,0,8,20529,65476,0,0,52429,60.0,0.0,10.0,10.0,2.0,0.0
2026-02-05T14:25:52,ERR,ERR,ERR,ERR,ERR,ERR,ERR,ERR,ERR,ERR,ERR,ERR,ERR,ERR,ERR,ERR,ERR,ERR,ERR,ERR,ERR,ERR,ERR,ERR,ERR,ERR,ERR,ERR,ERR,ERR,ERR,ERR,ERR,ERR,ERR,ERR,ERR,ERR,ERR,ERR,ERR,ERR,ERR,ERR,ERR,ERR,ERR,ERR,ERR,ERR,ERR,ERR,ERR,ERR,ERR,ERR,ERR,ERR,ERR,ERR,ERR,ERR,ERR,ERR,ERR,ERR,ERR,ERR,ERR,ERR,ERR,ERR,ERR,ERR,ERR,ERR,ERR,ERR,ERR,ERR,ERR,ERR,ERR,ERR,ERR,ERR,ERR,ERR,ERR,ERR,ERR,ERR,ERR,ERR,ERR,ERR,ERR,ERR,ERR,ERR,ERR,ERR,ERR,ERR,ERR,ERR,ERR,ERR,ERR,ERR,ERR,ERR,ERR,ERR,ERR,ERR,ERR,ERR,ERR,ERR,ERR,ERR,ERR,ERR,ERR,2.718450016850437e+23,-0.0,2.8364315368646023e+23,-107613408.0,-4.209512871143983e+25,0.0,-0.0,0.0,5800,0,8,17276,5800,14723891331072.0,100,0.0,0.0,-107613408.0,0.0,1.9056969178834534e+17,0,0,0,0,nan,0,0,0,0,0,0,0,0,0,0,0,0,0,0,0,0,0,0,0,0,0,0,0,0,0,0,0,0,0,0,0,0,0,10,52,51,61,65476,616,65476,1,0,4,21553,0.0,2.71838894803949e+23,0.0,0.0,0.0,0.0,0.0,0.0,0.0,0.0,0.0,0.0,0.0,0.0,0.0,0.0,0.0,0.0,0.0,0.0,0.0,2.004,3.697074423243316e+19,-0.0,-0.0,0.0,0.0,0.0,0.0,0.0,6593.0,564149188820992.0,0.0,2.718450016850437e+23,-0.0,-107616232.0,0.0,-0.0,0.0,2.004,2.004,244,-126841094144.0,0.0,0.0,0.0,0.0,0.0,0.0,0.0,0.0,0,0,0,-6.721354252578281e+37,-57154.141,0.0,0.0,-1.111,-1114.068,-2.328999938823516e+36,27417225216.0,3013110415753216.0,7.462559158145087e+21,-6.055235149359723e+33,-0.0,-0.0,-0.0,0.0,0.0,0,1.3516416376850534e+27,244,0.0,488,0.0,-0.0,2050,39322,17150,39322,17152,39322,17144,0,0,0,105,99,100,-0.0,69.2,2.7302353966433104e+23,69.5,0.0,69.5,1,47,48,180,0,26215,0,0,0.0,0.0,0.0,60.0,0.0,74.5,0.0,-0.111,0.0,1270,0,1277,0,0,0,1273,0,1286,0,1243,0,695,0,697,0,692,0,693,0.032,1.3305260699995496e+34,2.004,-0.0,5008,16829,0.0,-0.111,0.0,0.0,4.420327335272956e+25,-24.156,70.0,60.0,66,0.0,0.0,10.0,2.0,0.0,0.0,0.0,0.0,0.0,0.0,0.0,0.0,0.0,0.0,0.0,0.0,65.2,69,16,65516,49,65476,0,300,0,0,8,20529,65476,0,0,55050,60.0,0.0,10.0,10.0,2.0,0.0
2026-02-05T14:25:53,ERR,ERR,ERR,ERR,ERR,ERR,ERR,ERR,ERR,ERR,ERR,ERR,ERR,ERR,ERR,ERR,ERR,ERR,ERR,ERR,ERR,ERR,ERR,ERR,ERR,ERR,ERR,ERR,ERR,ERR,ERR,ERR,ERR,ERR,ERR,ERR,ERR,ERR,ERR,ERR,ERR,ERR,ERR,ERR,ERR,ERR,ERR,ERR,ERR,ERR,ERR,ERR,ERR,ERR,ERR,ERR,ERR,ERR,ERR,ERR,ERR,ERR,ERR,ERR,ERR,ERR,ERR,ERR,ERR,ERR,ERR,ERR,ERR,ERR,ERR,ERR,ERR,ERR,ERR,ERR,ERR,ERR,ERR,ERR,ERR,ERR,ERR,ERR,ERR,ERR,ERR,ERR,ERR,ERR,ERR,ERR,ERR,ERR,ERR,ERR,ERR,ERR,ERR,ERR,ERR,ERR,ERR,ERR,ERR,ERR,ERR,ERR,ERR,ERR,ERR,ERR,ERR,ERR,ERR,ERR,ERR,ERR,ERR,ERR,ERR,2.718450016850437e+23,-0.0,2.8364315368646023e+23,-107613408.0,-4.209512871143983e+25,0.0,-0.0,0.0,5800,0,8,17276,5800,14723891331072.0,100,0.0,0.0,-107613408.0,0.0,1.9056969178834534e+17,0,0,0,0,nan,0,0,0,0,0,0,0,0,0,0,0,0,0,0,0,0,0,0,0,0,0,0,0,0,0,0,0,0,0,0,0,0,0,10,52,51,61,65476,616,65476,1,0,4,21553,0.0,2.71838894803949e+23,0.0,0.0,0.0,0.0,0.0,0.0,0.0,0.0,0.0,0.0,0.0,0.0,0.0,0.0,0.0,0.0,0.0,0.0,0.0,2.004,3.697074423243316e+19,-0.0,-0.0,0.0,0.0,0.0,0.0,0.0,6593.0,564149188820992.0,0.0,2.718450016850437e+23,-0.0,-107616232.0,0.0,-0.0,0.0,2.004,2.004,244,-126841094144.0,0.0,0.0,0.0,0.0,0.0,0.0,0.0,0.0,0,0,0,-6.721354252578281e+37,-57154.141,0.0,0.0,-1.111,-1114.068,-2.328999938823516e+36,27417225216.0,3013110415753216.0,7.462559158145087e+21,-6.055235149359723e+33,-0.0,-0.0,-0.0,0.0,0.0,0,1.3516416376850534e+27,244,0.0,488,0.0,-0.0,2050,39322,17150,39322,17152,39322,17144,0,0,0,105,99,100,2.7302352164993253e+23,69.2,2.7302353966433104e+23,69.5,0.0,69.5,1,47,48,180,0,26215,0,0,0.0,0.0,0.0,60.0,0.0,74.5,0.0,-0.0,0.0,1270,0,1277,0,0,0,1273,0,1286,0,1243,0,695,0,697,0,692,0,693,0.032,1.3305260699995496e+34,2.004,-0.0,61968,16828,0.0,-0.0,-0.0,-2967876927488.0,0.0,0.076,70.0,60.0,66,0.0,0.0,10.0,2.0,0.0,0.0,0.0,0.0,0.0,0.0,0.0,0.0,0.0,0.0,0.0,0.0,65.2,69,16,65516,49,65476,0,300,0,0,8,20529,65476,0,0,55050,60.0,0.0,10.0,10.0,2.0,0.0
2026-02-05T14:25:54,ERR,ERR,ERR,ERR,ERR,ERR,ERR,ERR,ERR,ERR,ERR,ERR,ERR,ERR,ERR,ERR,ERR,ERR,ERR,ERR,ERR,ERR,ERR,ERR,ERR,ERR,ERR,ERR,ERR,ERR,ERR,ERR,ERR,ERR,ERR,ERR,ERR,ERR,ERR,ERR,ERR,ERR,ERR,ERR,ERR,ERR,ERR,ERR,ERR,ERR,ERR,ERR,ERR,ERR,ERR,ERR,ERR,ERR,ERR,ERR,ERR,ERR,ERR,ERR,ERR,ERR,ERR,ERR,ERR,ERR,ERR,ERR,ERR,ERR,ERR,ERR,ERR,ERR,ERR,ERR,ERR,ERR,ERR,ERR,ERR,ERR,ERR,ERR,ERR,ERR,ERR,ERR,ERR,ERR,ERR,ERR,ERR,ERR,ERR,ERR,ERR,ERR,ERR,ERR,ERR,ERR,ERR,ERR,ERR,ERR,ERR,ERR,ERR,ERR,ERR,ERR,ERR,ERR,ERR,ERR,ERR,ERR,ERR,ERR,ERR,2.718450016850437e+23,-0.0,2.8364315368646023e+23,-107613408.0,-4.209512871143983e+25,0.0,-0.0,0.0,5800,0,8,17276,5800,14723891331072.0,100,0.0,0.0,-107613408.0,0.0,1.9056969178834534e+17,0,0,0,0,nan,0,0,0,0,0,0,0,0,0,0,0,0,0,0,0,0,0,0,0,0,0,0,0,0,0,0,0,0,0,0,0,0,0,10,52,51,61,65476,616,65476,1,0,4,21553,0.0,2.71838894803949e+23,0.0,0.0,0.0,0.0,0.0,0.0,0.0,0.0,0.0,0.0,0.0,0.0,0.0,0.0,0.0,0.0,0.0,0.0,0.0,2.004,3.697074423243316e+19,-0.0,-0.0,0.0,0.0,0.0,0.0,0.0,6593.0,564149188820992.0,0.0,2.718450016850437e+23,-0.0,-107616232.0,0.0,-0.0,0.0,2.004,2.004,244,-126841094144.0,0.0,0.0,0.0,0.0,0.0,0.0,0.0,0.0,0,0,0,-6.721354252578281e+37,-57154.141,0.0,0.0,-1.111,-1114.068,-2.328999938823516e+36,27417225216.0,3013110415753216.0,7.462559158145087e+21,-6.055235149359723e+33,-0.0,-0.0,-0.0,0.0,0.0,0,1.3516416376850534e+27,244,0.0,488,0.0,-0.0,2050,39322,17150,39322,17152,39322,17144,0,0,0,105,99,100,2.7302352164993253e+23,69.2,2.7302353966433104e+23,69.5,0.0,69.5,1,47,48,180,0,26215,0,0,0.0,0.0,0.0,60.0,0.0,74.5,0.0,-0.0,0.0,1270,0,1277,0,0,0,1273,0,1286,0,1243,0,695,0,697,0,692,0,693,0.032,1.3305260699995496e+34,2.004,-0.0,61968,16828,0.0,-0.0,-0.0,-2967876927488.0,0.0,0.076,70.0,60.0,66,0.0,0.0,10.0,2.0,0.0,0.0,0.0,0.0,0.0,0.0,0.0,0.0,0.0,0.0,0.0,0.0,65.2,69,16,65516,49,65476,0,300,0,0,8,20529,65476,0,0,48497,60.0,0.0,10.0,10.0,2.0,0.0
2026-02-05T14:25:55,ERR,ERR,ERR,ERR,ERR,ERR,ERR,ERR,ERR,ERR,ERR,ERR,ERR,ERR,ERR,ERR,ERR,ERR,ERR,ERR,ERR,ERR,ERR,ERR,ERR,ERR,ERR,ERR,ERR,ERR,ERR,ERR,ERR,ERR,ERR,ERR,ERR,ERR,ERR,ERR,ERR,ERR,ERR,ERR,ERR,ERR,ERR,ERR,ERR,ERR,ERR,ERR,ERR,ERR,ERR,ERR,ERR,ERR,ERR,ERR,ERR,ERR,ERR,ERR,ERR,ERR,ERR,ERR,ERR,ERR,ERR,ERR,ERR,ERR,ERR,ERR,ERR,ERR,ERR,ERR,ERR,ERR,ERR,ERR,ERR,ERR,ERR,ERR,ERR,ERR,ERR,ERR,ERR,ERR,ERR,ERR,ERR,ERR,ERR,ERR,ERR,ERR,ERR,ERR,ERR,ERR,ERR,ERR,ERR,ERR,ERR,ERR,ERR,ERR,ERR,ERR,ERR,ERR,ERR,ERR,ERR,ERR,ERR,ERR,ERR,2.718450016850437e+23,-0.0,2.8364315368646023e+23,-107613408.0,-4.209512871143983e+25,0.0,-0.0,0.0,5800,0,8,17276,5800,14723891331072.0,100,0.0,0.0,-107613408.0,0.0,1.9056969178834534e+17,0,0,0,0,nan,0,0,0,0,0,0,0,0,0,0,0,0,0,0,0,0,0,0,0,0,0,0,0,0,0,0,0,0,0,0,0,0,0,10,52,51,61,65476,616,65476,1,0,4,21553,0.0,2.71838894803949e+23,0.0,0.0,0.0,0.0,0.0,0.0,0.0,0.0,0.0,0.0,0.0,0.0,0.0,0.0,0.0,0.0,0.0,0.0,0.0,2.004,3.697074423243316e+19,-0.0,-0.0,0.0,0.0,0.0,0.0,0.0,6593.0,564149188820992.0,0.0,2.718450016850437e+23,-0.0,-107616232.0,0.0,-0.0,0.0,2.004,2.004,244,-126841094144.0,0.0,0.0,0.0,0.0,0.0,0.0,0.0,0.0,0,0,0,-6.721354252578281e+37,-57154.141,0.0,0.0,-1.111,-1114.068,-2.328999938823516e+36,27417225216.0,3013110415753216.0,7.462559158145087e+21,-6.055235149359723e+33,-0.0,-0.0,-0.0,0.0,0.0,0,1.3516416376850534e+27,244,0.0,488,0.0,-0.0,2050,39322,17150,39322,17152,39322,17144,0,0,0,105,99,100,2.7302352164993253e+23,69.2,2.7302353966433104e+23,69.5,0.0,69.5,1,47,48,180,0,26215,0,0,0.0,0.0,0.0,60.0,0.0,74.5,0.0,-0.0,0.0,1270,0,1277,0,0,0,1273,0,1286,0,1243,0,695,0,697,0,692,0,693,0.032,1.3305260699995496e+34,2.004,-0.0,61968,16828,0.0,-0.0,-0.0,-2967876927488.0,0.0,0.076,70.0,60.0,66,0.0,0.0,10.0,2.0,0.0,0.0,0.0,0.0,0.0,0.0,0.0,0.0,0.0,0.0,0.0,0.0,65.2,69,16,65516,49,65476,0,300,0,0,8,20529,65476,0,0,48497,60.0,0.0,10.0,10.0,2.0,0.0
2026-02-05T14:25:56,ERR,ERR,ERR,ERR,ERR,ERR,ERR,ERR,ERR,ERR,ERR,ERR,ERR,ERR,ERR,ERR,ERR,ERR,ERR,ERR,ERR,ERR,ERR,ERR,ERR,ERR,ERR,ERR,ERR,ERR,ERR,ERR,ERR,ERR,ERR,ERR,ERR,ERR,ERR,ERR,ERR,ERR,ERR,ERR,ERR,ERR,ERR,ERR,ERR,ERR,ERR,ERR,ERR,ERR,ERR,ERR,ERR,ERR,ERR,ERR,ERR,ERR,ERR,ERR,ERR,ERR,ERR,ERR,ERR,ERR,ERR,ERR,ERR,ERR,ERR,ERR,ERR,ERR,ERR,ERR,ERR,ERR,ERR,ERR,ERR,ERR,ERR,ERR,ERR,ERR,ERR,ERR,ERR,ERR,ERR,ERR,ERR,ERR,ERR,ERR,ERR,ERR,ERR,ERR,ERR,ERR,ERR,ERR,ERR,ERR,ERR,ERR,ERR,ERR,ERR,ERR,ERR,ERR,ERR,ERR,ERR,ERR,ERR,ERR,ERR,2.718450016850437e+23,-0.0,2.8364315368646023e+23,-107613408.0,-4.209512871143983e+25,-380991952650240.0,9.462879890089549e+33,119856889856.0,5800,0,8,17276,5800,14723891331072.0,100,0.0,0.0,-107613408.0,0.0,1.9056969178834534e+17,0,0,0,0,nan,0,0,0,0,0,0,0,0,0,0,0,0,0,0,0,0,0,0,0,0,0,0,0,0,0,0,0,0,0,0,0,0,0,10,52,51,61,65476,616,65476,1,0,4,21553,0.0,-0.0,0.0,0.0,0.0,0.0,0.0,0.0,0.0,0.0,0.0,0.0,0.0,0.0,0.0,0.0,0.0,0.0,0.0,0.0,0.0,2.004,3.697074423243316e+19,-0.0,-0.0,-3.6970880571875e+19,0.0,0.0,0.0,0.0,6593.0,-131351.219,0.0,2.718450016850437e+23,-0.0,-107616232.0,-107616440.0,-0.0,0.0,2.004,2.004,246,-152018421284864.0,152018287067136.0,0.0,0.0,0.0,0.0,0.0,0.0,0.0,0,0,0,-389806332837888.0,-8.17731622487982e+16,0.0,5.772053855582185e+19,-0.0,-1.4602206259840037e+25,-4.6519944600714525e+24,0.0,-0.0,9.012085660336689e+21,-7.758957556066464e+33,-0.0,-0.0,-0.0,0.0,-1771495.5,0,1.3516416376850534e+27,245,0.0,490,0.0,-2678505888284672.0,2050,39322,17150,39322,17152,39322,17144,0,0,0,105,99,100,2.7302352164993253e+23,69.2,2.7302353966433104e+23,69.5,0.0,69.5,1,47,48,180,0,26215,0,0,0.0,0.0,0.0,60.0,0.0,74.5,0.0,-0.0,0.0,1270,0,1277,0,0,0,1273,0,1286,0,1243,0,695,0,697,0,692,0,693,0.032,1.3305260699995496e+34,2.004,-0.0,61968,16828,0.0,-0.0,-0.0,-2967876927488.0,0.0,0.076,70.0,60.0,66,0.0,0.0,10.0,2.0,0.0,0.0,0.0,0.0,0.0,0.0,0.0,0.0,0.0,0.0,0.0,0.0,65.2,69,16,65516,49,65476,0,300,0,0,8,20529,65476,0,0,49807,60.0,0.0,10.0,10.0,2.0,0.0
2026-02-05T14:25:57,ERR,ERR,ERR,ERR,ERR,ERR,ERR,ERR,ERR,ERR,ERR,ERR,ERR,ERR,ERR,ERR,ERR,ERR,ERR,ERR,ERR,ERR,ERR,ERR,ERR,ERR,ERR,ERR,ERR,ERR,ERR,ERR,ERR,ERR,ERR,ERR,ERR,ERR,ERR,ERR,ERR,ERR,ERR,ERR,ERR,ERR,ERR,ERR,ERR,ERR,ERR,ERR,ERR,ERR,ERR,ERR,ERR,ERR,ERR,ERR,ERR,ERR,ERR,ERR,ERR,ERR,ERR,ERR,ERR,ERR,ERR,ERR,ERR,ERR,ERR,ERR,ERR,ERR,ERR,ERR,ERR,ERR,ERR,ERR,ERR,ERR,ERR,ERR,ERR,ERR,ERR,ERR,ERR,ERR,ERR,ERR,ERR,ERR,ERR,ERR,ERR,ERR,ERR,ERR,ERR,ERR,ERR,ERR,ERR,ERR,ERR,ERR,ERR,ERR,ERR,ERR,ERR,ERR,ERR,ERR,ERR,ERR,ERR,ERR,ERR,2.718450016850437e+23,-0.0,2.8364315368646023e+23,-107613408.0,-4.209512871143983e+25,-380991952650240.0,9.462879890089549e+33,119856889856.0,5800,0,8,17276,5800,14723891331072.0,100,0.0,0.0,-107613408.0,0.0,1.9056969178834534e+17,0,0,0,0,nan,0,0,0,0,0,0,0,0,0,0,0,0,0,0,0,0,0,0,0,0,0,0,0,0,0,0,0,0,0,0,0,0,0,10,52,51,61,65476,616,65476,1,0,4,21553,0.0,-0.0,0.0,0.0,0.0,0.0,0.0,0.0,0.0,0.0,0.0,0.0,0.0,0.0,0.0,0.0,0.0,0.0,0.0,0.0,0.0,2.004,3.697074423243316e+19,-0.0,-0.0,-3.6970880571875e+19,0.0,0.0,0.0,0.0,6593.0,-131351.219,0.0,2.718450016850437e+23,-0.0,-107616232.0,-107616440.0,-0.0,0.0,2.004,2.004,246,-152018421284864.0,152018287067136.0,0.0,0.0,0.0,0.0,0.0,0.0,0.0,0,0,0,-389806332837888.0,-8.17731622487982e+16,0.0,5.772053855582185e+19,-0.0,-1.4602206259840037e+25,-4.6519944600714525e+24,0.0,-0.0,9.012085660336689e+21,-7.758957556066464e+33,-0.0,-0.0,-0.0,0.0,-1771495.5,0,1.3516416376850534e+27,245,0.0,490,0.0,-2678505888284672.0,2050,39322,17150,39322,17152,39322,17144,0,0,0,105,99,100,-0.0,69.2,2.7302353966433104e+23,69.5,0.0,69.5,1,47,48,180,0,26215,0,0,0.0,0.0,0.0,60.0,0.0,74.5,0.0,-0.0,0.0,1270,0,1277,0,0,0,1273,0,1286,0,1243,0,695,0,697,0,692,0,693,0.032,1.3305260699995496e+34,2.004,-0.0,64912,16828,0.0,-0.0,-0.0,-3426134066724864.0,0.0,0.006,70.0,60.0,66,0.0,0.0,10.0,2.0,0.0,0.0,0.0,0.0,0.0,0.0,0.0,0.0,0.0,0.0,0.0,0.0,65.2,69,16,65516,49,65476,0,300,0,0,8,20529,65476,0,0,49807,60.0,0.0,10.0,10.0,2.0,0.0
2026-02-05T14:25:58,ERR,ERR,ERR,ERR,ERR,ERR,ERR,ERR,ERR,ERR,ERR,ERR,ERR,ERR,ERR,ERR,ERR,ERR,ERR,ERR,ERR,ERR,ERR,ERR,ERR,ERR,ERR,ERR,ERR,ERR,ERR,ERR,ERR,ERR,ERR,ERR,ERR,ERR,ERR,ERR,ERR,ERR,ERR,ERR,ERR,ERR,ERR,ERR,ERR,ERR,ERR,ERR,ERR,ERR,ERR,ERR,ERR,ERR,ERR,ERR,ERR,ERR,ERR,ERR,ERR,ERR,ERR,ERR,ERR,ERR,ERR,ERR,ERR,ERR,ERR,ERR,ERR,ERR,ERR,ERR,ERR,ERR,ERR,ERR,ERR,ERR,ERR,ERR,ERR,ERR,ERR,ERR,ERR,ERR,ERR,ERR,ERR,ERR,ERR,ERR,ERR,ERR,ERR,ERR,ERR,ERR,ERR,ERR,ERR,ERR,ERR,ERR,ERR,ERR,ERR,ERR,ERR,ERR,ERR,ERR,ERR,ERR,ERR,ERR,ERR,2.718450016850437e+23,-0.0,2.8364315368646023e+23,-107613408.0,-4.209512871143983e+25,-380991952650240.0,9.462879890089549e+33,119856889856.0,5800,0,8,17276,5800,14723891331072.0,100,0.0,0.0,-107613408.0,0.0,1.9056969178834534e+17,0,0,0,0,nan,0,0,0,0,0,0,0,0,0,0,0,0,0,0,0,0,0,0,0,0,0,0,0,0,0,0,0,0,0,0,0,0,0,10,52,51,61,65476,616,65476,1,0,4,21553,0.0,-0.0,0.0,0.0,0.0,0.0,0.0,0.0,0.0,0.0,0.0,0.0,0.0,0.0,0.0,0.0,0.0,0.0,0.0,0.0,0.0,2.004,3.697074423243316e+19,-0.0,-0.0,-3.6970880571875e+19,0.0,0.0,0.0,0.0,6593.0,-131351.219,0.0,2.718450016850437e+23,-0.0,-107616232.0,-107616440.0,-0.0,0.0,2.004,2.004,246,-152018421284864.0,152018287067136.0,0.0,0.0,0.0,0.0,0.0,0.0,0.0,0,0,0,-389806332837888.0,-8.17731622487982e+16,0.0,5.772053855582185e+19,-0.0,-1.4602206259840037e+25,-4.6519944600714525e+24,0.0,-0.0,9.012085660336689e+21,-7.758957556066464e+33,-0.0,-0.0,-0.0,0.0,-1771495.5,0,1.3516416376850534e+27,245,0.0,490,0.0,-2678505888284672.0,2050,39322,17150,39322,17152,39322,17144,0,0,0,105,99,100,-0.0,69.2,2.7302353966433104e+23,69.5,0.0,69.5,1,47,48,180,0,26215,0,0,0.0,0.0,0.0,60.0,0.0,74.5,0.0,-0.0,0.0,1270,0,1277,0,0,0,1273,0,1286,0,1243,0,695,0,697,0,692,0,693,0.032,1.3305260699995496e+34,2.004,-0.0,64912,16828,0.0,-0.0,-0.0,-3426134066724864.0,0.0,0.006,70.0,60.0,66,0.0,0.0,10.0,2.0,0.0,0.0,0.0,0.0,0.0,0.0,0.0,0.0,0.0,0.0,0.0,0.0,65.2,69,16,65516,49,65476,0,300,0,0,8,20529,65476,0,0,51118,60.0,0.0,10.0,10.0,2.0,0.0
2026-02-05T14:25:59,ERR,ERR,ERR,ERR,ERR,ERR,ERR,ERR,ERR,ERR,ERR,ERR,ERR,ERR,ERR,ERR,ERR,ERR,ERR,ERR,ERR,ERR,ERR,ERR,ERR,ERR,ERR,ERR,ERR,ERR,ERR,ERR,ERR,ERR,ERR,ERR,ERR,ERR,ERR,ERR,ERR,ERR,ERR,ERR,ERR,ERR,ERR,ERR,ERR,ERR,ERR,ERR,ERR,ERR,ERR,ERR,ERR,ERR,ERR,ERR,ERR,ERR,ERR,ERR,ERR,ERR,ERR,ERR,ERR,ERR,ERR,ERR,ERR,ERR,ERR,ERR,ERR,ERR,ERR,ERR,ERR,ERR,ERR,ERR,ERR,ERR,ERR,ERR,ERR,ERR,ERR,ERR,ERR,ERR,ERR,ERR,ERR,ERR,ERR,ERR,ERR,ERR,ERR,ERR,ERR,ERR,ERR,ERR,ERR,ERR,ERR,ERR,ERR,ERR,ERR,ERR,ERR,ERR,ERR,ERR,ERR,ERR,ERR,ERR,ERR,2.718450016850437e+23,-0.0,2.8364315368646023e+23,-107613408.0,-4.209512871143983e+25,-380991952650240.0,9.462879890089549e+33,119856889856.0,5800,0,8,17276,5800,14723891331072.0,100,0.0,0.0,-107613408.0,0.0,1.9056969178834534e+17,0,0,0,0,nan,0,0,0,0,0,0,0,0,0,0,0,0,0,0,0,0,0,0,0,0,0,0,0,0,0,0,0,0,0,0,0,0,0,10,52,51,61,65476,616,65476,1,0,4,21553,0.0,-0.0,0.0,0.0,0.0,0.0,0.0,0.0,0.0,0.0,0.0,0.0,0.0,0.0,0.0,0.0,0.0,0.0,0.0,0.0,0.0,2.004,3.697074423243316e+19,-0.0,-0.0,-3.6970880571875e+19,0.0,0.0,0.0,0.0,6593.0,-131351.219,0.0,2.718450016850437e+23,-0.0,-107616232.0,-107616440.0,-0.0,0.0,2.004,2.004,246,-152018421284864.0,152018287067136.0,0.0,0.0,0.0,0.0,0.0,0.0,0.0,0,0,0,-389806332837888.0,-8.17731622487982e+16,0.0,5.772053855582185e+19,-0.0,-1.4602206259840037e+25,-4.6519944600714525e+24,0.0,-0.0,9.012085660336689e+21,-7.758957556066464e+33,-0.0,-0.0,-0.0,0.0,-1771495.5,0,1.3516416376850534e+27,245,0.0,490,0.0,-2678505888284672.0,2050,39322,17150,39322,17152,39322,17144,0,0,0,105,99,100,-0.0,69.2,2.7302353966433104e+23,69.5,0.0,69.5,1,47,48,180,0,26215,0,0,0.0,0.0,0.0,60.0,0.0,74.5,0.0,-0.0,0.0,1270,0,1277,0,0,0,1273,0,1286,0,1243,0,695,0,697,0,692,0,693,0.032,1.3305260699995496e+34,2.004,-0.0,64912,16828,0.0,-0.0,-0.0,-3426134066724864.0,0.0,0.006,70.0,60.0,66,0.0,0.0,10.0,2.0,0.0,0.0,0.0,0.0,0.0,0.0,0.0,0.0,0.0,0.0,0.0,0.0,65.2,69,16,65516,49,65476,0,300,0,0,8,20529,65476,0,0,51118,60.0,0.0,10.0,10.0,2.0,0.0
2026-02-05T14:26:00,ERR,ERR,ERR,ERR,ERR,ERR,ERR,ERR,ERR,ERR,ERR,ERR,ERR,ERR,ERR,ERR,ERR,ERR,ERR,ERR,ERR,ERR,ERR,ERR,ERR,ERR,ERR,ERR,ERR,ERR,ERR,ERR,ERR,ERR,ERR,ERR,ERR,ERR,ERR,ERR,ERR,ERR,ERR,ERR,ERR,ERR,ERR,ERR,ERR,ERR,ERR,ERR,ERR,ERR,ERR,ERR,ERR,ERR,ERR,ERR,ERR,ERR,ERR,ERR,ERR,ERR,ERR,ERR,ERR,ERR,ERR,ERR,ERR,ERR,ERR,ERR,ERR,ERR,ERR,ERR,ERR,ERR,ERR,ERR,ERR,ERR,ERR,ERR,ERR,ERR,ERR,ERR,ERR,ERR,ERR,ERR,ERR,ERR,ERR,ERR,ERR,ERR,ERR,ERR,ERR,ERR,ERR,ERR,ERR,ERR,ERR,ERR,ERR,ERR,ERR,ERR,ERR,ERR,ERR,ERR,ERR,ERR,ERR,ERR,ERR,2.718450016850437e+23,-0.0,2.8364315368646023e+23,-107613408.0,-4.209512871143983e+25,-380991952650240.0,9.462879890089549e+33,119856889856.0,5800,0,8,17276,5800,14723891331072.0,100,0.0,0.0,-107613408.0,0.0,1.9056969178834534e+17,0,0,0,0,nan,0,0,0,0,0,0,0,0,0,0,0,0,0,0,0,0,0,0,0,0,0,0,0,0,0,0,0,0,0,0,0,0,0,10,52,51,61,65476,616,65476,1,0,4,21553,0.0,-0.0,0.0,0.0,0.0,0.0,0.0,0.0,0.0,0.0,0.0,0.0,0.0,0.0,0.0,0.0,0.0,0.0,0.0,0.0,0.0,2.004,3.697074423243316e+19,-0.0,-0.0,-3.6970880571875e+19,0.0,0.0,0.0,0.0,6593.0,-131351.219,0.0,2.718450016850437e+23,-0.0,-107616232.0,-107616440.0,-0.0,0.0,2.004,2.004,246,-152018421284864.0,152018287067136.0,0.0,0.0,0.0,0.0,0.0,0.0,0.0,0,0,0,-389806332837888.0,-8.17731622487982e+16,0.0,5.772053855582185e+19,-0.0,-1.4602206259840037e+25,-4.6519944600714525e+24,0.0,-0.0,9.012085660336689e+21,-7.758957556066464e+33,-0.0,-0.0,-0.0,0.0,-1771495.5,0,1.3516416376850534e+27,245,0.0,490,0.0,-2678505888284672.0,2050,39322,17150,39322,17152,39322,17144,0,0,0,105,99,100,-0.0,69.2,2.7302353966433104e+23,69.5,0.0,69.5,1,47,48,180,0,26215,0,0,0.0,0.0,0.0,60.0,0.0,74.5,0.0,-0.0,0.0,1270,0,1277,0,0,0,1273,0,1286,0,1243,0,695,0,697,0,692,0,693,0.032,1.3305260699995496e+34,2.004,-0.0,64912,16828,0.0,-0.0,-0.0,-3426134066724864.0,0.0,0.006,70.0,60.0,66,0.0,0.0,10.0,2.0,0.0,0.0,0.0,0.0,0.0,0.0,0.0,0.0,0.0,0.0,0.0,0.0,65.2,69,16,65516,49,65476,0,300,0,0,8,20529,65476,0,0,55050,60.0,0.0,10.0,10.0,2.0,0.0
2026-02-05T14:26:01,ERR,ERR,ERR,ERR,ERR,ERR,ERR,ERR,ERR,ERR,ERR,ERR,ERR,ERR,ERR,ERR,ERR,ERR,ERR,ERR,ERR,ERR,ERR,ERR,ERR,ERR,ERR,ERR,ERR,ERR,ERR,ERR,ERR,ERR,ERR,ERR,ERR,ERR,ERR,ERR,ERR,ERR,ERR,ERR,ERR,ERR,ERR,ERR,ERR,ERR,ERR,ERR,ERR,ERR,ERR,ERR,ERR,ERR,ERR,ERR,ERR,ERR,ERR,ERR,ERR,ERR,ERR,ERR,ERR,ERR,ERR,ERR,ERR,ERR,ERR,ERR,ERR,ERR,ERR,ERR,ERR,ERR,ERR,ERR,ERR,ERR,ERR,ERR,ERR,ERR,ERR,ERR,ERR,ERR,ERR,ERR,ERR,ERR,ERR,ERR,ERR,ERR,ERR,ERR,ERR,ERR,ERR,ERR,ERR,ERR,ERR,ERR,ERR,ERR,ERR,ERR,ERR,ERR,ERR,ERR,ERR,ERR,ERR,ERR,ERR,2.718450016850437e+23,-0.0,2.8364315368646023e+23,-107613408.0,-4.209512871143983e+25,-125764739072.0,1.2381618771732796e+31,149809398808576.0,5800,0,8,17276,5800,-0.0,100,0.0,0.0,-107613408.0,0.0,1.9056969178834534e+17,0,0,0,0,nan,0,0,0,0,0,0,0,0,0,0,0,0,0,0,0,0,0,0,0,0,0,0,0,0,0,0,0,0,0,0,0,0,0,10,52,51,61,65476,615,65476,1,0,4,21553,0.0,0.0,0.0,0.0,0.0,0.0,0.0,0.0,0.0,0.0,0.0,0.0,0.0,0.0,0.0,0.0,0.0,0.0,0.0,0.0,0.0,2.004,3.697074423243316e+19,-0.0,-0.0,-2.004,0.0,0.0,0.0,0.0,6623.0,131351.219,0.0,2.718450016850437e+23,-0.0,-107616232.0,-107616440.0,-0.0,0.0,2.004,2.004,244,-89221.094,0.0,0.0,0.0,0.0,0.0,0.0,0.0,0.0,0,0,0,-0.63,5.175965463281737e+25,-3.0419167971590597e+27,-2.94292836976664e+20,-0.0,0.0,0.0,0.225,-6.009,1.1457130430432778e+22,-9.340985505151294e+33,-0.0,-0.0,-0.0,0.0,1655838204755968.0,0,1.3516416376850534e+27,243,0.0,486,-30771013632.0,-0.0,2050,39322,17150,39322,17152,39322,17144,0,0,0,105,99,100,2.7302352164993253e+23,69.2,2.7302353966433104e+23,69.5,0.0,69.5,1,47,48,180,0,26215,0,0,0.0,0.0,0.0,60.0,0.0,74.5,0.0,-0.0,0.0,1270,0,1277,0,0,0,1273,0,1286,0,1243,0,695,0,697,0,692,0,693,0.032,1.3305260699995496e+34,2.004,-0.0,528,16829,0.0,-0.0,-0.0,-0.175,0.0,3812.005,70.0,60.0,66,0.0,0.0,10.0,2.0,0.0,0.0,0.0,0.0,0.0,0.0,0.0,0.0,0.0,0.0,0.0,0.0,65.2,69,16,65516,49,65476,0,300,0,0,8,20529,65476,0,0,55050,60.0,0.0,10.0,10.0,2.0,0.0
2026-02-05T14:26:02,ERR,ERR,ERR,ERR,ERR,ERR,ERR,ERR,ERR,ERR,ERR,ERR,ERR,ERR,ERR,ERR,ERR,ERR,ERR,ERR,ERR,ERR,ERR,ERR,ERR,ERR,ERR,ERR,ERR,ERR,ERR,ERR,ERR,ERR,ERR,ERR,ERR,ERR,ERR,ERR,ERR,ERR,ERR,ERR,ERR,ERR,ERR,ERR,ERR,ERR,ERR,ERR,ERR,ERR,ERR,ERR,ERR,ERR,ERR,ERR,ERR,ERR,ERR,ERR,ERR,ERR,ERR,ERR,ERR,ERR,ERR,ERR,ERR,ERR,ERR,ERR,ERR,ERR,ERR,ERR,ERR,ERR,ERR,ERR,ERR,ERR,ERR,ERR,ERR,ERR,ERR,ERR,ERR,ERR,ERR,ERR,ERR,ERR,ERR,ERR,ERR,ERR,ERR,ERR,ERR,ERR,ERR,ERR,ERR,ERR,ERR,ERR,ERR,ERR,ERR,ERR,ERR,ERR,ERR,ERR,ERR,ERR,ERR,ERR,ERR,2.718450016850437e+23,-0.0,2.8364315368646023e+23,-107613408.0,-4.209512871143983e+25,-125764739072.0,1.2381618771732796e+31,149809398808576.0,5800,0,8,17276,5800,-0.0,100,0.0,0.0,-107613408.0,0.0,1.9056969178834534e+17,0,0,0,0,nan,0,0,0,0,0,0,0,0,0,0,0,0,0,0,0,0,0,0,0,0,0,0,0,0,0,0,0,0,0,0,0,0,0,10,52,51,61,65476,615,65476,1,0,4,21553,0.0,0.0,0.0,0.0,0.0,0.0,0.0,0.0,0.0,0.0,0.0,0.0,0.0,0.0,0.0,0.0,0.0,0.0,0.0,0.0,0.0,2.004,3.697074423243316e+19,-0.0,-0.0,-2.004,0.0,0.0,0.0,0.0,6623.0,131351.219,0.0,2.718450016850437e+23,-0.0,-107616232.0,-107616440.0,-0.0,0.0,2.004,2.004,244,-89221.094,0.0,0.0,0.0,0.0,0.0,0.0,0.0,0.0,0,0,0,-0.63,5.175965463281737e+25,-3.0419167971590597e+27,-2.94292836976664e+20,-0.0,0.0,0.0,0.225,-6.009,1.1457130430432778e+22,-9.340985505151294e+33,-0.0,-0.0,-0.0,0.0,1655838204755968.0,0,1.3516416376850534e+27,243,0.0,486,-30771013632.0,-0.0,2050,39322,17150,39322,17152,39322,17144,0,0,0,105,99,100,2.7302352164993253e+23,69.2,2.7302353966433104e+23,69.5,0.0,69.5,1,47,48,180,0,26215,0,0,0.0,0.0,0.0,60.0,0.0,74.5,0.0,-0.0,0.0,1270,0,1277,0,0,0,1273,0,1286,0,1243,0,695,0,697,0,692,0,693,0.032,1.3305260699995496e+34,2.004,-0.0,528,16829,0.0,-0.0,-0.0,-0.175,0.0,3812.005,70.0,60.0,66,0.0,0.0,10.0,2.0,0.0,0.0,0.0,0.0,0.0,0.0,0.0,0.0,0.0,0.0,0.0,0.0,65.2,69,16,65516,49,65476,0,300,0,0,8,20529,65476,0,0,56361,60.0,0.0,10.0,10.0,2.0,0.0
2026-02-05T14:26:03,ERR,ERR,ERR,ERR,ERR,ERR,ERR,ERR,ERR,ERR,ERR,ERR,ERR,ERR,ERR,ERR,ERR,ERR,ERR,ERR,ERR,ERR,ERR,ERR,ERR,ERR,ERR,ERR,ERR,ERR,ERR,ERR,ERR,ERR,ERR,ERR,ERR,ERR,ERR,ERR,ERR,ERR,ERR,ERR,ERR,ERR,ERR,ERR,ERR,ERR,ERR,ERR,ERR,ERR,ERR,ERR,ERR,ERR,ERR,ERR,ERR,ERR,ERR,ERR,ERR,ERR,ERR,ERR,ERR,ERR,ERR,ERR,ERR,ERR,ERR,ERR,ERR,ERR,ERR,ERR,ERR,ERR,ERR,ERR,ERR,ERR,ERR,ERR,ERR,ERR,ERR,ERR,ERR,ERR,ERR,ERR,ERR,ERR,ERR,ERR,ERR,ERR,ERR,ERR,ERR,ERR,ERR,ERR,ERR,ERR,ERR,ERR,ERR,ERR,ERR,ERR,ERR,ERR,ERR,ERR,ERR,ERR,ERR,ERR,ERR,2.718450016850437e+23,-0.0,2.8364315368646023e+23,-107613408.0,-4.209512871143983e+25,-125764739072.0,1.2381618771732796e+31,149809398808576.0,5800,0,8,17276,5800,-0.0,100,0.0,0.0,-107613408.0,0.0,1.9056969178834534e+17,0,0,0,0,nan,0,0,0,0,0,0,0,0,0,0,0,0,0,0,0,0,0,0,0,0,0,0,0,0,0,0,0,0,0,0,0,0,0,10,52,51,61,65476,615,65476,1,0,4,21553,0.0,0.0,0.0,0.0,0.0,0.0,0.0,0.0,0.0,0.0,0.0,0.0,0.0,0.0,0.0,0.0,0.0,0.0,0.0,0.0,0.0,2.004,3.697074423243316e+19,-0.0,-0.0,-2.004,0.0,0.0,0.0,0.0,6623.0,131351.219,0.0,2.718450016850437e+23,-0.0,-107616232.0,-107616440.0,-0.0,0.0,2.004,2.004,244,-89221.094,0.0,0.0,0.0,0.0,0.0,0.0,0.0,0.0,0,0,0,-0.63,5.175965463281737e+25,-3.0419167971590597e+27,-2.94292836976664e+20,-0.0,0.0,0.0,0.225,-6.009,1.1457130430432778e+22,-9.340985505151294e+33,-0.0,-0.0,-0.0,0.0,1655838204755968.0,0,1.3516416376850534e+27,243,0.0,486,-30771013632.0,-0.0,2050,39322,17150,39322,17152,39322,17144,0,0,0,105,99,100,2.7302352164993253e+23,69.2,2.7302353966433104e+23,69.5,0.0,69.5,1,47,48,180,0,26215,0,0,0.0,0.0,0.0,60.0,0.0,74.5,0.0,-0.0,0.0,1270,0,1277,0,0,0,1273,0,1286,0,1243,0,695,0,697,0,692,0,693,0.032,1.3305260699995496e+34,2.004,-0.0,528,16829,0.0,-0.0,-0.0,-0.175,0.0,3812.005,70.0,60.0,66,0.0,0.0,10.0,2.0,0.0,0.0,0.0,0.0,0.0,0.0,0.0,0.0,0.0,0.0,0.0,0.0,65.2,69,16,65516,49,65476,0,300,0,0,8,20529,65476,0,0,56361,60.0,0.0,10.0,10.0,2.0,0.0
2026-02-05T14:26:04,ERR,ERR,ERR,ERR,ERR,ERR,ERR,ERR,ERR,ERR,ERR,ERR,ERR,ERR,ERR,ERR,ERR,ERR,ERR,ERR,ERR,ERR,ERR,ERR,ERR,ERR,ERR,ERR,ERR,ERR,ERR,ERR,ERR,ERR,ERR,ERR,ERR,ERR,ERR,ERR,ERR,ERR,ERR,ERR,ERR,ERR,ERR,ERR,ERR,ERR,ERR,ERR,ERR,ERR,ERR,ERR,ERR,ERR,ERR,ERR,ERR,ERR,ERR,ERR,ERR,ERR,ERR,ERR,ERR,ERR,ERR,ERR,ERR,ERR,ERR,ERR,ERR,ERR,ERR,ERR,ERR,ERR,ERR,ERR,ERR,ERR,ERR,ERR,ERR,ERR,ERR,ERR,ERR,ERR,ERR,ERR,ERR,ERR,ERR,ERR,ERR,ERR,ERR,ERR,ERR,ERR,ERR,ERR,ERR,ERR,ERR,ERR,ERR,ERR,ERR,ERR,ERR,ERR,ERR,ERR,ERR,ERR,ERR,ERR,ERR,2.718450016850437e+23,-0.0,2.8364315368646023e+23,-107613408.0,-4.209512871143983e+25,-125764739072.0,1.2381618771732796e+31,149809398808576.0,5800,0,8,17276,5800,-0.0,100,0.0,0.0,-107613408.0,0.0,1.9056969178834534e+17,0,0,0,0,nan,0,0,0,0,0,0,0,0,0,0,0,0,0,0,0,0,0,0,0,0,0,0,0,0,0,0,0,0,0,0,0,0,0,10,52,51,61,65476,615,65476,1,0,4,21553,0.0,0.0,0.0,0.0,0.0,0.0,0.0,0.0,0.0,0.0,0.0,0.0,0.0,0.0,0.0,0.0,0.0,0.0,0.0,0.0,0.0,2.004,3.697074423243316e+19,-0.0,-0.0,-2.004,0.0,0.0,0.0,0.0,6623.0,131351.219,0.0,2.718450016850437e+23,-0.0,-107616232.0,-107616440.0,-0.0,0.0,2.004,2.004,244,-89221.094,0.0,0.0,0.0,0.0,0.0,0.0,0.0,0.0,0,0,0,-0.63,5.175965463281737e+25,-3.0419167971590597e+27,-2.94292836976664e+20,-0.0,0.0,0.0,0.225,-6.009,1.1457130430432778e+22,-9.340985505151294e+33,-0.0,-0.0,-0.0,0.0,1655838204755968.0,0,1.3516416376850534e+27,243,0.0,486,-30771013632.0,-0.0,2050,39322,17150,39322,17152,39322,17144,0,0,0,105,99,100,2.7302352164993253e+23,69.2,2.7302353966433104e+23,69.5,0.0,69.5,1,47,48,180,0,26215,0,0,0.0,0.0,0.0,60.0,0.0,74.5,0.0,-0.0,0.0,1270,0,1277,0,0,0,1273,0,1286,0,1243,0,695,0,697,0,692,0,693,0.032,1.3305260699995496e+34,2.004,-0.0,528,16829,0.0,-0.0,-0.0,-0.175,0.0,3812.005,70.0,60.0,66,0.0,0.0,10.0,2.0,0.0,0.0,0.0,0.0,0.0,0.0,0.0,0.0,0.0,0.0,0.0,0.0,65.6,69,16,65516,49,65476,0,300,0,0,8,20529,65476,0,0,49807,60.0,0.0,10.0,10.0,2.0,0.0
2026-02-05T14:26:05,ERR,ERR,ERR,ERR,ERR,ERR,ERR,ERR,ERR,ERR,ERR,ERR,ERR,ERR,ERR,ERR,ERR,ERR,ERR,ERR,ERR,ERR,ERR,ERR,ERR,ERR,ERR,ERR,ERR,ERR,ERR,ERR,ERR,ERR,ERR,ERR,ERR,ERR,ERR,ERR,ERR,ERR,ERR,ERR,ERR,ERR,ERR,ERR,ERR,ERR,ERR,ERR,ERR,ERR,ERR,ERR,ERR,ERR,ERR,ERR,ERR,ERR,ERR,ERR,ERR,ERR,ERR,ERR,ERR,ERR,ERR,ERR,ERR,ERR,ERR,ERR,ERR,ERR,ERR,ERR,ERR,ERR,ERR,ERR,ERR,ERR,ERR,ERR,ERR,ERR,ERR,ERR,ERR,ERR,ERR,ERR,ERR,ERR,ERR,ERR,ERR,ERR,ERR,ERR,ERR,ERR,ERR,ERR,ERR,ERR,ERR,ERR,ERR,ERR,ERR,ERR,ERR,ERR,ERR,ERR,ERR,ERR,ERR,ERR,ERR,2.718450016850437e+23,-0.0,2.8364315368646023e+23,-107613408.0,-4.209512871143983e+25,-125764739072.0,1.2381618771732796e+31,149809398808576.0,5800,0,8,17276,5800,-0.0,100,0.0,0.0,-107613408.0,0.0,1.9056969178834534e+17,0,0,0,0,nan,0,0,0,0,0,0,0,0,0,0,0,0,0,0,0,0,0,0,0,0,0,0,0,0,0,0,0,0,0,0,0,0,0,10,52,51,61,65476,615,65476,1,0,4,21553,0.0,0.0,0.0,0.0,0.0,0.0,0.0,0.0,0.0,0.0,0.0,0.0,0.0,0.0,0.0,0.0,0.0,0.0,0.0,0.0,0.0,2.004,3.697074423243316e+19,-0.0,-0.0,-2.004,0.0,0.0,0.0,0.0,6623.0,131351.219,0.0,2.718450016850437e+23,-0.0,-107616232.0,-107616440.0,-0.0,0.0,2.004,2.004,244,-89221.094,0.0,0.0,0.0,0.0,0.0,0.0,0.0,0.0,0,0,0,-0.63,5.175965463281737e+25,-3.0419167971590597e+27,-2.94292836976664e+20,-0.0,0.0,0.0,0.225,-6.009,1.1457130430432778e+22,-9.340985505151294e+33,-0.0,-0.0,-0.0,0.0,1655838204755968.0,0,1.3516416376850534e+27,243,0.0,486,-30771013632.0,-0.0,2050,39322,17150,39322,17152,39322,17144,0,0,0,105,99,100,-0.0,69.2,2.7302353966433104e+23,69.5,0.0,69.5,1,47,48,180,0,26215,0,0,0.0,0.0,0.0,60.0,0.0,74.5,0.0,-0.0,0.0,1270,0,1277,0,0,0,1273,0,1286,0,1243,0,695,0,697,0,693,0,692,0.032,1.3305260699995496e+34,2.004,-0.0,23056,16829,0.0,-0.0,-19360.092,-0.0,0.0,1.7539430961119232e+16,70.0,60.0,66,0.0,0.0,10.0,2.0,0.0,0.0,0.0,0.0,0.0,0.0,0.0,0.0,0.0,0.0,0.0,0.0,65.6,69,16,65516,49,65476,0,300,0,0,8,20529,65476,0,0,49807,60.0,0.0,10.0,10.0,2.0,0.0
2026-02-05T14:26:06,ERR,ERR,ERR,ERR,ERR,ERR,ERR,ERR,ERR,ERR,ERR,ERR,ERR,ERR,ERR,ERR,ERR,ERR,ERR,ERR,ERR,ERR,ERR,ERR,ERR,ERR,ERR,ERR,ERR,ERR,ERR,ERR,ERR,ERR,ERR,ERR,ERR,ERR,ERR,ERR,ERR,ERR,ERR,ERR,ERR,ERR,ERR,ERR,ERR,ERR,ERR,ERR,ERR,ERR,ERR,ERR,ERR,ERR,ERR,ERR,ERR,ERR,ERR,ERR,ERR,ERR,ERR,ERR,ERR,ERR,ERR,ERR,ERR,ERR,ERR,ERR,ERR,ERR,ERR,ERR,ERR,ERR,ERR,ERR,ERR,ERR,ERR,ERR,ERR,ERR,ERR,ERR,ERR,ERR,ERR,ERR,ERR,ERR,ERR,ERR,ERR,ERR,ERR,ERR,ERR,ERR,ERR,ERR,ERR,ERR,ERR,ERR,ERR,ERR,ERR,ERR,ERR,ERR,ERR,ERR,ERR,ERR,ERR,ERR,ERR,2.718450016850437e+23,-0.0,2.8364315368646023e+23,-107613408.0,-4.209512871143983e+25,-125764739072.0,1.2381618771732796e+31,149809398808576.0,5800,0,8,17276,5800,-0.0,100,0.0,0.0,-107613408.0,0.0,1.9056969178834534e+17,0,0,0,0,nan,0,0,0,0,0,0,0,0,0,0,0,0,0,0,0,0,0,0,0,0,0,0,0,0,0,0,0,0,0,0,0,0,0,10,52,51,61,65476,615,65476,1,0,4,21553,0.0,0.0,0.0,0.0,0.0,0.0,0.0,0.0,0.0,0.0,0.0,0.0,0.0,0.0,0.0,0.0,0.0,0.0,0.0,0.0,0.0,2.004,3.697074423243316e+19,-0.0,-0.0,-2.004,0.0,0.0,0.0,0.0,6623.0,131351.219,0.0,2.718450016850437e+23,-0.0,-107616232.0,-107616440.0,-0.0,0.0,2.004,2.004,244,-89221.094,0.0,0.0,0.0,0.0,0.0,0.0,0.0,0.0,0,0,0,-0.63,5.175965463281737e+25,-3.0419167971590597e+27,-2.94292836976664e+20,-0.0,0.0,0.0,0.225,-6.009,1.1457130430432778e+22,-9.340985505151294e+33,-0.0,-0.0,-0.0,0.0,1655838204755968.0,0,1.3516416376850534e+27,243,0.0,486,-30771013632.0,-0.0,2050,39322,17150,39322,17152,39322,17144,0,0,0,105,99,100,-0.0,69.2,2.7302353966433104e+23,69.5,0.0,69.5,1,47,48,180,0,26215,0,0,0.0,0.0,0.0,60.0,0.0,74.5,0.0,-0.0,0.0,1270,0,1277,0,0,0,1273,0,1286,0,1243,0,695,0,697,0,693,0,692,0.032,1.3305260699995496e+34,2.004,-0.0,23056,16829,0.0,-0.0,-19360.092,-0.0,0.0,1.7539430961119232e+16,70.0,60.0,66,0.0,0.0,10.0,2.0,0.0,0.0,0.0,0.0,0.0,0.0,0.0,0.0,0.0,0.0,0.0,0.0,65.2,69,16,65516,49,65476,0,300,0,0,8,20529,65476,0,0,43254,60.0,0.0,10.0,10.0,2.0,0.0
2026-02-05T14:26:07,ERR,ERR,ERR,ERR,ERR,ERR,ERR,ERR,ERR,ERR,ERR,ERR,ERR,ERR,ERR,ERR,ERR,ERR,ERR,ERR,ERR,ERR,ERR,ERR,ERR,ERR,ERR,ERR,ERR,ERR,ERR,ERR,ERR,ERR,ERR,ERR,ERR,ERR,ERR,ERR,ERR,ERR,ERR,ERR,ERR,ERR,ERR,ERR,ERR,ERR,ERR,ERR,ERR,ERR,ERR,ERR,ERR,ERR,ERR,ERR,ERR,ERR,ERR,ERR,ERR,ERR,ERR,ERR,ERR,ERR,ERR,ERR,ERR,ERR,ERR,ERR,ERR,ERR,ERR,ERR,ERR,ERR,ERR,ERR,ERR,ERR,ERR,ERR,ERR,ERR,ERR,ERR,ERR,ERR,ERR,ERR,ERR,ERR,ERR,ERR,ERR,ERR,ERR,ERR,ERR,ERR,ERR,ERR,ERR,ERR,ERR,ERR,ERR,ERR,ERR,ERR,ERR,ERR,ERR,ERR,ERR,ERR,ERR,ERR,ERR,2.718450016850437e+23,-0.0,2.8364315368646023e+23,-107613408.0,-4.209512871143983e+25,-0.0,0.124,-0.0,5800,0,8,17276,5800,14723891331072.0,100,0.0,0.0,-107613408.0,0.0,1.9056969178834534e+17,0,0,0,0,nan,0,0,0,0,0,0,0,0,0,0,0,0,0,0,0,0,0,0,0,0,0,0,0,0,0,0,0,0,0,0,0,0,0,10,52,51,61,65476,615,65476,1,0,4,21553,0.0,-0.0,0.0,0.0,0.0,0.0,0.0,0.0,0.0,0.0,0.0,0.0,0.0,0.0,0.0,0.0,0.0,0.0,0.0,0.0,0.0,2.004,3.697074423243316e+19,-0.0,-0.0,-0.0,0.0,0.0,0.0,0.0,6590.0,-0.0,0.0,2.718450016850437e+23,-0.0,-107616232.0,-0.0,-0.0,0.0,2.004,2.004,244,-71.63,-0.0,0.0,0.0,0.0,0.0,0.0,0.0,0.0,0,0,0,-535326144.0,-2674824.5,-3.911042148358629e+32,0.0,7.219815258057865e+37,2.072480419361587e+16,-3.625839703707615e+18,-0.0,2.69812319840478e+31,1.4703757387405659e+22,-1.1867081383475627e+34,-0.0,-0.0,-0.0,0.0,-0.0,0,1.3516416376850534e+27,244,0.0,490,-0.001,304.512,2050,39322,17150,39322,17152,39322,17144,0,0,0,105,99,100,-0.0,69.2,2.7302353966433104e+23,69.5,0.0,69.5,1,47,48,180,0,26215,0,0,0.0,0.0,0.0,60.0,0.0,74.5,0.0,-0.0,0.0,1270,0,1277,0,0,0,1273,0,1286,0,1243,0,695,0,697,0,693,0,692,0.032,1.3305260699995496e+34,2.004,-0.0,23056,16829,0.0,-0.0,-19360.092,-0.0,0.0,1.7539430961119232e+16,70.0,60.0,66,0.0,0.0,10.0,2.0,0.0,0.0,0.0,0.0,0.0,0.0,0.0,0.0,0.0,0.0,0.0,0.0,65.2,69,16,65516,49,65476,0,300,0,0,8,20529,65476,0,0,43254,60.0,0.0,10.0,10.0,2.0,0.0
2026-02-05T14:26:08,ERR,ERR,ERR,ERR,ERR,ERR,ERR,ERR,ERR,ERR,ERR,ERR,ERR,ERR,ERR,ERR,ERR,ERR,ERR,ERR,ERR,ERR,ERR,ERR,ERR,ERR,ERR,ERR,ERR,ERR,ERR,ERR,ERR,ERR,ERR,ERR,ERR,ERR,ERR,ERR,ERR,ERR,ERR,ERR,ERR,ERR,ERR,ERR,ERR,ERR,ERR,ERR,ERR,ERR,ERR,ERR,ERR,ERR,ERR,ERR,ERR,ERR,ERR,ERR,ERR,ERR,ERR,ERR,ERR,ERR,ERR,ERR,ERR,ERR,ERR,ERR,ERR,ERR,ERR,ERR,ERR,ERR,ERR,ERR,ERR,ERR,ERR,ERR,ERR,ERR,ERR,ERR,ERR,ERR,ERR,ERR,ERR,ERR,ERR,ERR,ERR,ERR,ERR,ERR,ERR,ERR,ERR,ERR,ERR,ERR,ERR,ERR,ERR,ERR,ERR,ERR,ERR,ERR,ERR,ERR,ERR,ERR,ERR,ERR,ERR,2.718450016850437e+23,-0.0,2.8364315368646023e+23,-107613408.0,-4.209512871143983e+25,-0.0,0.124,-0.0,5800,0,8,17276,5800,14723891331072.0,100,0.0,0.0,-107613408.0,0.0,1.9056969178834534e+17,0,0,0,0,nan,0,0,0,0,0,0,0,0,0,0,0,0,0,0,0,0,0,0,0,0,0,0,0,0,0,0,0,0,0,0,0,0,0,10,52,51,61,65476,615,65476,1,0,4,21553,0.0,-0.0,0.0,0.0,0.0,0.0,0.0,0.0,0.0,0.0,0.0,0.0,0.0,0.0,0.0,0.0,0.0,0.0,0.0,0.0,0.0,2.004,3.697074423243316e+19,-0.0,-0.0,-0.0,0.0,0.0,0.0,0.0,6590.0,-0.0,0.0,2.718450016850437e+23,-0.0,-107616232.0,-0.0,-0.0,0.0,2.004,2.004,244,-71.63,-0.0,0.0,0.0,0.0,0.0,0.0,0.0,0.0,0,0,0,-535326144.0,-2674824.5,-3.911042148358629e+32,0.0,7.219815258057865e+37,2.072480419361587e+16,-3.625839703707615e+18,-0.0,2.69812319840478e+31,1.4703757387405659e+22,-1.1867081383475627e+34,-0.0,-0.0,-0.0,0.0,-0.0,0,1.3516416376850534e+27,244,0.0,490,-0.001,304.512,2050,39322,17150,39322,17152,39322,17144,0,0,0,105,99,100,-0.0,69.2,2.7302353966433104e+23,69.5,0.0,69.5,1,47,48,180,0,26215,0,0,0.0,0.0,0.0,60.0,0.0,74.5,0.0,-0.0,0.0,1270,0,1277,0,0,0,1273,0,1286,0,1243,0,695,0,697,0,693,0,692,0.032,1.3305260699995496e+34,2.004,-0.0,23056,16829,0.0,-0.0,-19360.092,-0.0,0.0,1.7539430961119232e+16,70.0,60.0,66,0.0,0.0,10.0,2.0,0.0,0.0,0.0,0.0,0.0,0.0,0.0,0.0,0.0,0.0,0.0,0.0,65.2,69,16,65516,49,65476,0,300,0,0,8,20529,65476,0,0,40632,60.0,0.0,10.0,10.0,2.0,0.0
2026-02-05T14:26:09,ERR,ERR,ERR,ERR,ERR,ERR,ERR,ERR,ERR,ERR,ERR,ERR,ERR,ERR,ERR,ERR,ERR,ERR,ERR,ERR,ERR,ERR,ERR,ERR,ERR,ERR,ERR,ERR,ERR,ERR,ERR,ERR,ERR,ERR,ERR,ERR,ERR,ERR,ERR,ERR,ERR,ERR,ERR,ERR,ERR,ERR,ERR,ERR,ERR,ERR,ERR,ERR,ERR,ERR,ERR,ERR,ERR,ERR,ERR,ERR,ERR,ERR,ERR,ERR,ERR,ERR,ERR,ERR,ERR,ERR,ERR,ERR,ERR,ERR,ERR,ERR,ERR,ERR,ERR,ERR,ERR,ERR,ERR,ERR,ERR,ERR,ERR,ERR,ERR,ERR,ERR,ERR,ERR,ERR,ERR,ERR,ERR,ERR,ERR,ERR,ERR,ERR,ERR,ERR,ERR,ERR,ERR,ERR,ERR,ERR,ERR,ERR,ERR,ERR,ERR,ERR,ERR,ERR,ERR,ERR,ERR,ERR,ERR,ERR,ERR,2.718450016850437e+23,-0.0,2.8364315368646023e+23,-107613408.0,-4.209512871143983e+25,-0.0,0.124,-0.0,5800,0,8,17276,5800,14723891331072.0,100,0.0,0.0,-107613408.0,0.0,1.9056969178834534e+17,0,0,0,0,nan,0,0,0,0,0,0,0,0,0,0,0,0,0,0,0,0,0,0,0,0,0,0,0,0,0,0,0,0,0,0,0,0,0,10,52,51,61,65476,615,65476,1,0,4,21553,0.0,-0.0,0.0,0.0,0.0,0.0,0.0,0.0,0.0,0.0,0.0,0.0,0.0,0.0,0.0,0.0,0.0,0.0,0.0,0.0,0.0,2.004,3.697074423243316e+19,-0.0,-0.0,-0.0,0.0,0.0,0.0,0.0,6590.0,-0.0,0.0,2.718450016850437e+23,-0.0,-107616232.0,-0.0,-0.0,0.0,2.004,2.004,244,-71.63,-0.0,0.0,0.0,0.0,0.0,0.0,0.0,0.0,0,0,0,-535326144.0,-2674824.5,-3.911042148358629e+32,0.0,7.219815258057865e+37,2.072480419361587e+16,-3.625839703707615e+18,-0.0,2.69812319840478e+31,1.4703757387405659e+22,-1.1867081383475627e+34,-0.0,-0.0,-0.0,0.0,-0.0,0,1.3516416376850534e+27,244,0.0,490,-0.001,304.512,2050,52429,17150,39322,17152,39322,17144,0,0,0,105,99,100,2.7302352164993253e+23,69.2,2.7302353966433104e+23,69.5,0.0,69.5,1,47,48,180,0,26215,0,0,0.0,0.0,0.0,60.0,0.0,74.5,0.0,-0.001,0.0,1270,0,1277,0,0,0,1274,0,1286,0,1243,0,695,0,697,0,693,0,692,0.032,1.3305260699995496e+34,0.0,2.7302352164993253e+23,5904,16829,0.013,-0.0,0.0,-47.938,-0.0,-0.0,70.0,60.0,66,0.0,0.0,10.0,2.0,0.0,0.0,0.0,0.0,0.0,0.0,0.0,0.0,0.0,0.0,0.0,0.0,65.2,69,16,65516,49,65476,0,300,0,0,8,20529,65476,0,0,40632,60.0,0.0,10.0,10.0,2.0,0.0
2026-02-05T14:26:10,ERR,ERR,ERR,ERR,ERR,ERR,ERR,ERR,ERR,ERR,ERR,ERR,ERR,ERR,ERR,ERR,ERR,ERR,ERR,ERR,ERR,ERR,ERR,ERR,ERR,ERR,ERR,ERR,ERR,ERR,ERR,ERR,ERR,ERR,ERR,ERR,ERR,ERR,ERR,ERR,ERR,ERR,ERR,ERR,ERR,ERR,ERR,ERR,ERR,ERR,ERR,ERR,ERR,ERR,ERR,ERR,ERR,ERR,ERR,ERR,ERR,ERR,ERR,ERR,ERR,ERR,ERR,ERR,ERR,ERR,ERR,ERR,ERR,ERR,ERR,ERR,ERR,ERR,ERR,ERR,ERR,ERR,ERR,ERR,ERR,ERR,ERR,ERR,ERR,ERR,ERR,ERR,ERR,ERR,ERR,ERR,ERR,ERR,ERR,ERR,ERR,ERR,ERR,ERR,ERR,ERR,ERR,ERR,ERR,ERR,ERR,ERR,ERR,ERR,ERR,ERR,ERR,ERR,ERR,ERR,ERR,ERR,ERR,ERR,ERR,2.718450016850437e+23,-0.0,2.8364315368646023e+23,-107613408.0,-4.209512871143983e+25,-0.0,0.124,-0.0,5800,0,8,17276,5800,14723891331072.0,100,0.0,0.0,-107613408.0,0.0,1.9056969178834534e+17,0,0,0,0,nan,0,0,0,0,0,0,0,0,0,0,0,0,0,0,0,0,0,0,0,0,0,0,0,0,0,0,0,0,0,0,0,0,0,10,52,51,61,65476,615,65476,1,0,4,21553,0.0,-0.0,0.0,0.0,0.0,0.0,0.0,0.0,0.0,0.0,0.0,0.0,0.0,0.0,0.0,0.0,0.0,0.0,0.0,0.0,0.0,2.004,3.697074423243316e+19,-0.0,-0.0,-0.0,0.0,0.0,0.0,0.0,6590.0,-0.0,0.0,2.718450016850437e+23,-0.0,-107616232.0,-0.0,-0.0,0.0,2.004,2.004,244,-71.63,-0.0,0.0,0.0,0.0,0.0,0.0,0.0,0.0,0,0,0,-535326144.0,-2674824.5,-3.911042148358629e+32,0.0,7.219815258057865e+37,2.072480419361587e+16,-3.625839703707615e+18,-0.0,2.69812319840478e+31,1.4703757387405659e+22,-1.1867081383475627e+34,-0.0,-0.0,-0.0,0.0,-0.0,0,1.3516416376850534e+27,244,0.0,490,-0.001,304.512,2050,52429,17150,39322,17152,39322,17144,0,0,0,105,99,100,2.7302352164993253e+23,69.2,2.7302353966433104e+23,69.5,0.0,69.5,1,47,48,180,0,26215,0,0,0.0,0.0,0.0,60.0,0.0,74.5,0.0,-0.001,0.0,1270,0,1277,0,0,0,1274,0,1286,0,1243,0,695,0,697,0,693,0,692,0.032,1.3305260699995496e+34,0.0,2.7302352164993253e+23,5904,16829,0.013,-0.0,0.0,-47.938,-0.0,-0.0,70.0,60.0,66,0.0,0.0,10.0,2.0,0.0,0.0,0.0,0.0,0.0,0.0,0.0,0.0,0.0,0.0,0.0,0.0,65.2,69,16,65516,49,65476,0,300,0,0,8,20529,65476,0,0,43254,60.0,0.0,10.0,10.0,2.0,0.0
2026-02-05T14:26:11,ERR,ERR,ERR,ERR,ERR,ERR,ERR,ERR,ERR,ERR,ERR,ERR,ERR,ERR,ERR,ERR,ERR,ERR,ERR,ERR,ERR,ERR,ERR,ERR,ERR,ERR,ERR,ERR,ERR,ERR,ERR,ERR,ERR,ERR,ERR,ERR,ERR,ERR,ERR,ERR,ERR,ERR,ERR,ERR,ERR,ERR,ERR,ERR,ERR,ERR,ERR,ERR,ERR,ERR,ERR,ERR,ERR,ERR,ERR,ERR,ERR,ERR,ERR,ERR,ERR,ERR,ERR,ERR,ERR,ERR,ERR,ERR,ERR,ERR,ERR,ERR,ERR,ERR,ERR,ERR,ERR,ERR,ERR,ERR,ERR,ERR,ERR,ERR,ERR,ERR,ERR,ERR,ERR,ERR,ERR,ERR,ERR,ERR,ERR,ERR,ERR,ERR,ERR,ERR,ERR,ERR,ERR,ERR,ERR,ERR,ERR,ERR,ERR,ERR,ERR,ERR,ERR,ERR,ERR,ERR,ERR,ERR,ERR,ERR,ERR,2.718450016850437e+23,-0.0,2.8364315368646023e+23,-107613408.0,-4.209512871143983e+25,-0.0,0.124,-0.0,5800,0,8,17276,5800,14723891331072.0,100,0.0,0.0,-107613408.0,0.0,1.9056969178834534e+17,0,0,0,0,nan,0,0,0,0,0,0,0,0,0,0,0,0,0,0,0,0,0,0,0,0,0,0,0,0,0,0,0,0,0,0,0,0,0,10,52,51,61,65476,615,65476,1,0,4,21553,0.0,-0.0,0.0,0.0,0.0,0.0,0.0,0.0,0.0,0.0,0.0,0.0,0.0,0.0,0.0,0.0,0.0,0.0,0.0,0.0,0.0,2.004,3.697074423243316e+19,-0.0,-0.0,-0.0,0.0,0.0,0.0,0.0,6590.0,-0.0,0.0,2.718450016850437e+23,-0.0,-107616232.0,-0.0,-0.0,0.0,2.004,2.004,244,-71.63,-0.0,0.0,0.0,0.0,0.0,0.0,0.0,0.0,0,0,0,-535326144.0,-2674824.5,-3.911042148358629e+32,0.0,7.219815258057865e+37,2.072480419361587e+16,-3.625839703707615e+18,-0.0,2.69812319840478e+31,1.4703757387405659e+22,-1.1867081383475627e+34,-0.0,-0.0,-0.0,0.0,-0.0,0,1.3516416376850534e+27,244,0.0,490,-0.001,304.512,2050,52429,17150,39322,17152,39322,17144,0,0,0,105,99,100,2.7302352164993253e+23,69.2,2.7302353966433104e+23,69.5,0.0,69.5,1,47,48,180,0,26215,0,0,0.0,0.0,0.0,60.0,0.0,74.5,0.0,-0.001,0.0,1270,0,1277,0,0,0,1274,0,1286,0,1243,0,695,0,697,0,693,0,692,0.032,1.3305260699995496e+34,0.0,2.7302352164993253e+23,5904,16829,0.013,-0.0,0.0,-47.938,-0.0,-0.0,70.0,60.0,66,0.0,0.0,10.0,2.0,0.0,0.0,0.0,0.0,0.0,0.0,0.0,0.0,0.0,0.0,0.0,0.0,65.2,69,16,65516,49,65476,0,300,0,0,8,20529,65476,0,0,43254,60.0,0.0,10.0,10.0,2.0,0.0
2026-02-05T14:26:12,ERR,ERR,ERR,ERR,ERR,ERR,ERR,ERR,ERR,ERR,ERR,ERR,ERR,ERR,ERR,ERR,ERR,ERR,ERR,ERR,ERR,ERR,ERR,ERR,ERR,ERR,ERR,ERR,ERR,ERR,ERR,ERR,ERR,ERR,ERR,ERR,ERR,ERR,ERR,ERR,ERR,ERR,ERR,ERR,ERR,ERR,ERR,ERR,ERR,ERR,ERR,ERR,ERR,ERR,ERR,ERR,ERR,ERR,ERR,ERR,ERR,ERR,ERR,ERR,ERR,ERR,ERR,ERR,ERR,ERR,ERR,ERR,ERR,ERR,ERR,ERR,ERR,ERR,ERR,ERR,ERR,ERR,ERR,ERR,ERR,ERR,ERR,ERR,ERR,ERR,ERR,ERR,ERR,ERR,ERR,ERR,ERR,ERR,ERR,ERR,ERR,ERR,ERR,ERR,ERR,ERR,ERR,ERR,ERR,ERR,ERR,ERR,ERR,ERR,ERR,ERR,ERR,ERR,ERR,ERR,ERR,ERR,ERR,ERR,ERR,2.718450016850437e+23,-0.0,2.8364315368646023e+23,-107613408.0,-4.209512871143983e+25,-0.0,0.124,-0.0,5800,0,8,17276,5800,14723891331072.0,100,0.0,0.0,-107613408.0,0.0,1.9056969178834534e+17,0,0,0,0,nan,0,0,0,0,0,0,0,0,0,0,0,0,0,0,0,0,0,0,0,0,0,0,0,0,0,0,0,0,0,0,0,0,0,10,52,51,61,65476,615,65476,1,0,4,21553,0.0,-0.0,0.0,0.0,0.0,0.0,0.0,0.0,0.0,0.0,0.0,0.0,0.0,0.0,0.0,0.0,0.0,0.0,0.0,0.0,0.0,2.004,3.697074423243316e+19,-0.0,-0.0,-0.0,0.0,0.0,0.0,0.0,6590.0,-0.0,0.0,2.718450016850437e+23,-0.0,-107616232.0,-0.0,-0.0,0.0,2.004,2.004,244,-71.63,-0.0,0.0,0.0,0.0,0.0,0.0,0.0,0.0,0,0,0,-535326144.0,-2674824.5,-3.911042148358629e+32,0.0,7.219815258057865e+37,2.072480419361587e+16,-3.625839703707615e+18,-0.0,2.69812319840478e+31,1.4703757387405659e+22,-1.1867081383475627e+34,-0.0,-0.0,-0.0,0.0,-0.0,0,1.3516416376850534e+27,244,0.0,490,-0.001,304.512,2050,52429,17150,39322,17152,39322,17144,0,0,0,105,99,100,2.7302352164993253e+23,69.2,2.7302353966433104e+23,69.5,0.0,69.5,1,47,48,180,0,26215,0,0,0.0,0.0,0.0,60.0,0.0,74.5,0.0,-0.001,0.0,1270,0,1277,0,0,0,1274,0,1286,0,1243,0,695,0,697,0,693,0,692,0.032,1.3305260699995496e+34,0.0,2.7302352164993253e+23,5904,16829,0.013,-0.0,0.0,-47.938,-0.0,-0.0,70.0,60.0,66,0.0,0.0,10.0,2.0,0.0,0.0,0.0,0.0,0.0,0.0,0.0,0.0,0.0,0.0,0.0,0.0,65.2,69,16,65516,49,65476,0,300,0,0,8,20529,65476,0,0,45875,60.0,0.0,10.0,10.0,2.0,0.0
2026-02-05T14:26:13,ERR,ERR,ERR,ERR,ERR,ERR,ERR,ERR,ERR,ERR,ERR,ERR,ERR,ERR,ERR,ERR,ERR,ERR,ERR,ERR,ERR,ERR,ERR,ERR,ERR,ERR,ERR,ERR,ERR,ERR,ERR,ERR,ERR,ERR,ERR,ERR,ERR,ERR,ERR,ERR,ERR,ERR,ERR,ERR,ERR,ERR,ERR,ERR,ERR,ERR,ERR,ERR,ERR,ERR,ERR,ERR,ERR,ERR,ERR,ERR,ERR,ERR,ERR,ERR,ERR,ERR,ERR,ERR,ERR,ERR,ERR,ERR,ERR,ERR,ERR,ERR,ERR,ERR,ERR,ERR,ERR,ERR,ERR,ERR,ERR,ERR,ERR,ERR,ERR,ERR,ERR,ERR,ERR,ERR,ERR,ERR,ERR,ERR,ERR,ERR,ERR,ERR,ERR,ERR,ERR,ERR,ERR,ERR,ERR,ERR,ERR,ERR,ERR,ERR,ERR,ERR,ERR,ERR,ERR,ERR,ERR,ERR,ERR,ERR,ERR,2.718450016850437e+23,-0.0,2.8364315368646023e+23,-107613408.0,-4.209512871143983e+25,1.8724472113406895e+29,0.0,-0.0,5800,0,8,17276,5800,-0.0,100,0.0,0.0,-107613408.0,0.0,1.9056969178834534e+17,0,0,0,0,nan,0,0,0,0,0,0,0,0,0,0,0,0,0,0,0,0,0,0,0,0,0,0,0,0,0,0,0,0,0,0,0,0,0,10,52,51,61,65476,614,65476,1,0,4,21553,0.0,-0.0,0.0,0.0,0.0,0.0,0.0,0.0,0.0,0.0,0.0,0.0,0.0,0.0,0.0,0.0,0.0,0.0,0.0,0.0,0.0,2.004,3.697074423243316e+19,-0.0,-0.0,-0.0,0.0,0.0,0.0,0.0,6586.0,-2.004,0.0,2.718450016850437e+23,-0.0,-107616232.0,-0.0,0.0,0.0,2.004,2.004,243,-0.0,0.0,0.0,0.0,0.0,0.0,0.0,0.0,0.0,0,0,0,-2.02,-0.0,-1.3007455344959798e+33,-0.0,-0.0,-8.863974653491449e+21,-4.879006322246707e+19,-119681448.0,1.511246375252614e+34,1.7581449462904349e+22,-1.5031137281645287e+34,-0.0,-0.0,-0.0,0.0,2.2313500863533316e+29,0,1.3516416376850534e+27,244,0.0,488,-0.0,-68.128,2050,52429,17150,39322,17152,39322,17144,0,0,0,105,99,100,-0.0,69.2,2.7302353966433104e+23,69.5,0.0,69.5,1,47,48,180,0,26215,0,0,0.0,0.0,0.0,60.0,0.0,74.5,0.0,0.0,0.0,1270,0,1276,0,0,0,1274,0,1286,0,1243,0,695,0,697,0,693,0,691,0.032,1.322413106158089e+34,-2.004,0.0,8208,16829,0.0,0.0,279447040.0,160.753,-0.003,-74580128.0,70.0,60.0,66,0.0,0.0,10.0,2.0,0.0,0.0,0.0,0.0,0.0,0.0,0.0,0.0,0.0,0.0,0.0,0.0,65.2,69,16,65516,49,65476,0,300,0,0,8,20529,65476,0,0,45875,60.0,0.0,10.0,10.0,2.0,0.0
2026-02-05T14:26:14,ERR,ERR,ERR,ERR,ERR,ERR,ERR,ERR,ERR,ERR,ERR,ERR,ERR,ERR,ERR,ERR,ERR,ERR,ERR,ERR,ERR,ERR,ERR,ERR,ERR,ERR,ERR,ERR,ERR,ERR,ERR,ERR,ERR,ERR,ERR,ERR,ERR,ERR,ERR,ERR,ERR,ERR,ERR,ERR,ERR,ERR,ERR,ERR,ERR,ERR,ERR,ERR,ERR,ERR,ERR,ERR,ERR,ERR,ERR,ERR,ERR,ERR,ERR,ERR,ERR,ERR,ERR,ERR,ERR,ERR,ERR,ERR,ERR,ERR,ERR,ERR,ERR,ERR,ERR,ERR,ERR,ERR,ERR,ERR,ERR,ERR,ERR,ERR,ERR,ERR,ERR,ERR,ERR,ERR,ERR,ERR,ERR,ERR,ERR,ERR,ERR,ERR,ERR,ERR,ERR,ERR,ERR,ERR,ERR,ERR,ERR,ERR,ERR,ERR,ERR,ERR,ERR,ERR,ERR,ERR,ERR,ERR,ERR,ERR,ERR,2.718450016850437e+23,-0.0,2.8364315368646023e+23,-107613408.0,-4.209512871143983e+25,1.8724472113406895e+29,0.0,-0.0,5800,0,8,17276,5800,-0.0,100,0.0,0.0,-107613408.0,0.0,1.9056969178834534e+17,0,0,0,0,nan,0,0,0,0,0,0,0,0,0,0,0,0,0,0,0,0,0,0,0,0,0,0,0,0,0,0,0,0,0,0,0,0,0,10,52,51,61,65476,614,65476,1,0,4,21553,0.0,-0.0,0.0,0.0,0.0,0.0,0.0,0.0,0.0,0.0,0.0,0.0,0.0,0.0,0.0,0.0,0.0,0.0,0.0,0.0,0.0,2.004,3.697074423243316e+19,-0.0,-0.0,-0.0,0.0,0.0,0.0,0.0,6586.0,-2.004,0.0,2.718450016850437e+23,-0.0,-107616232.0,-0.0,0.0,0.0,2.004,2.004,243,-0.0,0.0,0.0,0.0,0.0,0.0,0.0,0.0,0.0,0,0,0,-2.02,-0.0,-1.3007455344959798e+33,-0.0,-0.0,-8.863974653491449e+21,-4.879006322246707e+19,-119681448.0,1.511246375252614e+34,1.7581449462904349e+22,-1.5031137281645287e+34,-0.0,-0.0,-0.0,0.0,2.2313500863533316e+29,0,1.3516416376850534e+27,244,0.0,488,-0.0,-68.128,2050,52429,17150,39322,17152,39322,17144,0,0,0,105,99,100,-0.0,69.2,2.7302353966433104e+23,69.5,0.0,69.5,1,47,48,180,0,26215,0,0,0.0,0.0,0.0,60.0,0.0,74.5,0.0,0.0,0.0,1270,0,1276,0,0,0,1274,0,1286,0,1243,0,695,0,697,0,693,0,691,0.032,1.322413106158089e+34,-2.004,0.0,8208,16829,0.0,0.0,279447040.0,160.753,-0.003,-74580128.0,70.0,60.0,66,0.0,0.0,10.0,2.0,0.0,0.0,0.0,0.0,0.0,0.0,0.0,0.0,0.0,0.0,0.0,0.0,65.2,69,16,65516,49,65476,0,300,0,0,8,20529,65476,0,0,51118,60.0,0.0,10.0,10.0,2.0,0.0
2026-02-05T14:26:15,ERR,ERR,ERR,ERR,ERR,ERR,ERR,ERR,ERR,ERR,ERR,ERR,ERR,ERR,ERR,ERR,ERR,ERR,ERR,ERR,ERR,ERR,ERR,ERR,ERR,ERR,ERR,ERR,ERR,ERR,ERR,ERR,ERR,ERR,ERR,ERR,ERR,ERR,ERR,ERR,ERR,ERR,ERR,ERR,ERR,ERR,ERR,ERR,ERR,ERR,ERR,ERR,ERR,ERR,ERR,ERR,ERR,ERR,ERR,ERR,ERR,ERR,ERR,ERR,ERR,ERR,ERR,ERR,ERR,ERR,ERR,ERR,ERR,ERR,ERR,ERR,ERR,ERR,ERR,ERR,ERR,ERR,ERR,ERR,ERR,ERR,ERR,ERR,ERR,ERR,ERR,ERR,ERR,ERR,ERR,ERR,ERR,ERR,ERR,ERR,ERR,ERR,ERR,ERR,ERR,ERR,ERR,ERR,ERR,ERR,ERR,ERR,ERR,ERR,ERR,ERR,ERR,ERR,ERR,ERR,ERR,ERR,ERR,ERR,ERR,2.718450016850437e+23,-0.0,2.8364315368646023e+23,-107613408.0,-4.209512871143983e+25,1.8724472113406895e+29,0.0,-0.0,5800,0,8,17276,5800,-0.0,100,0.0,0.0,-107613408.0,0.0,1.9056969178834534e+17,0,0,0,0,nan,0,0,0,0,0,0,0,0,0,0,0,0,0,0,0,0,0,0,0,0,0,0,0,0,0,0,0,0,0,0,0,0,0,10,52,51,61,65476,614,65476,1,0,4,21553,0.0,-0.0,0.0,0.0,0.0,0.0,0.0,0.0,0.0,0.0,0.0,0.0,0.0,0.0,0.0,0.0,0.0,0.0,0.0,0.0,0.0,2.004,3.697074423243316e+19,-0.0,-0.0,-0.0,0.0,0.0,0.0,0.0,6586.0,-2.004,0.0,2.718450016850437e+23,-0.0,-107616232.0,-0.0,0.0,0.0,2.004,2.004,243,-0.0,0.0,0.0,0.0,0.0,0.0,0.0,0.0,0.0,0,0,0,-2.02,-0.0,-1.3007455344959798e+33,-0.0,-0.0,-8.863974653491449e+21,-4.879006322246707e+19,-119681448.0,1.511246375252614e+34,1.7581449462904349e+22,-1.5031137281645287e+34,-0.0,-0.0,-0.0,0.0,2.2313500863533316e+29,0,1.3516416376850534e+27,244,0.0,488,-0.0,-68.128,2050,52429,17150,39322,17152,39322,17144,0,0,0,105,99,100,-0.0,69.2,2.7302353966433104e+23,69.5,0.0,69.5,1,47,48,180,0,26215,0,0,0.0,0.0,0.0,60.0,0.0,74.5,0.0,0.0,0.0,1270,0,1276,0,0,0,1274,0,1286,0,1243,0,695,0,697,0,693,0,691,0.032,1.322413106158089e+34,-2.004,0.0,8208,16829,0.0,0.0,279447040.0,160.753,-0.003,-74580128.0,70.0,60.0,66,0.0,0.0,10.0,2.0,0.0,0.0,0.0,0.0,0.0,0.0,0.0,0.0,0.0,0.0,0.0,0.0,65.2,69,16,65516,49,65476,0,300,0,0,8,20529,65476,0,0,49807,60.0,0.0,10.0,10.0,2.0,0.0
2026-02-05T14:26:16,ERR,ERR,ERR,ERR,ERR,ERR,ERR,ERR,ERR,ERR,ERR,ERR,ERR,ERR,ERR,ERR,ERR,ERR,ERR,ERR,ERR,ERR,ERR,ERR,ERR,ERR,ERR,ERR,ERR,ERR,ERR,ERR,ERR,ERR,ERR,ERR,ERR,ERR,ERR,ERR,ERR,ERR,ERR,ERR,ERR,ERR,ERR,ERR,ERR,ERR,ERR,ERR,ERR,ERR,ERR,ERR,ERR,ERR,ERR,ERR,ERR,ERR,ERR,ERR,ERR,ERR,ERR,ERR,ERR,ERR,ERR,ERR,ERR,ERR,ERR,ERR,ERR,ERR,ERR,ERR,ERR,ERR,ERR,ERR,ERR,ERR,ERR,ERR,ERR,ERR,ERR,ERR,ERR,ERR,ERR,ERR,ERR,ERR,ERR,ERR,ERR,ERR,ERR,ERR,ERR,ERR,ERR,ERR,ERR,ERR,ERR,ERR,ERR,ERR,ERR,ERR,ERR,ERR,ERR,ERR,ERR,ERR,ERR,ERR,ERR,2.718450016850437e+23,-0.0,2.8364315368646023e+23,-107613408.0,-4.209512871143983e+25,1.8724472113406895e+29,0.0,-0.0,5800,0,8,17276,5800,-0.0,100,0.0,0.0,-107613408.0,0.0,1.9056969178834534e+17,0,0,0,0,nan,0,0,0,0,0,0,0,0,0,0,0,0,0,0,0,0,0,0,0,0,0,0,0,0,0,0,0,0,0,0,0,0,0,10,52,51,61,65476,614,65476,1,0,4,21553,0.0,-0.0,0.0,0.0,0.0,0.0,0.0,0.0,0.0,0.0,0.0,0.0,0.0,0.0,0.0,0.0,0.0,0.0,0.0,0.0,0.0,2.004,3.697074423243316e+19,-0.0,-0.0,-0.0,0.0,0.0,0.0,0.0,6586.0,-2.004,0.0,2.718450016850437e+23,-0.0,-107616232.0,-0.0,0.0,0.0,2.004,2.004,243,-0.0,0.0,0.0,0.0,0.0,0.0,0.0,0.0,0.0,0,0,0,-2.02,-0.0,-1.3007455344959798e+33,-0.0,-0.0,-8.863974653491449e+21,-4.879006322246707e+19,-119681448.0,1.511246375252614e+34,1.7581449462904349e+22,-1.5031137281645287e+34,-0.0,-0.0,-0.0,0.0,2.2313500863533316e+29,0,1.3516416376850534e+27,244,0.0,488,-0.0,-68.128,2050,52429,17150,39322,17152,39322,17144,0,0,0,105,99,100,-0.0,69.2,2.7302353966433104e+23,69.5,0.0,69.5,1,47,48,180,0,26215,0,0,0.0,0.0,0.0,60.0,0.0,74.5,0.0,0.0,0.0,1270,0,1276,0,0,0,1274,0,1286,0,1243,0,695,0,697,0,693,0,691,0.032,1.322413106158089e+34,-2.004,0.0,8208,16829,0.0,0.0,279447040.0,160.753,-0.003,-74580128.0,70.0,60.0,66,0.0,0.0,10.0,2.0,0.0,0.0,0.0,0.0,0.0,0.0,0.0,0.0,0.0,0.0,0.0,0.0,65.2,69,16,65516,49,65476,0,300,0,0,8,20529,65476,0,0,49807,60.0,0.0,10.0,10.0,2.0,0.0
2026-02-05T14:26:17,ERR,ERR,ERR,ERR,ERR,ERR,ERR,ERR,ERR,ERR,ERR,ERR,ERR,ERR,ERR,ERR,ERR,ERR,ERR,ERR,ERR,ERR,ERR,ERR,ERR,ERR,ERR,ERR,ERR,ERR,ERR,ERR,ERR,ERR,ERR,ERR,ERR,ERR,ERR,ERR,ERR,ERR,ERR,ERR,ERR,ERR,ERR,ERR,ERR,ERR,ERR,ERR,ERR,ERR,ERR,ERR,ERR,ERR,ERR,ERR,ERR,ERR,ERR,ERR,ERR,ERR,ERR,ERR,ERR,ERR,ERR,ERR,ERR,ERR,ERR,ERR,ERR,ERR,ERR,ERR,ERR,ERR,ERR,ERR,ERR,ERR,ERR,ERR,ERR,ERR,ERR,ERR,ERR,ERR,ERR,ERR,ERR,ERR,ERR,ERR,ERR,ERR,ERR,ERR,ERR,ERR,ERR,ERR,ERR,ERR,ERR,ERR,ERR,ERR,ERR,ERR,ERR,ERR,ERR,ERR,ERR,ERR,ERR,ERR,ERR,2.718450016850437e+23,-0.0,2.8364315368646023e+23,-107613408.0,-4.209512871143983e+25,1.8724472113406895e+29,0.0,-0.0,5800,0,8,17276,5800,-0.0,100,0.0,0.0,-107613408.0,0.0,1.9056969178834534e+17,0,0,0,0,nan,0,0,0,0,0,0,0,0,0,0,0,0,0,0,0,0,0,0,0,0,0,0,0,0,0,0,0,0,0,0,0,0,0,10,52,51,61,65476,614,65476,1,0,4,21553,0.0,-0.0,0.0,0.0,0.0,0.0,0.0,0.0,0.0,0.0,0.0,0.0,0.0,0.0,0.0,0.0,0.0,0.0,0.0,0.0,0.0,2.004,3.697074423243316e+19,-0.0,-0.0,-0.0,0.0,0.0,0.0,0.0,6586.0,-2.004,0.0,2.718450016850437e+23,-0.0,-107616232.0,-0.0,0.0,0.0,2.004,2.004,243,-0.0,0.0,0.0,0.0,0.0,0.0,0.0,0.0,0.0,0,0,0,-2.02,-0.0,-1.3007455344959798e+33,-0.0,-0.0,-8.863974653491449e+21,-4.879006322246707e+19,-119681448.0,1.511246375252614e+34,1.7581449462904349e+22,-1.5031137281645287e+34,-0.0,-0.0,-0.0,0.0,2.2313500863533316e+29,0,1.3516416376850534e+27,244,0.0,488,-0.0,-68.128,2050,52429,17150,39322,17152,39322,17144,0,0,0,105,99,100,-0.0,69.2,2.7302353966433104e+23,69.5,0.0,69.5,1,47,48,180,0,26215,0,0,0.0,0.0,0.0,60.0,0.0,74.5,0.0,-12.453,0.0,1270,0,1277,0,0,0,1274,0,1286,0,1243,0,695,0,697,0,693,0,692,0.032,1.3305260699995496e+34,0.0,2.7302352164993253e+23,23696,16829,0.0,-12.453,0.0,-1398827136.0,-0.0,-2.1582733350436635e+22,70.0,60.0,66,0.0,0.0,10.0,2.0,0.0,0.0,0.0,0.0,0.0,0.0,0.0,0.0,0.0,0.0,0.0,0.0,65.6,69,16,65516,49,65476,0,300,0,0,8,20529,65476,0,0,48497,60.0,0.0,10.0,10.0,2.0,0.0
2026-02-05T14:26:18,ERR,ERR,ERR,ERR,ERR,ERR,ERR,ERR,ERR,ERR,ERR,ERR,ERR,ERR,ERR,ERR,ERR,ERR,ERR,ERR,ERR,ERR,ERR,ERR,ERR,ERR,ERR,ERR,ERR,ERR,ERR,ERR,ERR,ERR,ERR,ERR,ERR,ERR,ERR,ERR,ERR,ERR,ERR,ERR,ERR,ERR,ERR,ERR,ERR,ERR,ERR,ERR,ERR,ERR,ERR,ERR,ERR,ERR,ERR,ERR,ERR,ERR,ERR,ERR,ERR,ERR,ERR,ERR,ERR,ERR,ERR,ERR,ERR,ERR,ERR,ERR,ERR,ERR,ERR,ERR,ERR,ERR,ERR,ERR,ERR,ERR,ERR,ERR,ERR,ERR,ERR,ERR,ERR,ERR,ERR,ERR,ERR,ERR,ERR,ERR,ERR,ERR,ERR,ERR,ERR,ERR,ERR,ERR,ERR,ERR,ERR,ERR,ERR,ERR,ERR,ERR,ERR,ERR,ERR,ERR,ERR,ERR,ERR,ERR,ERR,2.718450016850437e+23,-0.0,2.8364315368646023e+23,-107613408.0,-4.209512871143983e+25,0.0,-0.0,0.0,5800,0,8,17276,5800,-0.0,100,0.0,0.0,-107613408.0,0.0,1.9056969178834534e+17,0,0,0,0,nan,0,0,0,0,0,0,0,0,0,0,0,0,0,0,0,0,0,0,0,0,0,0,0,0,0,0,0,0,0,0,0,0,0,10,52,51,61,65476,614,65476,1,0,4,21553,0.0,-0.0,0.0,0.0,0.0,0.0,0.0,0.0,0.0,0.0,0.0,0.0,0.0,0.0,0.0,0.0,0.0,0.0,0.0,0.0,0.0,2.004,3.697074423243316e+19,-0.0,-0.0,3.6970880571875e+19,0.0,0.0,0.0,0.0,6719.0,2.423003180742218e+24,0.0,2.718450016850437e+23,-0.0,-107616232.0,2.7184547005940495e+23,-0.0,0.0,2.004,2.004,244,-0.0,0.0,0.0,0.0,0.0,0.0,0.0,0.0,0.0,0,0,0,-1.1440270380168264e+26,-0.0,-1.0105515762694605e+29,0.0,-0.0,2461162799104.0,0.0,0.0,6.100130621085429e+20,2.2028817145327497e+22,-1.8195193179814948e+34,-0.0,-0.0,-0.0,0.0,0.0,0,1.3516416376850534e+27,244,0.0,488,0.0,-0.0,2050,52429,17150,39322,17152,39322,17144,0,0,0,105,99,100,-0.0,69.2,2.7302353966433104e+23,69.5,0.0,69.5,1,47,48,180,0,26215,0,0,0.0,0.0,0.0,60.0,0.0,74.5,0.0,-12.453,0.0,1270,0,1277,0,0,0,1274,0,1286,0,1243,0,695,0,697,0,693,0,692,0.032,1.3305260699995496e+34,0.0,2.7302352164993253e+23,23696,16829,0.0,-12.453,0.0,-1398827136.0,-0.0,-2.1582733350436635e+22,70.0,60.0,66,0.0,0.0,10.0,2.0,0.0,0.0,0.0,0.0,0.0,0.0,0.0,0.0,0.0,0.0,0.0,0.0,65.6,69,16,65516,49,65476,0,300,0,0,8,20529,65476,0,0,48497,60.0,0.0,10.0,10.0,2.0,0.0
2026-02-05T14:26:19,ERR,ERR,ERR,ERR,ERR,ERR,ERR,ERR,ERR,ERR,ERR,ERR,ERR,ERR,ERR,ERR,ERR,ERR,ERR,ERR,ERR,ERR,ERR,ERR,ERR,ERR,ERR,ERR,ERR,ERR,ERR,ERR,ERR,ERR,ERR,ERR,ERR,ERR,ERR,ERR,ERR,ERR,ERR,ERR,ERR,ERR,ERR,ERR,ERR,ERR,ERR,ERR,ERR,ERR,ERR,ERR,ERR,ERR,ERR,ERR,ERR,ERR,ERR,ERR,ERR,ERR,ERR,ERR,ERR,ERR,ERR,ERR,ERR,ERR,ERR,ERR,ERR,ERR,ERR,ERR,ERR,ERR,ERR,ERR,ERR,ERR,ERR,ERR,ERR,ERR,ERR,ERR,ERR,ERR,ERR,ERR,ERR,ERR,ERR,ERR,ERR,ERR,ERR,ERR,ERR,ERR,ERR,ERR,ERR,ERR,ERR,ERR,ERR,ERR,ERR,ERR,ERR,ERR,ERR,ERR,ERR,ERR,ERR,ERR,ERR,2.718450016850437e+23,-0.0,2.8364315368646023e+23,-107613408.0,-4.209512871143983e+25,0.0,-0.0,0.0,5800,0,8,17276,5800,-0.0,100,0.0,0.0,-107613408.0,0.0,1.9056969178834534e+17,0,0,0,0,nan,0,0,0,0,0,0,0,0,0,0,0,0,0,0,0,0,0,0,0,0,0,0,0,0,0,0,0,0,0,0,0,0,0,10,52,51,61,65476,614,65476,1,0,4,21553,0.0,-0.0,0.0,0.0,0.0,0.0,0.0,0.0,0.0,0.0,0.0,0.0,0.0,0.0,0.0,0.0,0.0,0.0,0.0,0.0,0.0,2.004,3.697074423243316e+19,-0.0,-0.0,3.6970880571875e+19,0.0,0.0,0.0,0.0,6719.0,2.423003180742218e+24,0.0,2.718450016850437e+23,-0.0,-107616232.0,2.7184547005940495e+23,-0.0,0.0,2.004,2.004,244,-0.0,0.0,0.0,0.0,0.0,0.0,0.0,0.0,0.0,0,0,0,-1.1440270380168264e+26,-0.0,-1.0105515762694605e+29,0.0,-0.0,2461162799104.0,0.0,0.0,6.100130621085429e+20,2.2028817145327497e+22,-1.8195193179814948e+34,-0.0,-0.0,-0.0,0.0,0.0,0,1.3516416376850534e+27,244,0.0,488,0.0,-0.0,2050,52429,17150,39322,17152,39322,17144,0,0,0,105,99,100,-0.0,69.2,2.7302353966433104e+23,69.5,0.0,69.5,1,47,48,180,0,26215,0,0,0.0,0.0,0.0,60.0,0.0,74.5,0.0,-12.453,0.0,1270,0,1277,0,0,0,1274,0,1286,0,1243,0,695,0,697,0,693,0,692,0.032,1.3305260699995496e+34,0.0,2.7302352164993253e+23,23696,16829,0.0,-12.453,0.0,-1398827136.0,-0.0,-2.1582733350436635e+22,70.0,60.0,66,0.0,0.0,10.0,2.0,0.0,0.0,0.0,0.0,0.0,0.0,0.0,0.0,0.0,0.0,0.0,0.0,65.6,69,16,65516,49,65476,0,300,0,0,8,20529,65476,0,0,51118,60.0,0.0,10.0,10.0,2.0,0.0
2026-02-05T14:26:20,ERR,ERR,ERR,ERR,ERR,ERR,ERR,ERR,ERR,ERR,ERR,ERR,ERR,ERR,ERR,ERR,ERR,ERR,ERR,ERR,ERR,ERR,ERR,ERR,ERR,ERR,ERR,ERR,ERR,ERR,ERR,ERR,ERR,ERR,ERR,ERR,ERR,ERR,ERR,ERR,ERR,ERR,ERR,ERR,ERR,ERR,ERR,ERR,ERR,ERR,ERR,ERR,ERR,ERR,ERR,ERR,ERR,ERR,ERR,ERR,ERR,ERR,ERR,ERR,ERR,ERR,ERR,ERR,ERR,ERR,ERR,ERR,ERR,ERR,ERR,ERR,ERR,ERR,ERR,ERR,ERR,ERR,ERR,ERR,ERR,ERR,ERR,ERR,ERR,ERR,ERR,ERR,ERR,ERR,ERR,ERR,ERR,ERR,ERR,ERR,ERR,ERR,ERR,ERR,ERR,ERR,ERR,ERR,ERR,ERR,ERR,ERR,ERR,ERR,ERR,ERR,ERR,ERR,ERR,ERR,ERR,ERR,ERR,ERR,ERR,2.718450016850437e+23,-0.0,2.8364315368646023e+23,-107613408.0,-4.209512871143983e+25,0.0,-0.0,0.0,5800,0,8,17276,5800,-0.0,100,0.0,0.0,-107613408.0,0.0,1.9056969178834534e+17,0,0,0,0,nan,0,0,0,0,0,0,0,0,0,0,0,0,0,0,0,0,0,0,0,0,0,0,0,0,0,0,0,0,0,0,0,0,0,10,52,51,61,65476,614,65476,1,0,4,21553,0.0,-0.0,0.0,0.0,0.0,0.0,0.0,0.0,0.0,0.0,0.0,0.0,0.0,0.0,0.0,0.0,0.0,0.0,0.0,0.0,0.0,2.004,3.697074423243316e+19,-0.0,-0.0,3.6970880571875e+19,0.0,0.0,0.0,0.0,6719.0,2.423003180742218e+24,0.0,2.718450016850437e+23,-0.0,-107616232.0,2.7184547005940495e+23,-0.0,0.0,2.004,2.004,244,-0.0,0.0,0.0,0.0,0.0,0.0,0.0,0.0,0.0,0,0,0,-1.1440270380168264e+26,-0.0,-1.0105515762694605e+29,0.0,-0.0,2461162799104.0,0.0,0.0,6.100130621085429e+20,2.2028817145327497e+22,-1.8195193179814948e+34,-0.0,-0.0,-0.0,0.0,0.0,0,1.3516416376850534e+27,244,0.0,488,0.0,-0.0,2050,52429,17150,39322,17152,39322,17144,0,0,0,105,99,100,-0.0,69.2,2.7302353966433104e+23,69.5,0.0,69.5,1,47,48,180,0,26215,0,0,0.0,0.0,0.0,60.0,0.0,74.5,0.0,-12.453,0.0,1270,0,1277,0,0,0,1274,0,1286,0,1243,0,695,0,697,0,693,0,692,0.032,1.3305260699995496e+34,0.0,2.7302352164993253e+23,23696,16829,0.0,-12.453,0.0,-1398827136.0,-0.0,-2.1582733350436635e+22,70.0,60.0,66,0.0,0.0,10.0,2.0,0.0,0.0,0.0,0.0,0.0,0.0,0.0,0.0,0.0,0.0,0.0,0.0,65.6,69,16,65516,49,65476,0,300,0,0,8,20529,65476,0,0,51118,60.0,0.0,10.0,10.0,2.0,0.0
2026-02-05T14:26:21,ERR,ERR,ERR,ERR,ERR,ERR,ERR,ERR,ERR,ERR,ERR,ERR,ERR,ERR,ERR,ERR,ERR,ERR,ERR,ERR,ERR,ERR,ERR,ERR,ERR,ERR,ERR,ERR,ERR,ERR,ERR,ERR,ERR,ERR,ERR,ERR,ERR,ERR,ERR,ERR,ERR,ERR,ERR,ERR,ERR,ERR,ERR,ERR,ERR,ERR,ERR,ERR,ERR,ERR,ERR,ERR,ERR,ERR,ERR,ERR,ERR,ERR,ERR,ERR,ERR,ERR,ERR,ERR,ERR,ERR,ERR,ERR,ERR,ERR,ERR,ERR,ERR,ERR,ERR,ERR,ERR,ERR,ERR,ERR,ERR,ERR,ERR,ERR,ERR,ERR,ERR,ERR,ERR,ERR,ERR,ERR,ERR,ERR,ERR,ERR,ERR,ERR,ERR,ERR,ERR,ERR,ERR,ERR,ERR,ERR,ERR,ERR,ERR,ERR,ERR,ERR,ERR,ERR,ERR,ERR,ERR,ERR,ERR,ERR,ERR,2.718450016850437e+23,-0.0,2.8364315368646023e+23,-107613408.0,-4.209512871143983e+25,0.0,-0.0,0.0,5800,0,8,17276,5800,-0.0,100,0.0,0.0,-107613408.0,0.0,1.9056969178834534e+17,0,0,0,0,nan,0,0,0,0,0,0,0,0,0,0,0,0,0,0,0,0,0,0,0,0,0,0,0,0,0,0,0,0,0,0,0,0,0,10,52,51,61,65476,614,65476,1,0,4,21553,0.0,-0.0,0.0,0.0,0.0,0.0,0.0,0.0,0.0,0.0,0.0,0.0,0.0,0.0,0.0,0.0,0.0,0.0,0.0,0.0,0.0,2.004,3.697074423243316e+19,-0.0,-0.0,3.6970880571875e+19,0.0,0.0,0.0,0.0,6719.0,2.423003180742218e+24,0.0,2.718450016850437e+23,-0.0,-107616232.0,2.7184547005940495e+23,-0.0,0.0,2.004,2.004,244,-0.0,0.0,0.0,0.0,0.0,0.0,0.0,0.0,0.0,0,0,0,-1.1440270380168264e+26,-0.0,-1.0105515762694605e+29,0.0,-0.0,2461162799104.0,0.0,0.0,6.100130621085429e+20,2.2028817145327497e+22,-1.8195193179814948e+34,-0.0,-0.0,-0.0,0.0,0.0,0,1.3516416376850534e+27,244,0.0,488,0.0,-0.0,2048,39322,17150,39322,17152,39322,17144,0,0,0,105,99,100,-0.0,69.2,2.7302353966433104e+23,69.5,0.0,69.5,1,47,48,180,0,13107,0,0,0.0,0.0,0.0,60.0,0.0,74.5,0.0,-1.78746370412379e+24,0.0,1270,0,1276,0,0,0,1274,0,1286,0,1243,0,695,0,697,0,693,0,693,0.032,1.3305260699995496e+34,0.0,2.7302352164993253e+23,5904,16829,0.0,-1.78746370412379e+24,0.467,-6008.102,-0.0,-1.7874184519547342e+24,70.0,60.0,66,0.0,0.0,10.0,2.0,0.0,0.0,0.0,0.0,0.0,0.0,0.0,0.0,0.0,0.0,0.0,0.0,65.2,69,16,65516,49,65476,0,300,0,0,8,20529,65476,0,0,49807,60.0,0.0,10.0,10.0,2.0,0.0
2026-02-05T14:26:22,ERR,ERR,ERR,ERR,ERR,ERR,ERR,ERR,ERR,ERR,ERR,ERR,ERR,ERR,ERR,ERR,ERR,ERR,ERR,ERR,ERR,ERR,ERR,ERR,ERR,ERR,ERR,ERR,ERR,ERR,ERR,ERR,ERR,ERR,ERR,ERR,ERR,ERR,ERR,ERR,ERR,ERR,ERR,ERR,ERR,ERR,ERR,ERR,ERR,ERR,ERR,ERR,ERR,ERR,ERR,ERR,ERR,ERR,ERR,ERR,ERR,ERR,ERR,ERR,ERR,ERR,ERR,ERR,ERR,ERR,ERR,ERR,ERR,ERR,ERR,ERR,ERR,ERR,ERR,ERR,ERR,ERR,ERR,ERR,ERR,ERR,ERR,ERR,ERR,ERR,ERR,ERR,ERR,ERR,ERR,ERR,ERR,ERR,ERR,ERR,ERR,ERR,ERR,ERR,ERR,ERR,ERR,ERR,ERR,ERR,ERR,ERR,ERR,ERR,ERR,ERR,ERR,ERR,ERR,ERR,ERR,ERR,ERR,ERR,ERR,2.718450016850437e+23,-0.0,2.8364315368646023e+23,-107613408.0,-4.209512871143983e+25,0.0,-0.0,0.0,5800,0,8,17276,5800,-0.0,100,0.0,0.0,-107613408.0,0.0,1.9056969178834534e+17,0,0,0,0,nan,0,0,0,0,0,0,0,0,0,0,0,0,0,0,0,0,0,0,0,0,0,0,0,0,0,0,0,0,0,0,0,0,0,10,52,51,61,65476,614,65476,1,0,4,21553,0.0,-0.0,0.0,0.0,0.0,0.0,0.0,0.0,0.0,0.0,0.0,0.0,0.0,0.0,0.0,0.0,0.0,0.0,0.0,0.0,0.0,2.004,3.697074423243316e+19,-0.0,-0.0,3.6970880571875e+19,0.0,0.0,0.0,0.0,6719.0,2.423003180742218e+24,0.0,2.718450016850437e+23,-0.0,-107616232.0,2.7184547005940495e+23,-0.0,0.0,2.004,2.004,244,-0.0,0.0,0.0,0.0,0.0,0.0,0.0,0.0,0.0,0,0,0,-1.1440270380168264e+26,-0.0,-1.0105515762694605e+29,0.0,-0.0,2461162799104.0,0.0,0.0,6.100130621085429e+20,2.2028817145327497e+22,-1.8195193179814948e+34,-0.0,-0.0,-0.0,0.0,0.0,0,1.3516416376850534e+27,244,0.0,488,0.0,-0.0,2048,39322,17150,39322,17152,39322,17144,0,0,0,105,99,100,-0.0,69.2,2.7302353966433104e+23,69.5,0.0,69.5,1,47,48,180,0,13107,0,0,0.0,0.0,0.0,60.0,0.0,74.5,0.0,-1.78746370412379e+24,0.0,1270,0,1276,0,0,0,1274,0,1286,0,1243,0,695,0,697,0,693,0,693,0.032,1.3305260699995496e+34,0.0,2.7302352164993253e+23,5904,16829,0.0,-1.78746370412379e+24,0.467,-6008.102,-0.0,-1.7874184519547342e+24,70.0,60.0,66,0.0,0.0,10.0,2.0,0.0,0.0,0.0,0.0,0.0,0.0,0.0,0.0,0.0,0.0,0.0,0.0,65.2,69,16,65516,49,65476,0,300,0,0,8,20529,65476,0,0,49807,60.0,0.0,10.0,10.0,2.0,0.0
2026-02-05T14:26:23,ERR,ERR,ERR,ERR,ERR,ERR,ERR,ERR,ERR,ERR,ERR,ERR,ERR,ERR,ERR,ERR,ERR,ERR,ERR,ERR,ERR,ERR,ERR,ERR,ERR,ERR,ERR,ERR,ERR,ERR,ERR,ERR,ERR,ERR,ERR,ERR,ERR,ERR,ERR,ERR,ERR,ERR,ERR,ERR,ERR,ERR,ERR,ERR,ERR,ERR,ERR,ERR,ERR,ERR,ERR,ERR,ERR,ERR,ERR,ERR,ERR,ERR,ERR,ERR,ERR,ERR,ERR,ERR,ERR,ERR,ERR,ERR,ERR,ERR,ERR,ERR,ERR,ERR,ERR,ERR,ERR,ERR,ERR,ERR,ERR,ERR,ERR,ERR,ERR,ERR,ERR,ERR,ERR,ERR,ERR,ERR,ERR,ERR,ERR,ERR,ERR,ERR,ERR,ERR,ERR,ERR,ERR,ERR,ERR,ERR,ERR,ERR,ERR,ERR,ERR,ERR,ERR,ERR,ERR,ERR,ERR,ERR,ERR,ERR,ERR,2.718450016850437e+23,-0.0,2.8364315368646023e+23,0.0,-0.0,-1.2486616058518736e+33,-0.0,5864.027,5800,0,8,17276,5800,-0.0,100,0.0,0.0,-107613408.0,0.0,1.9056969178834534e+17,0,0,0,0,nan,0,0,0,0,0,0,0,0,0,0,0,0,0,0,0,0,0,0,0,0,0,0,0,0,0,0,0,0,0,0,0,0,0,10,52,51,61,65476,614,65476,1,0,4,21553,0.0,2.71838894803949e+23,0.0,0.0,0.0,0.0,0.0,0.0,0.0,0.0,0.0,0.0,0.0,0.0,0.0,0.0,0.0,0.0,0.0,0.0,0.0,2.004,3.697074423243316e+19,-0.0,-0.0,0.0,0.0,0.0,0.0,0.0,6592.0,0.0,0.0,2.718450016850437e+23,-0.0,-107616232.0,2.7184547005940495e+23,-0.0,0.0,2.004,2.004,243,-107615328.0,-4.95042434246788e+32,0.0,0.0,0.0,0.0,0.0,0.0,0.0,0,0,0,0.0,0.0,0.0,6537225961472.0,-0.0,-1.4918968076699974e+27,0.0,-3.689541562852275e+30,-0.0,2.7931775248914553e+22,-2.1787051445000693e+34,-0.0,-0.0,-0.0,0.0,-5.5900260359838106e+17,0,1.3516416376850534e+27,243,0.0,486,-0.0,-68.128,2048,39322,17150,39322,17152,39322,17144,0,0,0,105,99,100,-0.0,69.2,2.7302353966433104e+23,69.5,0.0,69.5,1,47,48,180,0,13107,0,0,0.0,0.0,0.0,60.0,0.0,74.5,0.0,-1.78746370412379e+24,0.0,1270,0,1276,0,0,0,1274,0,1286,0,1243,0,695,0,697,0,693,0,693,0.032,1.3305260699995496e+34,0.0,2.7302352164993253e+23,5904,16829,0.0,-1.78746370412379e+24,0.467,-6008.102,-0.0,-1.7874184519547342e+24,70.0,60.0,66,0.0,0.0,10.0,2.0,0.0,0.0,0.0,0.0,0.0,0.0,0.0,0.0,0.0,0.0,0.0,0.0,65.2,69,16,65516,49,65476,0,300,0,0,8,20529,65476,0,0,53740,60.0,0.0,10.0,10.0,2.0,0.0
2026-02-05T14:26:24,ERR,ERR,ERR,ERR,ERR,ERR,ERR,ERR,ERR,ERR,ERR,ERR,ERR,ERR,ERR,ERR,ERR,ERR,ERR,ERR,ERR,ERR,ERR,ERR,ERR,ERR,ERR,ERR,ERR,ERR,ERR,ERR,ERR,ERR,ERR,ERR,ERR,ERR,ERR,ERR,ERR,ERR,ERR,ERR,ERR,ERR,ERR,ERR,ERR,ERR,ERR,ERR,ERR,ERR,ERR,ERR,ERR,ERR,ERR,ERR,ERR,ERR,ERR,ERR,ERR,ERR,ERR,ERR,ERR,ERR,ERR,ERR,ERR,ERR,ERR,ERR,ERR,ERR,ERR,ERR,ERR,ERR,ERR,ERR,ERR,ERR,ERR,ERR,ERR,ERR,ERR,ERR,ERR,ERR,ERR,ERR,ERR,ERR,ERR,ERR,ERR,ERR,ERR,ERR,ERR,ERR,ERR,ERR,ERR,ERR,ERR,ERR,ERR,ERR,ERR,ERR,ERR,ERR,ERR,ERR,ERR,ERR,ERR,ERR,ERR,2.718450016850437e+23,-0.0,2.8364315368646023e+23,0.0,-0.0,-1.2486616058518736e+33,-0.0,5864.027,5800,0,8,17276,5800,-0.0,100,0.0,0.0,-107613408.0,0.0,1.9056969178834534e+17,0,0,0,0,nan,0,0,0,0,0,0,0,0,0,0,0,0,0,0,0,0,0,0,0,0,0,0,0,0,0,0,0,0,0,0,0,0,0,10,52,51,61,65476,614,65476,1,0,4,21553,0.0,2.71838894803949e+23,0.0,0.0,0.0,0.0,0.0,0.0,0.0,0.0,0.0,0.0,0.0,0.0,0.0,0.0,0.0,0.0,0.0,0.0,0.0,2.004,3.697074423243316e+19,-0.0,-0.0,0.0,0.0,0.0,0.0,0.0,6592.0,0.0,0.0,2.718450016850437e+23,-0.0,-107616232.0,2.7184547005940495e+23,-0.0,0.0,2.004,2.004,243,-107615328.0,-4.95042434246788e+32,0.0,0.0,0.0,0.0,0.0,0.0,0.0,0,0,0,0.0,0.0,0.0,6537225961472.0,-0.0,-1.4918968076699974e+27,0.0,-3.689541562852275e+30,-0.0,2.7931775248914553e+22,-2.1787051445000693e+34,-0.0,-0.0,-0.0,0.0,-5.5900260359838106e+17,0,1.3516416376850534e+27,243,0.0,486,-0.0,-68.128,2048,39322,17150,39322,17152,39322,17144,0,0,0,105,99,100,-0.0,69.2,2.7302353966433104e+23,69.5,0.0,69.5,1,47,48,180,0,13107,0,0,0.0,0.0,0.0,60.0,0.0,74.5,0.0,-1.78746370412379e+24,0.0,1270,0,1276,0,0,0,1274,0,1286,0,1243,0,695,0,697,0,693,0,693,0.032,1.3305260699995496e+34,0.0,2.7302352164993253e+23,5904,16829,0.0,-1.78746370412379e+24,0.467,-6008.102,-0.0,-1.7874184519547342e+24,70.0,60.0,66,0.0,0.0,10.0,2.0,0.0,0.0,0.0,0.0,0.0,0.0,0.0,0.0,0.0,0.0,0.0,0.0,65.2,69,16,65516,49,65476,0,300,0,0,8,20529,65476,0,0,53740,60.0,0.0,10.0,10.0,2.0,0.0
2026-02-05T14:26:25,ERR,ERR,ERR,ERR,ERR,ERR,ERR,ERR,ERR,ERR,ERR,ERR,ERR,ERR,ERR,ERR,ERR,ERR,ERR,ERR,ERR,ERR,ERR,ERR,ERR,ERR,ERR,ERR,ERR,ERR,ERR,ERR,ERR,ERR,ERR,ERR,ERR,ERR,ERR,ERR,ERR,ERR,ERR,ERR,ERR,ERR,ERR,ERR,ERR,ERR,ERR,ERR,ERR,ERR,ERR,ERR,ERR,ERR,ERR,ERR,ERR,ERR,ERR,ERR,ERR,ERR,ERR,ERR,ERR,ERR,ERR,ERR,ERR,ERR,ERR,ERR,ERR,ERR,ERR,ERR,ERR,ERR,ERR,ERR,ERR,ERR,ERR,ERR,ERR,ERR,ERR,ERR,ERR,ERR,ERR,ERR,ERR,ERR,ERR,ERR,ERR,ERR,ERR,ERR,ERR,ERR,ERR,ERR,ERR,ERR,ERR,ERR,ERR,ERR,ERR,ERR,ERR,ERR,ERR,ERR,ERR,ERR,ERR,ERR,ERR,2.718450016850437e+23,-0.0,2.8364315368646023e+23,0.0,-0.0,-1.2486616058518736e+33,-0.0,5864.027,5800,0,8,17276,5800,-0.0,100,0.0,0.0,-107613408.0,0.0,1.9056969178834534e+17,0,0,0,0,nan,0,0,0,0,0,0,0,0,0,0,0,0,0,0,0,0,0,0,0,0,0,0,0,0,0,0,0,0,0,0,0,0,0,10,52,51,61,65476,614,65476,1,0,4,21553,0.0,2.71838894803949e+23,0.0,0.0,0.0,0.0,0.0,0.0,0.0,0.0,0.0,0.0,0.0,0.0,0.0,0.0,0.0,0.0,0.0,0.0,0.0,2.004,3.697074423243316e+19,-0.0,-0.0,0.0,0.0,0.0,0.0,0.0,6592.0,0.0,0.0,2.718450016850437e+23,-0.0,-107616232.0,2.7184547005940495e+23,-0.0,0.0,2.004,2.004,243,-107615328.0,-4.95042434246788e+32,0.0,0.0,0.0,0.0,0.0,0.0,0.0,0,0,0,0.0,0.0,0.0,6537225961472.0,-0.0,-1.4918968076699974e+27,0.0,-3.689541562852275e+30,-0.0,2.7931775248914553e+22,-2.1787051445000693e+34,-0.0,-0.0,-0.0,0.0,-5.5900260359838106e+17,0,1.3516416376850534e+27,243,0.0,486,-0.0,-68.128,2048,52429,17150,39322,17152,39322,17144,0,0,0,105,99,100,-0.0,69.2,2.7302353966433104e+23,69.5,0.0,69.5,1,47,48,180,0,13107,0,0,0.0,0.0,0.0,60.0,0.0,74.5,0.0,0.0,0.0,1270,0,1277,0,0,0,1274,0,1286,0,1243,0,695,0,697,0,693,0,693,0.032,1.3305260699995496e+34,2.004,-0.0,62992,16828,0.0,0.0,0.0,1.2821365577796813e+17,91950157922304.0,-0.0,70.0,60.0,66,0.0,0.0,10.0,2.0,0.0,0.0,0.0,0.0,0.0,0.0,0.0,0.0,0.0,0.0,0.0,0.0,65.2,69,16,65516,49,65476,0,300,0,0,8,20529,65476,0,0,49807,60.0,0.0,10.0,10.0,2.0,0.0
2026-02-05T14:26:26,ERR,ERR,ERR,ERR,ERR,ERR,ERR,ERR,ERR,ERR,ERR,ERR,ERR,ERR,ERR,ERR,ERR,ERR,ERR,ERR,ERR,ERR,ERR,ERR,ERR,ERR,ERR,ERR,ERR,ERR,ERR,ERR,ERR,ERR,ERR,ERR,ERR,ERR,ERR,ERR,ERR,ERR,ERR,ERR,ERR,ERR,ERR,ERR,ERR,ERR,ERR,ERR,ERR,ERR,ERR,ERR,ERR,ERR,ERR,ERR,ERR,ERR,ERR,ERR,ERR,ERR,ERR,ERR,ERR,ERR,ERR,ERR,ERR,ERR,ERR,ERR,ERR,ERR,ERR,ERR,ERR,ERR,ERR,ERR,ERR,ERR,ERR,ERR,ERR,ERR,ERR,ERR,ERR,ERR,ERR,ERR,ERR,ERR,ERR,ERR,ERR,ERR,ERR,ERR,ERR,ERR,ERR,ERR,ERR,ERR,ERR,ERR,ERR,ERR,ERR,ERR,ERR,ERR,ERR,ERR,ERR,ERR,ERR,ERR,ERR,2.718450016850437e+23,-0.0,2.8364315368646023e+23,0.0,-0.0,-1.2486616058518736e+33,-0.0,5864.027,5800,0,8,17276,5800,-0.0,100,0.0,0.0,-107613408.0,0.0,1.9056969178834534e+17,0,0,0,0,nan,0,0,0,0,0,0,0,0,0,0,0,0,0,0,0,0,0,0,0,0,0,0,0,0,0,0,0,0,0,0,0,0,0,10,52,51,61,65476,614,65476,1,0,4,21553,0.0,2.71838894803949e+23,0.0,0.0,0.0,0.0,0.0,0.0,0.0,0.0,0.0,0.0,0.0,0.0,0.0,0.0,0.0,0.0,0.0,0.0,0.0,2.004,3.697074423243316e+19,-0.0,-0.0,0.0,0.0,0.0,0.0,0.0,6592.0,0.0,0.0,2.718450016850437e+23,-0.0,-107616232.0,2.7184547005940495e+23,-0.0,0.0,2.004,2.004,243,-107615328.0,-4.95042434246788e+32,0.0,0.0,0.0,0.0,0.0,0.0,0.0,0,0,0,0.0,0.0,0.0,6537225961472.0,-0.0,-1.4918968076699974e+27,0.0,-3.689541562852275e+30,-0.0,2.7931775248914553e+22,-2.1787051445000693e+34,-0.0,-0.0,-0.0,0.0,-5.5900260359838106e+17,0,1.3516416376850534e+27,243,0.0,486,-0.0,-68.128,2048,52429,17150,39322,17152,39322,17144,0,0,0,105,99,100,-0.0,69.2,2.7302353966433104e+23,69.5,0.0,69.5,1,47,48,180,0,13107,0,0,0.0,0.0,0.0,60.0,0.0,74.5,0.0,0.0,0.0,1270,0,1277,0,0,0,1274,0,1286,0,1243,0,695,0,697,0,693,0,693,0.032,1.3305260699995496e+34,2.004,-0.0,62992,16828,0.0,0.0,0.0,1.2821365577796813e+17,91950157922304.0,-0.0,70.0,60.0,66,0.0,0.0,10.0,2.0,0.0,0.0,0.0,0.0,0.0,0.0,0.0,0.0,0.0,0.0,0.0,0.0,65.2,69,16,65516,49,65476,0,300,0,0,8,20529,65476,0,0,49807,60.0,0.0,10.0,10.0,2.0,0.0
2026-02-05T14:26:27,ERR,ERR,ERR,ERR,ERR,ERR,ERR,ERR,ERR,ERR,ERR,ERR,ERR,ERR,ERR,ERR,ERR,ERR,ERR,ERR,ERR,ERR,ERR,ERR,ERR,ERR,ERR,ERR,ERR,ERR,ERR,ERR,ERR,ERR,ERR,ERR,ERR,ERR,ERR,ERR,ERR,ERR,ERR,ERR,ERR,ERR,ERR,ERR,ERR,ERR,ERR,ERR,ERR,ERR,ERR,ERR,ERR,ERR,ERR,ERR,ERR,ERR,ERR,ERR,ERR,ERR,ERR,ERR,ERR,ERR,ERR,ERR,ERR,ERR,ERR,ERR,ERR,ERR,ERR,ERR,ERR,ERR,ERR,ERR,ERR,ERR,ERR,ERR,ERR,ERR,ERR,ERR,ERR,ERR,ERR,ERR,ERR,ERR,ERR,ERR,ERR,ERR,ERR,ERR,ERR,ERR,ERR,ERR,ERR,ERR,ERR,ERR,ERR,ERR,ERR,ERR,ERR,ERR,ERR,ERR,ERR,ERR,ERR,ERR,ERR,2.718450016850437e+23,-0.0,2.8364315368646023e+23,0.0,-0.0,-1.2486616058518736e+33,-0.0,5864.027,5800,0,8,17276,5800,-0.0,100,0.0,0.0,-107613408.0,0.0,1.9056969178834534e+17,0,0,0,0,nan,0,0,0,0,0,0,0,0,0,0,0,0,0,0,0,0,0,0,0,0,0,0,0,0,0,0,0,0,0,0,0,0,0,10,52,51,61,65476,614,65476,1,0,4,21553,0.0,2.71838894803949e+23,0.0,0.0,0.0,0.0,0.0,0.0,0.0,0.0,0.0,0.0,0.0,0.0,0.0,0.0,0.0,0.0,0.0,0.0,0.0,2.004,3.697074423243316e+19,-0.0,-0.0,0.0,0.0,0.0,0.0,0.0,6592.0,0.0,0.0,2.718450016850437e+23,-0.0,-107616232.0,2.7184547005940495e+23,-0.0,0.0,2.004,2.004,243,-107615328.0,-4.95042434246788e+32,0.0,0.0,0.0,0.0,0.0,0.0,0.0,0,0,0,0.0,0.0,0.0,6537225961472.0,-0.0,-1.4918968076699974e+27,0.0,-3.689541562852275e+30,-0.0,2.7931775248914553e+22,-2.1787051445000693e+34,-0.0,-0.0,-0.0,0.0,-5.5900260359838106e+17,0,1.3516416376850534e+27,243,0.0,486,-0.0,-68.128,2048,52429,17150,39322,17152,39322,17144,0,0,0,105,99,100,-0.0,69.2,2.7302353966433104e+23,69.5,0.0,69.5,1,47,48,180,0,13107,0,0,0.0,0.0,0.0,60.0,0.0,74.5,0.0,0.0,0.0,1270,0,1277,0,0,0,1274,0,1286,0,1243,0,695,0,697,0,693,0,693,0.032,1.3305260699995496e+34,2.004,-0.0,62992,16828,0.0,0.0,0.0,1.2821365577796813e+17,91950157922304.0,-0.0,70.0,60.0,66,0.0,0.0,10.0,2.0,0.0,0.0,0.0,0.0,0.0,0.0,0.0,0.0,0.0,0.0,0.0,0.0,65.2,69,16,65516,49,65476,0,300,0,0,8,20529,65476,0,0,48497,60.0,0.0,10.0,10.0,2.0,0.0
2026-02-05T14:26:28,ERR,ERR,ERR,ERR,ERR,ERR,ERR,ERR,ERR,ERR,ERR,ERR,ERR,ERR,ERR,ERR,ERR,ERR,ERR,ERR,ERR,ERR,ERR,ERR,ERR,ERR,ERR,ERR,ERR,ERR,ERR,ERR,ERR,ERR,ERR,ERR,ERR,ERR,ERR,ERR,ERR,ERR,ERR,ERR,ERR,ERR,ERR,ERR,ERR,ERR,ERR,ERR,ERR,ERR,ERR,ERR,ERR,ERR,ERR,ERR,ERR,ERR,ERR,ERR,ERR,ERR,ERR,ERR,ERR,ERR,ERR,ERR,ERR,ERR,ERR,ERR,ERR,ERR,ERR,ERR,ERR,ERR,ERR,ERR,ERR,ERR,ERR,ERR,ERR,ERR,ERR,ERR,ERR,ERR,ERR,ERR,ERR,ERR,ERR,ERR,ERR,ERR,ERR,ERR,ERR,ERR,ERR,ERR,ERR,ERR,ERR,ERR,ERR,ERR,ERR,ERR,ERR,ERR,ERR,ERR,ERR,ERR,ERR,ERR,ERR,2.718450016850437e+23,-0.0,2.8364315368646023e+23,0.0,-0.0,-1.2486616058518736e+33,-0.0,5864.027,5800,0,8,17276,5800,-0.0,100,0.0,0.0,-107613408.0,0.0,1.9056969178834534e+17,0,0,0,0,nan,0,0,0,0,0,0,0,0,0,0,0,0,0,0,0,0,0,0,0,0,0,0,0,0,0,0,0,0,0,0,0,0,0,10,52,51,61,65476,614,65476,1,0,4,21553,0.0,2.71838894803949e+23,0.0,0.0,0.0,0.0,0.0,0.0,0.0,0.0,0.0,0.0,0.0,0.0,0.0,0.0,0.0,0.0,0.0,0.0,0.0,2.004,3.697074423243316e+19,-0.0,-0.0,0.0,0.0,0.0,0.0,0.0,6592.0,0.0,0.0,2.718450016850437e+23,-0.0,-107616232.0,2.7184547005940495e+23,-0.0,0.0,2.004,2.004,243,-107615328.0,-4.95042434246788e+32,0.0,0.0,0.0,0.0,0.0,0.0,0.0,0,0,0,0.0,0.0,0.0,6537225961472.0,-0.0,-1.4918968076699974e+27,0.0,-3.689541562852275e+30,-0.0,2.7931775248914553e+22,-2.1787051445000693e+34,-0.0,-0.0,-0.0,0.0,-5.5900260359838106e+17,0,1.3516416376850534e+27,243,0.0,486,-0.0,-68.128,2048,52429,17150,39322,17152,39322,17144,0,0,0,105,99,100,-0.0,69.2,2.7302353966433104e+23,69.5,0.0,69.5,1,47,48,180,0,13107,0,0,0.0,0.0,0.0,60.0,0.0,74.5,0.0,0.0,0.0,1270,0,1277,0,0,0,1274,0,1286,0,1243,0,695,0,697,0,693,0,693,0.032,1.3305260699995496e+34,2.004,-0.0,62992,16828,0.0,0.0,0.0,1.2821365577796813e+17,91950157922304.0,-0.0,70.0,60.0,66,0.0,0.0,10.0,2.0,0.0,0.0,0.0,0.0,0.0,0.0,0.0,0.0,0.0,0.0,0.0,0.0,65.2,69,16,65516,49,65476,0,300,0,0,8,20529,65476,0,0,48497,60.0,0.0,10.0,10.0,2.0,0.0
2026-02-05T14:26:29,ERR,ERR,ERR,ERR,ERR,ERR,ERR,ERR,ERR,ERR,ERR,ERR,ERR,ERR,ERR,ERR,ERR,ERR,ERR,ERR,ERR,ERR,ERR,ERR,ERR,ERR,ERR,ERR,ERR,ERR,ERR,ERR,ERR,ERR,ERR,ERR,ERR,ERR,ERR,ERR,ERR,ERR,ERR,ERR,ERR,ERR,ERR,ERR,ERR,ERR,ERR,ERR,ERR,ERR,ERR,ERR,ERR,ERR,ERR,ERR,ERR,ERR,ERR,ERR,ERR,ERR,ERR,ERR,ERR,ERR,ERR,ERR,ERR,ERR,ERR,ERR,ERR,ERR,ERR,ERR,ERR,ERR,ERR,ERR,ERR,ERR,ERR,ERR,ERR,ERR,ERR,ERR,ERR,ERR,ERR,ERR,ERR,ERR,ERR,ERR,ERR,ERR,ERR,ERR,ERR,ERR,ERR,ERR,ERR,ERR,ERR,ERR,ERR,ERR,ERR,ERR,ERR,ERR,ERR,ERR,ERR,ERR,ERR,ERR,ERR,2.718450016850437e+23,-0.0,2.8364315368646023e+23,-107613408.0,-4.209512871143983e+25,0.0,-0.0,0.0,5800,0,8,17275,5800,14723891331072.0,100,0.0,0.0,-107613408.0,0.0,1.9056969178834534e+17,0,0,0,0,nan,0,0,0,0,0,0,0,0,0,0,0,0,0,0,0,0,0,0,0,0,0,0,0,0,0,0,0,0,0,0,0,0,0,10,52,51,61,65476,614,65476,1,0,4,21553,0.0,0.0,0.0,0.0,0.0,0.0,0.0,0.0,0.0,0.0,0.0,0.0,0.0,0.0,0.0,0.0,0.0,0.0,0.0,0.0,0.0,2.004,3.697074423243316e+19,-0.0,-0.0,-2.004,0.0,0.0,0.0,0.0,6558.0,3.697207244247951e+19,0.0,2.718450016850437e+23,-0.0,-107616232.0,-107616440.0,-0.0,0.0,2.004,2.004,243,-107615328.0,-107615248.0,0.0,0.0,0.0,0.0,0.0,0.0,0.0,0,0,0,-1.1393341805598672e+24,0.0,-1.7047151231609535e+27,-1402948.125,-0.0,24675422.0,0.0,0.0,-0.0,3.3982307305091286e+22,-2.8601941071827654e+34,-0.0,-0.0,-0.0,0.0,-18286766080.0,0,1.3516416376850534e+27,244,0.0,488,-0.0,-68.128,2048,52429,17150,39322,17152,39322,17144,0,0,0,105,99,100,-0.0,69.2,2.7302353966433104e+23,69.5,0.0,69.5,1,47,48,180,0,13107,0,0,0.0,0.0,0.0,60.0,0.0,74.5,0.0,-0.0,0.0,1270,0,1276,0,0,0,1274,0,1286,0,1243,0,695,0,697,0,693,0,693,0.032,1.322413106158089e+34,2.004,-0.0,60816,16828,0.0,-0.0,-0.0,-224003.25,0.0,26.031,70.0,60.0,66,0.0,0.0,10.0,2.0,0.0,0.0,0.0,0.0,0.0,0.0,0.0,0.0,0.0,0.0,0.0,0.0,65.2,69,16,65516,49,65476,0,300,0,0,8,20529,65476,0,0,45875,60.0,0.0,10.0,10.0,2.0,0.0
2026-02-05T14:26:30,ERR,ERR,ERR,ERR,ERR,ERR,ERR,ERR,ERR,ERR,ERR,ERR,ERR,ERR,ERR,ERR,ERR,ERR,ERR,ERR,ERR,ERR,ERR,ERR,ERR,ERR,ERR,ERR,ERR,ERR,ERR,ERR,ERR,ERR,ERR,ERR,ERR,ERR,ERR,ERR,ERR,ERR,ERR,ERR,ERR,ERR,ERR,ERR,ERR,ERR,ERR,ERR,ERR,ERR,ERR,ERR,ERR,ERR,ERR,ERR,ERR,ERR,ERR,ERR,ERR,ERR,ERR,ERR,ERR,ERR,ERR,ERR,ERR,ERR,ERR,ERR,ERR,ERR,ERR,ERR,ERR,ERR,ERR,ERR,ERR,ERR,ERR,ERR,ERR,ERR,ERR,ERR,ERR,ERR,ERR,ERR,ERR,ERR,ERR,ERR,ERR,ERR,ERR,ERR,ERR,ERR,ERR,ERR,ERR,ERR,ERR,ERR,ERR,ERR,ERR,ERR,ERR,ERR,ERR,ERR,ERR,ERR,ERR,ERR,ERR,2.718450016850437e+23,-0.0,2.8364315368646023e+23,-107613408.0,-4.209512871143983e+25,0.0,-0.0,0.0,5800,0,8,17275,5800,14723891331072.0,100,0.0,0.0,-107613408.0,0.0,1.9056969178834534e+17,0,0,0,0,nan,0,0,0,0,0,0,0,0,0,0,0,0,0,0,0,0,0,0,0,0,0,0,0,0,0,0,0,0,0,0,0,0,0,10,52,51,61,65476,614,65476,1,0,4,21553,0.0,0.0,0.0,0.0,0.0,0.0,0.0,0.0,0.0,0.0,0.0,0.0,0.0,0.0,0.0,0.0,0.0,0.0,0.0,0.0,0.0,2.004,3.697074423243316e+19,-0.0,-0.0,-2.004,0.0,0.0,0.0,0.0,6558.0,3.697207244247951e+19,0.0,2.718450016850437e+23,-0.0,-107616232.0,-107616440.0,-0.0,0.0,2.004,2.004,243,-107615328.0,-107615248.0,0.0,0.0,0.0,0.0,0.0,0.0,0.0,0,0,0,-1.1393341805598672e+24,0.0,-1.7047151231609535e+27,-1402948.125,-0.0,24675422.0,0.0,0.0,-0.0,3.3982307305091286e+22,-2.8601941071827654e+34,-0.0,-0.0,-0.0,0.0,-18286766080.0,0,1.3516416376850534e+27,244,0.0,488,-0.0,-68.128,2048,52429,17150,39322,17152,39322,17144,0,0,0,105,99,100,-0.0,69.2,2.7302353966433104e+23,69.5,0.0,69.5,1,47,48,180,0,13107,0,0,0.0,0.0,0.0,60.0,0.0,74.5,0.0,-0.0,0.0,1270,0,1276,0,0,0,1274,0,1286,0,1243,0,695,0,697,0,693,0,693,0.032,1.322413106158089e+34,2.004,-0.0,60816,16828,0.0,-0.0,-0.0,-224003.25,0.0,26.031,70.0,60.0,66,0.0,0.0,10.0,2.0,0.0,0.0,0.0,0.0,0.0,0.0,0.0,0.0,0.0,0.0,0.0,0.0,65.2,69,16,65516,49,65476,0,300,0,0,8,20529,65476,0,0,45875,60.0,0.0,10.0,10.0,2.0,0.0
2026-02-05T14:26:31,ERR,ERR,ERR,ERR,ERR,ERR,ERR,ERR,ERR,ERR,ERR,ERR,ERR,ERR,ERR,ERR,ERR,ERR,ERR,ERR,ERR,ERR,ERR,ERR,ERR,ERR,ERR,ERR,ERR,ERR,ERR,ERR,ERR,ERR,ERR,ERR,ERR,ERR,ERR,ERR,ERR,ERR,ERR,ERR,ERR,ERR,ERR,ERR,ERR,ERR,ERR,ERR,ERR,ERR,ERR,ERR,ERR,ERR,ERR,ERR,ERR,ERR,ERR,ERR,ERR,ERR,ERR,ERR,ERR,ERR,ERR,ERR,ERR,ERR,ERR,ERR,ERR,ERR,ERR,ERR,ERR,ERR,ERR,ERR,ERR,ERR,ERR,ERR,ERR,ERR,ERR,ERR,ERR,ERR,ERR,ERR,ERR,ERR,ERR,ERR,ERR,ERR,ERR,ERR,ERR,ERR,ERR,ERR,ERR,ERR,ERR,ERR,ERR,ERR,ERR,ERR,ERR,ERR,ERR,ERR,ERR,ERR,ERR,ERR,ERR,2.718450016850437e+23,-0.0,2.8364315368646023e+23,-107613408.0,-4.209512871143983e+25,0.0,-0.0,0.0,5800,0,8,17275,5800,14723891331072.0,100,0.0,0.0,-107613408.0,0.0,1.9056969178834534e+17,0,0,0,0,nan,0,0,0,0,0,0,0,0,0,0,0,0,0,0,0,0,0,0,0,0,0,0,0,0,0,0,0,0,0,0,0,0,0,10,52,51,61,65476,614,65476,1,0,4,21553,0.0,0.0,0.0,0.0,0.0,0.0,0.0,0.0,0.0,0.0,0.0,0.0,0.0,0.0,0.0,0.0,0.0,0.0,0.0,0.0,0.0,2.004,3.697074423243316e+19,-0.0,-0.0,-2.004,0.0,0.0,0.0,0.0,6558.0,3.697207244247951e+19,0.0,2.718450016850437e+23,-0.0,-107616232.0,-107616440.0,-0.0,0.0,2.004,2.004,243,-107615328.0,-107615248.0,0.0,0.0,0.0,0.0,0.0,0.0,0.0,0,0,0,-1.1393341805598672e+24,0.0,-1.7047151231609535e+27,-1402948.125,-0.0,24675422.0,0.0,0.0,-0.0,3.3982307305091286e+22,-2.8601941071827654e+34,-0.0,-0.0,-0.0,0.0,-18286766080.0,0,1.3516416376850534e+27,244,0.0,488,-0.0,-68.128,2048,52429,17150,39322,17152,39322,17144,0,0,0,105,99,100,-0.0,69.2,2.7302353966433104e+23,69.5,0.0,69.5,1,47,48,180,0,13107,0,0,0.0,0.0,0.0,60.0,0.0,74.5,0.0,-0.0,0.0,1270,0,1276,0,0,0,1274,0,1286,0,1243,0,695,0,697,0,693,0,693,0.032,1.322413106158089e+34,2.004,-0.0,60816,16828,0.0,-0.0,-0.0,-224003.25,0.0,26.031,70.0,60.0,66,0.0,0.0,10.0,2.0,0.0,0.0,0.0,0.0,0.0,0.0,0.0,0.0,0.0,0.0,0.0,0.0,65.2,69,16,65516,49,65476,0,300,0,0,8,20529,65476,0,0,45875,60.0,0.0,10.0,10.0,2.0,0.0
2026-02-05T14:26:32,ERR,ERR,ERR,ERR,ERR,ERR,ERR,ERR,ERR,ERR,ERR,ERR,ERR,ERR,ERR,ERR,ERR,ERR,ERR,ERR,ERR,ERR,ERR,ERR,ERR,ERR,ERR,ERR,ERR,ERR,ERR,ERR,ERR,ERR,ERR,ERR,ERR,ERR,ERR,ERR,ERR,ERR,ERR,ERR,ERR,ERR,ERR,ERR,ERR,ERR,ERR,ERR,ERR,ERR,ERR,ERR,ERR,ERR,ERR,ERR,ERR,ERR,ERR,ERR,ERR,ERR,ERR,ERR,ERR,ERR,ERR,ERR,ERR,ERR,ERR,ERR,ERR,ERR,ERR,ERR,ERR,ERR,ERR,ERR,ERR,ERR,ERR,ERR,ERR,ERR,ERR,ERR,ERR,ERR,ERR,ERR,ERR,ERR,ERR,ERR,ERR,ERR,ERR,ERR,ERR,ERR,ERR,ERR,ERR,ERR,ERR,ERR,ERR,ERR,ERR,ERR,ERR,ERR,ERR,ERR,ERR,ERR,ERR,ERR,ERR,2.718450016850437e+23,-0.0,2.8364315368646023e+23,-107613408.0,-4.209512871143983e+25,0.0,-0.0,0.0,5800,0,8,17275,5800,14723891331072.0,100,0.0,0.0,-107613408.0,0.0,1.9056969178834534e+17,0,0,0,0,nan,0,0,0,0,0,0,0,0,0,0,0,0,0,0,0,0,0,0,0,0,0,0,0,0,0,0,0,0,0,0,0,0,0,10,52,51,61,65476,614,65476,1,0,4,21553,0.0,0.0,0.0,0.0,0.0,0.0,0.0,0.0,0.0,0.0,0.0,0.0,0.0,0.0,0.0,0.0,0.0,0.0,0.0,0.0,0.0,2.004,3.697074423243316e+19,-0.0,-0.0,-2.004,0.0,0.0,0.0,0.0,6558.0,3.697207244247951e+19,0.0,2.718450016850437e+23,-0.0,-107616232.0,-107616440.0,-0.0,0.0,2.004,2.004,243,-107615328.0,-107615248.0,0.0,0.0,0.0,0.0,0.0,0.0,0.0,0,0,0,-1.1393341805598672e+24,0.0,-1.7047151231609535e+27,-1402948.125,-0.0,24675422.0,0.0,0.0,-0.0,3.3982307305091286e+22,-2.8601941071827654e+34,-0.0,-0.0,-0.0,0.0,-18286766080.0,0,1.3516416376850534e+27,244,0.0,488,-0.0,-68.128,2048,52429,17150,39322,17152,39322,17144,0,0,0,105,99,100,-0.0,69.2,2.7302353966433104e+23,69.5,0.0,69.5,1,47,48,180,0,13107,0,0,0.0,0.0,0.0,60.0,0.0,74.5,0.0,-0.0,0.0,1270,0,1276,0,0,0,1274,0,1286,0,1243,0,695,0,697,0,693,0,693,0.032,1.322413106158089e+34,2.004,-0.0,60816,16828,0.0,-0.0,-0.0,-224003.25,0.0,26.031,70.0,60.0,66,0.0,0.0,10.0,2.0,0.0,0.0,0.0,0.0,0.0,0.0,0.0,0.0,0.0,0.0,0.0,0.0,65.2,69,16,65516,49,65476,0,300,0,0,8,20529,65476,0,0,49807,60.0,0.0,10.0,10.0,2.0,0.0
2026-02-05T14:26:33,ERR,ERR,ERR,ERR,ERR,ERR,ERR,ERR,ERR,ERR,ERR,ERR,ERR,ERR,ERR,ERR,ERR,ERR,ERR,ERR,ERR,ERR,ERR,ERR,ERR,ERR,ERR,ERR,ERR,ERR,ERR,ERR,ERR,ERR,ERR,ERR,ERR,ERR,ERR,ERR,ERR,ERR,ERR,ERR,ERR,ERR,ERR,ERR,ERR,ERR,ERR,ERR,ERR,ERR,ERR,ERR,ERR,ERR,ERR,ERR,ERR,ERR,ERR,ERR,ERR,ERR,ERR,ERR,ERR,ERR,ERR,ERR,ERR,ERR,ERR,ERR,ERR,ERR,ERR,ERR,ERR,ERR,ERR,ERR,ERR,ERR,ERR,ERR,ERR,ERR,ERR,ERR,ERR,ERR,ERR,ERR,ERR,ERR,ERR,ERR,ERR,ERR,ERR,ERR,ERR,ERR,ERR,ERR,ERR,ERR,ERR,ERR,ERR,ERR,ERR,ERR,ERR,ERR,ERR,ERR,ERR,ERR,ERR,ERR,ERR,2.718450016850437e+23,-0.0,2.8364315368646023e+23,-107613408.0,-4.209512871143983e+25,0.0,-0.0,0.0,5800,0,8,17275,5800,14723891331072.0,100,0.0,0.0,-107613408.0,0.0,1.9056969178834534e+17,0,0,0,0,nan,0,0,0,0,0,0,0,0,0,0,0,0,0,0,0,0,0,0,0,0,0,0,0,0,0,0,0,0,0,0,0,0,0,10,52,51,61,65476,614,65476,1,0,4,21553,0.0,0.0,0.0,0.0,0.0,0.0,0.0,0.0,0.0,0.0,0.0,0.0,0.0,0.0,0.0,0.0,0.0,0.0,0.0,0.0,0.0,2.004,3.697074423243316e+19,-0.0,-0.0,-2.004,0.0,0.0,0.0,0.0,6558.0,3.697207244247951e+19,0.0,2.718450016850437e+23,-0.0,-107616232.0,-107616440.0,-0.0,0.0,2.004,2.004,243,-107615328.0,-107615248.0,0.0,0.0,0.0,0.0,0.0,0.0,0.0,0,0,0,-1.1393341805598672e+24,0.0,-1.7047151231609535e+27,-1402948.125,-0.0,24675422.0,0.0,0.0,-0.0,3.3982307305091286e+22,-2.8601941071827654e+34,-0.0,-0.0,-0.0,0.0,-18286766080.0,0,1.3516416376850534e+27,244,0.0,488,-0.0,-68.128,2048,52429,17150,39322,17152,39322,17144,0,0,0,105,99,100,-0.0,69.2,2.7302353966433104e+23,69.5,0.0,69.5,1,47,48,180,0,13107,0,0,0.0,0.0,0.0,60.0,-2.536541596568782e+36,74.0,0.0,0.0,0.0,1270,0,1276,0,0,0,1274,0,1286,0,1243,0,695,0,697,0,693,0,694,0.032,1.322413106158089e+34,2.004,-0.0,58000,16828,-1.442688513112966e+33,0.0,-1.19803280883712e+16,-168707.281,0.0,-0.0,70.0,60.0,66,0.0,0.0,10.0,2.0,0.0,0.0,0.0,0.0,0.0,0.0,0.0,0.0,0.0,0.0,0.0,0.0,65.2,69,16,65516,49,65476,0,300,0,0,8,20529,65476,0,0,49807,60.0,0.0,10.0,10.0,2.0,0.0
2026-02-05T14:26:34,ERR,ERR,ERR,ERR,ERR,ERR,ERR,ERR,ERR,ERR,ERR,ERR,ERR,ERR,ERR,ERR,ERR,ERR,ERR,ERR,ERR,ERR,ERR,ERR,ERR,ERR,ERR,ERR,ERR,ERR,ERR,ERR,ERR,ERR,ERR,ERR,ERR,ERR,ERR,ERR,ERR,ERR,ERR,ERR,ERR,ERR,ERR,ERR,ERR,ERR,ERR,ERR,ERR,ERR,ERR,ERR,ERR,ERR,ERR,ERR,ERR,ERR,ERR,ERR,ERR,ERR,ERR,ERR,ERR,ERR,ERR,ERR,ERR,ERR,ERR,ERR,ERR,ERR,ERR,ERR,ERR,ERR,ERR,ERR,ERR,ERR,ERR,ERR,ERR,ERR,ERR,ERR,ERR,ERR,ERR,ERR,ERR,ERR,ERR,ERR,ERR,ERR,ERR,ERR,ERR,ERR,ERR,ERR,ERR,ERR,ERR,ERR,ERR,ERR,ERR,ERR,ERR,ERR,ERR,ERR,ERR,ERR,ERR,ERR,ERR,2.718450016850437e+23,-0.0,2.8364315368646023e+23,-107613408.0,-4.209512871143983e+25,0.0,-0.0,0.0,5800,0,8,17275,5800,14723891331072.0,100,0.0,0.0,-107613408.0,0.0,1.9056969178834534e+17,0,0,0,0,nan,0,0,0,0,0,0,0,0,0,0,0,0,0,0,0,0,0,0,0,0,0,0,0,0,0,0,0,0,0,0,0,0,0,10,52,51,61,65476,614,65476,1,0,4,21553,0.0,0.0,0.0,0.0,0.0,0.0,0.0,0.0,0.0,0.0,0.0,0.0,0.0,0.0,0.0,0.0,0.0,0.0,0.0,0.0,0.0,2.004,3.697074423243316e+19,-0.0,-0.0,-2.004,0.0,0.0,0.0,0.0,6558.0,3.697207244247951e+19,0.0,2.718450016850437e+23,-0.0,-107616232.0,-107616440.0,-0.0,0.0,2.004,2.004,243,-107615328.0,-107615248.0,0.0,0.0,0.0,0.0,0.0,0.0,0.0,0,0,0,-1.1393341805598672e+24,0.0,-1.7047151231609535e+27,-1402948.125,-0.0,24675422.0,0.0,0.0,-0.0,3.3982307305091286e+22,-2.8601941071827654e+34,-0.0,-0.0,-0.0,0.0,-18286766080.0,0,1.3516416376850534e+27,244,0.0,488,-0.0,-68.128,2048,52429,17150,39322,17152,39322,17144,0,0,0,105,99,100,-0.0,69.2,2.7302353966433104e+23,69.5,0.0,69.5,1,47,48,180,0,13107,0,0,0.0,0.0,0.0,60.0,-2.536541596568782e+36,74.0,0.0,0.0,0.0,1270,0,1276,0,0,0,1274,0,1286,0,1243,0,695,0,697,0,693,0,694,0.032,1.322413106158089e+34,2.004,-0.0,58000,16828,-1.442688513112966e+33,0.0,-1.19803280883712e+16,-168707.281,0.0,-0.0,70.0,60.0,66,0.0,0.0,10.0,2.0,0.0,0.0,0.0,0.0,0.0,0.0,0.0,0.0,0.0,0.0,0.0,0.0,65.2,69,16,65516,49,65476,0,300,0,0,8,20529,65476,0,0,49807,60.0,0.0,10.0,10.0,2.0,0.0
2026-02-05T14:26:35,ERR,ERR,ERR,ERR,ERR,ERR,ERR,ERR,ERR,ERR,ERR,ERR,ERR,ERR,ERR,ERR,ERR,ERR,ERR,ERR,ERR,ERR,ERR,ERR,ERR,ERR,ERR,ERR,ERR,ERR,ERR,ERR,ERR,ERR,ERR,ERR,ERR,ERR,ERR,ERR,ERR,ERR,ERR,ERR,ERR,ERR,ERR,ERR,ERR,ERR,ERR,ERR,ERR,ERR,ERR,ERR,ERR,ERR,ERR,ERR,ERR,ERR,ERR,ERR,ERR,ERR,ERR,ERR,ERR,ERR,ERR,ERR,ERR,ERR,ERR,ERR,ERR,ERR,ERR,ERR,ERR,ERR,ERR,ERR,ERR,ERR,ERR,ERR,ERR,ERR,ERR,ERR,ERR,ERR,ERR,ERR,ERR,ERR,ERR,ERR,ERR,ERR,ERR,ERR,ERR,ERR,ERR,ERR,ERR,ERR,ERR,ERR,ERR,ERR,ERR,ERR,ERR,ERR,ERR,ERR,ERR,ERR,ERR,ERR,ERR,2.718450016850437e+23,-0.0,2.8364315368646023e+23,-107613408.0,-4.209512871143983e+25,-0.0,0.041,-0.0,5800,0,8,17276,5800,14723891331072.0,100,0.0,0.0,-107613408.0,0.0,1.9056969178834534e+17,0,0,0,0,nan,0,0,0,0,0,0,0,0,0,0,0,0,0,0,0,0,0,0,0,0,0,0,0,0,0,0,0,0,0,0,0,0,0,10,52,51,61,65476,613,65476,1,0,4,21553,0.0,0.0,0.0,0.0,0.0,0.0,0.0,0.0,0.0,0.0,0.0,0.0,0.0,0.0,0.0,0.0,0.0,0.0,0.0,0.0,0.0,2.004,3.697074423243316e+19,-0.0,-0.0,-0.0,0.0,0.0,0.0,0.0,6587.0,564149121712128.0,0.0,2.718450016850437e+23,-0.0,-107616232.0,-0.0,0.0,0.0,2.004,2.004,244,-0.0,3.2220245344017747e+26,0.0,0.0,0.0,0.0,0.0,0.0,0.0,0,0,0,-15312.857,1.3138157182755917e+29,-103498905550848.0,-0.0,-0.0,-0.0,0.0,0.0,-0.0,4.140130314404082e+22,-3.4930052868166975e+34,-0.0,-0.0,-0.0,0.0,-1.6735161810541347e+19,0,1.3516416376850534e+27,244,0.0,488,-4.700581670752129e+22,-3.294452354593262e+26,2048,52429,17150,39322,17152,39322,17144,0,0,0,105,99,100,-0.0,69.2,2.7302353966433104e+23,69.5,0.0,69.5,1,47,48,180,0,13107,0,0,0.0,0.0,0.0,60.0,-2.536541596568782e+36,74.0,0.0,0.0,0.0,1270,0,1276,0,0,0,1274,0,1286,0,1243,0,695,0,697,0,693,0,694,0.032,1.322413106158089e+34,2.004,-0.0,58000,16828,-1.442688513112966e+33,0.0,-1.19803280883712e+16,-168707.281,0.0,-0.0,70.0,60.0,66,0.0,0.0,10.0,2.0,0.0,0.0,0.0,0.0,0.0,0.0,0.0,0.0,0.0,0.0,0.0,0.0,65.6,69,16,65516,49,65476,0,300,0,0,8,20529,65476,0,0,44564,60.0,0.0,10.0,10.0,2.0,0.0
2026-02-05T14:26:36,ERR,ERR,ERR,ERR,ERR,ERR,ERR,ERR,ERR,ERR,ERR,ERR,ERR,ERR,ERR,ERR,ERR,ERR,ERR,ERR,ERR,ERR,ERR,ERR,ERR,ERR,ERR,ERR,ERR,ERR,ERR,ERR,ERR,ERR,ERR,ERR,ERR,ERR,ERR,ERR,ERR,ERR,ERR,ERR,ERR,ERR,ERR,ERR,ERR,ERR,ERR,ERR,ERR,ERR,ERR,ERR,ERR,ERR,ERR,ERR,ERR,ERR,ERR,ERR,ERR,ERR,ERR,ERR,ERR,ERR,ERR,ERR,ERR,ERR,ERR,ERR,ERR,ERR,ERR,ERR,ERR,ERR,ERR,ERR,ERR,ERR,ERR,ERR,ERR,ERR,ERR,ERR,ERR,ERR,ERR,ERR,ERR,ERR,ERR,ERR,ERR,ERR,ERR,ERR,ERR,ERR,ERR,ERR,ERR,ERR,ERR,ERR,ERR,ERR,ERR,ERR,ERR,ERR,ERR,ERR,ERR,ERR,ERR,ERR,ERR,2.718450016850437e+23,-0.0,2.8364315368646023e+23,-107613408.0,-4.209512871143983e+25,-0.0,0.041,-0.0,5800,0,8,17276,5800,14723891331072.0,100,0.0,0.0,-107613408.0,0.0,1.9056969178834534e+17,0,0,0,0,nan,0,0,0,0,0,0,0,0,0,0,0,0,0,0,0,0,0,0,0,0,0,0,0,0,0,0,0,0,0,0,0,0,0,10,52,51,61,65476,613,65476,1,0,4,21553,0.0,0.0,0.0,0.0,0.0,0.0,0.0,0.0,0.0,0.0,0.0,0.0,0.0,0.0,0.0,0.0,0.0,0.0,0.0,0.0,0.0,2.004,3.697074423243316e+19,-0.0,-0.0,-0.0,0.0,0.0,0.0,0.0,6587.0,564149121712128.0,0.0,2.718450016850437e+23,-0.0,-107616232.0,-0.0,0.0,0.0,2.004,2.004,244,-0.0,3.2220245344017747e+26,0.0,0.0,0.0,0.0,0.0,0.0,0.0,0,0,0,-15312.857,1.3138157182755917e+29,-103498905550848.0,-0.0,-0.0,-0.0,0.0,0.0,-0.0,4.140130314404082e+22,-3.4930052868166975e+34,-0.0,-0.0,-0.0,0.0,-1.6735161810541347e+19,0,1.3516416376850534e+27,244,0.0,488,-4.700581670752129e+22,-3.294452354593262e+26,2048,52429,17150,39322,17152,39322,17144,0,0,0,105,99,100,-0.0,69.2,2.7302353966433104e+23,69.5,0.0,69.5,1,47,48,180,0,13107,0,0,0.0,0.0,0.0,60.0,-2.536541596568782e+36,74.0,0.0,0.0,0.0,1270,0,1276,0,0,0,1274,0,1286,0,1243,0,695,0,697,0,693,0,694,0.032,1.322413106158089e+34,2.004,-0.0,58000,16828,-1.442688513112966e+33,0.0,-1.19803280883712e+16,-168707.281,0.0,-0.0,70.0,60.0,66,0.0,0.0,10.0,2.0,0.0,0.0,0.0,0.0,0.0,0.0,0.0,0.0,0.0,0.0,0.0,0.0,65.2,69,16,65516,49,65476,0,300,0,0,8,20529,65476,0,0,47186,60.0,0.0,10.0,10.0,2.0,0.0
2026-02-05T14:26:37,ERR,ERR,ERR,ERR,ERR,ERR,ERR,ERR,ERR,ERR,ERR,ERR,ERR,ERR,ERR,ERR,ERR,ERR,ERR,ERR,ERR,ERR,ERR,ERR,ERR,ERR,ERR,ERR,ERR,ERR,ERR,ERR,ERR,ERR,ERR,ERR,ERR,ERR,ERR,ERR,ERR,ERR,ERR,ERR,ERR,ERR,ERR,ERR,ERR,ERR,ERR,ERR,ERR,ERR,ERR,ERR,ERR,ERR,ERR,ERR,ERR,ERR,ERR,ERR,ERR,ERR,ERR,ERR,ERR,ERR,ERR,ERR,ERR,ERR,ERR,ERR,ERR,ERR,ERR,ERR,ERR,ERR,ERR,ERR,ERR,ERR,ERR,ERR,ERR,ERR,ERR,ERR,ERR,ERR,ERR,ERR,ERR,ERR,ERR,ERR,ERR,ERR,ERR,ERR,ERR,ERR,ERR,ERR,ERR,ERR,ERR,ERR,ERR,ERR,ERR,ERR,ERR,ERR,ERR,ERR,ERR,ERR,ERR,ERR,ERR,2.718450016850437e+23,-0.0,2.8364315368646023e+23,-107613408.0,-4.209512871143983e+25,-0.0,0.041,-0.0,5800,0,8,17276,5800,14723891331072.0,100,0.0,0.0,-107613408.0,0.0,1.9056969178834534e+17,0,0,0,0,nan,0,0,0,0,0,0,0,0,0,0,0,0,0,0,0,0,0,0,0,0,0,0,0,0,0,0,0,0,0,0,0,0,0,10,52,51,61,65476,613,65476,1,0,4,21553,0.0,0.0,0.0,0.0,0.0,0.0,0.0,0.0,0.0,0.0,0.0,0.0,0.0,0.0,0.0,0.0,0.0,0.0,0.0,0.0,0.0,2.004,3.697074423243316e+19,-0.0,-0.0,-0.0,0.0,0.0,0.0,0.0,6587.0,564149121712128.0,0.0,2.718450016850437e+23,-0.0,-107616232.0,-0.0,0.0,0.0,2.004,2.004,244,-0.0,3.2220245344017747e+26,0.0,0.0,0.0,0.0,0.0,0.0,0.0,0,0,0,-15312.857,1.3138157182755917e+29,-103498905550848.0,-0.0,-0.0,-0.0,0.0,0.0,-0.0,4.140130314404082e+22,-3.4930052868166975e+34,-0.0,-0.0,-0.0,0.0,-1.6735161810541347e+19,0,1.3516416376850534e+27,244,0.0,488,-4.700581670752129e+22,-3.294452354593262e+26,2048,52429,17150,39322,17152,39322,17144,0,0,0,105,99,100,-0.0,69.2,2.7302353966433104e+23,69.5,0.0,69.5,1,47,48,180,0,13107,0,0,0.0,0.0,0.0,60.0,0.0,74.5,0.0,0.0,0.0,1270,0,1276,0,0,0,1274,0,1286,0,1243,0,695,0,697,0,693,0,693,0.032,1.322413106158089e+34,-0.0,-107615312.0,7824,16829,0.0,0.0,nan,1.766189275944844e+25,19495979008.0,-0.0,70.0,60.0,66,0.0,0.0,10.0,2.0,0.0,0.0,0.0,0.0,0.0,0.0,0.0,0.0,0.0,0.0,0.0,0.0,65.2,69,16,65516,49,65476,0,300,0,0,8,20529,65476,0,0,47186,60.0,0.0,10.0,10.0,2.0,0.0
2026-02-05T14:26:38,ERR,ERR,ERR,ERR,ERR,ERR,ERR,ERR,ERR,ERR,ERR,ERR,ERR,ERR,ERR,ERR,ERR,ERR,ERR,ERR,ERR,ERR,ERR,ERR,ERR,ERR,ERR,ERR,ERR,ERR,ERR,ERR,ERR,ERR,ERR,ERR,ERR,ERR,ERR,ERR,ERR,ERR,ERR,ERR,ERR,ERR,ERR,ERR,ERR,ERR,ERR,ERR,ERR,ERR,ERR,ERR,ERR,ERR,ERR,ERR,ERR,ERR,ERR,ERR,ERR,ERR,ERR,ERR,ERR,ERR,ERR,ERR,ERR,ERR,ERR,ERR,ERR,ERR,ERR,ERR,ERR,ERR,ERR,ERR,ERR,ERR,ERR,ERR,ERR,ERR,ERR,ERR,ERR,ERR,ERR,ERR,ERR,ERR,ERR,ERR,ERR,ERR,ERR,ERR,ERR,ERR,ERR,ERR,ERR,ERR,ERR,ERR,ERR,ERR,ERR,ERR,ERR,ERR,ERR,ERR,ERR,ERR,ERR,ERR,ERR,2.718450016850437e+23,-0.0,2.8364315368646023e+23,-107613408.0,-4.209512871143983e+25,-0.0,0.041,-0.0,5800,0,8,17276,5800,14723891331072.0,100,0.0,0.0,-107613408.0,0.0,1.9056969178834534e+17,0,0,0,0,nan,0,0,0,0,0,0,0,0,0,0,0,0,0,0,0,0,0,0,0,0,0,0,0,0,0,0,0,0,0,0,0,0,0,10,52,51,61,65476,613,65476,1,0,4,21553,0.0,0.0,0.0,0.0,0.0,0.0,0.0,0.0,0.0,0.0,0.0,0.0,0.0,0.0,0.0,0.0,0.0,0.0,0.0,0.0,0.0,2.004,3.697074423243316e+19,-0.0,-0.0,-0.0,0.0,0.0,0.0,0.0,6587.0,564149121712128.0,0.0,2.718450016850437e+23,-0.0,-107616232.0,-0.0,0.0,0.0,2.004,2.004,244,-0.0,3.2220245344017747e+26,0.0,0.0,0.0,0.0,0.0,0.0,0.0,0,0,0,-15312.857,1.3138157182755917e+29,-103498905550848.0,-0.0,-0.0,-0.0,0.0,0.0,-0.0,4.140130314404082e+22,-3.4930052868166975e+34,-0.0,-0.0,-0.0,0.0,-1.6735161810541347e+19,0,1.3516416376850534e+27,244,0.0,488,-4.700581670752129e+22,-3.294452354593262e+26,2048,52429,17150,39322,17152,39322,17144,0,0,0,105,99,100,-0.0,69.2,2.7302353966433104e+23,69.5,0.0,69.5,1,47,48,180,0,13107,0,0,0.0,0.0,0.0,60.0,0.0,74.5,0.0,0.0,0.0,1270,0,1276,0,0,0,1274,0,1286,0,1243,0,695,0,697,0,693,0,693,0.032,1.322413106158089e+34,-0.0,-107615312.0,7824,16829,0.0,0.0,nan,1.766189275944844e+25,19495979008.0,-0.0,70.0,60.0,66,0.0,0.0,10.0,2.0,0.0,0.0,0.0,0.0,0.0,0.0,0.0,0.0,0.0,0.0,0.0,0.0,65.2,69,16,65516,49,65476,0,300,0,0,8,20529,65476,0,0,47186,60.0,0.0,10.0,10.0,2.0,0.0
2026-02-05T14:26:39,ERR,ERR,ERR,ERR,ERR,ERR,ERR,ERR,ERR,ERR,ERR,ERR,ERR,ERR,ERR,ERR,ERR,ERR,ERR,ERR,ERR,ERR,ERR,ERR,ERR,ERR,ERR,ERR,ERR,ERR,ERR,ERR,ERR,ERR,ERR,ERR,ERR,ERR,ERR,ERR,ERR,ERR,ERR,ERR,ERR,ERR,ERR,ERR,ERR,ERR,ERR,ERR,ERR,ERR,ERR,ERR,ERR,ERR,ERR,ERR,ERR,ERR,ERR,ERR,ERR,ERR,ERR,ERR,ERR,ERR,ERR,ERR,ERR,ERR,ERR,ERR,ERR,ERR,ERR,ERR,ERR,ERR,ERR,ERR,ERR,ERR,ERR,ERR,ERR,ERR,ERR,ERR,ERR,ERR,ERR,ERR,ERR,ERR,ERR,ERR,ERR,ERR,ERR,ERR,ERR,ERR,ERR,ERR,ERR,ERR,ERR,ERR,ERR,ERR,ERR,ERR,ERR,ERR,ERR,ERR,ERR,ERR,ERR,ERR,ERR,2.718450016850437e+23,-0.0,2.8364315368646023e+23,-107613408.0,-4.209512871143983e+25,-0.0,0.041,-0.0,5800,0,8,17276,5800,14723891331072.0,100,0.0,0.0,-107613408.0,0.0,1.9056969178834534e+17,0,0,0,0,nan,0,0,0,0,0,0,0,0,0,0,0,0,0,0,0,0,0,0,0,0,0,0,0,0,0,0,0,0,0,0,0,0,0,10,52,51,61,65476,613,65476,1,0,4,21553,0.0,0.0,0.0,0.0,0.0,0.0,0.0,0.0,0.0,0.0,0.0,0.0,0.0,0.0,0.0,0.0,0.0,0.0,0.0,0.0,0.0,2.004,3.697074423243316e+19,-0.0,-0.0,-0.0,0.0,0.0,0.0,0.0,6587.0,564149121712128.0,0.0,2.718450016850437e+23,-0.0,-107616232.0,-0.0,0.0,0.0,2.004,2.004,244,-0.0,3.2220245344017747e+26,0.0,0.0,0.0,0.0,0.0,0.0,0.0,0,0,0,-15312.857,1.3138157182755917e+29,-103498905550848.0,-0.0,-0.0,-0.0,0.0,0.0,-0.0,4.140130314404082e+22,-3.4930052868166975e+34,-0.0,-0.0,-0.0,0.0,-1.6735161810541347e+19,0,1.3516416376850534e+27,244,0.0,488,-4.700581670752129e+22,-3.294452354593262e+26,2048,52429,17150,39322,17152,39322,17144,0,0,0,105,99,100,-0.0,69.2,2.7302353966433104e+23,69.5,0.0,69.5,1,47,48,180,0,13107,0,0,0.0,0.0,0.0,60.0,0.0,74.5,0.0,0.0,0.0,1270,0,1276,0,0,0,1274,0,1286,0,1243,0,695,0,697,0,693,0,693,0.032,1.322413106158089e+34,-0.0,-107615312.0,7824,16829,0.0,0.0,nan,1.766189275944844e+25,19495979008.0,-0.0,70.0,60.0,66,0.0,0.0,10.0,2.0,0.0,0.0,0.0,0.0,0.0,0.0,0.0,0.0,0.0,0.0,0.0,0.0,65.2,69,16,65516,49,65476,0,300,0,0,8,20529,65476,0,0,47186,60.0,0.0,10.0,10.0,2.0,0.0
2026-02-05T14:26:40,ERR,ERR,ERR,ERR,ERR,ERR,ERR,ERR,ERR,ERR,ERR,ERR,ERR,ERR,ERR,ERR,ERR,ERR,ERR,ERR,ERR,ERR,ERR,ERR,ERR,ERR,ERR,ERR,ERR,ERR,ERR,ERR,ERR,ERR,ERR,ERR,ERR,ERR,ERR,ERR,ERR,ERR,ERR,ERR,ERR,ERR,ERR,ERR,ERR,ERR,ERR,ERR,ERR,ERR,ERR,ERR,ERR,ERR,ERR,ERR,ERR,ERR,ERR,ERR,ERR,ERR,ERR,ERR,ERR,ERR,ERR,ERR,ERR,ERR,ERR,ERR,ERR,ERR,ERR,ERR,ERR,ERR,ERR,ERR,ERR,ERR,ERR,ERR,ERR,ERR,ERR,ERR,ERR,ERR,ERR,ERR,ERR,ERR,ERR,ERR,ERR,ERR,ERR,ERR,ERR,ERR,ERR,ERR,ERR,ERR,ERR,ERR,ERR,ERR,ERR,ERR,ERR,ERR,ERR,ERR,ERR,ERR,ERR,ERR,ERR,2.718450016850437e+23,-0.0,2.8364315368646023e+23,-107613408.0,-4.209512871143983e+25,2.47418221904808e+36,0.0,-0.0,5800,0,8,17276,5800,-0.0,100,0.0,0.0,-107613408.0,0.0,1.9056969178834534e+17,0,0,0,0,nan,0,0,0,0,0,0,0,0,0,0,0,0,0,0,0,0,0,0,0,0,0,0,0,0,0,0,0,0,0,0,0,0,0,10,52,51,61,65476,613,65476,1,0,4,21553,0.0,0.0,0.0,0.0,0.0,0.0,0.0,0.0,0.0,0.0,0.0,0.0,0.0,0.0,0.0,0.0,0.0,0.0,0.0,0.0,0.0,2.004,3.697074423243316e+19,-0.0,-0.0,0.0,0.0,0.0,0.0,0.0,6588.0,131351.203,0.0,2.718450016850437e+23,-0.0,-107616232.0,107616440.0,-0.0,0.0,2.004,2.004,245,-0.0,2.3088384307314767e+20,0.0,0.0,0.0,0.0,0.0,0.0,0.0,0,0,0,-0.026,-3795984640.0,-2.1067153875588992e+26,-4.636291720091721e+29,-0.0,-111808912.0,-0.0,-0.0,0.0,5.438781097193234e+22,-4.260054722902611e+34,-0.0,-0.0,-0.0,0.0,-1.6955783216701112e+18,0,1.3516416376850534e+27,245,0.0,490,-0.0,-68.128,2048,52429,17150,39322,17152,39322,17144,0,0,0,105,99,100,-0.0,69.2,2.7302353966433104e+23,69.5,0.0,69.5,1,47,48,180,0,13107,0,0,0.0,0.0,0.0,60.0,0.0,74.5,0.0,0.0,0.0,1270,0,1276,0,0,0,1274,0,1286,0,1243,0,695,0,697,0,693,0,693,0.032,1.322413106158089e+34,-0.0,-107615312.0,7824,16829,0.0,0.0,nan,1.766189275944844e+25,19495979008.0,-0.0,70.0,60.0,66,0.0,0.0,10.0,2.0,0.0,0.0,0.0,0.0,0.0,0.0,0.0,0.0,0.0,0.0,0.0,0.0,65.2,69,16,65516,49,65476,0,300,0,0,8,20529,65476,0,0,44564,60.0,0.0,10.0,10.0,2.0,0.0
2026-02-05T14:26:41,ERR,ERR,ERR,ERR,ERR,ERR,ERR,ERR,ERR,ERR,ERR,ERR,ERR,ERR,ERR,ERR,ERR,ERR,ERR,ERR,ERR,ERR,ERR,ERR,ERR,ERR,ERR,ERR,ERR,ERR,ERR,ERR,ERR,ERR,ERR,ERR,ERR,ERR,ERR,ERR,ERR,ERR,ERR,ERR,ERR,ERR,ERR,ERR,ERR,ERR,ERR,ERR,ERR,ERR,ERR,ERR,ERR,ERR,ERR,ERR,ERR,ERR,ERR,ERR,ERR,ERR,ERR,ERR,ERR,ERR,ERR,ERR,ERR,ERR,ERR,ERR,ERR,ERR,ERR,ERR,ERR,ERR,ERR,ERR,ERR,ERR,ERR,ERR,ERR,ERR,ERR,ERR,ERR,ERR,ERR,ERR,ERR,ERR,ERR,ERR,ERR,ERR,ERR,ERR,ERR,ERR,ERR,ERR,ERR,ERR,ERR,ERR,ERR,ERR,ERR,ERR,ERR,ERR,ERR,ERR,ERR,ERR,ERR,ERR,ERR,2.718450016850437e+23,-0.0,2.8364315368646023e+23,-107613408.0,-4.209512871143983e+25,2.47418221904808e+36,0.0,-0.0,5800,0,8,17276,5800,-0.0,100,0.0,0.0,-107613408.0,0.0,1.9056969178834534e+17,0,0,0,0,nan,0,0,0,0,0,0,0,0,0,0,0,0,0,0,0,0,0,0,0,0,0,0,0,0,0,0,0,0,0,0,0,0,0,10,52,51,61,65476,613,65476,1,0,4,21553,0.0,0.0,0.0,0.0,0.0,0.0,0.0,0.0,0.0,0.0,0.0,0.0,0.0,0.0,0.0,0.0,0.0,0.0,0.0,0.0,0.0,2.004,3.697074423243316e+19,-0.0,-0.0,0.0,0.0,0.0,0.0,0.0,6588.0,131351.203,0.0,2.718450016850437e+23,-0.0,-107616232.0,107616440.0,-0.0,0.0,2.004,2.004,245,-0.0,2.3088384307314767e+20,0.0,0.0,0.0,0.0,0.0,0.0,0.0,0,0,0,-0.026,-3795984640.0,-2.1067153875588992e+26,-4.636291720091721e+29,-0.0,-111808912.0,-0.0,-0.0,0.0,5.438781097193234e+22,-4.260054722902611e+34,-0.0,-0.0,-0.0,0.0,-1.6955783216701112e+18,0,1.3516416376850534e+27,245,0.0,490,-0.0,-68.128,2048,52429,17150,39322,17152,39322,17144,0,0,0,105,99,100,-0.0,69.2,2.7302353966433104e+23,69.5,0.0,69.5,1,47,48,180,0,26215,0,0,0.0,0.0,0.0,60.0,0.0,74.5,0.0,-0.0,0.0,1270,0,1277,0,0,0,1274,0,1286,0,1243,0,695,0,697,0,693,0,693,0.032,1.322413106158089e+34,2.004,-0.0,6544,16829,0.0,-0.0,-0.0,0.0,-5.6728929776307304e+23,0.0,70.0,60.0,66,0.0,0.0,10.0,2.0,0.0,0.0,0.0,0.0,0.0,0.0,0.0,0.0,0.0,0.0,0.0,0.0,65.2,69,16,65516,49,65476,0,300,0,0,8,20529,65476,0,0,44564,60.0,0.0,10.0,10.0,2.0,0.0
2026-02-05T14:26:42,ERR,ERR,ERR,ERR,ERR,ERR,ERR,ERR,ERR,ERR,ERR,ERR,ERR,ERR,ERR,ERR,ERR,ERR,ERR,ERR,ERR,ERR,ERR,ERR,ERR,ERR,ERR,ERR,ERR,ERR,ERR,ERR,ERR,ERR,ERR,ERR,ERR,ERR,ERR,ERR,ERR,ERR,ERR,ERR,ERR,ERR,ERR,ERR,ERR,ERR,ERR,ERR,ERR,ERR,ERR,ERR,ERR,ERR,ERR,ERR,ERR,ERR,ERR,ERR,ERR,ERR,ERR,ERR,ERR,ERR,ERR,ERR,ERR,ERR,ERR,ERR,ERR,ERR,ERR,ERR,ERR,ERR,ERR,ERR,ERR,ERR,ERR,ERR,ERR,ERR,ERR,ERR,ERR,ERR,ERR,ERR,ERR,ERR,ERR,ERR,ERR,ERR,ERR,ERR,ERR,ERR,ERR,ERR,ERR,ERR,ERR,ERR,ERR,ERR,ERR,ERR,ERR,ERR,ERR,ERR,ERR,ERR,ERR,ERR,ERR,2.718450016850437e+23,-0.0,2.8364315368646023e+23,-107613408.0,-4.209512871143983e+25,2.47418221904808e+36,0.0,-0.0,5800,0,8,17276,5800,-0.0,100,0.0,0.0,-107613408.0,0.0,1.9056969178834534e+17,0,0,0,0,nan,0,0,0,0,0,0,0,0,0,0,0,0,0,0,0,0,0,0,0,0,0,0,0,0,0,0,0,0,0,0,0,0,0,10,52,51,61,65476,613,65476,1,0,4,21553,0.0,0.0,0.0,0.0,0.0,0.0,0.0,0.0,0.0,0.0,0.0,0.0,0.0,0.0,0.0,0.0,0.0,0.0,0.0,0.0,0.0,2.004,3.697074423243316e+19,-0.0,-0.0,0.0,0.0,0.0,0.0,0.0,6588.0,131351.203,0.0,2.718450016850437e+23,-0.0,-107616232.0,107616440.0,-0.0,0.0,2.004,2.004,245,-0.0,2.3088384307314767e+20,0.0,0.0,0.0,0.0,0.0,0.0,0.0,0,0,0,-0.026,-3795984640.0,-2.1067153875588992e+26,-4.636291720091721e+29,-0.0,-111808912.0,-0.0,-0.0,0.0,5.438781097193234e+22,-4.260054722902611e+34,-0.0,-0.0,-0.0,0.0,-1.6955783216701112e+18,0,1.3516416376850534e+27,245,0.0,490,-0.0,-68.128,2048,52429,17150,39322,17152,39322,17144,0,0,0,105,99,100,-0.0,69.2,2.7302353966433104e+23,69.5,0.0,69.5,1,47,48,180,0,26215,0,0,0.0,0.0,0.0,60.0,0.0,74.5,0.0,-0.0,0.0,1270,0,1277,0,0,0,1274,0,1286,0,1243,0,695,0,697,0,693,0,693,0.032,1.322413106158089e+34,2.004,-0.0,6544,16829,0.0,-0.0,-0.0,0.0,-5.6728929776307304e+23,0.0,70.0,60.0,66,0.0,0.0,10.0,2.0,0.0,0.0,0.0,0.0,0.0,0.0,0.0,0.0,0.0,0.0,0.0,0.0,65.6,69,16,65516,49,65476,0,300,0,0,8,20529,65476,0,0,43254,60.0,0.0,10.0,10.0,2.0,0.0
2026-02-05T14:26:43,ERR,ERR,ERR,ERR,ERR,ERR,ERR,ERR,ERR,ERR,ERR,ERR,ERR,ERR,ERR,ERR,ERR,ERR,ERR,ERR,ERR,ERR,ERR,ERR,ERR,ERR,ERR,ERR,ERR,ERR,ERR,ERR,ERR,ERR,ERR,ERR,ERR,ERR,ERR,ERR,ERR,ERR,ERR,ERR,ERR,ERR,ERR,ERR,ERR,ERR,ERR,ERR,ERR,ERR,ERR,ERR,ERR,ERR,ERR,ERR,ERR,ERR,ERR,ERR,ERR,ERR,ERR,ERR,ERR,ERR,ERR,ERR,ERR,ERR,ERR,ERR,ERR,ERR,ERR,ERR,ERR,ERR,ERR,ERR,ERR,ERR,ERR,ERR,ERR,ERR,ERR,ERR,ERR,ERR,ERR,ERR,ERR,ERR,ERR,ERR,ERR,ERR,ERR,ERR,ERR,ERR,ERR,ERR,ERR,ERR,ERR,ERR,ERR,ERR,ERR,ERR,ERR,ERR,ERR,ERR,ERR,ERR,ERR,ERR,ERR,2.718450016850437e+23,-0.0,2.8364315368646023e+23,-107613408.0,-4.209512871143983e+25,2.47418221904808e+36,0.0,-0.0,5800,0,8,17276,5800,-0.0,100,0.0,0.0,-107613408.0,0.0,1.9056969178834534e+17,0,0,0,0,nan,0,0,0,0,0,0,0,0,0,0,0,0,0,0,0,0,0,0,0,0,0,0,0,0,0,0,0,0,0,0,0,0,0,10,52,51,61,65476,613,65476,1,0,4,21553,0.0,0.0,0.0,0.0,0.0,0.0,0.0,0.0,0.0,0.0,0.0,0.0,0.0,0.0,0.0,0.0,0.0,0.0,0.0,0.0,0.0,2.004,3.697074423243316e+19,-0.0,-0.0,0.0,0.0,0.0,0.0,0.0,6588.0,131351.203,0.0,2.718450016850437e+23,-0.0,-107616232.0,107616440.0,-0.0,0.0,2.004,2.004,245,-0.0,2.3088384307314767e+20,0.0,0.0,0.0,0.0,0.0,0.0,0.0,0,0,0,-0.026,-3795984640.0,-2.1067153875588992e+26,-4.636291720091721e+29,-0.0,-111808912.0,-0.0,-0.0,0.0,5.438781097193234e+22,-4.260054722902611e+34,-0.0,-0.0,-0.0,0.0,-1.6955783216701112e+18,0,1.3516416376850534e+27,245,0.0,490,-0.0,-68.128,2048,52429,17150,39322,17152,39322,17144,0,0,0,105,99,100,-0.0,69.2,2.7302353966433104e+23,69.5,0.0,69.5,1,47,48,180,0,26215,0,0,0.0,0.0,0.0,60.0,0.0,74.5,0.0,-0.0,0.0,1270,0,1277,0,0,0,1274,0,1286,0,1243,0,695,0,697,0,693,0,693,0.032,1.322413106158089e+34,2.004,-0.0,6544,16829,0.0,-0.0,-0.0,0.0,-5.6728929776307304e+23,0.0,70.0,60.0,66,0.0,0.0,10.0,2.0,0.0,0.0,0.0,0.0,0.0,0.0,0.0,0.0,0.0,0.0,0.0,0.0,65.6,69,16,65516,49,65476,0,300,0,0,8,20529,65476,0,0,43254,60.0,0.0,10.0,10.0,2.0,0.0
2026-02-05T14:26:44,ERR,ERR,ERR,ERR,ERR,ERR,ERR,ERR,ERR,ERR,ERR,ERR,ERR,ERR,ERR,ERR,ERR,ERR,ERR,ERR,ERR,ERR,ERR,ERR,ERR,ERR,ERR,ERR,ERR,ERR,ERR,ERR,ERR,ERR,ERR,ERR,ERR,ERR,ERR,ERR,ERR,ERR,ERR,ERR,ERR,ERR,ERR,ERR,ERR,ERR,ERR,ERR,ERR,ERR,ERR,ERR,ERR,ERR,ERR,ERR,ERR,ERR,ERR,ERR,ERR,ERR,ERR,ERR,ERR,ERR,ERR,ERR,ERR,ERR,ERR,ERR,ERR,ERR,ERR,ERR,ERR,ERR,ERR,ERR,ERR,ERR,ERR,ERR,ERR,ERR,ERR,ERR,ERR,ERR,ERR,ERR,ERR,ERR,ERR,ERR,ERR,ERR,ERR,ERR,ERR,ERR,ERR,ERR,ERR,ERR,ERR,ERR,ERR,ERR,ERR,ERR,ERR,ERR,ERR,ERR,ERR,ERR,ERR,ERR,ERR,2.718450016850437e+23,-0.0,2.8364315368646023e+23,-107613408.0,-4.209512871143983e+25,2.47418221904808e+36,0.0,-0.0,5800,0,8,17276,5800,-0.0,100,0.0,0.0,-107613408.0,0.0,1.9056969178834534e+17,0,0,0,0,nan,0,0,0,0,0,0,0,0,0,0,0,0,0,0,0,0,0,0,0,0,0,0,0,0,0,0,0,0,0,0,0,0,0,10,52,51,61,65476,613,65476,1,0,4,21553,0.0,0.0,0.0,0.0,0.0,0.0,0.0,0.0,0.0,0.0,0.0,0.0,0.0,0.0,0.0,0.0,0.0,0.0,0.0,0.0,0.0,2.004,3.697074423243316e+19,-0.0,-0.0,0.0,0.0,0.0,0.0,0.0,6588.0,131351.203,0.0,2.718450016850437e+23,-0.0,-107616232.0,107616440.0,-0.0,0.0,2.004,2.004,245,-0.0,2.3088384307314767e+20,0.0,0.0,0.0,0.0,0.0,0.0,0.0,0,0,0,-0.026,-3795984640.0,-2.1067153875588992e+26,-4.636291720091721e+29,-0.0,-111808912.0,-0.0,-0.0,0.0,5.438781097193234e+22,-4.260054722902611e+34,-0.0,-0.0,-0.0,0.0,-1.6955783216701112e+18,0,1.3516416376850534e+27,245,0.0,490,-0.0,-68.128,2048,52429,17150,39322,17152,39322,17144,0,0,0,105,99,100,-0.0,69.2,2.7302353966433104e+23,69.5,0.0,69.5,1,47,48,180,0,26215,0,0,0.0,0.0,0.0,60.0,0.0,74.5,0.0,-0.0,0.0,1270,0,1277,0,0,0,1274,0,1286,0,1243,0,695,0,697,0,693,0,693,0.032,1.322413106158089e+34,2.004,-0.0,6544,16829,0.0,-0.0,-0.0,0.0,-5.6728929776307304e+23,0.0,70.0,60.0,66,0.0,0.0,10.0,2.0,0.0,0.0,0.0,0.0,0.0,0.0,0.0,0.0,0.0,0.0,0.0,0.0,65.6,69,16,65516,49,65476,0,300,0,0,8,20529,65476,0,0,48497,60.0,0.0,10.0,10.0,2.0,0.0
2026-02-05T14:26:45,ERR,ERR,ERR,ERR,ERR,ERR,ERR,ERR,ERR,ERR,ERR,ERR,ERR,ERR,ERR,ERR,ERR,ERR,ERR,ERR,ERR,ERR,ERR,ERR,ERR,ERR,ERR,ERR,ERR,ERR,ERR,ERR,ERR,ERR,ERR,ERR,ERR,ERR,ERR,ERR,ERR,ERR,ERR,ERR,ERR,ERR,ERR,ERR,ERR,ERR,ERR,ERR,ERR,ERR,ERR,ERR,ERR,ERR,ERR,ERR,ERR,ERR,ERR,ERR,ERR,ERR,ERR,ERR,ERR,ERR,ERR,ERR,ERR,ERR,ERR,ERR,ERR,ERR,ERR,ERR,ERR,ERR,ERR,ERR,ERR,ERR,ERR,ERR,ERR,ERR,ERR,ERR,ERR,ERR,ERR,ERR,ERR,ERR,ERR,ERR,ERR,ERR,ERR,ERR,ERR,ERR,ERR,ERR,ERR,ERR,ERR,ERR,ERR,ERR,ERR,ERR,ERR,ERR,ERR,ERR,ERR,ERR,ERR,ERR,ERR,2.718450016850437e+23,-0.0,2.8364315368646023e+23,-107613408.0,-4.209512871143983e+25,2.47418221904808e+36,0.0,-0.0,5800,0,8,17276,5800,-0.0,100,0.0,0.0,-107613408.0,0.0,1.9056969178834534e+17,0,0,0,0,nan,0,0,0,0,0,0,0,0,0,0,0,0,0,0,0,0,0,0,0,0,0,0,0,0,0,0,0,0,0,0,0,0,0,10,52,51,61,65476,613,65476,1,0,4,21553,0.0,0.0,0.0,0.0,0.0,0.0,0.0,0.0,0.0,0.0,0.0,0.0,0.0,0.0,0.0,0.0,0.0,0.0,0.0,0.0,0.0,2.004,3.697074423243316e+19,-0.0,-0.0,0.0,0.0,0.0,0.0,0.0,6588.0,131351.203,0.0,2.718450016850437e+23,-0.0,-107616232.0,107616440.0,-0.0,0.0,2.004,2.004,245,-0.0,2.3088384307314767e+20,0.0,0.0,0.0,0.0,0.0,0.0,0.0,0,0,0,-0.026,-3795984640.0,-2.1067153875588992e+26,-4.636291720091721e+29,-0.0,-111808912.0,-0.0,-0.0,0.0,5.438781097193234e+22,-4.260054722902611e+34,-0.0,-0.0,-0.0,0.0,-1.6955783216701112e+18,0,1.3516416376850534e+27,245,0.0,490,-0.0,-68.128,2048,52429,17150,39322,17152,39322,17144,0,0,0,105,99,100,-0.0,69.2,2.7302353966433104e+23,69.5,0.0,69.5,1,47,48,180,0,26215,0,0,0.0,0.0,0.0,60.0,0.0,74.5,0.0,0.0,0.0,1270,0,1277,0,0,0,1274,0,1286,0,1243,0,695,0,697,0,693,0,693,0.032,1.3305260699995496e+34,2.004,-0.0,5264,16829,0.0,0.0,0.0,-2.05761798568149e+17,-0.0,-2.799441706517686e+19,70.0,60.0,66,0.0,0.0,10.0,2.0,0.0,0.0,0.0,0.0,0.0,0.0,0.0,0.0,0.0,0.0,0.0,0.0,65.6,69,16,65516,49,65476,0,300,0,0,8,20529,65476,0,0,48497,60.0,0.0,10.0,10.0,2.0,0.0
2026-02-05T14:26:46,ERR,ERR,ERR,ERR,ERR,ERR,ERR,ERR,ERR,ERR,ERR,ERR,ERR,ERR,ERR,ERR,ERR,ERR,ERR,ERR,ERR,ERR,ERR,ERR,ERR,ERR,ERR,ERR,ERR,ERR,ERR,ERR,ERR,ERR,ERR,ERR,ERR,ERR,ERR,ERR,ERR,ERR,ERR,ERR,ERR,ERR,ERR,ERR,ERR,ERR,ERR,ERR,ERR,ERR,ERR,ERR,ERR,ERR,ERR,ERR,ERR,ERR,ERR,ERR,ERR,ERR,ERR,ERR,ERR,ERR,ERR,ERR,ERR,ERR,ERR,ERR,ERR,ERR,ERR,ERR,ERR,ERR,ERR,ERR,ERR,ERR,ERR,ERR,ERR,ERR,ERR,ERR,ERR,ERR,ERR,ERR,ERR,ERR,ERR,ERR,ERR,ERR,ERR,ERR,ERR,ERR,ERR,ERR,ERR,ERR,ERR,ERR,ERR,ERR,ERR,ERR,ERR,ERR,ERR,ERR,ERR,ERR,ERR,ERR,ERR,2.718450016850437e+23,-0.0,2.8364315368646023e+23,-107613408.0,-4.209512871143983e+25,-0.0,0.36,-0.0,5800,0,8,17276,5800,14723891331072.0,100,0.0,0.0,-107613408.0,0.0,1.9056969178834534e+17,0,0,0,0,nan,0,0,0,0,0,0,0,0,0,0,0,0,0,0,0,0,0,0,0,0,0,0,0,0,0,0,0,0,0,0,0,0,0,10,52,51,61,65476,613,65476,1,0,4,21553,0.0,2.71838894803949e+23,0.0,0.0,0.0,0.0,0.0,0.0,0.0,0.0,0.0,0.0,0.0,0.0,0.0,0.0,0.0,0.0,0.0,0.0,0.0,2.004,3.697074423243316e+19,-0.0,-0.0,-0.0,0.0,0.0,0.0,0.0,6585.0,1.5879386089525827e+29,0.0,2.718450016850437e+23,-0.0,-107616232.0,-0.0,-0.0,0.0,2.004,2.004,246,-0.0,-0.0,0.0,0.0,0.0,0.0,0.0,0.0,0.0,0,0,0,-0.0,-0.0,-1.0015599071440877e+30,6.133,-0.0,0.0,-0.0,0.0,0.0,6.58985792739271e+22,-5.525677082170475e+34,-0.0,-0.0,-0.0,0.0,-0.0,0,1.3516416376850534e+27,246,0.0,484,-0.0,-68.128,2048,52429,17150,39322,17152,39322,17144,0,0,0,105,99,100,-0.0,69.2,2.7302353966433104e+23,69.5,0.0,69.5,1,47,48,180,0,26215,0,0,0.0,0.0,0.0,60.0,0.0,74.5,0.0,0.0,0.0,1270,0,1277,0,0,0,1274,0,1286,0,1243,0,695,0,697,0,693,0,693,0.032,1.3305260699995496e+34,2.004,-0.0,5264,16829,0.0,0.0,0.0,-2.05761798568149e+17,-0.0,-2.799441706517686e+19,70.0,60.0,66,0.0,0.0,10.0,2.0,0.0,0.0,0.0,0.0,0.0,0.0,0.0,0.0,0.0,0.0,0.0,0.0,65.6,69,16,65516,49,65476,0,300,0,0,8,20529,65476,0,0,47186,60.0,0.0,10.0,10.0,2.0,0.0
2026-02-05T14:26:47,ERR,ERR,ERR,ERR,ERR,ERR,ERR,ERR,ERR,ERR,ERR,ERR,ERR,ERR,ERR,ERR,ERR,ERR,ERR,ERR,ERR,ERR,ERR,ERR,ERR,ERR,ERR,ERR,ERR,ERR,ERR,ERR,ERR,ERR,ERR,ERR,ERR,ERR,ERR,ERR,ERR,ERR,ERR,ERR,ERR,ERR,ERR,ERR,ERR,ERR,ERR,ERR,ERR,ERR,ERR,ERR,ERR,ERR,ERR,ERR,ERR,ERR,ERR,ERR,ERR,ERR,ERR,ERR,ERR,ERR,ERR,ERR,ERR,ERR,ERR,ERR,ERR,ERR,ERR,ERR,ERR,ERR,ERR,ERR,ERR,ERR,ERR,ERR,ERR,ERR,ERR,ERR,ERR,ERR,ERR,ERR,ERR,ERR,ERR,ERR,ERR,ERR,ERR,ERR,ERR,ERR,ERR,ERR,ERR,ERR,ERR,ERR,ERR,ERR,ERR,ERR,ERR,ERR,ERR,ERR,ERR,ERR,ERR,ERR,ERR,2.718450016850437e+23,-0.0,2.8364315368646023e+23,-107613408.0,-4.209512871143983e+25,-0.0,0.36,-0.0,5800,0,8,17276,5800,14723891331072.0,100,0.0,0.0,-107613408.0,0.0,1.9056969178834534e+17,0,0,0,0,nan,0,0,0,0,0,0,0,0,0,0,0,0,0,0,0,0,0,0,0,0,0,0,0,0,0,0,0,0,0,0,0,0,0,10,52,51,61,65476,613,65476,1,0,4,21553,0.0,2.71838894803949e+23,0.0,0.0,0.0,0.0,0.0,0.0,0.0,0.0,0.0,0.0,0.0,0.0,0.0,0.0,0.0,0.0,0.0,0.0,0.0,2.004,3.697074423243316e+19,-0.0,-0.0,-0.0,0.0,0.0,0.0,0.0,6585.0,1.5879386089525827e+29,0.0,2.718450016850437e+23,-0.0,-107616232.0,-0.0,-0.0,0.0,2.004,2.004,246,-0.0,-0.0,0.0,0.0,0.0,0.0,0.0,0.0,0.0,0,0,0,-0.0,-0.0,-1.0015599071440877e+30,6.133,-0.0,0.0,-0.0,0.0,0.0,6.58985792739271e+22,-5.525677082170475e+34,-0.0,-0.0,-0.0,0.0,-0.0,0,1.3516416376850534e+27,246,0.0,484,-0.0,-68.128,2048,52429,17150,39322,17152,39322,17144,0,0,0,105,99,100,-0.0,69.2,2.7302353966433104e+23,69.5,0.0,69.5,1,47,48,180,0,26215,0,0,0.0,0.0,0.0,60.0,0.0,74.5,0.0,0.0,0.0,1270,0,1277,0,0,0,1274,0,1286,0,1243,0,695,0,697,0,693,0,693,0.032,1.3305260699995496e+34,2.004,-0.0,5264,16829,0.0,0.0,0.0,-2.05761798568149e+17,-0.0,-2.799441706517686e+19,70.0,60.0,66,0.0,0.0,10.0,2.0,0.0,0.0,0.0,0.0,0.0,0.0,0.0,0.0,0.0,0.0,0.0,0.0,65.6,69,16,65516,49,65476,0,300,0,0,8,20529,65476,0,0,47186,60.0,0.0,10.0,10.0,2.0,0.0
2026-02-05T14:26:48,ERR,ERR,ERR,ERR,ERR,ERR,ERR,ERR,ERR,ERR,ERR,ERR,ERR,ERR,ERR,ERR,ERR,ERR,ERR,ERR,ERR,ERR,ERR,ERR,ERR,ERR,ERR,ERR,ERR,ERR,ERR,ERR,ERR,ERR,ERR,ERR,ERR,ERR,ERR,ERR,ERR,ERR,ERR,ERR,ERR,ERR,ERR,ERR,ERR,ERR,ERR,ERR,ERR,ERR,ERR,ERR,ERR,ERR,ERR,ERR,ERR,ERR,ERR,ERR,ERR,ERR,ERR,ERR,ERR,ERR,ERR,ERR,ERR,ERR,ERR,ERR,ERR,ERR,ERR,ERR,ERR,ERR,ERR,ERR,ERR,ERR,ERR,ERR,ERR,ERR,ERR,ERR,ERR,ERR,ERR,ERR,ERR,ERR,ERR,ERR,ERR,ERR,ERR,ERR,ERR,ERR,ERR,ERR,ERR,ERR,ERR,ERR,ERR,ERR,ERR,ERR,ERR,ERR,ERR,ERR,ERR,ERR,ERR,ERR,ERR,2.718450016850437e+23,-0.0,2.8364315368646023e+23,-107613408.0,-4.209512871143983e+25,-0.0,0.36,-0.0,5800,0,8,17276,5800,14723891331072.0,100,0.0,0.0,-107613408.0,0.0,1.9056969178834534e+17,0,0,0,0,nan,0,0,0,0,0,0,0,0,0,0,0,0,0,0,0,0,0,0,0,0,0,0,0,0,0,0,0,0,0,0,0,0,0,10,52,51,61,65476,613,65476,1,0,4,21553,0.0,2.71838894803949e+23,0.0,0.0,0.0,0.0,0.0,0.0,0.0,0.0,0.0,0.0,0.0,0.0,0.0,0.0,0.0,0.0,0.0,0.0,0.0,2.004,3.697074423243316e+19,-0.0,-0.0,-0.0,0.0,0.0,0.0,0.0,6585.0,1.5879386089525827e+29,0.0,2.718450016850437e+23,-0.0,-107616232.0,-0.0,-0.0,0.0,2.004,2.004,246,-0.0,-0.0,0.0,0.0,0.0,0.0,0.0,0.0,0.0,0,0,0,-0.0,-0.0,-1.0015599071440877e+30,6.133,-0.0,0.0,-0.0,0.0,0.0,6.58985792739271e+22,-5.525677082170475e+34,-0.0,-0.0,-0.0,0.0,-0.0,0,1.3516416376850534e+27,246,0.0,484,-0.0,-68.128,2048,52429,17150,39322,17152,39322,17144,0,0,0,105,99,100,-0.0,69.2,2.7302353966433104e+23,69.5,0.0,69.5,1,47,48,180,0,26215,0,0,0.0,0.0,0.0,60.0,0.0,74.5,0.0,0.0,0.0,1270,0,1277,0,0,0,1274,0,1286,0,1243,0,695,0,697,0,693,0,693,0.032,1.3305260699995496e+34,2.004,-0.0,5264,16829,0.0,0.0,0.0,-2.05761798568149e+17,-0.0,-2.799441706517686e+19,70.0,60.0,66,0.0,0.0,10.0,2.0,0.0,0.0,0.0,0.0,0.0,0.0,0.0,0.0,0.0,0.0,0.0,0.0,65.2,69,16,65516,49,65476,0,300,0,0,8,20529,65476,0,0,43254,60.0,0.0,10.0,10.0,2.0,0.0
2026-02-05T14:26:49,ERR,ERR,ERR,ERR,ERR,ERR,ERR,ERR,ERR,ERR,ERR,ERR,ERR,ERR,ERR,ERR,ERR,ERR,ERR,ERR,ERR,ERR,ERR,ERR,ERR,ERR,ERR,ERR,ERR,ERR,ERR,ERR,ERR,ERR,ERR,ERR,ERR,ERR,ERR,ERR,ERR,ERR,ERR,ERR,ERR,ERR,ERR,ERR,ERR,ERR,ERR,ERR,ERR,ERR,ERR,ERR,ERR,ERR,ERR,ERR,ERR,ERR,ERR,ERR,ERR,ERR,ERR,ERR,ERR,ERR,ERR,ERR,ERR,ERR,ERR,ERR,ERR,ERR,ERR,ERR,ERR,ERR,ERR,ERR,ERR,ERR,ERR,ERR,ERR,ERR,ERR,ERR,ERR,ERR,ERR,ERR,ERR,ERR,ERR,ERR,ERR,ERR,ERR,ERR,ERR,ERR,ERR,ERR,ERR,ERR,ERR,ERR,ERR,ERR,ERR,ERR,ERR,ERR,ERR,ERR,ERR,ERR,ERR,ERR,ERR,2.718450016850437e+23,-0.0,2.8364315368646023e+23,-107613408.0,-4.209512871143983e+25,-0.0,0.36,-0.0,5800,0,8,17276,5800,14723891331072.0,100,0.0,0.0,-107613408.0,0.0,1.9056969178834534e+17,0,0,0,0,nan,0,0,0,0,0,0,0,0,0,0,0,0,0,0,0,0,0,0,0,0,0,0,0,0,0,0,0,0,0,0,0,0,0,10,52,51,61,65476,613,65476,1,0,4,21553,0.0,2.71838894803949e+23,0.0,0.0,0.0,0.0,0.0,0.0,0.0,0.0,0.0,0.0,0.0,0.0,0.0,0.0,0.0,0.0,0.0,0.0,0.0,2.004,3.697074423243316e+19,-0.0,-0.0,-0.0,0.0,0.0,0.0,0.0,6585.0,1.5879386089525827e+29,0.0,2.718450016850437e+23,-0.0,-107616232.0,-0.0,-0.0,0.0,2.004,2.004,246,-0.0,-0.0,0.0,0.0,0.0,0.0,0.0,0.0,0.0,0,0,0,-0.0,-0.0,-1.0015599071440877e+30,6.133,-0.0,0.0,-0.0,0.0,0.0,6.58985792739271e+22,-5.525677082170475e+34,-0.0,-0.0,-0.0,0.0,-0.0,0,1.3516416376850534e+27,246,0.0,484,-0.0,-68.128,2048,52429,17150,39322,17152,39322,17144,0,0,0,105,99,100,-0.0,69.3,-0.0,69.5,0.0,69.5,1,47,48,180,0,26215,0,0,0.0,0.0,0.0,60.0,0.0,74.5,0.0,-1.0559787919884352e+33,0.0,1270,0,1277,0,0,0,1274,0,1286,0,1243,0,695,0,698,0,693,0,693,0.032,1.3305260699995496e+34,2.004,-0.0,8080,16829,0.0,-1.0559787919884352e+33,0.0,-2.982710658646311e+28,1.317294921781846e+28,-0.0,70.0,60.0,66,0.0,0.0,10.0,2.0,0.0,0.0,0.0,0.0,0.0,0.0,0.0,0.0,0.0,0.0,0.0,0.0,65.2,69,16,65516,49,65476,0,300,0,0,8,20529,65476,0,0,43254,60.0,0.0,10.0,10.0,2.0,0.0
2026-02-05T14:26:50,ERR,ERR,ERR,ERR,ERR,ERR,ERR,ERR,ERR,ERR,ERR,ERR,ERR,ERR,ERR,ERR,ERR,ERR,ERR,ERR,ERR,ERR,ERR,ERR,ERR,ERR,ERR,ERR,ERR,ERR,ERR,ERR,ERR,ERR,ERR,ERR,ERR,ERR,ERR,ERR,ERR,ERR,ERR,ERR,ERR,ERR,ERR,ERR,ERR,ERR,ERR,ERR,ERR,ERR,ERR,ERR,ERR,ERR,ERR,ERR,ERR,ERR,ERR,ERR,ERR,ERR,ERR,ERR,ERR,ERR,ERR,ERR,ERR,ERR,ERR,ERR,ERR,ERR,ERR,ERR,ERR,ERR,ERR,ERR,ERR,ERR,ERR,ERR,ERR,ERR,ERR,ERR,ERR,ERR,ERR,ERR,ERR,ERR,ERR,ERR,ERR,ERR,ERR,ERR,ERR,ERR,ERR,ERR,ERR,ERR,ERR,ERR,ERR,ERR,ERR,ERR,ERR,ERR,ERR,ERR,ERR,ERR,ERR,ERR,ERR,2.718450016850437e+23,-0.0,2.8364315368646023e+23,-107613408.0,-4.209512871143983e+25,-0.0,0.36,-0.0,5800,0,8,17276,5800,14723891331072.0,100,0.0,0.0,-107613408.0,0.0,1.9056969178834534e+17,0,0,0,0,nan,0,0,0,0,0,0,0,0,0,0,0,0,0,0,0,0,0,0,0,0,0,0,0,0,0,0,0,0,0,0,0,0,0,10,52,51,61,65476,613,65476,1,0,4,21553,0.0,2.71838894803949e+23,0.0,0.0,0.0,0.0,0.0,0.0,0.0,0.0,0.0,0.0,0.0,0.0,0.0,0.0,0.0,0.0,0.0,0.0,0.0,2.004,3.697074423243316e+19,-0.0,-0.0,-0.0,0.0,0.0,0.0,0.0,6585.0,1.5879386089525827e+29,0.0,2.718450016850437e+23,-0.0,-107616232.0,-0.0,-0.0,0.0,2.004,2.004,246,-0.0,-0.0,0.0,0.0,0.0,0.0,0.0,0.0,0.0,0,0,0,-0.0,-0.0,-1.0015599071440877e+30,6.133,-0.0,0.0,-0.0,0.0,0.0,6.58985792739271e+22,-5.525677082170475e+34,-0.0,-0.0,-0.0,0.0,-0.0,0,1.3516416376850534e+27,246,0.0,484,-0.0,-68.128,2048,52429,17150,39322,17152,39322,17144,0,0,0,105,99,100,-0.0,69.3,-0.0,69.5,0.0,69.5,1,47,48,180,0,26215,0,0,0.0,0.0,0.0,60.0,0.0,74.5,0.0,-1.0559787919884352e+33,0.0,1270,0,1277,0,0,0,1274,0,1286,0,1243,0,695,0,698,0,693,0,693,0.032,1.3305260699995496e+34,2.004,-0.0,8080,16829,0.0,-1.0559787919884352e+33,0.0,-2.982710658646311e+28,1.317294921781846e+28,-0.0,70.0,60.0,66,0.0,0.0,10.0,2.0,0.0,0.0,0.0,0.0,0.0,0.0,0.0,0.0,0.0,0.0,0.0,0.0,65.2,69,16,65516,49,65476,0,300,0,0,8,20529,65476,0,0,43254,60.0,0.0,10.0,10.0,2.0,0.0
2026-02-05T14:26:51,ERR,ERR,ERR,ERR,ERR,ERR,ERR,ERR,ERR,ERR,ERR,ERR,ERR,ERR,ERR,ERR,ERR,ERR,ERR,ERR,ERR,ERR,ERR,ERR,ERR,ERR,ERR,ERR,ERR,ERR,ERR,ERR,ERR,ERR,ERR,ERR,ERR,ERR,ERR,ERR,ERR,ERR,ERR,ERR,ERR,ERR,ERR,ERR,ERR,ERR,ERR,ERR,ERR,ERR,ERR,ERR,ERR,ERR,ERR,ERR,ERR,ERR,ERR,ERR,ERR,ERR,ERR,ERR,ERR,ERR,ERR,ERR,ERR,ERR,ERR,ERR,ERR,ERR,ERR,ERR,ERR,ERR,ERR,ERR,ERR,ERR,ERR,ERR,ERR,ERR,ERR,ERR,ERR,ERR,ERR,ERR,ERR,ERR,ERR,ERR,ERR,ERR,ERR,ERR,ERR,ERR,ERR,ERR,ERR,ERR,ERR,ERR,ERR,ERR,ERR,ERR,ERR,ERR,ERR,ERR,ERR,ERR,ERR,ERR,ERR,2.718450016850437e+23,-0.0,2.8364315368646023e+23,-107613408.0,-4.209512871143983e+25,-0.0,2.2543038139785544e+18,7.553401577517583e+27,5800,0,8,17275,5800,-0.0,100,0.0,0.0,-107613408.0,0.0,1.9056969178834534e+17,0,0,0,0,nan,0,0,0,0,0,0,0,0,0,0,0,0,0,0,0,0,0,0,0,0,0,0,0,0,0,0,0,0,0,0,0,0,0,10,52,51,61,65476,613,65476,1,0,4,21553,0.0,-0.0,0.0,0.0,0.0,0.0,0.0,0.0,0.0,0.0,0.0,0.0,0.0,0.0,0.0,0.0,0.0,0.0,0.0,0.0,0.0,2.004,3.697074423243316e+19,-0.0,-0.0,-3.6970880571875e+19,0.0,0.0,0.0,0.0,6587.0,-0.0,0.0,2.718450016850437e+23,-0.0,-107616232.0,-2.7184547005940495e+23,-0.0,0.0,2.004,2.004,241,-0.0,-0.0,0.0,0.0,0.0,0.0,0.0,0.0,0.0,0,0,0,-0.0,0.0,-6.142107204760313e+32,-0.0,-0.0,-0.0,-0.0,5076200372305920.0,6.884,8.103171885700552e+22,-6.888655007535867e+34,-0.0,-0.0,-0.0,0.0,-0.0,0,1.3516416376850534e+27,243,0.0,486,-4.700581670752129e+22,-3.294452354593262e+26,2048,52429,17150,39322,17152,39322,17144,0,0,0,105,99,100,-0.0,69.3,-0.0,69.5,0.0,69.5,1,47,48,180,0,26215,0,0,0.0,0.0,0.0,60.0,0.0,74.5,0.0,-1.0559787919884352e+33,0.0,1270,0,1277,0,0,0,1274,0,1286,0,1243,0,695,0,698,0,693,0,693,0.032,1.3305260699995496e+34,2.004,-0.0,8080,16829,0.0,-1.0559787919884352e+33,0.0,-2.982710658646311e+28,1.317294921781846e+28,-0.0,70.0,60.0,66,0.0,0.0,10.0,2.0,0.0,0.0,0.0,0.0,0.0,0.0,0.0,0.0,0.0,0.0,0.0,0.0,65.2,69,16,65516,49,65476,0,300,0,0,8,20529,65476,0,0,44564,60.0,0.0,10.0,10.0,2.0,0.0
2026-02-05T14:26:52,ERR,ERR,ERR,ERR,ERR,ERR,ERR,ERR,ERR,ERR,ERR,ERR,ERR,ERR,ERR,ERR,ERR,ERR,ERR,ERR,ERR,ERR,ERR,ERR,ERR,ERR,ERR,ERR,ERR,ERR,ERR,ERR,ERR,ERR,ERR,ERR,ERR,ERR,ERR,ERR,ERR,ERR,ERR,ERR,ERR,ERR,ERR,ERR,ERR,ERR,ERR,ERR,ERR,ERR,ERR,ERR,ERR,ERR,ERR,ERR,ERR,ERR,ERR,ERR,ERR,ERR,ERR,ERR,ERR,ERR,ERR,ERR,ERR,ERR,ERR,ERR,ERR,ERR,ERR,ERR,ERR,ERR,ERR,ERR,ERR,ERR,ERR,ERR,ERR,ERR,ERR,ERR,ERR,ERR,ERR,ERR,ERR,ERR,ERR,ERR,ERR,ERR,ERR,ERR,ERR,ERR,ERR,ERR,ERR,ERR,ERR,ERR,ERR,ERR,ERR,ERR,ERR,ERR,ERR,ERR,ERR,ERR,ERR,ERR,ERR,2.718450016850437e+23,-0.0,2.8364315368646023e+23,-107613408.0,-4.209512871143983e+25,-0.0,2.2543038139785544e+18,7.553401577517583e+27,5800,0,8,17275,5800,-0.0,100,0.0,0.0,-107613408.0,0.0,1.9056969178834534e+17,0,0,0,0,nan,0,0,0,0,0,0,0,0,0,0,0,0,0,0,0,0,0,0,0,0,0,0,0,0,0,0,0,0,0,0,0,0,0,10,52,51,61,65476,613,65476,1,0,4,21553,0.0,-0.0,0.0,0.0,0.0,0.0,0.0,0.0,0.0,0.0,0.0,0.0,0.0,0.0,0.0,0.0,0.0,0.0,0.0,0.0,0.0,2.004,3.697074423243316e+19,-0.0,-0.0,-3.6970880571875e+19,0.0,0.0,0.0,0.0,6587.0,-0.0,0.0,2.718450016850437e+23,-0.0,-107616232.0,-2.7184547005940495e+23,-0.0,0.0,2.004,2.004,241,-0.0,-0.0,0.0,0.0,0.0,0.0,0.0,0.0,0.0,0,0,0,-0.0,0.0,-6.142107204760313e+32,-0.0,-0.0,-0.0,-0.0,5076200372305920.0,6.884,8.103171885700552e+22,-6.888655007535867e+34,-0.0,-0.0,-0.0,0.0,-0.0,0,1.3516416376850534e+27,243,0.0,486,-4.700581670752129e+22,-3.294452354593262e+26,2048,52429,17150,39322,17152,39322,17144,0,0,0,105,99,100,-0.0,69.3,-0.0,69.5,0.0,69.5,1,47,48,180,0,26215,0,0,0.0,0.0,0.0,60.0,0.0,74.5,0.0,-1.0559787919884352e+33,0.0,1270,0,1277,0,0,0,1274,0,1286,0,1243,0,695,0,698,0,693,0,693,0.032,1.3305260699995496e+34,2.004,-0.0,8080,16829,0.0,-1.0559787919884352e+33,0.0,-2.982710658646311e+28,1.317294921781846e+28,-0.0,70.0,60.0,66,0.0,0.0,10.0,2.0,0.0,0.0,0.0,0.0,0.0,0.0,0.0,0.0,0.0,0.0,0.0,0.0,65.2,69,16,65516,49,65476,0,300,0,0,8,20529,65476,0,0,44564,60.0,0.0,10.0,10.0,2.0,0.0
2026-02-05T14:26:53,ERR,ERR,ERR,ERR,ERR,ERR,ERR,ERR,ERR,ERR,ERR,ERR,ERR,ERR,ERR,ERR,ERR,ERR,ERR,ERR,ERR,ERR,ERR,ERR,ERR,ERR,ERR,ERR,ERR,ERR,ERR,ERR,ERR,ERR,ERR,ERR,ERR,ERR,ERR,ERR,ERR,ERR,ERR,ERR,ERR,ERR,ERR,ERR,ERR,ERR,ERR,ERR,ERR,ERR,ERR,ERR,ERR,ERR,ERR,ERR,ERR,ERR,ERR,ERR,ERR,ERR,ERR,ERR,ERR,ERR,ERR,ERR,ERR,ERR,ERR,ERR,ERR,ERR,ERR,ERR,ERR,ERR,ERR,ERR,ERR,ERR,ERR,ERR,ERR,ERR,ERR,ERR,ERR,ERR,ERR,ERR,ERR,ERR,ERR,ERR,ERR,ERR,ERR,ERR,ERR,ERR,ERR,ERR,ERR,ERR,ERR,ERR,ERR,ERR,ERR,ERR,ERR,ERR,ERR,ERR,ERR,ERR,ERR,ERR,ERR,2.718450016850437e+23,-0.0,2.8364315368646023e+23,-107613408.0,-4.209512871143983e+25,-0.0,2.2543038139785544e+18,7.553401577517583e+27,5800,0,8,17275,5800,-0.0,100,0.0,0.0,-107613408.0,0.0,1.9056969178834534e+17,0,0,0,0,nan,0,0,0,0,0,0,0,0,0,0,0,0,0,0,0,0,0,0,0,0,0,0,0,0,0,0,0,0,0,0,0,0,0,10,52,51,61,65476,613,65476,1,0,4,21553,0.0,-0.0,0.0,0.0,0.0,0.0,0.0,0.0,0.0,0.0,0.0,0.0,0.0,0.0,0.0,0.0,0.0,0.0,0.0,0.0,0.0,2.004,3.697074423243316e+19,-0.0,-0.0,-3.6970880571875e+19,0.0,0.0,0.0,0.0,6587.0,-0.0,0.0,2.718450016850437e+23,-0.0,-107616232.0,-2.7184547005940495e+23,-0.0,0.0,2.004,2.004,241,-0.0,-0.0,0.0,0.0,0.0,0.0,0.0,0.0,0.0,0,0,0,-0.0,0.0,-6.142107204760313e+32,-0.0,-0.0,-0.0,-0.0,5076200372305920.0,6.884,8.103171885700552e+22,-6.888655007535867e+34,-0.0,-0.0,-0.0,0.0,-0.0,0,1.3516416376850534e+27,243,0.0,486,-4.700581670752129e+22,-3.294452354593262e+26,2048,39322,17150,39322,17152,39322,17144,0,0,0,105,99,100,-0.0,69.2,2.7302353966433104e+23,69.6,0.0,69.5,1,47,48,180,0,26215,0,0,0.0,0.0,0.0,60.0,0.0,74.5,0.0,1271849.875,0.0,1270,0,1277,0,0,0,1274,0,1286,0,1243,0,696,0,698,0,693,0,693,0.032,1.3305260699995496e+34,2.004,-0.0,19472,16829,0.0,1271849.875,2.0582960751181824e+16,0.0,-385549.062,-180595120406528.0,70.0,60.0,66,0.0,0.0,10.0,2.0,0.0,0.0,0.0,0.0,0.0,0.0,0.0,0.0,0.0,0.0,0.0,0.0,65.2,69,16,65516,49,65476,0,300,0,0,8,20529,65476,0,0,41943,60.0,0.0,10.0,10.0,2.0,0.0
2026-02-05T14:26:54,ERR,ERR,ERR,ERR,ERR,ERR,ERR,ERR,ERR,ERR,ERR,ERR,ERR,ERR,ERR,ERR,ERR,ERR,ERR,ERR,ERR,ERR,ERR,ERR,ERR,ERR,ERR,ERR,ERR,ERR,ERR,ERR,ERR,ERR,ERR,ERR,ERR,ERR,ERR,ERR,ERR,ERR,ERR,ERR,ERR,ERR,ERR,ERR,ERR,ERR,ERR,ERR,ERR,ERR,ERR,ERR,ERR,ERR,ERR,ERR,ERR,ERR,ERR,ERR,ERR,ERR,ERR,ERR,ERR,ERR,ERR,ERR,ERR,ERR,ERR,ERR,ERR,ERR,ERR,ERR,ERR,ERR,ERR,ERR,ERR,ERR,ERR,ERR,ERR,ERR,ERR,ERR,ERR,ERR,ERR,ERR,ERR,ERR,ERR,ERR,ERR,ERR,ERR,ERR,ERR,ERR,ERR,ERR,ERR,ERR,ERR,ERR,ERR,ERR,ERR,ERR,ERR,ERR,ERR,ERR,ERR,ERR,ERR,ERR,ERR,2.718450016850437e+23,-0.0,2.8364315368646023e+23,-107613408.0,-4.209512871143983e+25,-0.0,2.2543038139785544e+18,7.553401577517583e+27,5800,0,8,17275,5800,-0.0,100,0.0,0.0,-107613408.0,0.0,1.9056969178834534e+17,0,0,0,0,nan,0,0,0,0,0,0,0,0,0,0,0,0,0,0,0,0,0,0,0,0,0,0,0,0,0,0,0,0,0,0,0,0,0,10,52,51,61,65476,613,65476,1,0,4,21553,0.0,-0.0,0.0,0.0,0.0,0.0,0.0,0.0,0.0,0.0,0.0,0.0,0.0,0.0,0.0,0.0,0.0,0.0,0.0,0.0,0.0,2.004,3.697074423243316e+19,-0.0,-0.0,-3.6970880571875e+19,0.0,0.0,0.0,0.0,6587.0,-0.0,0.0,2.718450016850437e+23,-0.0,-107616232.0,-2.7184547005940495e+23,-0.0,0.0,2.004,2.004,241,-0.0,-0.0,0.0,0.0,0.0,0.0,0.0,0.0,0.0,0,0,0,-0.0,0.0,-6.142107204760313e+32,-0.0,-0.0,-0.0,-0.0,5076200372305920.0,6.884,8.103171885700552e+22,-6.888655007535867e+34,-0.0,-0.0,-0.0,0.0,-0.0,0,1.3516416376850534e+27,243,0.0,486,-4.700581670752129e+22,-3.294452354593262e+26,2048,39322,17150,39322,17152,39322,17144,0,0,0,105,99,100,-0.0,69.2,2.7302353966433104e+23,69.6,0.0,69.5,1,47,48,180,0,26215,0,0,0.0,0.0,0.0,60.0,0.0,74.5,0.0,1271849.875,0.0,1270,0,1277,0,0,0,1274,0,1286,0,1243,0,696,0,698,0,693,0,693,0.032,1.3305260699995496e+34,2.004,-0.0,19472,16829,0.0,1271849.875,2.0582960751181824e+16,0.0,-385549.062,-180595120406528.0,70.0,60.0,66,0.0,0.0,10.0,2.0,0.0,0.0,0.0,0.0,0.0,0.0,0.0,0.0,0.0,0.0,0.0,0.0,65.2,69,16,65516,49,65476,0,300,0,0,8,20529,65476,0,0,41943,60.0,0.0,10.0,10.0,2.0,0.0
2026-02-05T14:26:55,ERR,ERR,ERR,ERR,ERR,ERR,ERR,ERR,ERR,ERR,ERR,ERR,ERR,ERR,ERR,ERR,ERR,ERR,ERR,ERR,ERR,ERR,ERR,ERR,ERR,ERR,ERR,ERR,ERR,ERR,ERR,ERR,ERR,ERR,ERR,ERR,ERR,ERR,ERR,ERR,ERR,ERR,ERR,ERR,ERR,ERR,ERR,ERR,ERR,ERR,ERR,ERR,ERR,ERR,ERR,ERR,ERR,ERR,ERR,ERR,ERR,ERR,ERR,ERR,ERR,ERR,ERR,ERR,ERR,ERR,ERR,ERR,ERR,ERR,ERR,ERR,ERR,ERR,ERR,ERR,ERR,ERR,ERR,ERR,ERR,ERR,ERR,ERR,ERR,ERR,ERR,ERR,ERR,ERR,ERR,ERR,ERR,ERR,ERR,ERR,ERR,ERR,ERR,ERR,ERR,ERR,ERR,ERR,ERR,ERR,ERR,ERR,ERR,ERR,ERR,ERR,ERR,ERR,ERR,ERR,ERR,ERR,ERR,ERR,ERR,2.718450016850437e+23,-0.0,2.8364315368646023e+23,-107613408.0,-4.209512871143983e+25,-0.0,2.2543038139785544e+18,7.553401577517583e+27,5800,0,8,17275,5800,-0.0,100,0.0,0.0,-107613408.0,0.0,1.9056969178834534e+17,0,0,0,0,nan,0,0,0,0,0,0,0,0,0,0,0,0,0,0,0,0,0,0,0,0,0,0,0,0,0,0,0,0,0,0,0,0,0,10,52,51,61,65476,613,65476,1,0,4,21553,0.0,-0.0,0.0,0.0,0.0,0.0,0.0,0.0,0.0,0.0,0.0,0.0,0.0,0.0,0.0,0.0,0.0,0.0,0.0,0.0,0.0,2.004,3.697074423243316e+19,-0.0,-0.0,-3.6970880571875e+19,0.0,0.0,0.0,0.0,6587.0,-0.0,0.0,2.718450016850437e+23,-0.0,-107616232.0,-2.7184547005940495e+23,-0.0,0.0,2.004,2.004,241,-0.0,-0.0,0.0,0.0,0.0,0.0,0.0,0.0,0.0,0,0,0,-0.0,0.0,-6.142107204760313e+32,-0.0,-0.0,-0.0,-0.0,5076200372305920.0,6.884,8.103171885700552e+22,-6.888655007535867e+34,-0.0,-0.0,-0.0,0.0,-0.0,0,1.3516416376850534e+27,243,0.0,486,-4.700581670752129e+22,-3.294452354593262e+26,2048,39322,17150,39322,17152,39322,17144,0,0,0,105,99,100,-0.0,69.2,2.7302353966433104e+23,69.6,0.0,69.5,1,47,48,180,0,26215,0,0,0.0,0.0,0.0,60.0,0.0,74.5,0.0,1271849.875,0.0,1270,0,1277,0,0,0,1274,0,1286,0,1243,0,696,0,698,0,693,0,693,0.032,1.3305260699995496e+34,2.004,-0.0,19472,16829,0.0,1271849.875,2.0582960751181824e+16,0.0,-385549.062,-180595120406528.0,70.0,60.0,66,0.0,0.0,10.0,2.0,0.0,0.0,0.0,0.0,0.0,0.0,0.0,0.0,0.0,0.0,0.0,0.0,65.2,69,16,65516,49,65476,0,300,0,0,8,20529,65476,0,0,44564,60.0,0.0,10.0,10.0,2.0,0.0
2026-02-05T14:26:56,ERR,ERR,ERR,ERR,ERR,ERR,ERR,ERR,ERR,ERR,ERR,ERR,ERR,ERR,ERR,ERR,ERR,ERR,ERR,ERR,ERR,ERR,ERR,ERR,ERR,ERR,ERR,ERR,ERR,ERR,ERR,ERR,ERR,ERR,ERR,ERR,ERR,ERR,ERR,ERR,ERR,ERR,ERR,ERR,ERR,ERR,ERR,ERR,ERR,ERR,ERR,ERR,ERR,ERR,ERR,ERR,ERR,ERR,ERR,ERR,ERR,ERR,ERR,ERR,ERR,ERR,ERR,ERR,ERR,ERR,ERR,ERR,ERR,ERR,ERR,ERR,ERR,ERR,ERR,ERR,ERR,ERR,ERR,ERR,ERR,ERR,ERR,ERR,ERR,ERR,ERR,ERR,ERR,ERR,ERR,ERR,ERR,ERR,ERR,ERR,ERR,ERR,ERR,ERR,ERR,ERR,ERR,ERR,ERR,ERR,ERR,ERR,ERR,ERR,ERR,ERR,ERR,ERR,ERR,ERR,ERR,ERR,ERR,ERR,ERR,2.718450016850437e+23,-0.0,2.8364315368646023e+23,-107613408.0,-4.209512871143983e+25,-0.0,2.2543038139785544e+18,7.553401577517583e+27,5800,0,8,17275,5800,-0.0,100,0.0,0.0,-107613408.0,0.0,1.9056969178834534e+17,0,0,0,0,nan,0,0,0,0,0,0,0,0,0,0,0,0,0,0,0,0,0,0,0,0,0,0,0,0,0,0,0,0,0,0,0,0,0,10,52,51,61,65476,613,65476,1,0,4,21553,0.0,-0.0,0.0,0.0,0.0,0.0,0.0,0.0,0.0,0.0,0.0,0.0,0.0,0.0,0.0,0.0,0.0,0.0,0.0,0.0,0.0,2.004,3.697074423243316e+19,-0.0,-0.0,-3.6970880571875e+19,0.0,0.0,0.0,0.0,6587.0,-0.0,0.0,2.718450016850437e+23,-0.0,-107616232.0,-2.7184547005940495e+23,-0.0,0.0,2.004,2.004,241,-0.0,-0.0,0.0,0.0,0.0,0.0,0.0,0.0,0.0,0,0,0,-0.0,0.0,-6.142107204760313e+32,-0.0,-0.0,-0.0,-0.0,5076200372305920.0,6.884,8.103171885700552e+22,-6.888655007535867e+34,-0.0,-0.0,-0.0,0.0,-0.0,0,1.3516416376850534e+27,243,0.0,486,-4.700581670752129e+22,-3.294452354593262e+26,2048,39322,17150,39322,17152,39322,17144,0,0,0,105,99,100,-0.0,69.2,2.7302353966433104e+23,69.6,0.0,69.5,1,47,48,180,0,26215,0,0,0.0,0.0,0.0,60.0,0.0,74.5,0.0,1271849.875,0.0,1270,0,1277,0,0,0,1274,0,1286,0,1243,0,696,0,698,0,693,0,693,0.032,1.3305260699995496e+34,2.004,-0.0,19472,16829,0.0,1271849.875,2.0582960751181824e+16,0.0,-385549.062,-180595120406528.0,70.0,60.0,66,0.0,0.0,10.0,2.0,0.0,0.0,0.0,0.0,0.0,0.0,0.0,0.0,0.0,0.0,0.0,0.0,65.2,69,16,65516,49,65476,0,300,0,0,8,20529,65476,0,0,44564,60.0,0.0,10.0,10.0,2.0,0.0
2026-02-05T14:26:57,ERR,ERR,ERR,ERR,ERR,ERR,ERR,ERR,ERR,ERR,ERR,ERR,ERR,ERR,ERR,ERR,ERR,ERR,ERR,ERR,ERR,ERR,ERR,ERR,ERR,ERR,ERR,ERR,ERR,ERR,ERR,ERR,ERR,ERR,ERR,ERR,ERR,ERR,ERR,ERR,ERR,ERR,ERR,ERR,ERR,ERR,ERR,ERR,ERR,ERR,ERR,ERR,ERR,ERR,ERR,ERR,ERR,ERR,ERR,ERR,ERR,ERR,ERR,ERR,ERR,ERR,ERR,ERR,ERR,ERR,ERR,ERR,ERR,ERR,ERR,ERR,ERR,ERR,ERR,ERR,ERR,ERR,ERR,ERR,ERR,ERR,ERR,ERR,ERR,ERR,ERR,ERR,ERR,ERR,ERR,ERR,ERR,ERR,ERR,ERR,ERR,ERR,ERR,ERR,ERR,ERR,ERR,ERR,ERR,ERR,ERR,ERR,ERR,ERR,ERR,ERR,ERR,ERR,ERR,ERR,ERR,ERR,ERR,ERR,ERR,2.718450016850437e+23,-0.0,2.8364315368646023e+23,-107613408.0,-4.209512871143983e+25,-0.0,0.0,-0.0,5800,0,8,17276,5800,14723891331072.0,100,0.0,0.0,-107613408.0,0.0,1.9056969178834534e+17,0,0,0,0,nan,0,0,0,0,0,0,0,0,0,0,0,0,0,0,0,0,0,0,0,0,0,0,0,0,0,0,0,0,0,0,0,0,0,10,52,51,61,65476,612,65476,1,0,4,21553,0.0,2.71838894803949e+23,0.0,0.0,0.0,0.0,0.0,0.0,0.0,0.0,0.0,0.0,0.0,0.0,0.0,0.0,0.0,0.0,0.0,0.0,0.0,2.004,3.697074423243316e+19,-0.0,-2.004,2.004,0.0,0.0,0.0,0.0,6552.0,-2.423001739590337e+24,0.0,2.718450016850437e+23,-0.0,-107616232.0,2.7184547005940495e+23,-0.0,0.0,2.004,2.004,244,-0.0,0.0,0.0,0.0,0.0,0.0,0.0,0.0,0.0,0,0,0,-10755094528.0,7.789,-2.7275441970575255e+28,-4.367266767592929e+32,-0.0,-0.0,-0.0,6.8389645237899756e+19,38.569,1.0405325546099504e+23,-8.154277366803731e+34,-0.0,-0.0,-0.0,0.0,-1.9390866089512546e+23,0,1.3516416376850534e+27,244,0.0,488,-0.0,0.0,2048,52429,17150,39322,17152,39322,17144,0,0,0,105,99,100,-0.0,69.3,-0.0,69.6,0.0,69.5,1,47,48,180,0,26215,0,0,0.0,0.0,0.0,60.0,0.0,74.5,0.0,-0.0,0.0,1270,0,1277,0,0,0,1274,0,1286,0,1243,0,695,0,698,0,693,0,694,0.032,1.3305260699995496e+34,-0.0,-107615312.0,1936,16829,0.0,-0.0,-1.4374937761165917e+25,0.0,46239719424.0,1.77876979812033e+34,70.0,60.0,66,0.0,0.0,10.0,2.0,0.0,0.0,0.0,0.0,0.0,0.0,0.0,0.0,0.0,0.0,0.0,0.0,65.2,69,16,65516,49,65476,0,300,0,0,8,20529,65476,0,0,40632,60.0,0.0,10.0,10.0,2.0,0.0
2026-02-05T14:26:58,ERR,ERR,ERR,ERR,ERR,ERR,ERR,ERR,ERR,ERR,ERR,ERR,ERR,ERR,ERR,ERR,ERR,ERR,ERR,ERR,ERR,ERR,ERR,ERR,ERR,ERR,ERR,ERR,ERR,ERR,ERR,ERR,ERR,ERR,ERR,ERR,ERR,ERR,ERR,ERR,ERR,ERR,ERR,ERR,ERR,ERR,ERR,ERR,ERR,ERR,ERR,ERR,ERR,ERR,ERR,ERR,ERR,ERR,ERR,ERR,ERR,ERR,ERR,ERR,ERR,ERR,ERR,ERR,ERR,ERR,ERR,ERR,ERR,ERR,ERR,ERR,ERR,ERR,ERR,ERR,ERR,ERR,ERR,ERR,ERR,ERR,ERR,ERR,ERR,ERR,ERR,ERR,ERR,ERR,ERR,ERR,ERR,ERR,ERR,ERR,ERR,ERR,ERR,ERR,ERR,ERR,ERR,ERR,ERR,ERR,ERR,ERR,ERR,ERR,ERR,ERR,ERR,ERR,ERR,ERR,ERR,ERR,ERR,ERR,ERR,2.718450016850437e+23,-0.0,2.8364315368646023e+23,-107613408.0,-4.209512871143983e+25,-0.0,0.0,-0.0,5800,0,8,17276,5800,14723891331072.0,100,0.0,0.0,-107613408.0,0.0,1.9056969178834534e+17,0,0,0,0,nan,0,0,0,0,0,0,0,0,0,0,0,0,0,0,0,0,0,0,0,0,0,0,0,0,0,0,0,0,0,0,0,0,0,10,52,51,61,65476,612,65476,1,0,4,21553,0.0,2.71838894803949e+23,0.0,0.0,0.0,0.0,0.0,0.0,0.0,0.0,0.0,0.0,0.0,0.0,0.0,0.0,0.0,0.0,0.0,0.0,0.0,2.004,3.697074423243316e+19,-0.0,-2.004,2.004,0.0,0.0,0.0,0.0,6552.0,-2.423001739590337e+24,0.0,2.718450016850437e+23,-0.0,-107616232.0,2.7184547005940495e+23,-0.0,0.0,2.004,2.004,244,-0.0,0.0,0.0,0.0,0.0,0.0,0.0,0.0,0.0,0,0,0,-10755094528.0,7.789,-2.7275441970575255e+28,-4.367266767592929e+32,-0.0,-0.0,-0.0,6.8389645237899756e+19,38.569,1.0405325546099504e+23,-8.154277366803731e+34,-0.0,-0.0,-0.0,0.0,-1.9390866089512546e+23,0,1.3516416376850534e+27,244,0.0,488,-0.0,0.0,2048,52429,17150,39322,17152,39322,17144,0,0,0,105,99,100,-0.0,69.3,-0.0,69.6,0.0,69.5,1,47,48,180,0,26215,0,0,0.0,0.0,0.0,60.0,0.0,74.5,0.0,-0.0,0.0,1270,0,1277,0,0,0,1274,0,1286,0,1243,0,695,0,698,0,693,0,694,0.032,1.3305260699995496e+34,-0.0,-107615312.0,1936,16829,0.0,-0.0,-1.4374937761165917e+25,0.0,46239719424.0,1.77876979812033e+34,70.0,60.0,66,0.0,0.0,10.0,2.0,0.0,0.0,0.0,0.0,0.0,0.0,0.0,0.0,0.0,0.0,0.0,0.0,65.2,69,16,65516,49,65476,0,300,0,0,8,20529,65476,0,0,40632,60.0,0.0,10.0,10.0,2.0,0.0
2026-02-05T14:26:59,ERR,ERR,ERR,ERR,ERR,ERR,ERR,ERR,ERR,ERR,ERR,ERR,ERR,ERR,ERR,ERR,ERR,ERR,ERR,ERR,ERR,ERR,ERR,ERR,ERR,ERR,ERR,ERR,ERR,ERR,ERR,ERR,ERR,ERR,ERR,ERR,ERR,ERR,ERR,ERR,ERR,ERR,ERR,ERR,ERR,ERR,ERR,ERR,ERR,ERR,ERR,ERR,ERR,ERR,ERR,ERR,ERR,ERR,ERR,ERR,ERR,ERR,ERR,ERR,ERR,ERR,ERR,ERR,ERR,ERR,ERR,ERR,ERR,ERR,ERR,ERR,ERR,ERR,ERR,ERR,ERR,ERR,ERR,ERR,ERR,ERR,ERR,ERR,ERR,ERR,ERR,ERR,ERR,ERR,ERR,ERR,ERR,ERR,ERR,ERR,ERR,ERR,ERR,ERR,ERR,ERR,ERR,ERR,ERR,ERR,ERR,ERR,ERR,ERR,ERR,ERR,ERR,ERR,ERR,ERR,ERR,ERR,ERR,ERR,ERR,2.718450016850437e+23,-0.0,2.8364315368646023e+23,-107613408.0,-4.209512871143983e+25,-0.0,0.0,-0.0,5800,0,8,17276,5800,14723891331072.0,100,0.0,0.0,-107613408.0,0.0,1.9056969178834534e+17,0,0,0,0,nan,0,0,0,0,0,0,0,0,0,0,0,0,0,0,0,0,0,0,0,0,0,0,0,0,0,0,0,0,0,0,0,0,0,10,52,51,61,65476,612,65476,1,0,4,21553,0.0,2.71838894803949e+23,0.0,0.0,0.0,0.0,0.0,0.0,0.0,0.0,0.0,0.0,0.0,0.0,0.0,0.0,0.0,0.0,0.0,0.0,0.0,2.004,3.697074423243316e+19,-0.0,-2.004,2.004,0.0,0.0,0.0,0.0,6552.0,-2.423001739590337e+24,0.0,2.718450016850437e+23,-0.0,-107616232.0,2.7184547005940495e+23,-0.0,0.0,2.004,2.004,244,-0.0,0.0,0.0,0.0,0.0,0.0,0.0,0.0,0.0,0,0,0,-10755094528.0,7.789,-2.7275441970575255e+28,-4.367266767592929e+32,-0.0,-0.0,-0.0,6.8389645237899756e+19,38.569,1.0405325546099504e+23,-8.154277366803731e+34,-0.0,-0.0,-0.0,0.0,-1.9390866089512546e+23,0,1.3516416376850534e+27,244,0.0,488,-0.0,0.0,2048,52429,17150,39322,17152,39322,17144,0,0,0,105,99,100,-0.0,69.3,-0.0,69.6,0.0,69.5,1,47,48,180,0,26215,0,0,0.0,0.0,0.0,60.0,0.0,74.5,0.0,-0.0,0.0,1270,0,1277,0,0,0,1274,0,1286,0,1243,0,695,0,698,0,693,0,694,0.032,1.3305260699995496e+34,-0.0,-107615312.0,1936,16829,0.0,-0.0,-1.4374937761165917e+25,0.0,46239719424.0,1.77876979812033e+34,70.0,60.0,66,0.0,0.0,10.0,2.0,0.0,0.0,0.0,0.0,0.0,0.0,0.0,0.0,0.0,0.0,0.0,0.0,65.2,69,16,65516,49,65476,0,300,0,0,8,20529,65476,0,0,41943,60.0,0.0,10.0,10.0,2.0,0.0
2026-02-05T14:27:00,ERR,ERR,ERR,ERR,ERR,ERR,ERR,ERR,ERR,ERR,ERR,ERR,ERR,ERR,ERR,ERR,ERR,ERR,ERR,ERR,ERR,ERR,ERR,ERR,ERR,ERR,ERR,ERR,ERR,ERR,ERR,ERR,ERR,ERR,ERR,ERR,ERR,ERR,ERR,ERR,ERR,ERR,ERR,ERR,ERR,ERR,ERR,ERR,ERR,ERR,ERR,ERR,ERR,ERR,ERR,ERR,ERR,ERR,ERR,ERR,ERR,ERR,ERR,ERR,ERR,ERR,ERR,ERR,ERR,ERR,ERR,ERR,ERR,ERR,ERR,ERR,ERR,ERR,ERR,ERR,ERR,ERR,ERR,ERR,ERR,ERR,ERR,ERR,ERR,ERR,ERR,ERR,ERR,ERR,ERR,ERR,ERR,ERR,ERR,ERR,ERR,ERR,ERR,ERR,ERR,ERR,ERR,ERR,ERR,ERR,ERR,ERR,ERR,ERR,ERR,ERR,ERR,ERR,ERR,ERR,ERR,ERR,ERR,ERR,ERR,2.718450016850437e+23,-0.0,2.8364315368646023e+23,-107613408.0,-4.209512871143983e+25,-0.0,0.0,-0.0,5800,0,8,17276,5800,14723891331072.0,100,0.0,0.0,-107613408.0,0.0,1.9056969178834534e+17,0,0,0,0,nan,0,0,0,0,0,0,0,0,0,0,0,0,0,0,0,0,0,0,0,0,0,0,0,0,0,0,0,0,0,0,0,0,0,10,52,51,61,65476,612,65476,1,0,4,21553,0.0,2.71838894803949e+23,0.0,0.0,0.0,0.0,0.0,0.0,0.0,0.0,0.0,0.0,0.0,0.0,0.0,0.0,0.0,0.0,0.0,0.0,0.0,2.004,3.697074423243316e+19,-0.0,-2.004,2.004,0.0,0.0,0.0,0.0,6552.0,-2.423001739590337e+24,0.0,2.718450016850437e+23,-0.0,-107616232.0,2.7184547005940495e+23,-0.0,0.0,2.004,2.004,244,-0.0,0.0,0.0,0.0,0.0,0.0,0.0,0.0,0.0,0,0,0,-10755094528.0,7.789,-2.7275441970575255e+28,-4.367266767592929e+32,-0.0,-0.0,-0.0,6.8389645237899756e+19,38.569,1.0405325546099504e+23,-8.154277366803731e+34,-0.0,-0.0,-0.0,0.0,-1.9390866089512546e+23,0,1.3516416376850534e+27,244,0.0,488,-0.0,0.0,2048,52429,17150,39322,17152,39322,17144,0,0,0,105,99,100,-0.0,69.3,-0.0,69.6,0.0,69.5,1,47,48,180,0,26215,0,0,0.0,0.0,0.0,60.0,0.0,74.5,0.0,-0.0,0.0,1270,0,1277,0,0,0,1274,0,1286,0,1243,0,695,0,698,0,693,0,694,0.032,1.3305260699995496e+34,-0.0,-107615312.0,1936,16829,0.0,-0.0,-1.4374937761165917e+25,0.0,46239719424.0,1.77876979812033e+34,70.0,60.0,66,0.0,0.0,10.0,2.0,0.0,0.0,0.0,0.0,0.0,0.0,0.0,0.0,0.0,0.0,0.0,0.0,65.2,69,16,65516,49,65476,0,300,0,0,8,20529,65476,0,0,41943,60.0,0.0,10.0,10.0,2.0,0.0
2026-02-05T14:27:01,ERR,ERR,ERR,ERR,ERR,ERR,ERR,ERR,ERR,ERR,ERR,ERR,ERR,ERR,ERR,ERR,ERR,ERR,ERR,ERR,ERR,ERR,ERR,ERR,ERR,ERR,ERR,ERR,ERR,ERR,ERR,ERR,ERR,ERR,ERR,ERR,ERR,ERR,ERR,ERR,ERR,ERR,ERR,ERR,ERR,ERR,ERR,ERR,ERR,ERR,ERR,ERR,ERR,ERR,ERR,ERR,ERR,ERR,ERR,ERR,ERR,ERR,ERR,ERR,ERR,ERR,ERR,ERR,ERR,ERR,ERR,ERR,ERR,ERR,ERR,ERR,ERR,ERR,ERR,ERR,ERR,ERR,ERR,ERR,ERR,ERR,ERR,ERR,ERR,ERR,ERR,ERR,ERR,ERR,ERR,ERR,ERR,ERR,ERR,ERR,ERR,ERR,ERR,ERR,ERR,ERR,ERR,ERR,ERR,ERR,ERR,ERR,ERR,ERR,ERR,ERR,ERR,ERR,ERR,ERR,ERR,ERR,ERR,ERR,ERR,2.718450016850437e+23,-0.0,2.8364315368646023e+23,-107613408.0,-4.209512871143983e+25,-0.0,0.0,-0.0,5800,0,8,17276,5800,14723891331072.0,100,0.0,0.0,-107613408.0,0.0,1.9056969178834534e+17,0,0,0,0,nan,0,0,0,0,0,0,0,0,0,0,0,0,0,0,0,0,0,0,0,0,0,0,0,0,0,0,0,0,0,0,0,0,0,10,52,51,61,65476,612,65476,1,0,4,21553,0.0,2.71838894803949e+23,0.0,0.0,0.0,0.0,0.0,0.0,0.0,0.0,0.0,0.0,0.0,0.0,0.0,0.0,0.0,0.0,0.0,0.0,0.0,2.004,3.697074423243316e+19,-0.0,-2.004,2.004,0.0,0.0,0.0,0.0,6552.0,-2.423001739590337e+24,0.0,2.718450016850437e+23,-0.0,-107616232.0,2.7184547005940495e+23,-0.0,0.0,2.004,2.004,244,-0.0,0.0,0.0,0.0,0.0,0.0,0.0,0.0,0.0,0,0,0,-10755094528.0,7.789,-2.7275441970575255e+28,-4.367266767592929e+32,-0.0,-0.0,-0.0,6.8389645237899756e+19,38.569,1.0405325546099504e+23,-8.154277366803731e+34,-0.0,-0.0,-0.0,0.0,-1.9390866089512546e+23,0,1.3516416376850534e+27,244,0.0,488,-0.0,0.0,2048,39322,17150,39322,17152,39322,17144,0,0,0,105,99,100,-0.0,69.3,-0.0,69.5,0.0,69.5,1,47,48,180,0,26215,0,0,0.0,0.0,0.0,60.0,0.0,74.5,0.0,-109658619904.0,0.0,1270,0,1277,0,0,0,1274,0,1286,0,1243,0,696,0,698,0,693,0,694,0.032,1.3305260699995496e+34,-0.0,-107615312.0,25744,16829,0.0,-109658619904.0,0.0,-0.925,-0.0,-0.0,70.0,60.0,66,0.0,0.0,10.0,2.0,0.0,0.0,0.0,0.0,0.0,0.0,0.0,0.0,0.0,0.0,0.0,0.0,65.2,69,16,65516,49,65476,0,300,0,0,8,20529,65476,0,0,40632,60.0,0.0,10.0,10.0,2.0,0.0
2026-02-05T14:27:02,ERR,ERR,ERR,ERR,ERR,ERR,ERR,ERR,ERR,ERR,ERR,ERR,ERR,ERR,ERR,ERR,ERR,ERR,ERR,ERR,ERR,ERR,ERR,ERR,ERR,ERR,ERR,ERR,ERR,ERR,ERR,ERR,ERR,ERR,ERR,ERR,ERR,ERR,ERR,ERR,ERR,ERR,ERR,ERR,ERR,ERR,ERR,ERR,ERR,ERR,ERR,ERR,ERR,ERR,ERR,ERR,ERR,ERR,ERR,ERR,ERR,ERR,ERR,ERR,ERR,ERR,ERR,ERR,ERR,ERR,ERR,ERR,ERR,ERR,ERR,ERR,ERR,ERR,ERR,ERR,ERR,ERR,ERR,ERR,ERR,ERR,ERR,ERR,ERR,ERR,ERR,ERR,ERR,ERR,ERR,ERR,ERR,ERR,ERR,ERR,ERR,ERR,ERR,ERR,ERR,ERR,ERR,ERR,ERR,ERR,ERR,ERR,ERR,ERR,ERR,ERR,ERR,ERR,ERR,ERR,ERR,ERR,ERR,ERR,ERR,2.718450016850437e+23,-0.0,2.8364315368646023e+23,-107613408.0,-4.209512871143983e+25,-22575046459392.0,9.293298662155477e+32,1522573246464.0,5800,0,8,17276,5800,14723891331072.0,100,0.0,0.0,-107613408.0,0.0,1.9056969178834534e+17,0,0,0,0,nan,0,0,0,0,0,0,0,0,0,0,0,0,0,0,0,0,0,0,0,0,0,0,0,0,0,0,0,0,0,0,0,0,0,10,52,51,61,65476,612,65476,1,0,4,21553,0.0,0.0,0.0,0.0,0.0,0.0,0.0,0.0,0.0,0.0,0.0,0.0,0.0,0.0,0.0,0.0,0.0,0.0,0.0,0.0,0.0,2.004,3.697074423243316e+19,-0.0,-2.004,-0.0,0.0,0.0,0.0,0.0,6553.0,-0.0,0.0,2.718450016850437e+23,-0.0,-107616232.0,-0.0,0.0,0.0,2.004,2.004,241,-0.0,-4.0668755697950344e+29,0.0,0.0,0.0,0.0,0.0,0.0,0.0,0,0,0,-10.016,-6.17023275568359e+18,-1.0342324437584739e+21,13456.532,-0.0,-0.0,-0.595,1.74339622046075e+22,1025128.438,1.2707479206498456e+23,-1.0467220767755782e+35,-0.0,-0.0,-0.0,0.0,0.0,0,1.3516416376850534e+27,241,0.0,482,-0.0,0.0,2048,39322,17150,39322,17152,39322,17144,0,0,0,105,99,100,-0.0,69.3,-0.0,69.5,0.0,69.5,1,47,48,180,0,26215,0,0,0.0,0.0,0.0,60.0,0.0,74.5,0.0,-109658619904.0,0.0,1270,0,1277,0,0,0,1274,0,1286,0,1243,0,696,0,698,0,693,0,694,0.032,1.3305260699995496e+34,-0.0,-107615312.0,25744,16829,0.0,-109658619904.0,0.0,-0.925,-0.0,-0.0,70.0,60.0,66,0.0,0.0,10.0,2.0,0.0,0.0,0.0,0.0,0.0,0.0,0.0,0.0,0.0,0.0,0.0,0.0,65.2,69,16,65516,49,65476,0,300,0,0,8,20529,65476,0,0,40632,60.0,0.0,10.0,10.0,2.0,0.0
2026-02-05T14:27:03,ERR,ERR,ERR,ERR,ERR,ERR,ERR,ERR,ERR,ERR,ERR,ERR,ERR,ERR,ERR,ERR,ERR,ERR,ERR,ERR,ERR,ERR,ERR,ERR,ERR,ERR,ERR,ERR,ERR,ERR,ERR,ERR,ERR,ERR,ERR,ERR,ERR,ERR,ERR,ERR,ERR,ERR,ERR,ERR,ERR,ERR,ERR,ERR,ERR,ERR,ERR,ERR,ERR,ERR,ERR,ERR,ERR,ERR,ERR,ERR,ERR,ERR,ERR,ERR,ERR,ERR,ERR,ERR,ERR,ERR,ERR,ERR,ERR,ERR,ERR,ERR,ERR,ERR,ERR,ERR,ERR,ERR,ERR,ERR,ERR,ERR,ERR,ERR,ERR,ERR,ERR,ERR,ERR,ERR,ERR,ERR,ERR,ERR,ERR,ERR,ERR,ERR,ERR,ERR,ERR,ERR,ERR,ERR,ERR,ERR,ERR,ERR,ERR,ERR,ERR,ERR,ERR,ERR,ERR,ERR,ERR,ERR,ERR,ERR,ERR,2.718450016850437e+23,-0.0,2.8364315368646023e+23,-107613408.0,-4.209512871143983e+25,-22575046459392.0,9.293298662155477e+32,1522573246464.0,5800,0,8,17276,5800,14723891331072.0,100,0.0,0.0,-107613408.0,0.0,1.9056969178834534e+17,0,0,0,0,nan,0,0,0,0,0,0,0,0,0,0,0,0,0,0,0,0,0,0,0,0,0,0,0,0,0,0,0,0,0,0,0,0,0,10,52,51,61,65476,612,65476,1,0,4,21553,0.0,0.0,0.0,0.0,0.0,0.0,0.0,0.0,0.0,0.0,0.0,0.0,0.0,0.0,0.0,0.0,0.0,0.0,0.0,0.0,0.0,2.004,3.697074423243316e+19,-0.0,-2.004,-0.0,0.0,0.0,0.0,0.0,6553.0,-0.0,0.0,2.718450016850437e+23,-0.0,-107616232.0,-0.0,0.0,0.0,2.004,2.004,241,-0.0,-4.0668755697950344e+29,0.0,0.0,0.0,0.0,0.0,0.0,0.0,0,0,0,-10.016,-6.17023275568359e+18,-1.0342324437584739e+21,13456.532,-0.0,-0.0,-0.595,1.74339622046075e+22,1025128.438,1.2707479206498456e+23,-1.0467220767755782e+35,-0.0,-0.0,-0.0,0.0,0.0,0,1.3516416376850534e+27,241,0.0,482,-0.0,0.0,2048,39322,17150,39322,17152,39322,17144,0,0,0,105,99,100,-0.0,69.3,-0.0,69.5,0.0,69.5,1,47,48,180,0,26215,0,0,0.0,0.0,0.0,60.0,0.0,74.5,0.0,-109658619904.0,0.0,1270,0,1277,0,0,0,1274,0,1286,0,1243,0,696,0,698,0,693,0,694,0.032,1.3305260699995496e+34,-0.0,-107615312.0,25744,16829,0.0,-109658619904.0,0.0,-0.925,-0.0,-0.0,70.0,60.0,66,0.0,0.0,10.0,2.0,0.0,0.0,0.0,0.0,0.0,0.0,0.0,0.0,0.0,0.0,0.0,0.0,65.2,69,16,65516,49,65476,0,300,0,0,8,20529,65476,0,0,43254,60.0,0.0,10.0,10.0,2.0,0.0
2026-02-05T14:27:04,ERR,ERR,ERR,ERR,ERR,ERR,ERR,ERR,ERR,ERR,ERR,ERR,ERR,ERR,ERR,ERR,ERR,ERR,ERR,ERR,ERR,ERR,ERR,ERR,ERR,ERR,ERR,ERR,ERR,ERR,ERR,ERR,ERR,ERR,ERR,ERR,ERR,ERR,ERR,ERR,ERR,ERR,ERR,ERR,ERR,ERR,ERR,ERR,ERR,ERR,ERR,ERR,ERR,ERR,ERR,ERR,ERR,ERR,ERR,ERR,ERR,ERR,ERR,ERR,ERR,ERR,ERR,ERR,ERR,ERR,ERR,ERR,ERR,ERR,ERR,ERR,ERR,ERR,ERR,ERR,ERR,ERR,ERR,ERR,ERR,ERR,ERR,ERR,ERR,ERR,ERR,ERR,ERR,ERR,ERR,ERR,ERR,ERR,ERR,ERR,ERR,ERR,ERR,ERR,ERR,ERR,ERR,ERR,ERR,ERR,ERR,ERR,ERR,ERR,ERR,ERR,ERR,ERR,ERR,ERR,ERR,ERR,ERR,ERR,ERR,2.718450016850437e+23,-0.0,2.8364315368646023e+23,-107613408.0,-4.209512871143983e+25,-22575046459392.0,9.293298662155477e+32,1522573246464.0,5800,0,8,17276,5800,14723891331072.0,100,0.0,0.0,-107613408.0,0.0,1.9056969178834534e+17,0,0,0,0,nan,0,0,0,0,0,0,0,0,0,0,0,0,0,0,0,0,0,0,0,0,0,0,0,0,0,0,0,0,0,0,0,0,0,10,52,51,61,65476,612,65476,1,0,4,21553,0.0,0.0,0.0,0.0,0.0,0.0,0.0,0.0,0.0,0.0,0.0,0.0,0.0,0.0,0.0,0.0,0.0,0.0,0.0,0.0,0.0,2.004,3.697074423243316e+19,-0.0,-2.004,-0.0,0.0,0.0,0.0,0.0,6553.0,-0.0,0.0,2.718450016850437e+23,-0.0,-107616232.0,-0.0,0.0,0.0,2.004,2.004,241,-0.0,-4.0668755697950344e+29,0.0,0.0,0.0,0.0,0.0,0.0,0.0,0,0,0,-10.016,-6.17023275568359e+18,-1.0342324437584739e+21,13456.532,-0.0,-0.0,-0.595,1.74339622046075e+22,1025128.438,1.2707479206498456e+23,-1.0467220767755782e+35,-0.0,-0.0,-0.0,0.0,0.0,0,1.3516416376850534e+27,241,0.0,482,-0.0,0.0,2048,39322,17150,39322,17152,39322,17144,0,0,0,105,99,100,-0.0,69.3,-0.0,69.5,0.0,69.5,1,47,48,180,0,26215,0,0,0.0,0.0,0.0,60.0,0.0,74.5,0.0,-109658619904.0,0.0,1270,0,1277,0,0,0,1274,0,1286,0,1243,0,696,0,698,0,693,0,694,0.032,1.3305260699995496e+34,-0.0,-107615312.0,25744,16829,0.0,-109658619904.0,0.0,-0.925,-0.0,-0.0,70.0,60.0,66,0.0,0.0,10.0,2.0,0.0,0.0,0.0,0.0,0.0,0.0,0.0,0.0,0.0,0.0,0.0,0.0,65.2,69,16,65516,49,65476,0,300,0,0,8,20529,65476,0,0,43254,60.0,0.0,10.0,10.0,2.0,0.0
2026-02-05T14:27:05,ERR,ERR,ERR,ERR,ERR,ERR,ERR,ERR,ERR,ERR,ERR,ERR,ERR,ERR,ERR,ERR,ERR,ERR,ERR,ERR,ERR,ERR,ERR,ERR,ERR,ERR,ERR,ERR,ERR,ERR,ERR,ERR,ERR,ERR,ERR,ERR,ERR,ERR,ERR,ERR,ERR,ERR,ERR,ERR,ERR,ERR,ERR,ERR,ERR,ERR,ERR,ERR,ERR,ERR,ERR,ERR,ERR,ERR,ERR,ERR,ERR,ERR,ERR,ERR,ERR,ERR,ERR,ERR,ERR,ERR,ERR,ERR,ERR,ERR,ERR,ERR,ERR,ERR,ERR,ERR,ERR,ERR,ERR,ERR,ERR,ERR,ERR,ERR,ERR,ERR,ERR,ERR,ERR,ERR,ERR,ERR,ERR,ERR,ERR,ERR,ERR,ERR,ERR,ERR,ERR,ERR,ERR,ERR,ERR,ERR,ERR,ERR,ERR,ERR,ERR,ERR,ERR,ERR,ERR,ERR,ERR,ERR,ERR,ERR,ERR,2.718450016850437e+23,-0.0,2.8364315368646023e+23,-107613408.0,-4.209512871143983e+25,-22575046459392.0,9.293298662155477e+32,1522573246464.0,5800,0,8,17276,5800,14723891331072.0,100,0.0,0.0,-107613408.0,0.0,1.9056969178834534e+17,0,0,0,0,nan,0,0,0,0,0,0,0,0,0,0,0,0,0,0,0,0,0,0,0,0,0,0,0,0,0,0,0,0,0,0,0,0,0,10,52,51,61,65476,612,65476,1,0,4,21553,0.0,0.0,0.0,0.0,0.0,0.0,0.0,0.0,0.0,0.0,0.0,0.0,0.0,0.0,0.0,0.0,0.0,0.0,0.0,0.0,0.0,2.004,3.697074423243316e+19,-0.0,-2.004,-0.0,0.0,0.0,0.0,0.0,6553.0,-0.0,0.0,2.718450016850437e+23,-0.0,-107616232.0,-0.0,0.0,0.0,2.004,2.004,241,-0.0,-4.0668755697950344e+29,0.0,0.0,0.0,0.0,0.0,0.0,0.0,0,0,0,-10.016,-6.17023275568359e+18,-1.0342324437584739e+21,13456.532,-0.0,-0.0,-0.595,1.74339622046075e+22,1025128.438,1.2707479206498456e+23,-1.0467220767755782e+35,-0.0,-0.0,-0.0,0.0,0.0,0,1.3516416376850534e+27,241,0.0,482,-0.0,0.0,2048,52429,17150,39322,17152,39322,17144,0,0,0,105,99,100,-0.0,69.3,-0.0,69.6,0.0,69.5,1,47,48,180,0,26215,0,0,0.0,0.0,0.0,60.0,0.0,74.5,0.0,-2.4871821616444263e+33,0.0,1270,0,1277,0,0,0,1274,0,1286,0,1243,0,696,0,698,0,693,0,692,0.032,1.322413106158089e+34,2.004,-0.0,22032,16829,0.0,-2.4871821616444263e+33,0.0,-1.8887326560577126e+17,1.3818038366158227e+33,-0.0,70.0,60.0,66,0.0,0.0,10.0,2.0,0.0,0.0,0.0,0.0,0.0,0.0,0.0,0.0,0.0,0.0,0.0,0.0,65.2,69,16,65516,49,65476,0,300,0,0,8,20529,65476,0,0,43254,60.0,0.0,10.0,10.0,2.0,0.0
2026-02-05T14:27:06,ERR,ERR,ERR,ERR,ERR,ERR,ERR,ERR,ERR,ERR,ERR,ERR,ERR,ERR,ERR,ERR,ERR,ERR,ERR,ERR,ERR,ERR,ERR,ERR,ERR,ERR,ERR,ERR,ERR,ERR,ERR,ERR,ERR,ERR,ERR,ERR,ERR,ERR,ERR,ERR,ERR,ERR,ERR,ERR,ERR,ERR,ERR,ERR,ERR,ERR,ERR,ERR,ERR,ERR,ERR,ERR,ERR,ERR,ERR,ERR,ERR,ERR,ERR,ERR,ERR,ERR,ERR,ERR,ERR,ERR,ERR,ERR,ERR,ERR,ERR,ERR,ERR,ERR,ERR,ERR,ERR,ERR,ERR,ERR,ERR,ERR,ERR,ERR,ERR,ERR,ERR,ERR,ERR,ERR,ERR,ERR,ERR,ERR,ERR,ERR,ERR,ERR,ERR,ERR,ERR,ERR,ERR,ERR,ERR,ERR,ERR,ERR,ERR,ERR,ERR,ERR,ERR,ERR,ERR,ERR,ERR,ERR,ERR,ERR,ERR,2.718450016850437e+23,-0.0,2.8364315368646023e+23,-107613408.0,-4.209512871143983e+25,-22575046459392.0,9.293298662155477e+32,1522573246464.0,5800,0,8,17276,5800,14723891331072.0,100,0.0,0.0,-107613408.0,0.0,1.9056969178834534e+17,0,0,0,0,nan,0,0,0,0,0,0,0,0,0,0,0,0,0,0,0,0,0,0,0,0,0,0,0,0,0,0,0,0,0,0,0,0,0,10,52,51,61,65476,612,65476,1,0,4,21553,0.0,0.0,0.0,0.0,0.0,0.0,0.0,0.0,0.0,0.0,0.0,0.0,0.0,0.0,0.0,0.0,0.0,0.0,0.0,0.0,0.0,2.004,3.697074423243316e+19,-0.0,-2.004,-0.0,0.0,0.0,0.0,0.0,6553.0,-0.0,0.0,2.718450016850437e+23,-0.0,-107616232.0,-0.0,0.0,0.0,2.004,2.004,241,-0.0,-4.0668755697950344e+29,0.0,0.0,0.0,0.0,0.0,0.0,0.0,0,0,0,-10.016,-6.17023275568359e+18,-1.0342324437584739e+21,13456.532,-0.0,-0.0,-0.595,1.74339622046075e+22,1025128.438,1.2707479206498456e+23,-1.0467220767755782e+35,-0.0,-0.0,-0.0,0.0,0.0,0,1.3516416376850534e+27,241,0.0,482,-0.0,0.0,2048,52429,17150,39322,17152,39322,17144,0,0,0,105,99,100,-0.0,69.3,-0.0,69.6,0.0,69.5,1,47,48,180,0,26215,0,0,0.0,0.0,0.0,60.0,0.0,74.5,0.0,-2.4871821616444263e+33,0.0,1270,0,1277,0,0,0,1274,0,1286,0,1243,0,696,0,698,0,693,0,692,0.032,1.322413106158089e+34,2.004,-0.0,22032,16829,0.0,-2.4871821616444263e+33,0.0,-1.8887326560577126e+17,1.3818038366158227e+33,-0.0,70.0,60.0,66,0.0,0.0,10.0,2.0,0.0,0.0,0.0,0.0,0.0,0.0,0.0,0.0,0.0,0.0,0.0,0.0,65.2,69,16,65516,49,65476,0,300,0,0,8,20529,65476,0,0,43254,60.0,0.0,10.0,10.0,2.0,0.0
2026-02-05T14:27:07,ERR,ERR,ERR,ERR,ERR,ERR,ERR,ERR,ERR,ERR,ERR,ERR,ERR,ERR,ERR,ERR,ERR,ERR,ERR,ERR,ERR,ERR,ERR,ERR,ERR,ERR,ERR,ERR,ERR,ERR,ERR,ERR,ERR,ERR,ERR,ERR,ERR,ERR,ERR,ERR,ERR,ERR,ERR,ERR,ERR,ERR,ERR,ERR,ERR,ERR,ERR,ERR,ERR,ERR,ERR,ERR,ERR,ERR,ERR,ERR,ERR,ERR,ERR,ERR,ERR,ERR,ERR,ERR,ERR,ERR,ERR,ERR,ERR,ERR,ERR,ERR,ERR,ERR,ERR,ERR,ERR,ERR,ERR,ERR,ERR,ERR,ERR,ERR,ERR,ERR,ERR,ERR,ERR,ERR,ERR,ERR,ERR,ERR,ERR,ERR,ERR,ERR,ERR,ERR,ERR,ERR,ERR,ERR,ERR,ERR,ERR,ERR,ERR,ERR,ERR,ERR,ERR,ERR,ERR,ERR,ERR,ERR,ERR,ERR,ERR,2.718450016850437e+23,-0.0,2.8364315368646023e+23,-107613408.0,-4.209512871143983e+25,-22575046459392.0,9.293298662155477e+32,1522573246464.0,5800,0,8,17276,5800,14723891331072.0,100,0.0,0.0,-107613408.0,0.0,1.9056969178834534e+17,0,0,0,0,nan,0,0,0,0,0,0,0,0,0,0,0,0,0,0,0,0,0,0,0,0,0,0,0,0,0,0,0,0,0,0,0,0,0,10,52,51,61,65476,612,65476,1,0,4,21553,0.0,0.0,0.0,0.0,0.0,0.0,0.0,0.0,0.0,0.0,0.0,0.0,0.0,0.0,0.0,0.0,0.0,0.0,0.0,0.0,0.0,2.004,3.697074423243316e+19,-0.0,-2.004,-0.0,0.0,0.0,0.0,0.0,6553.0,-0.0,0.0,2.718450016850437e+23,-0.0,-107616232.0,-0.0,0.0,0.0,2.004,2.004,241,-0.0,-4.0668755697950344e+29,0.0,0.0,0.0,0.0,0.0,0.0,0.0,0,0,0,-10.016,-6.17023275568359e+18,-1.0342324437584739e+21,13456.532,-0.0,-0.0,-0.595,1.74339622046075e+22,1025128.438,1.2707479206498456e+23,-1.0467220767755782e+35,-0.0,-0.0,-0.0,0.0,0.0,0,1.3516416376850534e+27,241,0.0,482,-0.0,0.0,2048,52429,17150,39322,17152,39322,17144,0,0,0,105,99,100,-0.0,69.3,-0.0,69.6,0.0,69.5,1,47,48,180,0,26215,0,0,0.0,0.0,0.0,60.0,0.0,74.5,0.0,-2.4871821616444263e+33,0.0,1270,0,1277,0,0,0,1274,0,1286,0,1243,0,696,0,698,0,693,0,692,0.032,1.322413106158089e+34,2.004,-0.0,22032,16829,0.0,-2.4871821616444263e+33,0.0,-1.8887326560577126e+17,1.3818038366158227e+33,-0.0,70.0,60.0,66,0.0,0.0,10.0,2.0,0.0,0.0,0.0,0.0,0.0,0.0,0.0,0.0,0.0,0.0,0.0,0.0,65.2,69,16,65516,49,65476,0,300,0,0,8,20529,65476,0,0,39322,60.0,0.0,10.0,10.0,2.0,0.0
2026-02-05T14:27:08,ERR,ERR,ERR,ERR,ERR,ERR,ERR,ERR,ERR,ERR,ERR,ERR,ERR,ERR,ERR,ERR,ERR,ERR,ERR,ERR,ERR,ERR,ERR,ERR,ERR,ERR,ERR,ERR,ERR,ERR,ERR,ERR,ERR,ERR,ERR,ERR,ERR,ERR,ERR,ERR,ERR,ERR,ERR,ERR,ERR,ERR,ERR,ERR,ERR,ERR,ERR,ERR,ERR,ERR,ERR,ERR,ERR,ERR,ERR,ERR,ERR,ERR,ERR,ERR,ERR,ERR,ERR,ERR,ERR,ERR,ERR,ERR,ERR,ERR,ERR,ERR,ERR,ERR,ERR,ERR,ERR,ERR,ERR,ERR,ERR,ERR,ERR,ERR,ERR,ERR,ERR,ERR,ERR,ERR,ERR,ERR,ERR,ERR,ERR,ERR,ERR,ERR,ERR,ERR,ERR,ERR,ERR,ERR,ERR,ERR,ERR,ERR,ERR,ERR,ERR,ERR,ERR,ERR,ERR,ERR,ERR,ERR,ERR,ERR,ERR,2.718450016850437e+23,-0.0,2.8364315368646023e+23,-107613408.0,-4.209512871143983e+25,4.0172412313241626e+29,0.0,-0.0,5800,0,8,17276,5800,14723891331072.0,100,0.0,0.0,-107613408.0,0.0,1.9056969178834534e+17,0,0,0,0,nan,0,0,0,0,0,0,0,0,0,0,0,0,0,0,0,0,0,0,0,0,0,0,0,0,0,0,0,0,0,0,0,0,0,10,52,51,61,65476,612,65476,1,0,4,21553,0.0,0.0,0.0,0.0,0.0,0.0,0.0,0.0,0.0,0.0,0.0,0.0,0.0,0.0,0.0,0.0,0.0,0.0,0.0,0.0,0.0,2.004,3.697074423243316e+19,-0.0,-2.004,2.004,0.0,0.0,0.0,0.0,6555.0,-1.0406713229691606e+34,0.0,2.718450016850437e+23,-0.0,-107616232.0,0.0,-0.0,0.0,2.004,2.004,243,-0.0,0.0,0.0,0.0,0.0,0.0,0.0,0.0,0.0,0,0,0,-1.2775266667513696e+24,-590882.25,0.0,1.3076256402898462e+29,-0.0,-1.0459993589248164e+18,0.0,-0.001,-0.0,1.5261870474827175e+23,-1.312827290775488e+35,-0.0,-0.0,-0.0,0.0,-3715095592960.0,0,1.3516416376850534e+27,245,0.0,490,-0.0,-68.128,2048,52429,17150,39322,17152,39322,17144,0,0,0,105,99,100,-0.0,69.3,-0.0,69.6,0.0,69.5,1,47,48,180,0,26215,0,0,0.0,0.0,0.0,60.0,0.0,74.5,0.0,-2.4871821616444263e+33,0.0,1270,0,1277,0,0,0,1274,0,1286,0,1243,0,696,0,698,0,693,0,692,0.032,1.322413106158089e+34,2.004,-0.0,22032,16829,0.0,-2.4871821616444263e+33,0.0,-1.8887326560577126e+17,1.3818038366158227e+33,-0.0,70.0,60.0,66,0.0,0.0,10.0,2.0,0.0,0.0,0.0,0.0,0.0,0.0,0.0,0.0,0.0,0.0,0.0,0.0,65.2,69,16,65516,49,65476,0,300,0,0,8,20529,65476,0,0,39322,60.0,0.0,10.0,10.0,2.0,0.0
2026-02-05T14:27:09,ERR,ERR,ERR,ERR,ERR,ERR,ERR,ERR,ERR,ERR,ERR,ERR,ERR,ERR,ERR,ERR,ERR,ERR,ERR,ERR,ERR,ERR,ERR,ERR,ERR,ERR,ERR,ERR,ERR,ERR,ERR,ERR,ERR,ERR,ERR,ERR,ERR,ERR,ERR,ERR,ERR,ERR,ERR,ERR,ERR,ERR,ERR,ERR,ERR,ERR,ERR,ERR,ERR,ERR,ERR,ERR,ERR,ERR,ERR,ERR,ERR,ERR,ERR,ERR,ERR,ERR,ERR,ERR,ERR,ERR,ERR,ERR,ERR,ERR,ERR,ERR,ERR,ERR,ERR,ERR,ERR,ERR,ERR,ERR,ERR,ERR,ERR,ERR,ERR,ERR,ERR,ERR,ERR,ERR,ERR,ERR,ERR,ERR,ERR,ERR,ERR,ERR,ERR,ERR,ERR,ERR,ERR,ERR,ERR,ERR,ERR,ERR,ERR,ERR,ERR,ERR,ERR,ERR,ERR,ERR,ERR,ERR,ERR,ERR,ERR,2.718450016850437e+23,-0.0,2.8364315368646023e+23,-107613408.0,-4.209512871143983e+25,4.0172412313241626e+29,0.0,-0.0,5800,0,8,17276,5800,14723891331072.0,100,0.0,0.0,-107613408.0,0.0,1.9056969178834534e+17,0,0,0,0,nan,0,0,0,0,0,0,0,0,0,0,0,0,0,0,0,0,0,0,0,0,0,0,0,0,0,0,0,0,0,0,0,0,0,10,52,51,61,65476,612,65476,1,0,4,21553,0.0,0.0,0.0,0.0,0.0,0.0,0.0,0.0,0.0,0.0,0.0,0.0,0.0,0.0,0.0,0.0,0.0,0.0,0.0,0.0,0.0,2.004,3.697074423243316e+19,-0.0,-2.004,2.004,0.0,0.0,0.0,0.0,6555.0,-1.0406713229691606e+34,0.0,2.718450016850437e+23,-0.0,-107616232.0,0.0,-0.0,0.0,2.004,2.004,243,-0.0,0.0,0.0,0.0,0.0,0.0,0.0,0.0,0.0,0,0,0,-1.2775266667513696e+24,-590882.25,0.0,1.3076256402898462e+29,-0.0,-1.0459993589248164e+18,0.0,-0.001,-0.0,1.5261870474827175e+23,-1.312827290775488e+35,-0.0,-0.0,-0.0,0.0,-3715095592960.0,0,1.3516416376850534e+27,245,0.0,490,-0.0,-68.128,2048,52429,17150,39322,17152,39322,17144,0,0,0,105,99,100,-0.0,69.3,-0.0,69.6,0.0,69.5,1,47,48,180,0,26215,0,0,0.0,0.0,0.0,60.0,0.001,74.5,0.0,-211386714030080.0,0.0,1270,0,1277,0,0,0,1274,0,1286,0,1243,0,696,0,698,0,693,0,693,0.032,1.322413106158089e+34,2.004,-0.0,25616,16829,0.728,-211386714030080.0,69613031260160.0,0.0,-3281000.5,-977467179270144.0,70.0,60.0,66,0.0,0.0,10.0,2.0,0.0,0.0,0.0,0.0,0.0,0.0,0.0,0.0,0.0,0.0,0.0,0.0,65.2,69,16,65516,49,65476,0,300,0,0,8,20529,65476,0,0,43254,60.0,0.0,10.0,10.0,2.0,0.0
2026-02-05T14:27:10,ERR,ERR,ERR,ERR,ERR,ERR,ERR,ERR,ERR,ERR,ERR,ERR,ERR,ERR,ERR,ERR,ERR,ERR,ERR,ERR,ERR,ERR,ERR,ERR,ERR,ERR,ERR,ERR,ERR,ERR,ERR,ERR,ERR,ERR,ERR,ERR,ERR,ERR,ERR,ERR,ERR,ERR,ERR,ERR,ERR,ERR,ERR,ERR,ERR,ERR,ERR,ERR,ERR,ERR,ERR,ERR,ERR,ERR,ERR,ERR,ERR,ERR,ERR,ERR,ERR,ERR,ERR,ERR,ERR,ERR,ERR,ERR,ERR,ERR,ERR,ERR,ERR,ERR,ERR,ERR,ERR,ERR,ERR,ERR,ERR,ERR,ERR,ERR,ERR,ERR,ERR,ERR,ERR,ERR,ERR,ERR,ERR,ERR,ERR,ERR,ERR,ERR,ERR,ERR,ERR,ERR,ERR,ERR,ERR,ERR,ERR,ERR,ERR,ERR,ERR,ERR,ERR,ERR,ERR,ERR,ERR,ERR,ERR,ERR,ERR,2.718450016850437e+23,-0.0,2.8364315368646023e+23,-107613408.0,-4.209512871143983e+25,4.0172412313241626e+29,0.0,-0.0,5800,0,8,17276,5800,14723891331072.0,100,0.0,0.0,-107613408.0,0.0,1.9056969178834534e+17,0,0,0,0,nan,0,0,0,0,0,0,0,0,0,0,0,0,0,0,0,0,0,0,0,0,0,0,0,0,0,0,0,0,0,0,0,0,0,10,52,51,61,65476,612,65476,1,0,4,21553,0.0,0.0,0.0,0.0,0.0,0.0,0.0,0.0,0.0,0.0,0.0,0.0,0.0,0.0,0.0,0.0,0.0,0.0,0.0,0.0,0.0,2.004,3.697074423243316e+19,-0.0,-2.004,2.004,0.0,0.0,0.0,0.0,6555.0,-1.0406713229691606e+34,0.0,2.718450016850437e+23,-0.0,-107616232.0,0.0,-0.0,0.0,2.004,2.004,243,-0.0,0.0,0.0,0.0,0.0,0.0,0.0,0.0,0.0,0,0,0,-1.2775266667513696e+24,-590882.25,0.0,1.3076256402898462e+29,-0.0,-1.0459993589248164e+18,0.0,-0.001,-0.0,1.5261870474827175e+23,-1.312827290775488e+35,-0.0,-0.0,-0.0,0.0,-3715095592960.0,0,1.3516416376850534e+27,245,0.0,490,-0.0,-68.128,2048,52429,17150,39322,17152,39322,17144,0,0,0,105,99,100,-0.0,69.3,-0.0,69.6,0.0,69.5,1,47,48,180,0,26215,0,0,0.0,0.0,0.0,60.0,0.001,74.5,0.0,-211386714030080.0,0.0,1270,0,1277,0,0,0,1274,0,1286,0,1243,0,696,0,698,0,693,0,693,0.032,1.322413106158089e+34,2.004,-0.0,25616,16829,0.728,-211386714030080.0,69613031260160.0,0.0,-3281000.5,-977467179270144.0,70.0,60.0,66,0.0,0.0,10.0,2.0,0.0,0.0,0.0,0.0,0.0,0.0,0.0,0.0,0.0,0.0,0.0,0.0,65.2,69,16,65516,49,65476,0,300,0,0,8,20529,65476,0,0,43254,60.0,0.0,10.0,10.0,2.0,0.0
2026-02-05T14:27:11,ERR,ERR,ERR,ERR,ERR,ERR,ERR,ERR,ERR,ERR,ERR,ERR,ERR,ERR,ERR,ERR,ERR,ERR,ERR,ERR,ERR,ERR,ERR,ERR,ERR,ERR,ERR,ERR,ERR,ERR,ERR,ERR,ERR,ERR,ERR,ERR,ERR,ERR,ERR,ERR,ERR,ERR,ERR,ERR,ERR,ERR,ERR,ERR,ERR,ERR,ERR,ERR,ERR,ERR,ERR,ERR,ERR,ERR,ERR,ERR,ERR,ERR,ERR,ERR,ERR,ERR,ERR,ERR,ERR,ERR,ERR,ERR,ERR,ERR,ERR,ERR,ERR,ERR,ERR,ERR,ERR,ERR,ERR,ERR,ERR,ERR,ERR,ERR,ERR,ERR,ERR,ERR,ERR,ERR,ERR,ERR,ERR,ERR,ERR,ERR,ERR,ERR,ERR,ERR,ERR,ERR,ERR,ERR,ERR,ERR,ERR,ERR,ERR,ERR,ERR,ERR,ERR,ERR,ERR,ERR,ERR,ERR,ERR,ERR,ERR,2.718450016850437e+23,-0.0,2.8364315368646023e+23,-107613408.0,-4.209512871143983e+25,4.0172412313241626e+29,0.0,-0.0,5800,0,8,17276,5800,14723891331072.0,100,0.0,0.0,-107613408.0,0.0,1.9056969178834534e+17,0,0,0,0,nan,0,0,0,0,0,0,0,0,0,0,0,0,0,0,0,0,0,0,0,0,0,0,0,0,0,0,0,0,0,0,0,0,0,10,52,51,61,65476,612,65476,1,0,4,21553,0.0,0.0,0.0,0.0,0.0,0.0,0.0,0.0,0.0,0.0,0.0,0.0,0.0,0.0,0.0,0.0,0.0,0.0,0.0,0.0,0.0,2.004,3.697074423243316e+19,-0.0,-2.004,2.004,0.0,0.0,0.0,0.0,6555.0,-1.0406713229691606e+34,0.0,2.718450016850437e+23,-0.0,-107616232.0,0.0,-0.0,0.0,2.004,2.004,243,-0.0,0.0,0.0,0.0,0.0,0.0,0.0,0.0,0.0,0,0,0,-1.2775266667513696e+24,-590882.25,0.0,1.3076256402898462e+29,-0.0,-1.0459993589248164e+18,0.0,-0.001,-0.0,1.5261870474827175e+23,-1.312827290775488e+35,-0.0,-0.0,-0.0,0.0,-3715095592960.0,0,1.3516416376850534e+27,245,0.0,490,-0.0,-68.128,2048,52429,17150,39322,17152,39322,17144,0,0,0,105,99,100,-0.0,69.3,-0.0,69.6,0.0,69.5,1,47,48,180,0,26215,0,0,0.0,0.0,0.0,60.0,0.001,74.5,0.0,-211386714030080.0,0.0,1270,0,1277,0,0,0,1274,0,1286,0,1243,0,696,0,698,0,693,0,693,0.032,1.322413106158089e+34,2.004,-0.0,25616,16829,0.728,-211386714030080.0,69613031260160.0,0.0,-3281000.5,-977467179270144.0,70.0,60.0,66,0.0,0.0,10.0,2.0,0.0,0.0,0.0,0.0,0.0,0.0,0.0,0.0,0.0,0.0,0.0,0.0,65.6,69,16,65516,49,65476,0,300,0,0,8,20529,65476,0,0,43254,60.0,0.0,10.0,10.0,2.0,0.0
2026-02-05T14:27:12,ERR,ERR,ERR,ERR,ERR,ERR,ERR,ERR,ERR,ERR,ERR,ERR,ERR,ERR,ERR,ERR,ERR,ERR,ERR,ERR,ERR,ERR,ERR,ERR,ERR,ERR,ERR,ERR,ERR,ERR,ERR,ERR,ERR,ERR,ERR,ERR,ERR,ERR,ERR,ERR,ERR,ERR,ERR,ERR,ERR,ERR,ERR,ERR,ERR,ERR,ERR,ERR,ERR,ERR,ERR,ERR,ERR,ERR,ERR,ERR,ERR,ERR,ERR,ERR,ERR,ERR,ERR,ERR,ERR,ERR,ERR,ERR,ERR,ERR,ERR,ERR,ERR,ERR,ERR,ERR,ERR,ERR,ERR,ERR,ERR,ERR,ERR,ERR,ERR,ERR,ERR,ERR,ERR,ERR,ERR,ERR,ERR,ERR,ERR,ERR,ERR,ERR,ERR,ERR,ERR,ERR,ERR,ERR,ERR,ERR,ERR,ERR,ERR,ERR,ERR,ERR,ERR,ERR,ERR,ERR,ERR,ERR,ERR,ERR,ERR,2.718450016850437e+23,-0.0,2.8364315368646023e+23,-107613408.0,-4.209512871143983e+25,4.0172412313241626e+29,0.0,-0.0,5800,0,8,17276,5800,14723891331072.0,100,0.0,0.0,-107613408.0,0.0,1.9056969178834534e+17,0,0,0,0,nan,0,0,0,0,0,0,0,0,0,0,0,0,0,0,0,0,0,0,0,0,0,0,0,0,0,0,0,0,0,0,0,0,0,10,52,51,61,65476,612,65476,1,0,4,21553,0.0,0.0,0.0,0.0,0.0,0.0,0.0,0.0,0.0,0.0,0.0,0.0,0.0,0.0,0.0,0.0,0.0,0.0,0.0,0.0,0.0,2.004,3.697074423243316e+19,-0.0,-2.004,2.004,0.0,0.0,0.0,0.0,6555.0,-1.0406713229691606e+34,0.0,2.718450016850437e+23,-0.0,-107616232.0,0.0,-0.0,0.0,2.004,2.004,243,-0.0,0.0,0.0,0.0,0.0,0.0,0.0,0.0,0.0,0,0,0,-1.2775266667513696e+24,-590882.25,0.0,1.3076256402898462e+29,-0.0,-1.0459993589248164e+18,0.0,-0.001,-0.0,1.5261870474827175e+23,-1.312827290775488e+35,-0.0,-0.0,-0.0,0.0,-3715095592960.0,0,1.3516416376850534e+27,245,0.0,490,-0.0,-68.128,2048,52429,17150,39322,17152,39322,17144,0,0,0,105,99,100,-0.0,69.3,-0.0,69.6,0.0,69.5,1,47,48,180,0,26215,0,0,0.0,0.0,0.0,60.0,0.001,74.5,0.0,-211386714030080.0,0.0,1270,0,1277,0,0,0,1274,0,1286,0,1243,0,696,0,698,0,693,0,693,0.032,1.322413106158089e+34,2.004,-0.0,25616,16829,0.728,-211386714030080.0,69613031260160.0,0.0,-3281000.5,-977467179270144.0,70.0,60.0,66,0.0,0.0,10.0,2.0,0.0,0.0,0.0,0.0,0.0,0.0,0.0,0.0,0.0,0.0,0.0,0.0,65.2,69,16,65516,49,65476,0,300,0,0,8,20529,65476,0,0,43254,60.0,0.0,10.0,10.0,2.0,0.0
2026-02-05T14:27:13,ERR,ERR,ERR,ERR,ERR,ERR,ERR,ERR,ERR,ERR,ERR,ERR,ERR,ERR,ERR,ERR,ERR,ERR,ERR,ERR,ERR,ERR,ERR,ERR,ERR,ERR,ERR,ERR,ERR,ERR,ERR,ERR,ERR,ERR,ERR,ERR,ERR,ERR,ERR,ERR,ERR,ERR,ERR,ERR,ERR,ERR,ERR,ERR,ERR,ERR,ERR,ERR,ERR,ERR,ERR,ERR,ERR,ERR,ERR,ERR,ERR,ERR,ERR,ERR,ERR,ERR,ERR,ERR,ERR,ERR,ERR,ERR,ERR,ERR,ERR,ERR,ERR,ERR,ERR,ERR,ERR,ERR,ERR,ERR,ERR,ERR,ERR,ERR,ERR,ERR,ERR,ERR,ERR,ERR,ERR,ERR,ERR,ERR,ERR,ERR,ERR,ERR,ERR,ERR,ERR,ERR,ERR,ERR,ERR,ERR,ERR,ERR,ERR,ERR,ERR,ERR,ERR,ERR,ERR,ERR,ERR,ERR,ERR,ERR,ERR,2.718450016850437e+23,-0.0,2.8364315368646023e+23,-107613408.0,-4.209512871143983e+25,-54854964.0,1.8745352292929227e+28,1.5790842400735232e+17,5800,0,8,17276,5800,14723891331072.0,100,0.0,0.0,-0.0,0.0,1.9056969178834534e+17,0,0,0,0,nan,0,0,0,0,0,0,0,0,0,0,0,0,0,0,0,0,0,0,0,0,0,0,0,0,0,0,0,0,0,0,0,0,0,10,52,51,61,65476,612,65476,1,0,4,21553,0.0,-107613536.0,0.0,0.0,0.0,0.0,0.0,0.0,0.0,0.0,0.0,0.0,0.0,0.0,0.0,0.0,0.0,0.0,0.0,0.0,0.0,2.004,3.697074423243316e+19,-0.0,-0.0,-2.004,0.0,0.0,0.0,0.0,6617.0,8608233472.0,0.0,2.718450016850437e+23,-0.0,-107616232.0,-107616440.0,-0.0,0.0,2.004,2.004,245,-0.0,0.0,0.0,0.0,0.0,0.0,0.0,0.0,0.0,0,0,0,-0.0,-1436737863680.0,-1.0910292913918942e+20,-3.2250400753063874e+29,-0.0,0.0,810652160.0,0.0,0.0,2.010229611976856e+23,-1.5854228758485665e+35,-0.0,-0.0,-0.0,0.0,-4058692714496.0,0,1.3516416376850534e+27,243,0.0,486,0.0,-0.0,2048,52429,17150,39322,17152,39322,17144,0,0,0,105,99,100,-0.0,69.3,-0.0,69.6,0.0,69.5,1,47,48,180,0,26215,0,0,0.0,0.0,0.0,60.0,0.0,74.5,0.0,-0.0,0.0,1270,0,1277,0,0,0,1274,0,1286,0,1243,0,696,0,698,0,693,0,693,0.032,1.3305260699995496e+34,2.004,-0.0,33168,16829,0.0,-0.0,0.0,-0.001,-0.0,-0.0,70.0,60.0,66,0.0,0.0,10.0,2.0,0.0,0.0,0.0,0.0,0.0,0.0,0.0,0.0,0.0,0.0,0.0,0.0,65.2,69,16,65516,49,65476,0,300,0,0,8,20529,65476,0,0,43254,60.0,0.0,10.0,10.0,2.0,0.0
2026-02-05T14:27:14,ERR,ERR,ERR,ERR,ERR,ERR,ERR,ERR,ERR,ERR,ERR,ERR,ERR,ERR,ERR,ERR,ERR,ERR,ERR,ERR,ERR,ERR,ERR,ERR,ERR,ERR,ERR,ERR,ERR,ERR,ERR,ERR,ERR,ERR,ERR,ERR,ERR,ERR,ERR,ERR,ERR,ERR,ERR,ERR,ERR,ERR,ERR,ERR,ERR,ERR,ERR,ERR,ERR,ERR,ERR,ERR,ERR,ERR,ERR,ERR,ERR,ERR,ERR,ERR,ERR,ERR,ERR,ERR,ERR,ERR,ERR,ERR,ERR,ERR,ERR,ERR,ERR,ERR,ERR,ERR,ERR,ERR,ERR,ERR,ERR,ERR,ERR,ERR,ERR,ERR,ERR,ERR,ERR,ERR,ERR,ERR,ERR,ERR,ERR,ERR,ERR,ERR,ERR,ERR,ERR,ERR,ERR,ERR,ERR,ERR,ERR,ERR,ERR,ERR,ERR,ERR,ERR,ERR,ERR,ERR,ERR,ERR,ERR,ERR,ERR,2.718450016850437e+23,-0.0,2.8364315368646023e+23,-107613408.0,-4.209512871143983e+25,-54854964.0,1.8745352292929227e+28,1.5790842400735232e+17,5800,0,8,17276,5800,14723891331072.0,100,0.0,0.0,-0.0,0.0,1.9056969178834534e+17,0,0,0,0,nan,0,0,0,0,0,0,0,0,0,0,0,0,0,0,0,0,0,0,0,0,0,0,0,0,0,0,0,0,0,0,0,0,0,10,52,51,61,65476,612,65476,1,0,4,21553,0.0,-107613536.0,0.0,0.0,0.0,0.0,0.0,0.0,0.0,0.0,0.0,0.0,0.0,0.0,0.0,0.0,0.0,0.0,0.0,0.0,0.0,2.004,3.697074423243316e+19,-0.0,-0.0,-2.004,0.0,0.0,0.0,0.0,6617.0,8608233472.0,0.0,2.718450016850437e+23,-0.0,-107616232.0,-107616440.0,-0.0,0.0,2.004,2.004,245,-0.0,0.0,0.0,0.0,0.0,0.0,0.0,0.0,0.0,0,0,0,-0.0,-1436737863680.0,-1.0910292913918942e+20,-3.2250400753063874e+29,-0.0,0.0,810652160.0,0.0,0.0,2.010229611976856e+23,-1.5854228758485665e+35,-0.0,-0.0,-0.0,0.0,-4058692714496.0,0,1.3516416376850534e+27,243,0.0,486,0.0,-0.0,2048,52429,17150,39322,17152,39322,17144,0,0,0,105,99,100,-0.0,69.3,-0.0,69.6,0.0,69.5,1,47,48,180,0,26215,0,0,0.0,0.0,0.0,60.0,0.0,74.5,0.0,-0.0,0.0,1270,0,1277,0,0,0,1274,0,1286,0,1243,0,696,0,698,0,693,0,693,0.032,1.3305260699995496e+34,2.004,-0.0,33168,16829,0.0,-0.0,0.0,-0.001,-0.0,-0.0,70.0,60.0,66,0.0,0.0,10.0,2.0,0.0,0.0,0.0,0.0,0.0,0.0,0.0,0.0,0.0,0.0,0.0,0.0,65.2,69,16,65516,49,65476,0,300,0,0,8,20529,65476,0,0,45875,60.0,0.0,10.0,10.0,2.0,0.0
2026-02-05T14:27:15,ERR,ERR,ERR,ERR,ERR,ERR,ERR,ERR,ERR,ERR,ERR,ERR,ERR,ERR,ERR,ERR,ERR,ERR,ERR,ERR,ERR,ERR,ERR,ERR,ERR,ERR,ERR,ERR,ERR,ERR,ERR,ERR,ERR,ERR,ERR,ERR,ERR,ERR,ERR,ERR,ERR,ERR,ERR,ERR,ERR,ERR,ERR,ERR,ERR,ERR,ERR,ERR,ERR,ERR,ERR,ERR,ERR,ERR,ERR,ERR,ERR,ERR,ERR,ERR,ERR,ERR,ERR,ERR,ERR,ERR,ERR,ERR,ERR,ERR,ERR,ERR,ERR,ERR,ERR,ERR,ERR,ERR,ERR,ERR,ERR,ERR,ERR,ERR,ERR,ERR,ERR,ERR,ERR,ERR,ERR,ERR,ERR,ERR,ERR,ERR,ERR,ERR,ERR,ERR,ERR,ERR,ERR,ERR,ERR,ERR,ERR,ERR,ERR,ERR,ERR,ERR,ERR,ERR,ERR,ERR,ERR,ERR,ERR,ERR,ERR,2.718450016850437e+23,-0.0,2.8364315368646023e+23,-107613408.0,-4.209512871143983e+25,-54854964.0,1.8745352292929227e+28,1.5790842400735232e+17,5800,0,8,17276,5800,14723891331072.0,100,0.0,0.0,-0.0,0.0,1.9056969178834534e+17,0,0,0,0,nan,0,0,0,0,0,0,0,0,0,0,0,0,0,0,0,0,0,0,0,0,0,0,0,0,0,0,0,0,0,0,0,0,0,10,52,51,61,65476,612,65476,1,0,4,21553,0.0,-107613536.0,0.0,0.0,0.0,0.0,0.0,0.0,0.0,0.0,0.0,0.0,0.0,0.0,0.0,0.0,0.0,0.0,0.0,0.0,0.0,2.004,3.697074423243316e+19,-0.0,-0.0,-2.004,0.0,0.0,0.0,0.0,6617.0,8608233472.0,0.0,2.718450016850437e+23,-0.0,-107616232.0,-107616440.0,-0.0,0.0,2.004,2.004,245,-0.0,0.0,0.0,0.0,0.0,0.0,0.0,0.0,0.0,0,0,0,-0.0,-1436737863680.0,-1.0910292913918942e+20,-3.2250400753063874e+29,-0.0,0.0,810652160.0,0.0,0.0,2.010229611976856e+23,-1.5854228758485665e+35,-0.0,-0.0,-0.0,0.0,-4058692714496.0,0,1.3516416376850534e+27,243,0.0,486,0.0,-0.0,2048,52429,17150,39322,17152,39322,17144,0,0,0,105,99,100,-0.0,69.3,-0.0,69.6,0.0,69.5,1,47,48,180,0,26215,0,0,0.0,0.0,0.0,60.0,0.0,74.5,0.0,-0.0,0.0,1270,0,1277,0,0,0,1274,0,1286,0,1243,0,696,0,698,0,693,0,693,0.032,1.3305260699995496e+34,2.004,-0.0,33168,16829,0.0,-0.0,0.0,-0.001,-0.0,-0.0,70.0,60.0,66,0.0,0.0,10.0,2.0,0.0,0.0,0.0,0.0,0.0,0.0,0.0,0.0,0.0,0.0,0.0,0.0,65.2,69,16,65516,49,65476,0,300,0,0,8,20529,65476,0,0,45875,60.0,0.0,10.0,10.0,2.0,0.0
2026-02-05T14:27:16,ERR,ERR,ERR,ERR,ERR,ERR,ERR,ERR,ERR,ERR,ERR,ERR,ERR,ERR,ERR,ERR,ERR,ERR,ERR,ERR,ERR,ERR,ERR,ERR,ERR,ERR,ERR,ERR,ERR,ERR,ERR,ERR,ERR,ERR,ERR,ERR,ERR,ERR,ERR,ERR,ERR,ERR,ERR,ERR,ERR,ERR,ERR,ERR,ERR,ERR,ERR,ERR,ERR,ERR,ERR,ERR,ERR,ERR,ERR,ERR,ERR,ERR,ERR,ERR,ERR,ERR,ERR,ERR,ERR,ERR,ERR,ERR,ERR,ERR,ERR,ERR,ERR,ERR,ERR,ERR,ERR,ERR,ERR,ERR,ERR,ERR,ERR,ERR,ERR,ERR,ERR,ERR,ERR,ERR,ERR,ERR,ERR,ERR,ERR,ERR,ERR,ERR,ERR,ERR,ERR,ERR,ERR,ERR,ERR,ERR,ERR,ERR,ERR,ERR,ERR,ERR,ERR,ERR,ERR,ERR,ERR,ERR,ERR,ERR,ERR,2.718450016850437e+23,-0.0,2.8364315368646023e+23,-107613408.0,-4.209512871143983e+25,-54854964.0,1.8745352292929227e+28,1.5790842400735232e+17,5800,0,8,17276,5800,14723891331072.0,100,0.0,0.0,-0.0,0.0,1.9056969178834534e+17,0,0,0,0,nan,0,0,0,0,0,0,0,0,0,0,0,0,0,0,0,0,0,0,0,0,0,0,0,0,0,0,0,0,0,0,0,0,0,10,52,51,61,65476,612,65476,1,0,4,21553,0.0,-107613536.0,0.0,0.0,0.0,0.0,0.0,0.0,0.0,0.0,0.0,0.0,0.0,0.0,0.0,0.0,0.0,0.0,0.0,0.0,0.0,2.004,3.697074423243316e+19,-0.0,-0.0,-2.004,0.0,0.0,0.0,0.0,6617.0,8608233472.0,0.0,2.718450016850437e+23,-0.0,-107616232.0,-107616440.0,-0.0,0.0,2.004,2.004,245,-0.0,0.0,0.0,0.0,0.0,0.0,0.0,0.0,0.0,0,0,0,-0.0,-1436737863680.0,-1.0910292913918942e+20,-3.2250400753063874e+29,-0.0,0.0,810652160.0,0.0,0.0,2.010229611976856e+23,-1.5854228758485665e+35,-0.0,-0.0,-0.0,0.0,-4058692714496.0,0,1.3516416376850534e+27,243,0.0,486,0.0,-0.0,2048,52429,17150,39322,17152,39322,17144,0,0,0,105,99,100,-0.0,69.3,-0.0,69.6,0.0,69.5,1,47,48,180,0,26215,0,0,0.0,0.0,0.0,60.0,0.0,74.5,0.0,-0.0,0.0,1270,0,1277,0,0,0,1274,0,1286,0,1243,0,696,0,698,0,693,0,693,0.032,1.3305260699995496e+34,2.004,-0.0,33168,16829,0.0,-0.0,0.0,-0.001,-0.0,-0.0,70.0,60.0,66,0.0,0.0,10.0,2.0,0.0,0.0,0.0,0.0,0.0,0.0,0.0,0.0,0.0,0.0,0.0,0.0,65.2,69,16,65516,49,65476,0,300,0,0,8,20529,65476,0,0,44564,60.0,0.0,10.0,10.0,2.0,0.0
2026-02-05T14:27:17,ERR,ERR,ERR,ERR,ERR,ERR,ERR,ERR,ERR,ERR,ERR,ERR,ERR,ERR,ERR,ERR,ERR,ERR,ERR,ERR,ERR,ERR,ERR,ERR,ERR,ERR,ERR,ERR,ERR,ERR,ERR,ERR,ERR,ERR,ERR,ERR,ERR,ERR,ERR,ERR,ERR,ERR,ERR,ERR,ERR,ERR,ERR,ERR,ERR,ERR,ERR,ERR,ERR,ERR,ERR,ERR,ERR,ERR,ERR,ERR,ERR,ERR,ERR,ERR,ERR,ERR,ERR,ERR,ERR,ERR,ERR,ERR,ERR,ERR,ERR,ERR,ERR,ERR,ERR,ERR,ERR,ERR,ERR,ERR,ERR,ERR,ERR,ERR,ERR,ERR,ERR,ERR,ERR,ERR,ERR,ERR,ERR,ERR,ERR,ERR,ERR,ERR,ERR,ERR,ERR,ERR,ERR,ERR,ERR,ERR,ERR,ERR,ERR,ERR,ERR,ERR,ERR,ERR,ERR,ERR,ERR,ERR,ERR,ERR,ERR,2.718450016850437e+23,-0.0,2.8364315368646023e+23,-107613408.0,-4.209512871143983e+25,-54854964.0,1.8745352292929227e+28,1.5790842400735232e+17,5800,0,8,17276,5800,14723891331072.0,100,0.0,0.0,-0.0,0.0,1.9056969178834534e+17,0,0,0,0,nan,0,0,0,0,0,0,0,0,0,0,0,0,0,0,0,0,0,0,0,0,0,0,0,0,0,0,0,0,0,0,0,0,0,10,52,51,61,65476,612,65476,1,0,4,21553,0.0,-107613536.0,0.0,0.0,0.0,0.0,0.0,0.0,0.0,0.0,0.0,0.0,0.0,0.0,0.0,0.0,0.0,0.0,0.0,0.0,0.0,2.004,3.697074423243316e+19,-0.0,-0.0,-2.004,0.0,0.0,0.0,0.0,6617.0,8608233472.0,0.0,2.718450016850437e+23,-0.0,-107616232.0,-107616440.0,-0.0,0.0,2.004,2.004,245,-0.0,0.0,0.0,0.0,0.0,0.0,0.0,0.0,0.0,0,0,0,-0.0,-1436737863680.0,-1.0910292913918942e+20,-3.2250400753063874e+29,-0.0,0.0,810652160.0,0.0,0.0,2.010229611976856e+23,-1.5854228758485665e+35,-0.0,-0.0,-0.0,0.0,-4058692714496.0,0,1.3516416376850534e+27,243,0.0,486,0.0,-0.0,2048,52429,17150,39322,17152,39322,17144,0,0,0,105,99,100,-0.0,69.3,-0.0,69.6,0.0,69.5,1,47,48,180,0,26215,0,0,0.0,0.0,0.0,60.0,0.0,74.5,0.0,51197411065856.0,0.0,1270,0,1277,0,0,0,1274,0,1286,0,1243,0,696,0,698,0,693,0,693,0.032,1.322413106158089e+34,2.004,-0.0,27920,16829,0.0,51197411065856.0,-0.0,-10672.203,0.0,76.625,70.0,60.0,66,0.0,0.0,10.0,2.0,0.0,0.0,0.0,0.0,0.0,0.0,0.0,0.0,0.0,0.0,0.0,0.0,65.2,69,16,65516,49,65476,0,300,0,0,8,20529,65476,0,0,44564,60.0,0.0,10.0,10.0,2.0,0.0
2026-02-05T14:27:18,ERR,ERR,ERR,ERR,ERR,ERR,ERR,ERR,ERR,ERR,ERR,ERR,ERR,ERR,ERR,ERR,ERR,ERR,ERR,ERR,ERR,ERR,ERR,ERR,ERR,ERR,ERR,ERR,ERR,ERR,ERR,ERR,ERR,ERR,ERR,ERR,ERR,ERR,ERR,ERR,ERR,ERR,ERR,ERR,ERR,ERR,ERR,ERR,ERR,ERR,ERR,ERR,ERR,ERR,ERR,ERR,ERR,ERR,ERR,ERR,ERR,ERR,ERR,ERR,ERR,ERR,ERR,ERR,ERR,ERR,ERR,ERR,ERR,ERR,ERR,ERR,ERR,ERR,ERR,ERR,ERR,ERR,ERR,ERR,ERR,ERR,ERR,ERR,ERR,ERR,ERR,ERR,ERR,ERR,ERR,ERR,ERR,ERR,ERR,ERR,ERR,ERR,ERR,ERR,ERR,ERR,ERR,ERR,ERR,ERR,ERR,ERR,ERR,ERR,ERR,ERR,ERR,ERR,ERR,ERR,ERR,ERR,ERR,ERR,ERR,2.718450016850437e+23,-0.0,2.8364315368646023e+23,-107613408.0,-4.209512871143983e+25,-54854964.0,1.8745352292929227e+28,1.5790842400735232e+17,5800,0,8,17276,5800,14723891331072.0,100,0.0,0.0,-0.0,0.0,1.9056969178834534e+17,0,0,0,0,nan,0,0,0,0,0,0,0,0,0,0,0,0,0,0,0,0,0,0,0,0,0,0,0,0,0,0,0,0,0,0,0,0,0,10,52,51,61,65476,612,65476,1,0,4,21553,0.0,-107613536.0,0.0,0.0,0.0,0.0,0.0,0.0,0.0,0.0,0.0,0.0,0.0,0.0,0.0,0.0,0.0,0.0,0.0,0.0,0.0,2.004,3.697074423243316e+19,-0.0,-0.0,-2.004,0.0,0.0,0.0,0.0,6617.0,8608233472.0,0.0,2.718450016850437e+23,-0.0,-107616232.0,-107616440.0,-0.0,0.0,2.004,2.004,245,-0.0,0.0,0.0,0.0,0.0,0.0,0.0,0.0,0.0,0,0,0,-0.0,-1436737863680.0,-1.0910292913918942e+20,-3.2250400753063874e+29,-0.0,0.0,810652160.0,0.0,0.0,2.010229611976856e+23,-1.5854228758485665e+35,-0.0,-0.0,-0.0,0.0,-4058692714496.0,0,1.3516416376850534e+27,243,0.0,486,0.0,-0.0,2048,52429,17150,39322,17152,39322,17144,0,0,0,105,99,100,-0.0,69.3,-0.0,69.6,0.0,69.5,1,47,48,180,0,26215,0,0,0.0,0.0,0.0,60.0,0.0,74.5,0.0,51197411065856.0,0.0,1270,0,1277,0,0,0,1274,0,1286,0,1243,0,696,0,698,0,693,0,693,0.032,1.322413106158089e+34,2.004,-0.0,27920,16829,0.0,51197411065856.0,-0.0,-10672.203,0.0,76.625,70.0,60.0,66,0.0,0.0,10.0,2.0,0.0,0.0,0.0,0.0,0.0,0.0,0.0,0.0,0.0,0.0,0.0,0.0,65.2,69,16,65516,49,65476,0,300,0,0,8,20529,65476,0,0,43254,60.0,0.0,10.0,10.0,2.0,0.0
2026-02-05T14:27:19,ERR,ERR,ERR,ERR,ERR,ERR,ERR,ERR,ERR,ERR,ERR,ERR,ERR,ERR,ERR,ERR,ERR,ERR,ERR,ERR,ERR,ERR,ERR,ERR,ERR,ERR,ERR,ERR,ERR,ERR,ERR,ERR,ERR,ERR,ERR,ERR,ERR,ERR,ERR,ERR,ERR,ERR,ERR,ERR,ERR,ERR,ERR,ERR,ERR,ERR,ERR,ERR,ERR,ERR,ERR,ERR,ERR,ERR,ERR,ERR,ERR,ERR,ERR,ERR,ERR,ERR,ERR,ERR,ERR,ERR,ERR,ERR,ERR,ERR,ERR,ERR,ERR,ERR,ERR,ERR,ERR,ERR,ERR,ERR,ERR,ERR,ERR,ERR,ERR,ERR,ERR,ERR,ERR,ERR,ERR,ERR,ERR,ERR,ERR,ERR,ERR,ERR,ERR,ERR,ERR,ERR,ERR,ERR,ERR,ERR,ERR,ERR,ERR,ERR,ERR,ERR,ERR,ERR,ERR,ERR,ERR,ERR,ERR,ERR,ERR,2.718450016850437e+23,-0.0,2.8364315368646023e+23,-107613408.0,-4.209512871143983e+25,0.0,-2.4192119830077797e+30,-9.557758679687501e+20,5800,0,8,17275,5800,14723891331072.0,100,0.0,0.0,-107613408.0,0.0,1.9056969178834534e+17,0,0,0,0,nan,0,0,0,0,0,0,0,0,0,0,0,0,0,0,0,0,0,0,0,0,0,0,0,0,0,0,0,0,0,0,0,0,0,10,52,51,61,65476,612,65476,1,0,4,21553,0.0,0.0,0.0,0.0,0.0,0.0,0.0,0.0,0.0,0.0,0.0,0.0,0.0,0.0,0.0,0.0,0.0,0.0,0.0,0.0,0.0,2.004,3.697074423243316e+19,-0.0,-2.004,-2.004,0.0,0.0,0.0,0.0,6621.0,-0.0,0.0,2.718450016850437e+23,-0.0,-107616232.0,-2.7184547005940495e+23,-0.0,0.0,2.004,2.004,243,-0.059,89221.031,0.0,0.0,0.0,0.0,0.0,0.0,0.0,0,0,0,-0.0,1065463341645824.0,-2.9596579544235343e+28,-4681800613888.0,-0.0,-0.0,-0.0,1.2544218739332227e+35,92301.062,2.4588544278494724e+23,-2.015559700673134e+35,-0.0,-0.0,-0.0,0.0,-0.0,0,1.3516416376850534e+27,243,0.0,486,-30771013632.0,-0.0,2048,52429,17150,39322,17152,39322,17144,0,0,0,105,99,100,-0.0,69.3,-0.0,69.6,0.0,69.5,1,47,48,180,0,26215,0,0,0.0,0.0,0.0,60.0,0.0,74.5,0.0,51197411065856.0,0.0,1270,0,1277,0,0,0,1274,0,1286,0,1243,0,696,0,698,0,693,0,693,0.032,1.322413106158089e+34,2.004,-0.0,27920,16829,0.0,51197411065856.0,-0.0,-10672.203,0.0,76.625,70.0,60.0,66,0.0,0.0,10.0,2.0,0.0,0.0,0.0,0.0,0.0,0.0,0.0,0.0,0.0,0.0,0.0,0.0,65.2,69,16,65516,49,65476,0,300,0,0,8,20529,65476,0,0,43254,60.0,0.0,10.0,10.0,2.0,0.0
2026-02-05T14:27:20,ERR,ERR,ERR,ERR,ERR,ERR,ERR,ERR,ERR,ERR,ERR,ERR,ERR,ERR,ERR,ERR,ERR,ERR,ERR,ERR,ERR,ERR,ERR,ERR,ERR,ERR,ERR,ERR,ERR,ERR,ERR,ERR,ERR,ERR,ERR,ERR,ERR,ERR,ERR,ERR,ERR,ERR,ERR,ERR,ERR,ERR,ERR,ERR,ERR,ERR,ERR,ERR,ERR,ERR,ERR,ERR,ERR,ERR,ERR,ERR,ERR,ERR,ERR,ERR,ERR,ERR,ERR,ERR,ERR,ERR,ERR,ERR,ERR,ERR,ERR,ERR,ERR,ERR,ERR,ERR,ERR,ERR,ERR,ERR,ERR,ERR,ERR,ERR,ERR,ERR,ERR,ERR,ERR,ERR,ERR,ERR,ERR,ERR,ERR,ERR,ERR,ERR,ERR,ERR,ERR,ERR,ERR,ERR,ERR,ERR,ERR,ERR,ERR,ERR,ERR,ERR,ERR,ERR,ERR,ERR,ERR,ERR,ERR,ERR,ERR,2.718450016850437e+23,-0.0,2.8364315368646023e+23,-107613408.0,-4.209512871143983e+25,0.0,-2.4192119830077797e+30,-9.557758679687501e+20,5800,0,8,17275,5800,14723891331072.0,100,0.0,0.0,-107613408.0,0.0,1.9056969178834534e+17,0,0,0,0,nan,0,0,0,0,0,0,0,0,0,0,0,0,0,0,0,0,0,0,0,0,0,0,0,0,0,0,0,0,0,0,0,0,0,10,52,51,61,65476,612,65476,1,0,4,21553,0.0,0.0,0.0,0.0,0.0,0.0,0.0,0.0,0.0,0.0,0.0,0.0,0.0,0.0,0.0,0.0,0.0,0.0,0.0,0.0,0.0,2.004,3.697074423243316e+19,-0.0,-2.004,-2.004,0.0,0.0,0.0,0.0,6621.0,-0.0,0.0,2.718450016850437e+23,-0.0,-107616232.0,-2.7184547005940495e+23,-0.0,0.0,2.004,2.004,243,-0.059,89221.031,0.0,0.0,0.0,0.0,0.0,0.0,0.0,0,0,0,-0.0,1065463341645824.0,-2.9596579544235343e+28,-4681800613888.0,-0.0,-0.0,-0.0,1.2544218739332227e+35,92301.062,2.4588544278494724e+23,-2.015559700673134e+35,-0.0,-0.0,-0.0,0.0,-0.0,0,1.3516416376850534e+27,243,0.0,486,-30771013632.0,-0.0,2048,52429,17150,39322,17152,39322,17144,0,0,0,105,99,100,-0.0,69.3,-0.0,69.6,0.0,69.5,1,47,48,180,0,26215,0,0,0.0,0.0,0.0,60.0,0.0,74.5,0.0,51197411065856.0,0.0,1270,0,1277,0,0,0,1274,0,1286,0,1243,0,696,0,698,0,693,0,693,0.032,1.322413106158089e+34,2.004,-0.0,27920,16829,0.0,51197411065856.0,-0.0,-10672.203,0.0,76.625,70.0,60.0,66,0.0,0.0,10.0,2.0,0.0,0.0,0.0,0.0,0.0,0.0,0.0,0.0,0.0,0.0,0.0,0.0,65.2,69,16,65516,49,65476,0,300,0,0,8,20529,65476,0,0,48497,60.0,0.0,10.0,10.0,2.0,0.0
2026-02-05T14:27:21,ERR,ERR,ERR,ERR,ERR,ERR,ERR,ERR,ERR,ERR,ERR,ERR,ERR,ERR,ERR,ERR,ERR,ERR,ERR,ERR,ERR,ERR,ERR,ERR,ERR,ERR,ERR,ERR,ERR,ERR,ERR,ERR,ERR,ERR,ERR,ERR,ERR,ERR,ERR,ERR,ERR,ERR,ERR,ERR,ERR,ERR,ERR,ERR,ERR,ERR,ERR,ERR,ERR,ERR,ERR,ERR,ERR,ERR,ERR,ERR,ERR,ERR,ERR,ERR,ERR,ERR,ERR,ERR,ERR,ERR,ERR,ERR,ERR,ERR,ERR,ERR,ERR,ERR,ERR,ERR,ERR,ERR,ERR,ERR,ERR,ERR,ERR,ERR,ERR,ERR,ERR,ERR,ERR,ERR,ERR,ERR,ERR,ERR,ERR,ERR,ERR,ERR,ERR,ERR,ERR,ERR,ERR,ERR,ERR,ERR,ERR,ERR,ERR,ERR,ERR,ERR,ERR,ERR,ERR,ERR,ERR,ERR,ERR,ERR,ERR,2.718450016850437e+23,-0.0,2.8364315368646023e+23,-107613408.0,-4.209512871143983e+25,0.0,-2.4192119830077797e+30,-9.557758679687501e+20,5800,0,8,17275,5800,14723891331072.0,100,0.0,0.0,-107613408.0,0.0,1.9056969178834534e+17,0,0,0,0,nan,0,0,0,0,0,0,0,0,0,0,0,0,0,0,0,0,0,0,0,0,0,0,0,0,0,0,0,0,0,0,0,0,0,10,52,51,61,65476,612,65476,1,0,4,21553,0.0,0.0,0.0,0.0,0.0,0.0,0.0,0.0,0.0,0.0,0.0,0.0,0.0,0.0,0.0,0.0,0.0,0.0,0.0,0.0,0.0,2.004,3.697074423243316e+19,-0.0,-2.004,-2.004,0.0,0.0,0.0,0.0,6621.0,-0.0,0.0,2.718450016850437e+23,-0.0,-107616232.0,-2.7184547005940495e+23,-0.0,0.0,2.004,2.004,243,-0.059,89221.031,0.0,0.0,0.0,0.0,0.0,0.0,0.0,0,0,0,-0.0,1065463341645824.0,-2.9596579544235343e+28,-4681800613888.0,-0.0,-0.0,-0.0,1.2544218739332227e+35,92301.062,2.4588544278494724e+23,-2.015559700673134e+35,-0.0,-0.0,-0.0,0.0,-0.0,0,1.3516416376850534e+27,243,0.0,486,-30771013632.0,-0.0,2050,52429,17150,39322,17152,39322,17144,0,0,0,105,99,100,-0.0,69.3,-0.0,69.6,0.0,69.5,1,47,48,180,0,26215,0,0,0.0,0.0,0.0,60.0,4328.323,74.5,0.0,1.7947303561176023e+18,0.0,1270,0,1277,0,0,0,1274,0,1286,0,1243,0,696,0,698,0,693,0,693,0.032,1.322413106158089e+34,2.004,-0.0,30352,16829,10961557.0,0.0,-13058095.0,2.885425872951593e+24,0.0,1.101272873000274e+22,70.0,60.0,66,0.0,0.0,10.0,2.0,0.0,0.0,0.0,0.0,0.0,0.0,0.0,0.0,0.0,0.0,0.0,0.0,65.2,69,16,65516,49,65476,0,300,0,0,8,20529,65476,0,0,48497,60.0,0.0,10.0,10.0,2.0,0.0
2026-02-05T14:27:22,ERR,ERR,ERR,ERR,ERR,ERR,ERR,ERR,ERR,ERR,ERR,ERR,ERR,ERR,ERR,ERR,ERR,ERR,ERR,ERR,ERR,ERR,ERR,ERR,ERR,ERR,ERR,ERR,ERR,ERR,ERR,ERR,ERR,ERR,ERR,ERR,ERR,ERR,ERR,ERR,ERR,ERR,ERR,ERR,ERR,ERR,ERR,ERR,ERR,ERR,ERR,ERR,ERR,ERR,ERR,ERR,ERR,ERR,ERR,ERR,ERR,ERR,ERR,ERR,ERR,ERR,ERR,ERR,ERR,ERR,ERR,ERR,ERR,ERR,ERR,ERR,ERR,ERR,ERR,ERR,ERR,ERR,ERR,ERR,ERR,ERR,ERR,ERR,ERR,ERR,ERR,ERR,ERR,ERR,ERR,ERR,ERR,ERR,ERR,ERR,ERR,ERR,ERR,ERR,ERR,ERR,ERR,ERR,ERR,ERR,ERR,ERR,ERR,ERR,ERR,ERR,ERR,ERR,ERR,ERR,ERR,ERR,ERR,ERR,ERR,2.718450016850437e+23,-0.0,2.8364315368646023e+23,-107613408.0,-4.209512871143983e+25,0.0,-2.4192119830077797e+30,-9.557758679687501e+20,5800,0,8,17275,5800,14723891331072.0,100,0.0,0.0,-107613408.0,0.0,1.9056969178834534e+17,0,0,0,0,nan,0,0,0,0,0,0,0,0,0,0,0,0,0,0,0,0,0,0,0,0,0,0,0,0,0,0,0,0,0,0,0,0,0,10,52,51,61,65476,612,65476,1,0,4,21553,0.0,0.0,0.0,0.0,0.0,0.0,0.0,0.0,0.0,0.0,0.0,0.0,0.0,0.0,0.0,0.0,0.0,0.0,0.0,0.0,0.0,2.004,3.697074423243316e+19,-0.0,-2.004,-2.004,0.0,0.0,0.0,0.0,6621.0,-0.0,0.0,2.718450016850437e+23,-0.0,-107616232.0,-2.7184547005940495e+23,-0.0,0.0,2.004,2.004,243,-0.059,89221.031,0.0,0.0,0.0,0.0,0.0,0.0,0.0,0,0,0,-0.0,1065463341645824.0,-2.9596579544235343e+28,-4681800613888.0,-0.0,-0.0,-0.0,1.2544218739332227e+35,92301.062,2.4588544278494724e+23,-2.015559700673134e+35,-0.0,-0.0,-0.0,0.0,-0.0,0,1.3516416376850534e+27,243,0.0,486,-30771013632.0,-0.0,2050,52429,17150,39322,17152,39322,17144,0,0,0,105,99,100,-0.0,69.3,-0.0,69.6,0.0,69.5,1,47,48,180,0,26215,0,0,0.0,0.0,0.0,60.0,4328.323,74.5,0.0,1.7947303561176023e+18,0.0,1270,0,1277,0,0,0,1274,0,1286,0,1243,0,696,0,698,0,693,0,693,0.032,1.322413106158089e+34,2.004,-0.0,30352,16829,10961557.0,0.0,-13058095.0,2.885425872951593e+24,0.0,1.101272873000274e+22,70.0,60.0,66,0.0,0.0,10.0,2.0,0.0,0.0,0.0,0.0,0.0,0.0,0.0,0.0,0.0,0.0,0.0,0.0,65.2,69,16,65516,49,65476,0,300,0,0,8,20529,65476,0,0,49807,60.0,0.0,10.0,10.0,2.0,0.0
2026-02-05T14:27:23,ERR,ERR,ERR,ERR,ERR,ERR,ERR,ERR,ERR,ERR,ERR,ERR,ERR,ERR,ERR,ERR,ERR,ERR,ERR,ERR,ERR,ERR,ERR,ERR,ERR,ERR,ERR,ERR,ERR,ERR,ERR,ERR,ERR,ERR,ERR,ERR,ERR,ERR,ERR,ERR,ERR,ERR,ERR,ERR,ERR,ERR,ERR,ERR,ERR,ERR,ERR,ERR,ERR,ERR,ERR,ERR,ERR,ERR,ERR,ERR,ERR,ERR,ERR,ERR,ERR,ERR,ERR,ERR,ERR,ERR,ERR,ERR,ERR,ERR,ERR,ERR,ERR,ERR,ERR,ERR,ERR,ERR,ERR,ERR,ERR,ERR,ERR,ERR,ERR,ERR,ERR,ERR,ERR,ERR,ERR,ERR,ERR,ERR,ERR,ERR,ERR,ERR,ERR,ERR,ERR,ERR,ERR,ERR,ERR,ERR,ERR,ERR,ERR,ERR,ERR,ERR,ERR,ERR,ERR,ERR,ERR,ERR,ERR,ERR,ERR,2.718450016850437e+23,-0.0,2.8364315368646023e+23,-107613408.0,-4.209512871143983e+25,0.0,-2.4192119830077797e+30,-9.557758679687501e+20,5800,0,8,17275,5800,14723891331072.0,100,0.0,0.0,-107613408.0,0.0,1.9056969178834534e+17,0,0,0,0,nan,0,0,0,0,0,0,0,0,0,0,0,0,0,0,0,0,0,0,0,0,0,0,0,0,0,0,0,0,0,0,0,0,0,10,52,51,61,65476,612,65476,1,0,4,21553,0.0,0.0,0.0,0.0,0.0,0.0,0.0,0.0,0.0,0.0,0.0,0.0,0.0,0.0,0.0,0.0,0.0,0.0,0.0,0.0,0.0,2.004,3.697074423243316e+19,-0.0,-2.004,-2.004,0.0,0.0,0.0,0.0,6621.0,-0.0,0.0,2.718450016850437e+23,-0.0,-107616232.0,-2.7184547005940495e+23,-0.0,0.0,2.004,2.004,243,-0.059,89221.031,0.0,0.0,0.0,0.0,0.0,0.0,0.0,0,0,0,-0.0,1065463341645824.0,-2.9596579544235343e+28,-4681800613888.0,-0.0,-0.0,-0.0,1.2544218739332227e+35,92301.062,2.4588544278494724e+23,-2.015559700673134e+35,-0.0,-0.0,-0.0,0.0,-0.0,0,1.3516416376850534e+27,243,0.0,486,-30771013632.0,-0.0,2050,52429,17150,39322,17152,39322,17144,0,0,0,105,99,100,-0.0,69.3,-0.0,69.6,0.0,69.5,1,47,48,180,0,26215,0,0,0.0,0.0,0.0,60.0,4328.323,74.5,0.0,1.7947303561176023e+18,0.0,1270,0,1277,0,0,0,1274,0,1286,0,1243,0,696,0,698,0,693,0,693,0.032,1.322413106158089e+34,2.004,-0.0,30352,16829,10961557.0,0.0,-13058095.0,2.885425872951593e+24,0.0,1.101272873000274e+22,70.0,60.0,66,0.0,0.0,10.0,2.0,0.0,0.0,0.0,0.0,0.0,0.0,0.0,0.0,0.0,0.0,0.0,0.0,65.2,69,16,65516,49,65476,0,300,0,0,8,20529,65476,0,0,49807,60.0,0.0,10.0,10.0,2.0,0.0
2026-02-05T14:27:24,ERR,ERR,ERR,ERR,ERR,ERR,ERR,ERR,ERR,ERR,ERR,ERR,ERR,ERR,ERR,ERR,ERR,ERR,ERR,ERR,ERR,ERR,ERR,ERR,ERR,ERR,ERR,ERR,ERR,ERR,ERR,ERR,ERR,ERR,ERR,ERR,ERR,ERR,ERR,ERR,ERR,ERR,ERR,ERR,ERR,ERR,ERR,ERR,ERR,ERR,ERR,ERR,ERR,ERR,ERR,ERR,ERR,ERR,ERR,ERR,ERR,ERR,ERR,ERR,ERR,ERR,ERR,ERR,ERR,ERR,ERR,ERR,ERR,ERR,ERR,ERR,ERR,ERR,ERR,ERR,ERR,ERR,ERR,ERR,ERR,ERR,ERR,ERR,ERR,ERR,ERR,ERR,ERR,ERR,ERR,ERR,ERR,ERR,ERR,ERR,ERR,ERR,ERR,ERR,ERR,ERR,ERR,ERR,ERR,ERR,ERR,ERR,ERR,ERR,ERR,ERR,ERR,ERR,ERR,ERR,ERR,ERR,ERR,ERR,ERR,2.718450016850437e+23,-0.0,2.8364315368646023e+23,-107613408.0,-4.209512871143983e+25,4.2833731790018987e+30,0.0,-0.0,5800,0,8,17276,5800,14723891331072.0,100,0.0,0.0,-107613408.0,0.0,1.9056969178834534e+17,0,0,0,0,nan,0,0,0,0,0,0,0,0,0,0,0,0,0,0,0,0,0,0,0,0,0,0,0,0,0,0,0,0,0,0,0,0,0,10,52,51,61,65476,612,65476,1,0,4,21553,0.0,0.0,0.0,0.0,0.0,0.0,0.0,0.0,0.0,0.0,0.0,0.0,0.0,0.0,0.0,0.0,0.0,0.0,0.0,0.0,0.0,2.004,3.697074423243316e+19,-0.0,-0.0,3.6970880571875e+19,0.0,0.0,0.0,0.0,6621.0,-0.0,0.0,2.718450016850437e+23,-0.0,-107616232.0,-0.0,-0.0,0.0,2.004,2.004,242,-0.059,0.0,0.0,0.0,0.0,0.0,0.0,0.0,0.0,0,0,0,-0.0,0.0,-6.723976934382566e+28,-9.10763475848395e+36,-0.0,-7.24421584767209e+27,2.2176607270699287e+22,0.0,0.0,2.931091076136437e+23,-2.5218086443802796e+35,-0.0,-0.0,-0.0,0.0,-0.0,0,1.3516416376850534e+27,242,0.0,484,0.0,-2678505888284672.0,2050,52429,17150,39322,17152,39322,17144,0,0,0,105,99,100,-0.0,69.3,-0.0,69.6,0.0,69.5,1,47,48,180,0,26215,0,0,0.0,0.0,0.0,60.0,4328.323,74.5,0.0,1.7947303561176023e+18,0.0,1270,0,1277,0,0,0,1274,0,1286,0,1243,0,696,0,698,0,693,0,693,0.032,1.322413106158089e+34,2.004,-0.0,30352,16829,10961557.0,0.0,-13058095.0,2.885425872951593e+24,0.0,1.101272873000274e+22,70.0,60.0,66,0.0,0.0,10.0,2.0,0.0,0.0,0.0,0.0,0.0,0.0,0.0,0.0,0.0,0.0,0.0,0.0,65.2,69,16,65516,49,65476,0,300,0,0,8,20529,65476,0,0,45875,60.0,0.0,10.0,10.0,2.0,0.0
2026-02-05T14:27:25,ERR,ERR,ERR,ERR,ERR,ERR,ERR,ERR,ERR,ERR,ERR,ERR,ERR,ERR,ERR,ERR,ERR,ERR,ERR,ERR,ERR,ERR,ERR,ERR,ERR,ERR,ERR,ERR,ERR,ERR,ERR,ERR,ERR,ERR,ERR,ERR,ERR,ERR,ERR,ERR,ERR,ERR,ERR,ERR,ERR,ERR,ERR,ERR,ERR,ERR,ERR,ERR,ERR,ERR,ERR,ERR,ERR,ERR,ERR,ERR,ERR,ERR,ERR,ERR,ERR,ERR,ERR,ERR,ERR,ERR,ERR,ERR,ERR,ERR,ERR,ERR,ERR,ERR,ERR,ERR,ERR,ERR,ERR,ERR,ERR,ERR,ERR,ERR,ERR,ERR,ERR,ERR,ERR,ERR,ERR,ERR,ERR,ERR,ERR,ERR,ERR,ERR,ERR,ERR,ERR,ERR,ERR,ERR,ERR,ERR,ERR,ERR,ERR,ERR,ERR,ERR,ERR,ERR,ERR,ERR,ERR,ERR,ERR,ERR,ERR,2.718450016850437e+23,-0.0,2.8364315368646023e+23,-107613408.0,-4.209512871143983e+25,4.2833731790018987e+30,0.0,-0.0,5800,0,8,17276,5800,14723891331072.0,100,0.0,0.0,-107613408.0,0.0,1.9056969178834534e+17,0,0,0,0,nan,0,0,0,0,0,0,0,0,0,0,0,0,0,0,0,0,0,0,0,0,0,0,0,0,0,0,0,0,0,0,0,0,0,10,52,51,61,65476,612,65476,1,0,4,21553,0.0,0.0,0.0,0.0,0.0,0.0,0.0,0.0,0.0,0.0,0.0,0.0,0.0,0.0,0.0,0.0,0.0,0.0,0.0,0.0,0.0,2.004,3.697074423243316e+19,-0.0,-0.0,3.6970880571875e+19,0.0,0.0,0.0,0.0,6621.0,-0.0,0.0,2.718450016850437e+23,-0.0,-107616232.0,-0.0,-0.0,0.0,2.004,2.004,242,-0.059,0.0,0.0,0.0,0.0,0.0,0.0,0.0,0.0,0,0,0,-0.0,0.0,-6.723976934382566e+28,-9.10763475848395e+36,-0.0,-7.24421584767209e+27,2.2176607270699287e+22,0.0,0.0,2.931091076136437e+23,-2.5218086443802796e+35,-0.0,-0.0,-0.0,0.0,-0.0,0,1.3516416376850534e+27,242,0.0,484,0.0,-2678505888284672.0,2050,52429,17150,39322,17152,39322,17144,0,0,0,105,99,100,-0.0,69.3,-0.0,69.6,0.0,69.5,1,47,48,180,0,26215,0,0,0.0,0.0,0.0,60.0,2372.161,74.5,0.0,2959974959415296.0,0.0,1270,0,1277,0,0,0,1274,0,1286,0,1243,0,696,0,698,0,693,0,693,0.032,1.3305260699995496e+34,2.004,-0.0,28816,16829,0.0,2959974959415296.0,-10698799.0,1.4632765585066295e+30,0.0,1.0390722652455253e+20,70.0,60.0,66,0.0,0.0,10.0,2.0,0.0,0.0,0.0,0.0,0.0,0.0,0.0,0.0,0.0,0.0,0.0,0.0,65.2,69,16,65516,49,65476,0,300,0,0,8,20529,65476,0,0,45875,60.0,0.0,10.0,10.0,2.0,0.0
2026-02-05T14:27:26,ERR,ERR,ERR,ERR,ERR,ERR,ERR,ERR,ERR,ERR,ERR,ERR,ERR,ERR,ERR,ERR,ERR,ERR,ERR,ERR,ERR,ERR,ERR,ERR,ERR,ERR,ERR,ERR,ERR,ERR,ERR,ERR,ERR,ERR,ERR,ERR,ERR,ERR,ERR,ERR,ERR,ERR,ERR,ERR,ERR,ERR,ERR,ERR,ERR,ERR,ERR,ERR,ERR,ERR,ERR,ERR,ERR,ERR,ERR,ERR,ERR,ERR,ERR,ERR,ERR,ERR,ERR,ERR,ERR,ERR,ERR,ERR,ERR,ERR,ERR,ERR,ERR,ERR,ERR,ERR,ERR,ERR,ERR,ERR,ERR,ERR,ERR,ERR,ERR,ERR,ERR,ERR,ERR,ERR,ERR,ERR,ERR,ERR,ERR,ERR,ERR,ERR,ERR,ERR,ERR,ERR,ERR,ERR,ERR,ERR,ERR,ERR,ERR,ERR,ERR,ERR,ERR,ERR,ERR,ERR,ERR,ERR,ERR,ERR,ERR,2.718450016850437e+23,-0.0,2.8364315368646023e+23,-107613408.0,-4.209512871143983e+25,4.2833731790018987e+30,0.0,-0.0,5800,0,8,17276,5800,14723891331072.0,100,0.0,0.0,-107613408.0,0.0,1.9056969178834534e+17,0,0,0,0,nan,0,0,0,0,0,0,0,0,0,0,0,0,0,0,0,0,0,0,0,0,0,0,0,0,0,0,0,0,0,0,0,0,0,10,52,51,61,65476,612,65476,1,0,4,21553,0.0,0.0,0.0,0.0,0.0,0.0,0.0,0.0,0.0,0.0,0.0,0.0,0.0,0.0,0.0,0.0,0.0,0.0,0.0,0.0,0.0,2.004,3.697074423243316e+19,-0.0,-0.0,3.6970880571875e+19,0.0,0.0,0.0,0.0,6621.0,-0.0,0.0,2.718450016850437e+23,-0.0,-107616232.0,-0.0,-0.0,0.0,2.004,2.004,242,-0.059,0.0,0.0,0.0,0.0,0.0,0.0,0.0,0.0,0,0,0,-0.0,0.0,-6.723976934382566e+28,-9.10763475848395e+36,-0.0,-7.24421584767209e+27,2.2176607270699287e+22,0.0,0.0,2.931091076136437e+23,-2.5218086443802796e+35,-0.0,-0.0,-0.0,0.0,-0.0,0,1.3516416376850534e+27,242,0.0,484,0.0,-2678505888284672.0,2050,52429,17150,39322,17152,39322,17144,0,0,0,105,99,100,-0.0,69.3,-0.0,69.6,0.0,69.5,1,47,48,180,0,26215,0,0,0.0,0.0,0.0,60.0,2372.161,74.5,0.0,2959974959415296.0,0.0,1270,0,1277,0,0,0,1274,0,1286,0,1243,0,696,0,698,0,693,0,693,0.032,1.3305260699995496e+34,2.004,-0.0,28816,16829,0.0,2959974959415296.0,-10698799.0,1.4632765585066295e+30,0.0,1.0390722652455253e+20,70.0,60.0,66,0.0,0.0,10.0,2.0,0.0,0.0,0.0,0.0,0.0,0.0,0.0,0.0,0.0,0.0,0.0,0.0,65.2,69,16,65516,49,65476,0,300,0,0,8,20529,65476,0,0,41943,60.0,0.0,10.0,10.0,2.0,0.0
2026-02-05T14:27:27,ERR,ERR,ERR,ERR,ERR,ERR,ERR,ERR,ERR,ERR,ERR,ERR,ERR,ERR,ERR,ERR,ERR,ERR,ERR,ERR,ERR,ERR,ERR,ERR,ERR,ERR,ERR,ERR,ERR,ERR,ERR,ERR,ERR,ERR,ERR,ERR,ERR,ERR,ERR,ERR,ERR,ERR,ERR,ERR,ERR,ERR,ERR,ERR,ERR,ERR,ERR,ERR,ERR,ERR,ERR,ERR,ERR,ERR,ERR,ERR,ERR,ERR,ERR,ERR,ERR,ERR,ERR,ERR,ERR,ERR,ERR,ERR,ERR,ERR,ERR,ERR,ERR,ERR,ERR,ERR,ERR,ERR,ERR,ERR,ERR,ERR,ERR,ERR,ERR,ERR,ERR,ERR,ERR,ERR,ERR,ERR,ERR,ERR,ERR,ERR,ERR,ERR,ERR,ERR,ERR,ERR,ERR,ERR,ERR,ERR,ERR,ERR,ERR,ERR,ERR,ERR,ERR,ERR,ERR,ERR,ERR,ERR,ERR,ERR,ERR,2.718450016850437e+23,-0.0,2.8364315368646023e+23,-107613408.0,-4.209512871143983e+25,4.2833731790018987e+30,0.0,-0.0,5800,0,8,17276,5800,14723891331072.0,100,0.0,0.0,-107613408.0,0.0,1.9056969178834534e+17,0,0,0,0,nan,0,0,0,0,0,0,0,0,0,0,0,0,0,0,0,0,0,0,0,0,0,0,0,0,0,0,0,0,0,0,0,0,0,10,52,51,61,65476,612,65476,1,0,4,21553,0.0,0.0,0.0,0.0,0.0,0.0,0.0,0.0,0.0,0.0,0.0,0.0,0.0,0.0,0.0,0.0,0.0,0.0,0.0,0.0,0.0,2.004,3.697074423243316e+19,-0.0,-0.0,3.6970880571875e+19,0.0,0.0,0.0,0.0,6621.0,-0.0,0.0,2.718450016850437e+23,-0.0,-107616232.0,-0.0,-0.0,0.0,2.004,2.004,242,-0.059,0.0,0.0,0.0,0.0,0.0,0.0,0.0,0.0,0,0,0,-0.0,0.0,-6.723976934382566e+28,-9.10763475848395e+36,-0.0,-7.24421584767209e+27,2.2176607270699287e+22,0.0,0.0,2.931091076136437e+23,-2.5218086443802796e+35,-0.0,-0.0,-0.0,0.0,-0.0,0,1.3516416376850534e+27,242,0.0,484,0.0,-2678505888284672.0,2050,52429,17150,39322,17152,39322,17144,0,0,0,105,99,100,-0.0,69.3,-0.0,69.6,0.0,69.5,1,47,48,180,0,26215,0,0,0.0,0.0,0.0,60.0,2372.161,74.5,0.0,2959974959415296.0,0.0,1270,0,1277,0,0,0,1274,0,1286,0,1243,0,696,0,698,0,693,0,693,0.032,1.3305260699995496e+34,2.004,-0.0,28816,16829,0.0,2959974959415296.0,-10698799.0,1.4632765585066295e+30,0.0,1.0390722652455253e+20,70.0,60.0,66,0.0,0.0,10.0,2.0,0.0,0.0,0.0,0.0,0.0,0.0,0.0,0.0,0.0,0.0,0.0,0.0,65.2,69,16,65516,49,65476,0,300,0,0,8,20529,65476,0,0,41943,60.0,0.0,10.0,10.0,2.0,0.0
2026-02-05T14:27:28,ERR,ERR,ERR,ERR,ERR,ERR,ERR,ERR,ERR,ERR,ERR,ERR,ERR,ERR,ERR,ERR,ERR,ERR,ERR,ERR,ERR,ERR,ERR,ERR,ERR,ERR,ERR,ERR,ERR,ERR,ERR,ERR,ERR,ERR,ERR,ERR,ERR,ERR,ERR,ERR,ERR,ERR,ERR,ERR,ERR,ERR,ERR,ERR,ERR,ERR,ERR,ERR,ERR,ERR,ERR,ERR,ERR,ERR,ERR,ERR,ERR,ERR,ERR,ERR,ERR,ERR,ERR,ERR,ERR,ERR,ERR,ERR,ERR,ERR,ERR,ERR,ERR,ERR,ERR,ERR,ERR,ERR,ERR,ERR,ERR,ERR,ERR,ERR,ERR,ERR,ERR,ERR,ERR,ERR,ERR,ERR,ERR,ERR,ERR,ERR,ERR,ERR,ERR,ERR,ERR,ERR,ERR,ERR,ERR,ERR,ERR,ERR,ERR,ERR,ERR,ERR,ERR,ERR,ERR,ERR,ERR,ERR,ERR,ERR,ERR,2.718450016850437e+23,-0.0,2.8364315368646023e+23,-107613408.0,-4.209512871143983e+25,4.2833731790018987e+30,0.0,-0.0,5800,0,8,17276,5800,14723891331072.0,100,0.0,0.0,-107613408.0,0.0,1.9056969178834534e+17,0,0,0,0,nan,0,0,0,0,0,0,0,0,0,0,0,0,0,0,0,0,0,0,0,0,0,0,0,0,0,0,0,0,0,0,0,0,0,10,52,51,61,65476,612,65476,1,0,4,21553,0.0,0.0,0.0,0.0,0.0,0.0,0.0,0.0,0.0,0.0,0.0,0.0,0.0,0.0,0.0,0.0,0.0,0.0,0.0,0.0,0.0,2.004,3.697074423243316e+19,-0.0,-0.0,3.6970880571875e+19,0.0,0.0,0.0,0.0,6621.0,-0.0,0.0,2.718450016850437e+23,-0.0,-107616232.0,-0.0,-0.0,0.0,2.004,2.004,242,-0.059,0.0,0.0,0.0,0.0,0.0,0.0,0.0,0.0,0,0,0,-0.0,0.0,-6.723976934382566e+28,-9.10763475848395e+36,-0.0,-7.24421584767209e+27,2.2176607270699287e+22,0.0,0.0,2.931091076136437e+23,-2.5218086443802796e+35,-0.0,-0.0,-0.0,0.0,-0.0,0,1.3516416376850534e+27,242,0.0,484,0.0,-2678505888284672.0,2050,52429,17150,39322,17152,39322,17144,0,0,0,105,99,100,-0.0,69.3,-0.0,69.6,0.0,69.5,1,47,48,180,0,26215,0,0,0.0,0.0,0.0,60.0,2372.161,74.5,0.0,2959974959415296.0,0.0,1270,0,1277,0,0,0,1274,0,1286,0,1243,0,696,0,698,0,693,0,693,0.032,1.3305260699995496e+34,2.004,-0.0,28816,16829,0.0,2959974959415296.0,-10698799.0,1.4632765585066295e+30,0.0,1.0390722652455253e+20,70.0,60.0,66,0.0,0.0,10.0,2.0,0.0,0.0,0.0,0.0,0.0,0.0,0.0,0.0,0.0,0.0,0.0,0.0,65.2,69,16,65516,49,65476,0,300,0,0,8,20529,65476,0,0,41943,60.0,0.0,10.0,10.0,2.0,0.0
2026-02-05T14:27:29,ERR,ERR,ERR,ERR,ERR,ERR,ERR,ERR,ERR,ERR,ERR,ERR,ERR,ERR,ERR,ERR,ERR,ERR,ERR,ERR,ERR,ERR,ERR,ERR,ERR,ERR,ERR,ERR,ERR,ERR,ERR,ERR,ERR,ERR,ERR,ERR,ERR,ERR,ERR,ERR,ERR,ERR,ERR,ERR,ERR,ERR,ERR,ERR,ERR,ERR,ERR,ERR,ERR,ERR,ERR,ERR,ERR,ERR,ERR,ERR,ERR,ERR,ERR,ERR,ERR,ERR,ERR,ERR,ERR,ERR,ERR,ERR,ERR,ERR,ERR,ERR,ERR,ERR,ERR,ERR,ERR,ERR,ERR,ERR,ERR,ERR,ERR,ERR,ERR,ERR,ERR,ERR,ERR,ERR,ERR,ERR,ERR,ERR,ERR,ERR,ERR,ERR,ERR,ERR,ERR,ERR,ERR,ERR,ERR,ERR,ERR,ERR,ERR,ERR,ERR,ERR,ERR,ERR,ERR,ERR,ERR,ERR,ERR,ERR,ERR,2.718450016850437e+23,-0.0,2.8364315368646023e+23,-107613408.0,-4.209512871143983e+25,4.2833731790018987e+30,0.0,-0.0,5800,0,8,17276,5800,14723891331072.0,100,0.0,0.0,-107613408.0,0.0,1.9056969178834534e+17,0,0,0,0,nan,0,0,0,0,0,0,0,0,0,0,0,0,0,0,0,0,0,0,0,0,0,0,0,0,0,0,0,0,0,0,0,0,0,10,52,51,61,65476,612,65476,1,0,4,21553,0.0,0.0,0.0,0.0,0.0,0.0,0.0,0.0,0.0,0.0,0.0,0.0,0.0,0.0,0.0,0.0,0.0,0.0,0.0,0.0,0.0,2.004,3.697074423243316e+19,-0.0,-0.0,3.6970880571875e+19,0.0,0.0,0.0,0.0,6621.0,-0.0,0.0,2.718450016850437e+23,-0.0,-107616232.0,-0.0,-0.0,0.0,2.004,2.004,242,-0.059,0.0,0.0,0.0,0.0,0.0,0.0,0.0,0.0,0,0,0,-0.0,0.0,-6.723976934382566e+28,-9.10763475848395e+36,-0.0,-7.24421584767209e+27,2.2176607270699287e+22,0.0,0.0,2.931091076136437e+23,-2.5218086443802796e+35,-0.0,-0.0,-0.0,0.0,-0.0,0,1.3516416376850534e+27,242,0.0,484,0.0,-2678505888284672.0,2050,52429,17150,39322,17152,39322,17144,0,0,0,105,99,100,-0.0,69.3,-0.0,69.6,0.0,69.5,1,47,48,180,0,26215,0,0,0.0,0.0,0.0,60.0,12.016,74.5,0.0,3.856321942462136e+17,0.0,1270,0,1277,0,0,0,1274,0,1286,0,1243,0,696,0,698,0,693,0,693,0.032,1.322413106158089e+34,2.004,-0.0,25104,16829,250122.328,0.0,-178.251,4.5848640439174647e+36,0.0,4.982113959726285e+17,70.0,60.0,66,0.0,0.0,10.0,2.0,0.0,0.0,0.0,0.0,0.0,0.0,0.0,0.0,0.0,0.0,0.0,0.0,65.2,69,16,65516,49,65476,0,300,0,0,8,20529,65476,0,0,45875,60.0,0.0,10.0,10.0,2.0,0.0
2026-02-05T14:27:30,ERR,ERR,ERR,ERR,ERR,ERR,ERR,ERR,ERR,ERR,ERR,ERR,ERR,ERR,ERR,ERR,ERR,ERR,ERR,ERR,ERR,ERR,ERR,ERR,ERR,ERR,ERR,ERR,ERR,ERR,ERR,ERR,ERR,ERR,ERR,ERR,ERR,ERR,ERR,ERR,ERR,ERR,ERR,ERR,ERR,ERR,ERR,ERR,ERR,ERR,ERR,ERR,ERR,ERR,ERR,ERR,ERR,ERR,ERR,ERR,ERR,ERR,ERR,ERR,ERR,ERR,ERR,ERR,ERR,ERR,ERR,ERR,ERR,ERR,ERR,ERR,ERR,ERR,ERR,ERR,ERR,ERR,ERR,ERR,ERR,ERR,ERR,ERR,ERR,ERR,ERR,ERR,ERR,ERR,ERR,ERR,ERR,ERR,ERR,ERR,ERR,ERR,ERR,ERR,ERR,ERR,ERR,ERR,ERR,ERR,ERR,ERR,ERR,ERR,ERR,ERR,ERR,ERR,ERR,ERR,ERR,ERR,ERR,ERR,ERR,2.718450016850437e+23,-0.0,2.8364315368646023e+23,0.0,-0.0,-177.255,5.13033172044245e+23,1.784621009725812e+31,5800,0,8,17275,5800,14723891331072.0,100,0.0,0.0,-0.0,0.0,1.9056969178834534e+17,0,0,0,0,nan,0,0,0,0,0,0,0,0,0,0,0,0,0,0,0,0,0,0,0,0,0,0,0,0,0,0,0,0,0,0,0,0,0,10,52,51,61,65476,612,65476,1,0,4,21553,0.0,0.0,0.0,0.0,0.0,0.0,0.0,0.0,0.0,0.0,0.0,0.0,0.0,0.0,0.0,0.0,0.0,0.0,0.0,0.0,0.0,2.004,3.697074423243316e+19,-0.0,-0.0,-0.0,0.0,0.0,0.0,0.0,6616.0,-0.0,0.0,-0.0,-0.0,-107616232.0,-0.0,0.0,0.0,2.004,2.004,242,-0.0,71.63,0.0,0.0,0.0,0.0,0.0,0.0,0.0,0,0,0,-0.0,1.993485987190361e+32,-333999584.0,0.062,-0.0,-80406485401600.0,9.948086155697316e+34,-0.0,-0.0,3.807952732224578e+23,-3.0669998145264365e+35,-0.0,-0.0,-0.0,0.0,2.0918952263176684e+18,0,1.3516416376850534e+27,242,0.0,486,0.0,-0.0,2050,52429,17150,39322,17152,39322,17144,0,0,0,105,99,100,-0.0,69.3,-0.0,69.6,0.0,69.5,1,47,48,180,0,26215,0,0,0.0,0.0,0.0,60.0,12.016,74.5,0.0,3.856321942462136e+17,0.0,1270,0,1277,0,0,0,1274,0,1286,0,1243,0,696,0,698,0,693,0,693,0.032,1.322413106158089e+34,2.004,-0.0,25104,16829,250122.328,0.0,-178.251,4.5848640439174647e+36,0.0,4.982113959726285e+17,70.0,60.0,66,0.0,0.0,10.0,2.0,0.0,0.0,0.0,0.0,0.0,0.0,0.0,0.0,0.0,0.0,0.0,0.0,65.2,69,16,65516,49,65476,0,300,0,0,8,20529,65476,0,0,45875,60.0,0.0,10.0,10.0,2.0,0.0
2026-02-05T14:27:31,ERR,ERR,ERR,ERR,ERR,ERR,ERR,ERR,ERR,ERR,ERR,ERR,ERR,ERR,ERR,ERR,ERR,ERR,ERR,ERR,ERR,ERR,ERR,ERR,ERR,ERR,ERR,ERR,ERR,ERR,ERR,ERR,ERR,ERR,ERR,ERR,ERR,ERR,ERR,ERR,ERR,ERR,ERR,ERR,ERR,ERR,ERR,ERR,ERR,ERR,ERR,ERR,ERR,ERR,ERR,ERR,ERR,ERR,ERR,ERR,ERR,ERR,ERR,ERR,ERR,ERR,ERR,ERR,ERR,ERR,ERR,ERR,ERR,ERR,ERR,ERR,ERR,ERR,ERR,ERR,ERR,ERR,ERR,ERR,ERR,ERR,ERR,ERR,ERR,ERR,ERR,ERR,ERR,ERR,ERR,ERR,ERR,ERR,ERR,ERR,ERR,ERR,ERR,ERR,ERR,ERR,ERR,ERR,ERR,ERR,ERR,ERR,ERR,ERR,ERR,ERR,ERR,ERR,ERR,ERR,ERR,ERR,ERR,ERR,ERR,2.718450016850437e+23,-0.0,2.8364315368646023e+23,0.0,-0.0,-177.255,5.13033172044245e+23,1.784621009725812e+31,5800,0,8,17275,5800,14723891331072.0,100,0.0,0.0,-0.0,0.0,1.9056969178834534e+17,0,0,0,0,nan,0,0,0,0,0,0,0,0,0,0,0,0,0,0,0,0,0,0,0,0,0,0,0,0,0,0,0,0,0,0,0,0,0,10,52,51,61,65476,612,65476,1,0,4,21553,0.0,0.0,0.0,0.0,0.0,0.0,0.0,0.0,0.0,0.0,0.0,0.0,0.0,0.0,0.0,0.0,0.0,0.0,0.0,0.0,0.0,2.004,3.697074423243316e+19,-0.0,-0.0,-0.0,0.0,0.0,0.0,0.0,6616.0,-0.0,0.0,-0.0,-0.0,-107616232.0,-0.0,0.0,0.0,2.004,2.004,242,-0.0,71.63,0.0,0.0,0.0,0.0,0.0,0.0,0.0,0,0,0,-0.0,1.993485987190361e+32,-333999584.0,0.062,-0.0,-80406485401600.0,9.948086155697316e+34,-0.0,-0.0,3.807952732224578e+23,-3.0669998145264365e+35,-0.0,-0.0,-0.0,0.0,2.0918952263176684e+18,0,1.3516416376850534e+27,242,0.0,486,0.0,-0.0,2050,52429,17150,39322,17152,39322,17144,0,0,0,105,99,100,-0.0,69.3,-0.0,69.6,0.0,69.5,1,47,48,180,0,26215,0,0,0.0,0.0,0.0,60.0,12.016,74.5,0.0,3.856321942462136e+17,0.0,1270,0,1277,0,0,0,1274,0,1286,0,1243,0,696,0,698,0,693,0,693,0.032,1.322413106158089e+34,2.004,-0.0,25104,16829,250122.328,0.0,-178.251,4.5848640439174647e+36,0.0,4.982113959726285e+17,70.0,60.0,66,0.0,0.0,10.0,2.0,0.0,0.0,0.0,0.0,0.0,0.0,0.0,0.0,0.0,0.0,0.0,0.0,65.2,69,16,65516,49,65476,0,300,0,0,8,20529,65476,0,0,41943,60.0,0.0,10.0,10.0,2.0,0.0
2026-02-05T14:27:32,ERR,ERR,ERR,ERR,ERR,ERR,ERR,ERR,ERR,ERR,ERR,ERR,ERR,ERR,ERR,ERR,ERR,ERR,ERR,ERR,ERR,ERR,ERR,ERR,ERR,ERR,ERR,ERR,ERR,ERR,ERR,ERR,ERR,ERR,ERR,ERR,ERR,ERR,ERR,ERR,ERR,ERR,ERR,ERR,ERR,ERR,ERR,ERR,ERR,ERR,ERR,ERR,ERR,ERR,ERR,ERR,ERR,ERR,ERR,ERR,ERR,ERR,ERR,ERR,ERR,ERR,ERR,ERR,ERR,ERR,ERR,ERR,ERR,ERR,ERR,ERR,ERR,ERR,ERR,ERR,ERR,ERR,ERR,ERR,ERR,ERR,ERR,ERR,ERR,ERR,ERR,ERR,ERR,ERR,ERR,ERR,ERR,ERR,ERR,ERR,ERR,ERR,ERR,ERR,ERR,ERR,ERR,ERR,ERR,ERR,ERR,ERR,ERR,ERR,ERR,ERR,ERR,ERR,ERR,ERR,ERR,ERR,ERR,ERR,ERR,2.718450016850437e+23,-0.0,2.8364315368646023e+23,0.0,-0.0,-177.255,5.13033172044245e+23,1.784621009725812e+31,5800,0,8,17275,5800,14723891331072.0,100,0.0,0.0,-0.0,0.0,1.9056969178834534e+17,0,0,0,0,nan,0,0,0,0,0,0,0,0,0,0,0,0,0,0,0,0,0,0,0,0,0,0,0,0,0,0,0,0,0,0,0,0,0,10,52,51,61,65476,612,65476,1,0,4,21553,0.0,0.0,0.0,0.0,0.0,0.0,0.0,0.0,0.0,0.0,0.0,0.0,0.0,0.0,0.0,0.0,0.0,0.0,0.0,0.0,0.0,2.004,3.697074423243316e+19,-0.0,-0.0,-0.0,0.0,0.0,0.0,0.0,6616.0,-0.0,0.0,-0.0,-0.0,-107616232.0,-0.0,0.0,0.0,2.004,2.004,242,-0.0,71.63,0.0,0.0,0.0,0.0,0.0,0.0,0.0,0,0,0,-0.0,1.993485987190361e+32,-333999584.0,0.062,-0.0,-80406485401600.0,9.948086155697316e+34,-0.0,-0.0,3.807952732224578e+23,-3.0669998145264365e+35,-0.0,-0.0,-0.0,0.0,2.0918952263176684e+18,0,1.3516416376850534e+27,242,0.0,486,0.0,-0.0,2050,52429,17150,39322,17152,39322,17144,0,0,0,105,99,100,-0.0,69.3,-0.0,69.6,0.0,69.5,1,47,48,180,0,26215,0,0,0.0,0.0,0.0,60.0,12.016,74.5,0.0,3.856321942462136e+17,0.0,1270,0,1277,0,0,0,1274,0,1286,0,1243,0,696,0,698,0,693,0,693,0.032,1.322413106158089e+34,2.004,-0.0,25104,16829,250122.328,0.0,-178.251,4.5848640439174647e+36,0.0,4.982113959726285e+17,70.0,60.0,66,0.0,0.0,10.0,2.0,0.0,0.0,0.0,0.0,0.0,0.0,0.0,0.0,0.0,0.0,0.0,0.0,65.2,69,16,65516,49,65476,0,300,0,0,8,20529,65476,0,0,41943,60.0,0.0,10.0,10.0,2.0,0.0
2026-02-05T14:27:33,ERR,ERR,ERR,ERR,ERR,ERR,ERR,ERR,ERR,ERR,ERR,ERR,ERR,ERR,ERR,ERR,ERR,ERR,ERR,ERR,ERR,ERR,ERR,ERR,ERR,ERR,ERR,ERR,ERR,ERR,ERR,ERR,ERR,ERR,ERR,ERR,ERR,ERR,ERR,ERR,ERR,ERR,ERR,ERR,ERR,ERR,ERR,ERR,ERR,ERR,ERR,ERR,ERR,ERR,ERR,ERR,ERR,ERR,ERR,ERR,ERR,ERR,ERR,ERR,ERR,ERR,ERR,ERR,ERR,ERR,ERR,ERR,ERR,ERR,ERR,ERR,ERR,ERR,ERR,ERR,ERR,ERR,ERR,ERR,ERR,ERR,ERR,ERR,ERR,ERR,ERR,ERR,ERR,ERR,ERR,ERR,ERR,ERR,ERR,ERR,ERR,ERR,ERR,ERR,ERR,ERR,ERR,ERR,ERR,ERR,ERR,ERR,ERR,ERR,ERR,ERR,ERR,ERR,ERR,ERR,ERR,ERR,ERR,ERR,ERR,2.718450016850437e+23,-0.0,2.8364315368646023e+23,0.0,-0.0,-177.255,5.13033172044245e+23,1.784621009725812e+31,5800,0,8,17275,5800,14723891331072.0,100,0.0,0.0,-0.0,0.0,1.9056969178834534e+17,0,0,0,0,nan,0,0,0,0,0,0,0,0,0,0,0,0,0,0,0,0,0,0,0,0,0,0,0,0,0,0,0,0,0,0,0,0,0,10,52,51,61,65476,612,65476,1,0,4,21553,0.0,0.0,0.0,0.0,0.0,0.0,0.0,0.0,0.0,0.0,0.0,0.0,0.0,0.0,0.0,0.0,0.0,0.0,0.0,0.0,0.0,2.004,3.697074423243316e+19,-0.0,-0.0,-0.0,0.0,0.0,0.0,0.0,6616.0,-0.0,0.0,-0.0,-0.0,-107616232.0,-0.0,0.0,0.0,2.004,2.004,242,-0.0,71.63,0.0,0.0,0.0,0.0,0.0,0.0,0.0,0,0,0,-0.0,1.993485987190361e+32,-333999584.0,0.062,-0.0,-80406485401600.0,9.948086155697316e+34,-0.0,-0.0,3.807952732224578e+23,-3.0669998145264365e+35,-0.0,-0.0,-0.0,0.0,2.0918952263176684e+18,0,1.3516416376850534e+27,242,0.0,486,0.0,-0.0,2050,52429,17150,39322,17152,39322,17144,0,0,0,105,99,100,-0.0,69.3,-0.0,69.6,0.0,69.5,1,47,48,180,0,26215,0,0,0.0,0.0,0.0,60.0,0.278,74.5,0.0,-0.0,0.0,1270,0,1277,0,0,0,1274,0,1286,0,1243,0,696,0,698,0,693,0,692,0.032,1.3305260699995496e+34,2.004,-0.0,27024,16829,925.04,-0.0,0.0,-0.0,-0.0,-0.0,70.0,60.0,66,0.0,0.0,10.0,2.0,0.0,0.0,0.0,0.0,0.0,0.0,0.0,0.0,0.0,0.0,0.0,0.0,65.2,69,16,65516,49,65476,0,300,0,0,8,20529,65476,0,0,41943,60.0,0.0,10.0,10.0,2.0,0.0
2026-02-05T14:27:34,ERR,ERR,ERR,ERR,ERR,ERR,ERR,ERR,ERR,ERR,ERR,ERR,ERR,ERR,ERR,ERR,ERR,ERR,ERR,ERR,ERR,ERR,ERR,ERR,ERR,ERR,ERR,ERR,ERR,ERR,ERR,ERR,ERR,ERR,ERR,ERR,ERR,ERR,ERR,ERR,ERR,ERR,ERR,ERR,ERR,ERR,ERR,ERR,ERR,ERR,ERR,ERR,ERR,ERR,ERR,ERR,ERR,ERR,ERR,ERR,ERR,ERR,ERR,ERR,ERR,ERR,ERR,ERR,ERR,ERR,ERR,ERR,ERR,ERR,ERR,ERR,ERR,ERR,ERR,ERR,ERR,ERR,ERR,ERR,ERR,ERR,ERR,ERR,ERR,ERR,ERR,ERR,ERR,ERR,ERR,ERR,ERR,ERR,ERR,ERR,ERR,ERR,ERR,ERR,ERR,ERR,ERR,ERR,ERR,ERR,ERR,ERR,ERR,ERR,ERR,ERR,ERR,ERR,ERR,ERR,ERR,ERR,ERR,ERR,ERR,2.718450016850437e+23,-0.0,2.8364315368646023e+23,0.0,-0.0,-177.255,5.13033172044245e+23,1.784621009725812e+31,5800,0,8,17275,5800,14723891331072.0,100,0.0,0.0,-0.0,0.0,1.9056969178834534e+17,0,0,0,0,nan,0,0,0,0,0,0,0,0,0,0,0,0,0,0,0,0,0,0,0,0,0,0,0,0,0,0,0,0,0,0,0,0,0,10,52,51,61,65476,612,65476,1,0,4,21553,0.0,0.0,0.0,0.0,0.0,0.0,0.0,0.0,0.0,0.0,0.0,0.0,0.0,0.0,0.0,0.0,0.0,0.0,0.0,0.0,0.0,2.004,3.697074423243316e+19,-0.0,-0.0,-0.0,0.0,0.0,0.0,0.0,6616.0,-0.0,0.0,-0.0,-0.0,-107616232.0,-0.0,0.0,0.0,2.004,2.004,242,-0.0,71.63,0.0,0.0,0.0,0.0,0.0,0.0,0.0,0,0,0,-0.0,1.993485987190361e+32,-333999584.0,0.062,-0.0,-80406485401600.0,9.948086155697316e+34,-0.0,-0.0,3.807952732224578e+23,-3.0669998145264365e+35,-0.0,-0.0,-0.0,0.0,2.0918952263176684e+18,0,1.3516416376850534e+27,242,0.0,486,0.0,-0.0,2050,52429,17150,39322,17152,39322,17144,0,0,0,105,99,100,-0.0,69.3,-0.0,69.6,0.0,69.5,1,47,48,180,0,26215,0,0,0.0,0.0,0.0,60.0,0.278,74.5,0.0,-0.0,0.0,1270,0,1277,0,0,0,1274,0,1286,0,1243,0,696,0,698,0,693,0,692,0.032,1.3305260699995496e+34,2.004,-0.0,27024,16829,925.04,-0.0,0.0,-0.0,-0.0,-0.0,70.0,60.0,66,0.0,0.0,10.0,2.0,0.0,0.0,0.0,0.0,0.0,0.0,0.0,0.0,0.0,0.0,0.0,0.0,65.2,69,16,65516,49,65476,0,300,0,0,8,20529,65476,0,0,41943,60.0,0.0,10.0,10.0,2.0,0.0
2026-02-05T14:27:35,ERR,ERR,ERR,ERR,ERR,ERR,ERR,ERR,ERR,ERR,ERR,ERR,ERR,ERR,ERR,ERR,ERR,ERR,ERR,ERR,ERR,ERR,ERR,ERR,ERR,ERR,ERR,ERR,ERR,ERR,ERR,ERR,ERR,ERR,ERR,ERR,ERR,ERR,ERR,ERR,ERR,ERR,ERR,ERR,ERR,ERR,ERR,ERR,ERR,ERR,ERR,ERR,ERR,ERR,ERR,ERR,ERR,ERR,ERR,ERR,ERR,ERR,ERR,ERR,ERR,ERR,ERR,ERR,ERR,ERR,ERR,ERR,ERR,ERR,ERR,ERR,ERR,ERR,ERR,ERR,ERR,ERR,ERR,ERR,ERR,ERR,ERR,ERR,ERR,ERR,ERR,ERR,ERR,ERR,ERR,ERR,ERR,ERR,ERR,ERR,ERR,ERR,ERR,ERR,ERR,ERR,ERR,ERR,ERR,ERR,ERR,ERR,ERR,ERR,ERR,ERR,ERR,ERR,ERR,ERR,ERR,ERR,ERR,ERR,ERR,2.718450016850437e+23,-0.0,2.8364315368646023e+23,-107613408.0,-4.209512871143983e+25,-2420.081,4.4820546949835317e+24,1.2290222052102468e+21,5800,0,8,17276,5800,14723891331072.0,100,0.0,0.0,-107613408.0,0.0,1.9056969178834534e+17,0,0,0,0,nan,0,0,0,0,0,0,0,0,0,0,0,0,0,0,0,0,0,0,0,0,0,0,0,0,0,0,0,0,0,0,0,0,0,10,52,51,61,65476,612,65476,1,0,4,21553,0.0,0.0,0.0,0.0,0.0,0.0,0.0,0.0,0.0,0.0,0.0,0.0,0.0,0.0,0.0,0.0,0.0,0.0,0.0,0.0,0.0,2.004,3.697074423243316e+19,-0.0,-0.0,3.6970880571875e+19,0.0,0.0,0.0,0.0,6616.0,1.0406715705571685e+34,0.0,2.718450016850437e+23,-0.0,-107616232.0,-0.0,-0.0,0.0,2.004,2.004,245,-0.0,0.0,0.0,0.0,0.0,0.0,0.0,0.0,0.0,0,0,0,-1.4527011566388073e+25,-0.0,-6.88834156111792e+34,-1.0925331649134592e+16,-0.0,8.609182499793508e+36,0.0,1.5307345826427855e+27,1.5380216065835217e+23,4.799649693627204e+23,-3.875350495590223e+35,-0.0,-0.0,-0.0,0.0,0.0,0,1.3516416376850534e+27,244,0.0,488,0.0,-0.0,2050,52429,17150,39322,17152,39322,17144,0,0,0,105,99,100,-0.0,69.3,-0.0,69.6,0.0,69.5,1,47,48,180,0,26215,0,0,0.0,0.0,0.0,60.0,0.278,74.5,0.0,-0.0,0.0,1270,0,1277,0,0,0,1274,0,1286,0,1243,0,696,0,698,0,693,0,692,0.032,1.3305260699995496e+34,2.004,-0.0,27024,16829,925.04,-0.0,0.0,-0.0,-0.0,-0.0,70.0,60.0,66,0.0,0.0,10.0,2.0,0.0,0.0,0.0,0.0,0.0,0.0,0.0,0.0,0.0,0.0,0.0,0.0,65.2,69,16,65516,49,65476,0,300,0,0,8,20529,65476,0,0,40632,60.0,0.0,10.0,10.0,2.0,0.0
2026-02-05T14:27:36,ERR,ERR,ERR,ERR,ERR,ERR,ERR,ERR,ERR,ERR,ERR,ERR,ERR,ERR,ERR,ERR,ERR,ERR,ERR,ERR,ERR,ERR,ERR,ERR,ERR,ERR,ERR,ERR,ERR,ERR,ERR,ERR,ERR,ERR,ERR,ERR,ERR,ERR,ERR,ERR,ERR,ERR,ERR,ERR,ERR,ERR,ERR,ERR,ERR,ERR,ERR,ERR,ERR,ERR,ERR,ERR,ERR,ERR,ERR,ERR,ERR,ERR,ERR,ERR,ERR,ERR,ERR,ERR,ERR,ERR,ERR,ERR,ERR,ERR,ERR,ERR,ERR,ERR,ERR,ERR,ERR,ERR,ERR,ERR,ERR,ERR,ERR,ERR,ERR,ERR,ERR,ERR,ERR,ERR,ERR,ERR,ERR,ERR,ERR,ERR,ERR,ERR,ERR,ERR,ERR,ERR,ERR,ERR,ERR,ERR,ERR,ERR,ERR,ERR,ERR,ERR,ERR,ERR,ERR,ERR,ERR,ERR,ERR,ERR,ERR,2.718450016850437e+23,-0.0,2.8364315368646023e+23,-107613408.0,-4.209512871143983e+25,-2420.081,4.4820546949835317e+24,1.2290222052102468e+21,5800,0,8,17276,5800,14723891331072.0,100,0.0,0.0,-107613408.0,0.0,1.9056969178834534e+17,0,0,0,0,nan,0,0,0,0,0,0,0,0,0,0,0,0,0,0,0,0,0,0,0,0,0,0,0,0,0,0,0,0,0,0,0,0,0,10,52,51,61,65476,612,65476,1,0,4,21553,0.0,0.0,0.0,0.0,0.0,0.0,0.0,0.0,0.0,0.0,0.0,0.0,0.0,0.0,0.0,0.0,0.0,0.0,0.0,0.0,0.0,2.004,3.697074423243316e+19,-0.0,-0.0,3.6970880571875e+19,0.0,0.0,0.0,0.0,6616.0,1.0406715705571685e+34,0.0,2.718450016850437e+23,-0.0,-107616232.0,-0.0,-0.0,0.0,2.004,2.004,245,-0.0,0.0,0.0,0.0,0.0,0.0,0.0,0.0,0.0,0,0,0,-1.4527011566388073e+25,-0.0,-6.88834156111792e+34,-1.0925331649134592e+16,-0.0,8.609182499793508e+36,0.0,1.5307345826427855e+27,1.5380216065835217e+23,4.799649693627204e+23,-3.875350495590223e+35,-0.0,-0.0,-0.0,0.0,0.0,0,1.3516416376850534e+27,244,0.0,488,0.0,-0.0,2050,52429,17150,39322,17152,39322,17144,0,0,0,105,99,100,-0.0,69.3,-0.0,69.6,0.0,69.5,1,47,48,180,0,26215,0,0,0.0,0.0,0.0,60.0,0.278,74.5,0.0,-0.0,0.0,1270,0,1277,0,0,0,1274,0,1286,0,1243,0,696,0,698,0,693,0,692,0.032,1.3305260699995496e+34,2.004,-0.0,27024,16829,925.04,-0.0,0.0,-0.0,-0.0,-0.0,70.0,60.0,66,0.0,0.0,10.0,2.0,0.0,0.0,0.0,0.0,0.0,0.0,0.0,0.0,0.0,0.0,0.0,0.0,65.2,69,16,65516,49,65476,0,300,0,0,8,20529,65476,0,0,40632,60.0,0.0,10.0,10.0,2.0,0.0
2026-02-05T14:27:37,ERR,ERR,ERR,ERR,ERR,ERR,ERR,ERR,ERR,ERR,ERR,ERR,ERR,ERR,ERR,ERR,ERR,ERR,ERR,ERR,ERR,ERR,ERR,ERR,ERR,ERR,ERR,ERR,ERR,ERR,ERR,ERR,ERR,ERR,ERR,ERR,ERR,ERR,ERR,ERR,ERR,ERR,ERR,ERR,ERR,ERR,ERR,ERR,ERR,ERR,ERR,ERR,ERR,ERR,ERR,ERR,ERR,ERR,ERR,ERR,ERR,ERR,ERR,ERR,ERR,ERR,ERR,ERR,ERR,ERR,ERR,ERR,ERR,ERR,ERR,ERR,ERR,ERR,ERR,ERR,ERR,ERR,ERR,ERR,ERR,ERR,ERR,ERR,ERR,ERR,ERR,ERR,ERR,ERR,ERR,ERR,ERR,ERR,ERR,ERR,ERR,ERR,ERR,ERR,ERR,ERR,ERR,ERR,ERR,ERR,ERR,ERR,ERR,ERR,ERR,ERR,ERR,ERR,ERR,ERR,ERR,ERR,ERR,ERR,ERR,2.718450016850437e+23,-0.0,2.8364315368646023e+23,-107613408.0,-4.209512871143983e+25,-2420.081,4.4820546949835317e+24,1.2290222052102468e+21,5800,0,8,17276,5800,14723891331072.0,100,0.0,0.0,-107613408.0,0.0,1.9056969178834534e+17,0,0,0,0,nan,0,0,0,0,0,0,0,0,0,0,0,0,0,0,0,0,0,0,0,0,0,0,0,0,0,0,0,0,0,0,0,0,0,10,52,51,61,65476,612,65476,1,0,4,21553,0.0,0.0,0.0,0.0,0.0,0.0,0.0,0.0,0.0,0.0,0.0,0.0,0.0,0.0,0.0,0.0,0.0,0.0,0.0,0.0,0.0,2.004,3.697074423243316e+19,-0.0,-0.0,3.6970880571875e+19,0.0,0.0,0.0,0.0,6616.0,1.0406715705571685e+34,0.0,2.718450016850437e+23,-0.0,-107616232.0,-0.0,-0.0,0.0,2.004,2.004,245,-0.0,0.0,0.0,0.0,0.0,0.0,0.0,0.0,0.0,0,0,0,-1.4527011566388073e+25,-0.0,-6.88834156111792e+34,-1.0925331649134592e+16,-0.0,8.609182499793508e+36,0.0,1.5307345826427855e+27,1.5380216065835217e+23,4.799649693627204e+23,-3.875350495590223e+35,-0.0,-0.0,-0.0,0.0,0.0,0,1.3516416376850534e+27,244,0.0,488,0.0,-0.0,2050,52429,17150,39322,17152,39322,17144,0,0,0,105,99,100,-0.0,69.3,-0.0,69.6,0.0,69.5,1,47,48,180,0,26215,0,0,0.0,0.0,0.0,60.0,0.0,74.5,0.0,-7.490152840499286e+35,0.0,1270,0,1277,0,0,0,1274,0,1286,0,1243,0,696,0,698,0,693,0,692,0.032,1.3305260699995496e+34,0.0,2.7302352164993253e+23,17808,16829,0.0,-8.733655013705818e+36,77444022272.0,0.0,-87.628,-232196997120.0,70.0,60.0,66,0.0,0.0,10.0,2.0,0.0,0.0,0.0,0.0,0.0,0.0,0.0,0.0,0.0,0.0,0.0,0.0,65.2,69,16,65516,49,65476,0,300,0,0,8,20529,65476,0,0,45875,60.0,0.0,10.0,10.0,2.0,0.0
2026-02-05T14:27:38,ERR,ERR,ERR,ERR,ERR,ERR,ERR,ERR,ERR,ERR,ERR,ERR,ERR,ERR,ERR,ERR,ERR,ERR,ERR,ERR,ERR,ERR,ERR,ERR,ERR,ERR,ERR,ERR,ERR,ERR,ERR,ERR,ERR,ERR,ERR,ERR,ERR,ERR,ERR,ERR,ERR,ERR,ERR,ERR,ERR,ERR,ERR,ERR,ERR,ERR,ERR,ERR,ERR,ERR,ERR,ERR,ERR,ERR,ERR,ERR,ERR,ERR,ERR,ERR,ERR,ERR,ERR,ERR,ERR,ERR,ERR,ERR,ERR,ERR,ERR,ERR,ERR,ERR,ERR,ERR,ERR,ERR,ERR,ERR,ERR,ERR,ERR,ERR,ERR,ERR,ERR,ERR,ERR,ERR,ERR,ERR,ERR,ERR,ERR,ERR,ERR,ERR,ERR,ERR,ERR,ERR,ERR,ERR,ERR,ERR,ERR,ERR,ERR,ERR,ERR,ERR,ERR,ERR,ERR,ERR,ERR,ERR,ERR,ERR,ERR,2.718450016850437e+23,-0.0,2.8364315368646023e+23,-107613408.0,-4.209512871143983e+25,-2420.081,4.4820546949835317e+24,1.2290222052102468e+21,5800,0,8,17276,5800,14723891331072.0,100,0.0,0.0,-107613408.0,0.0,1.9056969178834534e+17,0,0,0,0,nan,0,0,0,0,0,0,0,0,0,0,0,0,0,0,0,0,0,0,0,0,0,0,0,0,0,0,0,0,0,0,0,0,0,10,52,51,61,65476,612,65476,1,0,4,21553,0.0,0.0,0.0,0.0,0.0,0.0,0.0,0.0,0.0,0.0,0.0,0.0,0.0,0.0,0.0,0.0,0.0,0.0,0.0,0.0,0.0,2.004,3.697074423243316e+19,-0.0,-0.0,3.6970880571875e+19,0.0,0.0,0.0,0.0,6616.0,1.0406715705571685e+34,0.0,2.718450016850437e+23,-0.0,-107616232.0,-0.0,-0.0,0.0,2.004,2.004,245,-0.0,0.0,0.0,0.0,0.0,0.0,0.0,0.0,0.0,0,0,0,-1.4527011566388073e+25,-0.0,-6.88834156111792e+34,-1.0925331649134592e+16,-0.0,8.609182499793508e+36,0.0,1.5307345826427855e+27,1.5380216065835217e+23,4.799649693627204e+23,-3.875350495590223e+35,-0.0,-0.0,-0.0,0.0,0.0,0,1.3516416376850534e+27,244,0.0,488,0.0,-0.0,2050,52429,17150,39322,17152,39322,17144,0,0,0,105,99,100,-0.0,69.3,-0.0,69.6,0.0,69.5,1,47,48,180,0,26215,0,0,0.0,0.0,0.0,60.0,0.0,74.5,0.0,-7.490152840499286e+35,0.0,1270,0,1277,0,0,0,1274,0,1286,0,1243,0,696,0,698,0,693,0,692,0.032,1.3305260699995496e+34,0.0,2.7302352164993253e+23,17808,16829,0.0,-8.733655013705818e+36,77444022272.0,0.0,-87.628,-232196997120.0,70.0,60.0,66,0.0,0.0,10.0,2.0,0.0,0.0,0.0,0.0,0.0,0.0,0.0,0.0,0.0,0.0,0.0,0.0,65.2,69,16,65516,49,65476,0,300,0,0,8,20529,65476,0,0,45875,60.0,0.0,10.0,10.0,2.0,0.0
2026-02-05T14:27:39,ERR,ERR,ERR,ERR,ERR,ERR,ERR,ERR,ERR,ERR,ERR,ERR,ERR,ERR,ERR,ERR,ERR,ERR,ERR,ERR,ERR,ERR,ERR,ERR,ERR,ERR,ERR,ERR,ERR,ERR,ERR,ERR,ERR,ERR,ERR,ERR,ERR,ERR,ERR,ERR,ERR,ERR,ERR,ERR,ERR,ERR,ERR,ERR,ERR,ERR,ERR,ERR,ERR,ERR,ERR,ERR,ERR,ERR,ERR,ERR,ERR,ERR,ERR,ERR,ERR,ERR,ERR,ERR,ERR,ERR,ERR,ERR,ERR,ERR,ERR,ERR,ERR,ERR,ERR,ERR,ERR,ERR,ERR,ERR,ERR,ERR,ERR,ERR,ERR,ERR,ERR,ERR,ERR,ERR,ERR,ERR,ERR,ERR,ERR,ERR,ERR,ERR,ERR,ERR,ERR,ERR,ERR,ERR,ERR,ERR,ERR,ERR,ERR,ERR,ERR,ERR,ERR,ERR,ERR,ERR,ERR,ERR,ERR,ERR,ERR,2.718450016850437e+23,-0.0,2.8364315368646023e+23,-107613408.0,-4.209512871143983e+25,-2420.081,4.4820546949835317e+24,1.2290222052102468e+21,5800,0,8,17276,5800,14723891331072.0,100,0.0,0.0,-107613408.0,0.0,1.9056969178834534e+17,0,0,0,0,nan,0,0,0,0,0,0,0,0,0,0,0,0,0,0,0,0,0,0,0,0,0,0,0,0,0,0,0,0,0,0,0,0,0,10,52,51,61,65476,612,65476,1,0,4,21553,0.0,0.0,0.0,0.0,0.0,0.0,0.0,0.0,0.0,0.0,0.0,0.0,0.0,0.0,0.0,0.0,0.0,0.0,0.0,0.0,0.0,2.004,3.697074423243316e+19,-0.0,-0.0,3.6970880571875e+19,0.0,0.0,0.0,0.0,6616.0,1.0406715705571685e+34,0.0,2.718450016850437e+23,-0.0,-107616232.0,-0.0,-0.0,0.0,2.004,2.004,245,-0.0,0.0,0.0,0.0,0.0,0.0,0.0,0.0,0.0,0,0,0,-1.4527011566388073e+25,-0.0,-6.88834156111792e+34,-1.0925331649134592e+16,-0.0,8.609182499793508e+36,0.0,1.5307345826427855e+27,1.5380216065835217e+23,4.799649693627204e+23,-3.875350495590223e+35,-0.0,-0.0,-0.0,0.0,0.0,0,1.3516416376850534e+27,244,0.0,488,0.0,-0.0,2050,52429,17150,39322,17152,39322,17144,0,0,0,105,99,100,-0.0,69.3,-0.0,69.6,0.0,69.5,1,47,48,180,0,26215,0,0,0.0,0.0,0.0,60.0,0.0,74.5,0.0,-7.490152840499286e+35,0.0,1270,0,1277,0,0,0,1274,0,1286,0,1243,0,696,0,698,0,693,0,692,0.032,1.3305260699995496e+34,0.0,2.7302352164993253e+23,17808,16829,0.0,-8.733655013705818e+36,77444022272.0,0.0,-87.628,-232196997120.0,70.0,60.0,66,0.0,0.0,10.0,2.0,0.0,0.0,0.0,0.0,0.0,0.0,0.0,0.0,0.0,0.0,0.0,0.0,65.2,69,16,65516,49,65476,0,300,0,0,8,20529,65476,0,0,39322,60.0,0.0,10.0,10.0,2.0,0.0
2026-02-05T14:27:40,ERR,ERR,ERR,ERR,ERR,ERR,ERR,ERR,ERR,ERR,ERR,ERR,ERR,ERR,ERR,ERR,ERR,ERR,ERR,ERR,ERR,ERR,ERR,ERR,ERR,ERR,ERR,ERR,ERR,ERR,ERR,ERR,ERR,ERR,ERR,ERR,ERR,ERR,ERR,ERR,ERR,ERR,ERR,ERR,ERR,ERR,ERR,ERR,ERR,ERR,ERR,ERR,ERR,ERR,ERR,ERR,ERR,ERR,ERR,ERR,ERR,ERR,ERR,ERR,ERR,ERR,ERR,ERR,ERR,ERR,ERR,ERR,ERR,ERR,ERR,ERR,ERR,ERR,ERR,ERR,ERR,ERR,ERR,ERR,ERR,ERR,ERR,ERR,ERR,ERR,ERR,ERR,ERR,ERR,ERR,ERR,ERR,ERR,ERR,ERR,ERR,ERR,ERR,ERR,ERR,ERR,ERR,ERR,ERR,ERR,ERR,ERR,ERR,ERR,ERR,ERR,ERR,ERR,ERR,ERR,ERR,ERR,ERR,ERR,ERR,2.718450016850437e+23,-0.0,2.8364315368646023e+23,-107613408.0,-4.209512871143983e+25,0.0,-1.4667997074633523e+17,-1.8465216622592e+35,5800,0,8,17275,5800,14723891331072.0,100,0.0,0.0,-107613408.0,0.0,1.9056969178834534e+17,0,0,0,0,nan,0,0,0,0,0,0,0,0,0,0,0,0,0,0,0,0,0,0,0,0,0,0,0,0,0,0,0,0,0,0,0,0,0,10,52,51,61,65476,612,65476,1,0,4,21553,0.0,0.0,0.0,0.0,0.0,0.0,0.0,0.0,0.0,0.0,0.0,0.0,0.0,0.0,0.0,0.0,0.0,0.0,0.0,0.0,0.0,2.004,3.697074423243316e+19,-0.0,-0.0,2.004,0.0,0.0,0.0,0.0,6619.0,-564149188820992.0,0.0,2.718450016850437e+23,-0.0,-107616232.0,2.7184547005940495e+23,-0.0,0.0,2.004,2.004,242,-0.0,2.308838606653337e+20,0.0,0.0,0.0,0.0,0.0,0.0,0.0,0,0,0,-26.783,0.0,-5.535545583636927e+36,-0.0,-0.0,79856763142144.0,-0.0,-1.1914207668144701e+18,0.0,5.7205111577867845e+23,-4.887848383004514e+35,-0.0,-0.0,-0.0,0.0,0.0,0,1.3516416376850534e+27,242,0.0,484,0.0,-0.0,2050,52429,17150,39322,17152,39322,17144,0,0,0,105,99,100,-0.0,69.3,-0.0,69.6,0.0,69.5,1,47,48,180,0,26215,0,0,0.0,0.0,0.0,60.0,0.0,74.5,0.0,-7.490152840499286e+35,0.0,1270,0,1277,0,0,0,1274,0,1286,0,1243,0,696,0,698,0,693,0,692,0.032,1.3305260699995496e+34,0.0,2.7302352164993253e+23,17808,16829,0.0,-8.733655013705818e+36,77444022272.0,0.0,-87.628,-232196997120.0,70.0,60.0,66,0.0,0.0,10.0,2.0,0.0,0.0,0.0,0.0,0.0,0.0,0.0,0.0,0.0,0.0,0.0,0.0,65.2,69,16,65516,49,65476,0,300,0,0,8,20529,65476,0,0,39322,60.0,0.0,10.0,10.0,2.0,0.0
2026-02-05T14:27:41,ERR,ERR,ERR,ERR,ERR,ERR,ERR,ERR,ERR,ERR,ERR,ERR,ERR,ERR,ERR,ERR,ERR,ERR,ERR,ERR,ERR,ERR,ERR,ERR,ERR,ERR,ERR,ERR,ERR,ERR,ERR,ERR,ERR,ERR,ERR,ERR,ERR,ERR,ERR,ERR,ERR,ERR,ERR,ERR,ERR,ERR,ERR,ERR,ERR,ERR,ERR,ERR,ERR,ERR,ERR,ERR,ERR,ERR,ERR,ERR,ERR,ERR,ERR,ERR,ERR,ERR,ERR,ERR,ERR,ERR,ERR,ERR,ERR,ERR,ERR,ERR,ERR,ERR,ERR,ERR,ERR,ERR,ERR,ERR,ERR,ERR,ERR,ERR,ERR,ERR,ERR,ERR,ERR,ERR,ERR,ERR,ERR,ERR,ERR,ERR,ERR,ERR,ERR,ERR,ERR,ERR,ERR,ERR,ERR,ERR,ERR,ERR,ERR,ERR,ERR,ERR,ERR,ERR,ERR,ERR,ERR,ERR,ERR,ERR,ERR,2.718450016850437e+23,-0.0,2.8364315368646023e+23,-107613408.0,-4.209512871143983e+25,0.0,-1.4667997074633523e+17,-1.8465216622592e+35,5800,0,8,17275,5800,14723891331072.0,100,0.0,0.0,-107613408.0,0.0,1.9056969178834534e+17,0,0,0,0,nan,0,0,0,0,0,0,0,0,0,0,0,0,0,0,0,0,0,0,0,0,0,0,0,0,0,0,0,0,0,0,0,0,0,10,52,51,61,65476,612,65476,1,0,4,21553,0.0,0.0,0.0,0.0,0.0,0.0,0.0,0.0,0.0,0.0,0.0,0.0,0.0,0.0,0.0,0.0,0.0,0.0,0.0,0.0,0.0,2.004,3.697074423243316e+19,-0.0,-0.0,2.004,0.0,0.0,0.0,0.0,6619.0,-564149188820992.0,0.0,2.718450016850437e+23,-0.0,-107616232.0,2.7184547005940495e+23,-0.0,0.0,2.004,2.004,242,-0.0,2.308838606653337e+20,0.0,0.0,0.0,0.0,0.0,0.0,0.0,0,0,0,-26.783,0.0,-5.535545583636927e+36,-0.0,-0.0,79856763142144.0,-0.0,-1.1914207668144701e+18,0.0,5.7205111577867845e+23,-4.887848383004514e+35,-0.0,-0.0,-0.0,0.0,0.0,0,1.3516416376850534e+27,242,0.0,484,0.0,-0.0,2050,52429,17150,39322,17152,39322,17144,0,0,0,105,99,100,-0.0,69.3,-0.0,69.6,0.0,69.5,1,47,48,180,0,13107,0,0,0.0,0.0,0.0,60.0,0.0,74.5,0.0,1663084416.0,0.0,1270,0,1276,0,0,0,1274,0,1286,0,1243,0,696,0,698,0,693,0,692,0.032,1.3305260699995496e+34,0.0,2.7302352164993253e+23,28816,16829,0.0,0.0,-0.0,-0.0,0.0,0.0,70.0,60.0,66,0.0,0.0,10.0,2.0,0.0,0.0,0.0,0.0,0.0,0.0,0.0,0.0,0.0,0.0,0.0,0.0,65.2,69,16,65516,49,65476,0,300,0,0,8,20529,65476,0,0,39322,60.0,0.0,10.0,10.0,2.0,0.0
2026-02-05T14:27:42,ERR,ERR,ERR,ERR,ERR,ERR,ERR,ERR,ERR,ERR,ERR,ERR,ERR,ERR,ERR,ERR,ERR,ERR,ERR,ERR,ERR,ERR,ERR,ERR,ERR,ERR,ERR,ERR,ERR,ERR,ERR,ERR,ERR,ERR,ERR,ERR,ERR,ERR,ERR,ERR,ERR,ERR,ERR,ERR,ERR,ERR,ERR,ERR,ERR,ERR,ERR,ERR,ERR,ERR,ERR,ERR,ERR,ERR,ERR,ERR,ERR,ERR,ERR,ERR,ERR,ERR,ERR,ERR,ERR,ERR,ERR,ERR,ERR,ERR,ERR,ERR,ERR,ERR,ERR,ERR,ERR,ERR,ERR,ERR,ERR,ERR,ERR,ERR,ERR,ERR,ERR,ERR,ERR,ERR,ERR,ERR,ERR,ERR,ERR,ERR,ERR,ERR,ERR,ERR,ERR,ERR,ERR,ERR,ERR,ERR,ERR,ERR,ERR,ERR,ERR,ERR,ERR,ERR,ERR,ERR,ERR,ERR,ERR,ERR,ERR,2.718450016850437e+23,-0.0,2.8364315368646023e+23,-107613408.0,-4.209512871143983e+25,0.0,-1.4667997074633523e+17,-1.8465216622592e+35,5800,0,8,17275,5800,14723891331072.0,100,0.0,0.0,-107613408.0,0.0,1.9056969178834534e+17,0,0,0,0,nan,0,0,0,0,0,0,0,0,0,0,0,0,0,0,0,0,0,0,0,0,0,0,0,0,0,0,0,0,0,0,0,0,0,10,52,51,61,65476,612,65476,1,0,4,21553,0.0,0.0,0.0,0.0,0.0,0.0,0.0,0.0,0.0,0.0,0.0,0.0,0.0,0.0,0.0,0.0,0.0,0.0,0.0,0.0,0.0,2.004,3.697074423243316e+19,-0.0,-0.0,2.004,0.0,0.0,0.0,0.0,6619.0,-564149188820992.0,0.0,2.718450016850437e+23,-0.0,-107616232.0,2.7184547005940495e+23,-0.0,0.0,2.004,2.004,242,-0.0,2.308838606653337e+20,0.0,0.0,0.0,0.0,0.0,0.0,0.0,0,0,0,-26.783,0.0,-5.535545583636927e+36,-0.0,-0.0,79856763142144.0,-0.0,-1.1914207668144701e+18,0.0,5.7205111577867845e+23,-4.887848383004514e+35,-0.0,-0.0,-0.0,0.0,0.0,0,1.3516416376850534e+27,242,0.0,484,0.0,-0.0,2050,52429,17150,39322,17152,39322,17144,0,0,0,105,99,100,-0.0,69.3,-0.0,69.6,0.0,69.5,1,47,48,180,0,13107,0,0,0.0,0.0,0.0,60.0,0.0,74.5,0.0,1663084416.0,0.0,1270,0,1276,0,0,0,1274,0,1286,0,1243,0,696,0,698,0,693,0,692,0.032,1.3305260699995496e+34,0.0,2.7302352164993253e+23,28816,16829,0.0,0.0,-0.0,-0.0,0.0,0.0,70.0,60.0,66,0.0,0.0,10.0,2.0,0.0,0.0,0.0,0.0,0.0,0.0,0.0,0.0,0.0,0.0,0.0,0.0,65.2,69,16,65516,49,65476,0,300,0,0,8,20529,65476,0,0,39322,60.0,0.0,10.0,10.0,2.0,0.0
2026-02-05T14:27:43,ERR,ERR,ERR,ERR,ERR,ERR,ERR,ERR,ERR,ERR,ERR,ERR,ERR,ERR,ERR,ERR,ERR,ERR,ERR,ERR,ERR,ERR,ERR,ERR,ERR,ERR,ERR,ERR,ERR,ERR,ERR,ERR,ERR,ERR,ERR,ERR,ERR,ERR,ERR,ERR,ERR,ERR,ERR,ERR,ERR,ERR,ERR,ERR,ERR,ERR,ERR,ERR,ERR,ERR,ERR,ERR,ERR,ERR,ERR,ERR,ERR,ERR,ERR,ERR,ERR,ERR,ERR,ERR,ERR,ERR,ERR,ERR,ERR,ERR,ERR,ERR,ERR,ERR,ERR,ERR,ERR,ERR,ERR,ERR,ERR,ERR,ERR,ERR,ERR,ERR,ERR,ERR,ERR,ERR,ERR,ERR,ERR,ERR,ERR,ERR,ERR,ERR,ERR,ERR,ERR,ERR,ERR,ERR,ERR,ERR,ERR,ERR,ERR,ERR,ERR,ERR,ERR,ERR,ERR,ERR,ERR,ERR,ERR,ERR,ERR,2.718450016850437e+23,-0.0,2.8364315368646023e+23,-107613408.0,-4.209512871143983e+25,0.0,-1.4667997074633523e+17,-1.8465216622592e+35,5800,0,8,17275,5800,14723891331072.0,100,0.0,0.0,-107613408.0,0.0,1.9056969178834534e+17,0,0,0,0,nan,0,0,0,0,0,0,0,0,0,0,0,0,0,0,0,0,0,0,0,0,0,0,0,0,0,0,0,0,0,0,0,0,0,10,52,51,61,65476,612,65476,1,0,4,21553,0.0,0.0,0.0,0.0,0.0,0.0,0.0,0.0,0.0,0.0,0.0,0.0,0.0,0.0,0.0,0.0,0.0,0.0,0.0,0.0,0.0,2.004,3.697074423243316e+19,-0.0,-0.0,2.004,0.0,0.0,0.0,0.0,6619.0,-564149188820992.0,0.0,2.718450016850437e+23,-0.0,-107616232.0,2.7184547005940495e+23,-0.0,0.0,2.004,2.004,242,-0.0,2.308838606653337e+20,0.0,0.0,0.0,0.0,0.0,0.0,0.0,0,0,0,-26.783,0.0,-5.535545583636927e+36,-0.0,-0.0,79856763142144.0,-0.0,-1.1914207668144701e+18,0.0,5.7205111577867845e+23,-4.887848383004514e+35,-0.0,-0.0,-0.0,0.0,0.0,0,1.3516416376850534e+27,242,0.0,484,0.0,-0.0,2050,52429,17150,39322,17152,39322,17144,0,0,0,105,99,100,-0.0,69.3,-0.0,69.6,0.0,69.5,1,47,48,180,0,13107,0,0,0.0,0.0,0.0,60.0,0.0,74.5,0.0,1663084416.0,0.0,1270,0,1276,0,0,0,1274,0,1286,0,1243,0,696,0,698,0,693,0,692,0.032,1.3305260699995496e+34,0.0,2.7302352164993253e+23,28816,16829,0.0,0.0,-0.0,-0.0,0.0,0.0,70.0,60.0,66,0.0,0.0,10.0,2.0,0.0,0.0,0.0,0.0,0.0,0.0,0.0,0.0,0.0,0.0,0.0,0.0,65.2,69,16,65516,49,65476,0,300,0,0,8,20529,65476,0,0,44564,60.0,0.0,10.0,10.0,2.0,0.0
2026-02-05T14:27:44,ERR,ERR,ERR,ERR,ERR,ERR,ERR,ERR,ERR,ERR,ERR,ERR,ERR,ERR,ERR,ERR,ERR,ERR,ERR,ERR,ERR,ERR,ERR,ERR,ERR,ERR,ERR,ERR,ERR,ERR,ERR,ERR,ERR,ERR,ERR,ERR,ERR,ERR,ERR,ERR,ERR,ERR,ERR,ERR,ERR,ERR,ERR,ERR,ERR,ERR,ERR,ERR,ERR,ERR,ERR,ERR,ERR,ERR,ERR,ERR,ERR,ERR,ERR,ERR,ERR,ERR,ERR,ERR,ERR,ERR,ERR,ERR,ERR,ERR,ERR,ERR,ERR,ERR,ERR,ERR,ERR,ERR,ERR,ERR,ERR,ERR,ERR,ERR,ERR,ERR,ERR,ERR,ERR,ERR,ERR,ERR,ERR,ERR,ERR,ERR,ERR,ERR,ERR,ERR,ERR,ERR,ERR,ERR,ERR,ERR,ERR,ERR,ERR,ERR,ERR,ERR,ERR,ERR,ERR,ERR,ERR,ERR,ERR,ERR,ERR,2.718450016850437e+23,-0.0,2.8364315368646023e+23,-107613408.0,-4.209512871143983e+25,0.0,-1.4667997074633523e+17,-1.8465216622592e+35,5800,0,8,17275,5800,14723891331072.0,100,0.0,0.0,-107613408.0,0.0,1.9056969178834534e+17,0,0,0,0,nan,0,0,0,0,0,0,0,0,0,0,0,0,0,0,0,0,0,0,0,0,0,0,0,0,0,0,0,0,0,0,0,0,0,10,52,51,61,65476,612,65476,1,0,4,21553,0.0,0.0,0.0,0.0,0.0,0.0,0.0,0.0,0.0,0.0,0.0,0.0,0.0,0.0,0.0,0.0,0.0,0.0,0.0,0.0,0.0,2.004,3.697074423243316e+19,-0.0,-0.0,2.004,0.0,0.0,0.0,0.0,6619.0,-564149188820992.0,0.0,2.718450016850437e+23,-0.0,-107616232.0,2.7184547005940495e+23,-0.0,0.0,2.004,2.004,242,-0.0,2.308838606653337e+20,0.0,0.0,0.0,0.0,0.0,0.0,0.0,0,0,0,-26.783,0.0,-5.535545583636927e+36,-0.0,-0.0,79856763142144.0,-0.0,-1.1914207668144701e+18,0.0,5.7205111577867845e+23,-4.887848383004514e+35,-0.0,-0.0,-0.0,0.0,0.0,0,1.3516416376850534e+27,242,0.0,484,0.0,-0.0,2050,52429,17150,39322,17152,39322,17144,0,0,0,105,99,100,-0.0,69.3,-0.0,69.6,0.0,69.5,1,47,48,180,0,13107,0,0,0.0,0.0,0.0,60.0,0.0,74.5,0.0,1663084416.0,0.0,1270,0,1276,0,0,0,1274,0,1286,0,1243,0,696,0,698,0,693,0,692,0.032,1.3305260699995496e+34,0.0,2.7302352164993253e+23,28816,16829,0.0,0.0,-0.0,-0.0,0.0,0.0,70.0,60.0,66,0.0,0.0,10.0,2.0,0.0,0.0,0.0,0.0,0.0,0.0,0.0,0.0,0.0,0.0,0.0,0.0,65.2,69,16,65516,49,65476,0,300,0,0,8,20529,65476,0,0,44564,60.0,0.0,10.0,10.0,2.0,0.0
2026-02-05T14:27:45,ERR,ERR,ERR,ERR,ERR,ERR,ERR,ERR,ERR,ERR,ERR,ERR,ERR,ERR,ERR,ERR,ERR,ERR,ERR,ERR,ERR,ERR,ERR,ERR,ERR,ERR,ERR,ERR,ERR,ERR,ERR,ERR,ERR,ERR,ERR,ERR,ERR,ERR,ERR,ERR,ERR,ERR,ERR,ERR,ERR,ERR,ERR,ERR,ERR,ERR,ERR,ERR,ERR,ERR,ERR,ERR,ERR,ERR,ERR,ERR,ERR,ERR,ERR,ERR,ERR,ERR,ERR,ERR,ERR,ERR,ERR,ERR,ERR,ERR,ERR,ERR,ERR,ERR,ERR,ERR,ERR,ERR,ERR,ERR,ERR,ERR,ERR,ERR,ERR,ERR,ERR,ERR,ERR,ERR,ERR,ERR,ERR,ERR,ERR,ERR,ERR,ERR,ERR,ERR,ERR,ERR,ERR,ERR,ERR,ERR,ERR,ERR,ERR,ERR,ERR,ERR,ERR,ERR,ERR,ERR,ERR,ERR,ERR,ERR,ERR,2.718450016850437e+23,-0.0,2.8364315368646023e+23,-107613408.0,-4.209512871143983e+25,0.0,-1.4667997074633523e+17,-1.8465216622592e+35,5800,0,8,17275,5800,14723891331072.0,100,0.0,0.0,-107613408.0,0.0,1.9056969178834534e+17,0,0,0,0,nan,0,0,0,0,0,0,0,0,0,0,0,0,0,0,0,0,0,0,0,0,0,0,0,0,0,0,0,0,0,0,0,0,0,10,52,51,61,65476,612,65476,1,0,4,21553,0.0,0.0,0.0,0.0,0.0,0.0,0.0,0.0,0.0,0.0,0.0,0.0,0.0,0.0,0.0,0.0,0.0,0.0,0.0,0.0,0.0,2.004,3.697074423243316e+19,-0.0,-0.0,2.004,0.0,0.0,0.0,0.0,6619.0,-564149188820992.0,0.0,2.718450016850437e+23,-0.0,-107616232.0,2.7184547005940495e+23,-0.0,0.0,2.004,2.004,242,-0.0,2.308838606653337e+20,0.0,0.0,0.0,0.0,0.0,0.0,0.0,0,0,0,-26.783,0.0,-5.535545583636927e+36,-0.0,-0.0,79856763142144.0,-0.0,-1.1914207668144701e+18,0.0,5.7205111577867845e+23,-4.887848383004514e+35,-0.0,-0.0,-0.0,0.0,0.0,0,1.3516416376850534e+27,242,0.0,484,0.0,-0.0,2050,52429,17150,39322,17152,39322,17144,0,0,0,105,99,100,-0.0,69.3,-0.0,69.6,0.0,69.5,1,47,48,180,0,26215,0,0,0.0,0.0,0.0,60.0,0.0,74.5,0.0,0.0,0.0,1270,0,1276,0,0,0,1274,0,1286,0,1243,0,696,0,698,0,694,0,692,0.032,1.322413106158089e+34,0.0,2.7302352164993253e+23,17808,16829,0.0,0.0,2.6384894557460836e+26,-2.9433760451486883e+31,-1.1547689040438362e+19,-8.811947386249804e+24,70.0,60.0,66,0.0,0.0,10.0,2.0,0.0,0.0,0.0,0.0,0.0,0.0,0.0,0.0,0.0,0.0,0.0,0.0,65.2,69,16,65516,49,65476,0,300,0,0,8,20529,65476,0,0,44564,60.0,0.0,10.0,10.0,2.0,0.0
2026-02-05T14:27:46,ERR,ERR,ERR,ERR,ERR,ERR,ERR,ERR,ERR,ERR,ERR,ERR,ERR,ERR,ERR,ERR,ERR,ERR,ERR,ERR,ERR,ERR,ERR,ERR,ERR,ERR,ERR,ERR,ERR,ERR,ERR,ERR,ERR,ERR,ERR,ERR,ERR,ERR,ERR,ERR,ERR,ERR,ERR,ERR,ERR,ERR,ERR,ERR,ERR,ERR,ERR,ERR,ERR,ERR,ERR,ERR,ERR,ERR,ERR,ERR,ERR,ERR,ERR,ERR,ERR,ERR,ERR,ERR,ERR,ERR,ERR,ERR,ERR,ERR,ERR,ERR,ERR,ERR,ERR,ERR,ERR,ERR,ERR,ERR,ERR,ERR,ERR,ERR,ERR,ERR,ERR,ERR,ERR,ERR,ERR,ERR,ERR,ERR,ERR,ERR,ERR,ERR,ERR,ERR,ERR,ERR,ERR,ERR,ERR,ERR,ERR,ERR,ERR,ERR,ERR,ERR,ERR,ERR,ERR,ERR,ERR,ERR,ERR,ERR,ERR,2.718450016850437e+23,-0.0,2.8364315368646023e+23,0.0,-0.0,6.096836378695496e+21,0.0,-379393.719,5800,0,8,17275,5800,-0.0,100,0.0,0.0,-107613408.0,0.0,1.9056969178834534e+17,0,0,0,0,nan,0,0,0,0,0,0,0,0,0,0,0,0,0,0,0,0,0,0,0,0,0,0,0,0,0,0,0,0,0,0,0,0,0,10,52,51,61,65476,612,65476,1,0,4,21553,0.0,0.0,0.0,0.0,0.0,0.0,0.0,0.0,0.0,0.0,0.0,0.0,0.0,0.0,0.0,0.0,0.0,0.0,0.0,0.0,0.0,2.004,3.697074423243316e+19,-0.0,-0.0,0.0,0.0,0.0,0.0,0.0,6617.0,1.0406715705571685e+34,0.0,2.718450016850437e+23,-0.0,-107616232.0,0.0,-0.0,0.0,2.004,2.004,243,-0.0,0.0,0.0,0.0,0.0,0.0,0.0,0.0,0.0,0,0,0,-0.001,-0.0,-2.3358162542477833e+32,-1.0316526906874266e+17,-0.0,-3.681386831064816e+26,-0.0,-0.0,0.0,7.238116145819585e+23,-5.8743847861261316e+35,-0.0,-0.0,-0.0,0.0,-7.798465174480217e+33,0,1.3516416376850534e+27,243,0.0,486,-30771013632.0,-0.0,2050,52429,17150,39322,17152,39322,17144,0,0,0,105,99,100,-0.0,69.3,-0.0,69.6,0.0,69.5,1,47,48,180,0,26215,0,0,0.0,0.0,0.0,60.0,0.0,74.5,0.0,0.0,0.0,1270,0,1276,0,0,0,1274,0,1286,0,1243,0,696,0,698,0,694,0,692,0.032,1.322413106158089e+34,0.0,2.7302352164993253e+23,17808,16829,0.0,0.0,2.6384894557460836e+26,-2.9433760451486883e+31,-1.1547689040438362e+19,-8.811947386249804e+24,70.0,60.0,66,0.0,0.0,10.0,2.0,0.0,0.0,0.0,0.0,0.0,0.0,0.0,0.0,0.0,0.0,0.0,0.0,65.2,69,16,65516,49,65476,0,300,0,0,8,20529,65476,0,0,41943,60.0,0.0,10.0,10.0,2.0,0.0
2026-02-05T14:27:47,ERR,ERR,ERR,ERR,ERR,ERR,ERR,ERR,ERR,ERR,ERR,ERR,ERR,ERR,ERR,ERR,ERR,ERR,ERR,ERR,ERR,ERR,ERR,ERR,ERR,ERR,ERR,ERR,ERR,ERR,ERR,ERR,ERR,ERR,ERR,ERR,ERR,ERR,ERR,ERR,ERR,ERR,ERR,ERR,ERR,ERR,ERR,ERR,ERR,ERR,ERR,ERR,ERR,ERR,ERR,ERR,ERR,ERR,ERR,ERR,ERR,ERR,ERR,ERR,ERR,ERR,ERR,ERR,ERR,ERR,ERR,ERR,ERR,ERR,ERR,ERR,ERR,ERR,ERR,ERR,ERR,ERR,ERR,ERR,ERR,ERR,ERR,ERR,ERR,ERR,ERR,ERR,ERR,ERR,ERR,ERR,ERR,ERR,ERR,ERR,ERR,ERR,ERR,ERR,ERR,ERR,ERR,ERR,ERR,ERR,ERR,ERR,ERR,ERR,ERR,ERR,ERR,ERR,ERR,ERR,ERR,ERR,ERR,ERR,ERR,2.718450016850437e+23,-0.0,2.8364315368646023e+23,0.0,-0.0,6.096836378695496e+21,0.0,-379393.719,5800,0,8,17275,5800,-0.0,100,0.0,0.0,-107613408.0,0.0,1.9056969178834534e+17,0,0,0,0,nan,0,0,0,0,0,0,0,0,0,0,0,0,0,0,0,0,0,0,0,0,0,0,0,0,0,0,0,0,0,0,0,0,0,10,52,51,61,65476,612,65476,1,0,4,21553,0.0,0.0,0.0,0.0,0.0,0.0,0.0,0.0,0.0,0.0,0.0,0.0,0.0,0.0,0.0,0.0,0.0,0.0,0.0,0.0,0.0,2.004,3.697074423243316e+19,-0.0,-0.0,0.0,0.0,0.0,0.0,0.0,6617.0,1.0406715705571685e+34,0.0,2.718450016850437e+23,-0.0,-107616232.0,0.0,-0.0,0.0,2.004,2.004,243,-0.0,0.0,0.0,0.0,0.0,0.0,0.0,0.0,0.0,0,0,0,-0.001,-0.0,-2.3358162542477833e+32,-1.0316526906874266e+17,-0.0,-3.681386831064816e+26,-0.0,-0.0,0.0,7.238116145819585e+23,-5.8743847861261316e+35,-0.0,-0.0,-0.0,0.0,-7.798465174480217e+33,0,1.3516416376850534e+27,243,0.0,486,-30771013632.0,-0.0,2050,52429,17150,39322,17152,39322,17144,0,0,0,105,99,100,-0.0,69.3,-0.0,69.6,0.0,69.5,1,47,48,180,0,26215,0,0,0.0,0.0,0.0,60.0,0.0,74.5,0.0,0.0,0.0,1270,0,1276,0,0,0,1274,0,1286,0,1243,0,696,0,698,0,694,0,692,0.032,1.322413106158089e+34,0.0,2.7302352164993253e+23,17808,16829,0.0,0.0,2.6384894557460836e+26,-2.9433760451486883e+31,-1.1547689040438362e+19,-8.811947386249804e+24,70.0,60.0,66,0.0,0.0,10.0,2.0,0.0,0.0,0.0,0.0,0.0,0.0,0.0,0.0,0.0,0.0,0.0,0.0,65.2,69,16,65516,49,65476,0,300,0,0,8,20529,65476,0,0,41943,60.0,0.0,10.0,10.0,2.0,0.0
2026-02-05T14:27:48,ERR,ERR,ERR,ERR,ERR,ERR,ERR,ERR,ERR,ERR,ERR,ERR,ERR,ERR,ERR,ERR,ERR,ERR,ERR,ERR,ERR,ERR,ERR,ERR,ERR,ERR,ERR,ERR,ERR,ERR,ERR,ERR,ERR,ERR,ERR,ERR,ERR,ERR,ERR,ERR,ERR,ERR,ERR,ERR,ERR,ERR,ERR,ERR,ERR,ERR,ERR,ERR,ERR,ERR,ERR,ERR,ERR,ERR,ERR,ERR,ERR,ERR,ERR,ERR,ERR,ERR,ERR,ERR,ERR,ERR,ERR,ERR,ERR,ERR,ERR,ERR,ERR,ERR,ERR,ERR,ERR,ERR,ERR,ERR,ERR,ERR,ERR,ERR,ERR,ERR,ERR,ERR,ERR,ERR,ERR,ERR,ERR,ERR,ERR,ERR,ERR,ERR,ERR,ERR,ERR,ERR,ERR,ERR,ERR,ERR,ERR,ERR,ERR,ERR,ERR,ERR,ERR,ERR,ERR,ERR,ERR,ERR,ERR,ERR,ERR,2.718450016850437e+23,-0.0,2.8364315368646023e+23,0.0,-0.0,6.096836378695496e+21,0.0,-379393.719,5800,0,8,17275,5800,-0.0,100,0.0,0.0,-107613408.0,0.0,1.9056969178834534e+17,0,0,0,0,nan,0,0,0,0,0,0,0,0,0,0,0,0,0,0,0,0,0,0,0,0,0,0,0,0,0,0,0,0,0,0,0,0,0,10,52,51,61,65476,612,65476,1,0,4,21553,0.0,0.0,0.0,0.0,0.0,0.0,0.0,0.0,0.0,0.0,0.0,0.0,0.0,0.0,0.0,0.0,0.0,0.0,0.0,0.0,0.0,2.004,3.697074423243316e+19,-0.0,-0.0,0.0,0.0,0.0,0.0,0.0,6617.0,1.0406715705571685e+34,0.0,2.718450016850437e+23,-0.0,-107616232.0,0.0,-0.0,0.0,2.004,2.004,243,-0.0,0.0,0.0,0.0,0.0,0.0,0.0,0.0,0.0,0,0,0,-0.001,-0.0,-2.3358162542477833e+32,-1.0316526906874266e+17,-0.0,-3.681386831064816e+26,-0.0,-0.0,0.0,7.238116145819585e+23,-5.8743847861261316e+35,-0.0,-0.0,-0.0,0.0,-7.798465174480217e+33,0,1.3516416376850534e+27,243,0.0,486,-30771013632.0,-0.0,2050,52429,17150,39322,17152,39322,17144,0,0,0,105,99,100,-0.0,69.3,-0.0,69.6,0.0,69.5,1,47,48,180,0,26215,0,0,0.0,0.0,0.0,60.0,0.0,74.5,0.0,0.0,0.0,1270,0,1276,0,0,0,1274,0,1286,0,1243,0,696,0,698,0,694,0,692,0.032,1.322413106158089e+34,0.0,2.7302352164993253e+23,17808,16829,0.0,0.0,2.6384894557460836e+26,-2.9433760451486883e+31,-1.1547689040438362e+19,-8.811947386249804e+24,70.0,60.0,66,0.0,0.0,10.0,2.0,0.0,0.0,0.0,0.0,0.0,0.0,0.0,0.0,0.0,0.0,0.0,0.0,65.2,69,16,65516,49,65476,0,300,0,0,8,20529,65476,0,0,34079,60.0,0.0,10.0,10.0,2.0,0.0
2026-02-05T14:27:49,ERR,ERR,ERR,ERR,ERR,ERR,ERR,ERR,ERR,ERR,ERR,ERR,ERR,ERR,ERR,ERR,ERR,ERR,ERR,ERR,ERR,ERR,ERR,ERR,ERR,ERR,ERR,ERR,ERR,ERR,ERR,ERR,ERR,ERR,ERR,ERR,ERR,ERR,ERR,ERR,ERR,ERR,ERR,ERR,ERR,ERR,ERR,ERR,ERR,ERR,ERR,ERR,ERR,ERR,ERR,ERR,ERR,ERR,ERR,ERR,ERR,ERR,ERR,ERR,ERR,ERR,ERR,ERR,ERR,ERR,ERR,ERR,ERR,ERR,ERR,ERR,ERR,ERR,ERR,ERR,ERR,ERR,ERR,ERR,ERR,ERR,ERR,ERR,ERR,ERR,ERR,ERR,ERR,ERR,ERR,ERR,ERR,ERR,ERR,ERR,ERR,ERR,ERR,ERR,ERR,ERR,ERR,ERR,ERR,ERR,ERR,ERR,ERR,ERR,ERR,ERR,ERR,ERR,ERR,ERR,ERR,ERR,ERR,ERR,ERR,2.718450016850437e+23,-0.0,2.8364315368646023e+23,0.0,-0.0,6.096836378695496e+21,0.0,-379393.719,5800,0,8,17275,5800,-0.0,100,0.0,0.0,-107613408.0,0.0,1.9056969178834534e+17,0,0,0,0,nan,0,0,0,0,0,0,0,0,0,0,0,0,0,0,0,0,0,0,0,0,0,0,0,0,0,0,0,0,0,0,0,0,0,10,52,51,61,65476,612,65476,1,0,4,21553,0.0,0.0,0.0,0.0,0.0,0.0,0.0,0.0,0.0,0.0,0.0,0.0,0.0,0.0,0.0,0.0,0.0,0.0,0.0,0.0,0.0,2.004,3.697074423243316e+19,-0.0,-0.0,0.0,0.0,0.0,0.0,0.0,6617.0,1.0406715705571685e+34,0.0,2.718450016850437e+23,-0.0,-107616232.0,0.0,-0.0,0.0,2.004,2.004,243,-0.0,0.0,0.0,0.0,0.0,0.0,0.0,0.0,0.0,0,0,0,-0.001,-0.0,-2.3358162542477833e+32,-1.0316526906874266e+17,-0.0,-3.681386831064816e+26,-0.0,-0.0,0.0,7.238116145819585e+23,-5.8743847861261316e+35,-0.0,-0.0,-0.0,0.0,-7.798465174480217e+33,0,1.3516416376850534e+27,243,0.0,486,-30771013632.0,-0.0,2050,52429,17150,39322,17152,39322,17144,0,0,0,105,99,100,-107615312.0,69.3,-0.0,69.6,0.0,69.5,1,47,48,180,0,13107,0,0,0.0,0.0,0.0,60.0,0.0,74.5,0.0,0.0,0.0,1270,0,1276,0,0,0,1274,0,1286,0,1243,0,696,0,698,0,694,0,692,0.032,1.3305260699995496e+34,0.0,2.7302352164993253e+23,23440,16829,0.0,0.0,3.6073964956633006e+18,0.0,-923822208.0,-8.739815206735053e+16,70.0,60.0,66,0.0,0.0,10.0,2.0,0.0,0.0,0.0,0.0,0.0,0.0,0.0,0.0,0.0,0.0,0.0,0.0,65.2,69,16,65516,49,65476,0,300,0,0,8,20529,65476,0,0,34079,60.0,0.0,10.0,10.0,2.0,0.0
2026-02-05T14:27:50,ERR,ERR,ERR,ERR,ERR,ERR,ERR,ERR,ERR,ERR,ERR,ERR,ERR,ERR,ERR,ERR,ERR,ERR,ERR,ERR,ERR,ERR,ERR,ERR,ERR,ERR,ERR,ERR,ERR,ERR,ERR,ERR,ERR,ERR,ERR,ERR,ERR,ERR,ERR,ERR,ERR,ERR,ERR,ERR,ERR,ERR,ERR,ERR,ERR,ERR,ERR,ERR,ERR,ERR,ERR,ERR,ERR,ERR,ERR,ERR,ERR,ERR,ERR,ERR,ERR,ERR,ERR,ERR,ERR,ERR,ERR,ERR,ERR,ERR,ERR,ERR,ERR,ERR,ERR,ERR,ERR,ERR,ERR,ERR,ERR,ERR,ERR,ERR,ERR,ERR,ERR,ERR,ERR,ERR,ERR,ERR,ERR,ERR,ERR,ERR,ERR,ERR,ERR,ERR,ERR,ERR,ERR,ERR,ERR,ERR,ERR,ERR,ERR,ERR,ERR,ERR,ERR,ERR,ERR,ERR,ERR,ERR,ERR,ERR,ERR,2.718450016850437e+23,-0.0,2.8364315368646023e+23,0.0,-0.0,6.096836378695496e+21,0.0,-379393.719,5800,0,8,17275,5800,-0.0,100,0.0,0.0,-107613408.0,0.0,1.9056969178834534e+17,0,0,0,0,nan,0,0,0,0,0,0,0,0,0,0,0,0,0,0,0,0,0,0,0,0,0,0,0,0,0,0,0,0,0,0,0,0,0,10,52,51,61,65476,612,65476,1,0,4,21553,0.0,0.0,0.0,0.0,0.0,0.0,0.0,0.0,0.0,0.0,0.0,0.0,0.0,0.0,0.0,0.0,0.0,0.0,0.0,0.0,0.0,2.004,3.697074423243316e+19,-0.0,-0.0,0.0,0.0,0.0,0.0,0.0,6617.0,1.0406715705571685e+34,0.0,2.718450016850437e+23,-0.0,-107616232.0,0.0,-0.0,0.0,2.004,2.004,243,-0.0,0.0,0.0,0.0,0.0,0.0,0.0,0.0,0.0,0,0,0,-0.001,-0.0,-2.3358162542477833e+32,-1.0316526906874266e+17,-0.0,-3.681386831064816e+26,-0.0,-0.0,0.0,7.238116145819585e+23,-5.8743847861261316e+35,-0.0,-0.0,-0.0,0.0,-7.798465174480217e+33,0,1.3516416376850534e+27,243,0.0,486,-30771013632.0,-0.0,2050,52429,17150,39322,17152,39322,17144,0,0,0,105,99,100,-107615312.0,69.3,-0.0,69.6,0.0,69.5,1,47,48,180,0,13107,0,0,0.0,0.0,0.0,60.0,0.0,74.5,0.0,0.0,0.0,1270,0,1276,0,0,0,1274,0,1286,0,1243,0,696,0,698,0,694,0,692,0.032,1.3305260699995496e+34,0.0,2.7302352164993253e+23,23440,16829,0.0,0.0,3.6073964956633006e+18,0.0,-923822208.0,-8.739815206735053e+16,70.0,60.0,66,0.0,0.0,10.0,2.0,0.0,0.0,0.0,0.0,0.0,0.0,0.0,0.0,0.0,0.0,0.0,0.0,65.2,69,16,65516,49,65476,0,300,0,0,8,20529,65476,0,0,34079,60.0,0.0,10.0,10.0,2.0,0.0
2026-02-05T14:27:51,ERR,ERR,ERR,ERR,ERR,ERR,ERR,ERR,ERR,ERR,ERR,ERR,ERR,ERR,ERR,ERR,ERR,ERR,ERR,ERR,ERR,ERR,ERR,ERR,ERR,ERR,ERR,ERR,ERR,ERR,ERR,ERR,ERR,ERR,ERR,ERR,ERR,ERR,ERR,ERR,ERR,ERR,ERR,ERR,ERR,ERR,ERR,ERR,ERR,ERR,ERR,ERR,ERR,ERR,ERR,ERR,ERR,ERR,ERR,ERR,ERR,ERR,ERR,ERR,ERR,ERR,ERR,ERR,ERR,ERR,ERR,ERR,ERR,ERR,ERR,ERR,ERR,ERR,ERR,ERR,ERR,ERR,ERR,ERR,ERR,ERR,ERR,ERR,ERR,ERR,ERR,ERR,ERR,ERR,ERR,ERR,ERR,ERR,ERR,ERR,ERR,ERR,ERR,ERR,ERR,ERR,ERR,ERR,ERR,ERR,ERR,ERR,ERR,ERR,ERR,ERR,ERR,ERR,ERR,ERR,ERR,ERR,ERR,ERR,ERR,2.718450016850437e+23,-0.0,2.8364315368646023e+23,-107613408.0,-4.209512871143983e+25,1.560543038055383e+18,0.0,-0.868,5800,0,8,17275,5800,14723891331072.0,100,0.0,0.0,-107613408.0,0.0,1.9056969178834534e+17,0,0,0,0,nan,0,0,0,0,0,0,0,0,0,0,0,0,0,0,0,0,0,0,0,0,0,0,0,0,0,0,0,0,0,0,0,0,0,10,52,51,61,65476,612,65476,1,0,4,21553,0.0,0.0,0.0,0.0,0.0,0.0,0.0,0.0,0.0,0.0,0.0,0.0,0.0,0.0,0.0,0.0,0.0,0.0,0.0,0.0,0.0,2.004,3.697074423243316e+19,-0.0,-0.0,2.004,0.0,0.0,0.0,0.0,6645.0,0.0,0.0,2.718450016850437e+23,-0.0,-107616232.0,0.0,-0.0,0.0,2.004,2.004,244,-0.0,-0.0,0.0,0.0,0.0,0.0,0.0,0.0,0.0,0,0,0,-0.0,0.0,-4.068359676764043e+26,-1.4056385770592057e+34,-0.0,-1.1912575137293114e+24,-0.0,254042992.0,-4.681647817342723e+23,9.03261540931005e+23,-7.179548336741615e+35,-0.0,-0.0,-0.0,0.0,-9.148702834979544e+36,0,1.3516416376850534e+27,244,0.0,488,0.0,-0.0,2050,52429,17150,39322,17152,39322,17144,0,0,0,105,99,100,-107615312.0,69.3,-0.0,69.6,0.0,69.5,1,47,48,180,0,13107,0,0,0.0,0.0,0.0,60.0,0.0,74.5,0.0,0.0,0.0,1270,0,1276,0,0,0,1274,0,1286,0,1243,0,696,0,698,0,694,0,692,0.032,1.3305260699995496e+34,0.0,2.7302352164993253e+23,23440,16829,0.0,0.0,3.6073964956633006e+18,0.0,-923822208.0,-8.739815206735053e+16,70.0,60.0,66,0.0,0.0,10.0,2.0,0.0,0.0,0.0,0.0,0.0,0.0,0.0,0.0,0.0,0.0,0.0,0.0,65.2,69,16,65516,49,65476,0,300,0,0,8,20529,65476,0,0,34079,60.0,0.0,10.0,10.0,2.0,0.0
2026-02-05T14:27:52,ERR,ERR,ERR,ERR,ERR,ERR,ERR,ERR,ERR,ERR,ERR,ERR,ERR,ERR,ERR,ERR,ERR,ERR,ERR,ERR,ERR,ERR,ERR,ERR,ERR,ERR,ERR,ERR,ERR,ERR,ERR,ERR,ERR,ERR,ERR,ERR,ERR,ERR,ERR,ERR,ERR,ERR,ERR,ERR,ERR,ERR,ERR,ERR,ERR,ERR,ERR,ERR,ERR,ERR,ERR,ERR,ERR,ERR,ERR,ERR,ERR,ERR,ERR,ERR,ERR,ERR,ERR,ERR,ERR,ERR,ERR,ERR,ERR,ERR,ERR,ERR,ERR,ERR,ERR,ERR,ERR,ERR,ERR,ERR,ERR,ERR,ERR,ERR,ERR,ERR,ERR,ERR,ERR,ERR,ERR,ERR,ERR,ERR,ERR,ERR,ERR,ERR,ERR,ERR,ERR,ERR,ERR,ERR,ERR,ERR,ERR,ERR,ERR,ERR,ERR,ERR,ERR,ERR,ERR,ERR,ERR,ERR,ERR,ERR,ERR,2.718450016850437e+23,-0.0,2.8364315368646023e+23,-107613408.0,-4.209512871143983e+25,1.560543038055383e+18,0.0,-0.868,5800,0,8,17275,5800,14723891331072.0,100,0.0,0.0,-107613408.0,0.0,1.9056969178834534e+17,0,0,0,0,nan,0,0,0,0,0,0,0,0,0,0,0,0,0,0,0,0,0,0,0,0,0,0,0,0,0,0,0,0,0,0,0,0,0,10,52,51,61,65476,612,65476,1,0,4,21553,0.0,0.0,0.0,0.0,0.0,0.0,0.0,0.0,0.0,0.0,0.0,0.0,0.0,0.0,0.0,0.0,0.0,0.0,0.0,0.0,0.0,2.004,3.697074423243316e+19,-0.0,-0.0,2.004,0.0,0.0,0.0,0.0,6645.0,0.0,0.0,2.718450016850437e+23,-0.0,-107616232.0,0.0,-0.0,0.0,2.004,2.004,244,-0.0,-0.0,0.0,0.0,0.0,0.0,0.0,0.0,0.0,0,0,0,-0.0,0.0,-4.068359676764043e+26,-1.4056385770592057e+34,-0.0,-1.1912575137293114e+24,-0.0,254042992.0,-4.681647817342723e+23,9.03261540931005e+23,-7.179548336741615e+35,-0.0,-0.0,-0.0,0.0,-9.148702834979544e+36,0,1.3516416376850534e+27,244,0.0,488,0.0,-0.0,2050,52429,17150,39322,17152,39322,17144,0,0,0,105,99,100,-107615312.0,69.3,-0.0,69.6,0.0,69.5,1,47,48,180,0,13107,0,0,0.0,0.0,0.0,60.0,0.0,74.5,0.0,0.0,0.0,1270,0,1276,0,0,0,1274,0,1286,0,1243,0,696,0,698,0,694,0,692,0.032,1.3305260699995496e+34,0.0,2.7302352164993253e+23,23440,16829,0.0,0.0,3.6073964956633006e+18,0.0,-923822208.0,-8.739815206735053e+16,70.0,60.0,66,0.0,0.0,10.0,2.0,0.0,0.0,0.0,0.0,0.0,0.0,0.0,0.0,0.0,0.0,0.0,0.0,65.2,69,16,65516,49,65476,0,300,0,0,8,20529,65476,0,0,32768,60.0,0.0,10.0,10.0,2.0,0.0
2026-02-05T14:27:53,ERR,ERR,ERR,ERR,ERR,ERR,ERR,ERR,ERR,ERR,ERR,ERR,ERR,ERR,ERR,ERR,ERR,ERR,ERR,ERR,ERR,ERR,ERR,ERR,ERR,ERR,ERR,ERR,ERR,ERR,ERR,ERR,ERR,ERR,ERR,ERR,ERR,ERR,ERR,ERR,ERR,ERR,ERR,ERR,ERR,ERR,ERR,ERR,ERR,ERR,ERR,ERR,ERR,ERR,ERR,ERR,ERR,ERR,ERR,ERR,ERR,ERR,ERR,ERR,ERR,ERR,ERR,ERR,ERR,ERR,ERR,ERR,ERR,ERR,ERR,ERR,ERR,ERR,ERR,ERR,ERR,ERR,ERR,ERR,ERR,ERR,ERR,ERR,ERR,ERR,ERR,ERR,ERR,ERR,ERR,ERR,ERR,ERR,ERR,ERR,ERR,ERR,ERR,ERR,ERR,ERR,ERR,ERR,ERR,ERR,ERR,ERR,ERR,ERR,ERR,ERR,ERR,ERR,ERR,ERR,ERR,ERR,ERR,ERR,ERR,2.718450016850437e+23,-0.0,2.8364315368646023e+23,-107613408.0,-4.209512871143983e+25,1.560543038055383e+18,0.0,-0.868,5800,0,8,17275,5800,14723891331072.0,100,0.0,0.0,-107613408.0,0.0,1.9056969178834534e+17,0,0,0,0,nan,0,0,0,0,0,0,0,0,0,0,0,0,0,0,0,0,0,0,0,0,0,0,0,0,0,0,0,0,0,0,0,0,0,10,52,51,61,65476,612,65476,1,0,4,21553,0.0,0.0,0.0,0.0,0.0,0.0,0.0,0.0,0.0,0.0,0.0,0.0,0.0,0.0,0.0,0.0,0.0,0.0,0.0,0.0,0.0,2.004,3.697074423243316e+19,-0.0,-0.0,2.004,0.0,0.0,0.0,0.0,6645.0,0.0,0.0,2.718450016850437e+23,-0.0,-107616232.0,0.0,-0.0,0.0,2.004,2.004,244,-0.0,-0.0,0.0,0.0,0.0,0.0,0.0,0.0,0.0,0,0,0,-0.0,0.0,-4.068359676764043e+26,-1.4056385770592057e+34,-0.0,-1.1912575137293114e+24,-0.0,254042992.0,-4.681647817342723e+23,9.03261540931005e+23,-7.179548336741615e+35,-0.0,-0.0,-0.0,0.0,-9.148702834979544e+36,0,1.3516416376850534e+27,244,0.0,488,0.0,-0.0,2050,52429,17150,39322,17152,39322,17144,0,0,0,105,99,100,-107615312.0,69.3,-0.0,69.6,0.0,69.5,1,47,48,180,0,13107,0,0,0.0,0.0,0.0,60.0,0.0,74.5,0.0,0.0,0.0,1270,0,1276,0,0,0,1274,0,1286,0,1243,0,696,0,698,0,694,0,692,0.032,1.5008983106702236e+34,0.0,2.7302352164993253e+23,14608,16829,0.0,0.0,33722302464.0,0.0,-14.891,-57780813824.0,70.0,60.0,66,0.0,0.0,10.0,2.0,0.0,0.0,0.0,0.0,0.0,0.0,0.0,0.0,0.0,0.0,0.0,0.0,65.2,69,16,65516,49,65476,0,300,0,0,8,20529,65476,0,0,32768,60.0,0.0,10.0,10.0,2.0,0.0
2026-02-05T14:27:54,ERR,ERR,ERR,ERR,ERR,ERR,ERR,ERR,ERR,ERR,ERR,ERR,ERR,ERR,ERR,ERR,ERR,ERR,ERR,ERR,ERR,ERR,ERR,ERR,ERR,ERR,ERR,ERR,ERR,ERR,ERR,ERR,ERR,ERR,ERR,ERR,ERR,ERR,ERR,ERR,ERR,ERR,ERR,ERR,ERR,ERR,ERR,ERR,ERR,ERR,ERR,ERR,ERR,ERR,ERR,ERR,ERR,ERR,ERR,ERR,ERR,ERR,ERR,ERR,ERR,ERR,ERR,ERR,ERR,ERR,ERR,ERR,ERR,ERR,ERR,ERR,ERR,ERR,ERR,ERR,ERR,ERR,ERR,ERR,ERR,ERR,ERR,ERR,ERR,ERR,ERR,ERR,ERR,ERR,ERR,ERR,ERR,ERR,ERR,ERR,ERR,ERR,ERR,ERR,ERR,ERR,ERR,ERR,ERR,ERR,ERR,ERR,ERR,ERR,ERR,ERR,ERR,ERR,ERR,ERR,ERR,ERR,ERR,ERR,ERR,2.718450016850437e+23,-0.0,2.8364315368646023e+23,-107613408.0,-4.209512871143983e+25,1.560543038055383e+18,0.0,-0.868,5800,0,8,17275,5800,14723891331072.0,100,0.0,0.0,-107613408.0,0.0,1.9056969178834534e+17,0,0,0,0,nan,0,0,0,0,0,0,0,0,0,0,0,0,0,0,0,0,0,0,0,0,0,0,0,0,0,0,0,0,0,0,0,0,0,10,52,51,61,65476,612,65476,1,0,4,21553,0.0,0.0,0.0,0.0,0.0,0.0,0.0,0.0,0.0,0.0,0.0,0.0,0.0,0.0,0.0,0.0,0.0,0.0,0.0,0.0,0.0,2.004,3.697074423243316e+19,-0.0,-0.0,2.004,0.0,0.0,0.0,0.0,6645.0,0.0,0.0,2.718450016850437e+23,-0.0,-107616232.0,0.0,-0.0,0.0,2.004,2.004,244,-0.0,-0.0,0.0,0.0,0.0,0.0,0.0,0.0,0.0,0,0,0,-0.0,0.0,-4.068359676764043e+26,-1.4056385770592057e+34,-0.0,-1.1912575137293114e+24,-0.0,254042992.0,-4.681647817342723e+23,9.03261540931005e+23,-7.179548336741615e+35,-0.0,-0.0,-0.0,0.0,-9.148702834979544e+36,0,1.3516416376850534e+27,244,0.0,488,0.0,-0.0,2050,52429,17150,39322,17152,39322,17144,0,0,0,105,99,100,-107615312.0,69.3,-0.0,69.6,0.0,69.5,1,47,48,180,0,13107,0,0,0.0,0.0,0.0,60.0,0.0,74.5,0.0,0.0,0.0,1270,0,1276,0,0,0,1274,0,1286,0,1243,0,696,0,698,0,694,0,692,0.032,1.5008983106702236e+34,0.0,2.7302352164993253e+23,14608,16829,0.0,0.0,33722302464.0,0.0,-14.891,-57780813824.0,70.0,60.0,66,0.0,0.0,10.0,2.0,0.0,0.0,0.0,0.0,0.0,0.0,0.0,0.0,0.0,0.0,0.0,0.0,65.2,69,16,65516,49,65476,0,300,0,0,8,20529,65476,0,0,36700,60.0,0.0,10.0,10.0,2.0,0.0
2026-02-05T14:27:55,ERR,ERR,ERR,ERR,ERR,ERR,ERR,ERR,ERR,ERR,ERR,ERR,ERR,ERR,ERR,ERR,ERR,ERR,ERR,ERR,ERR,ERR,ERR,ERR,ERR,ERR,ERR,ERR,ERR,ERR,ERR,ERR,ERR,ERR,ERR,ERR,ERR,ERR,ERR,ERR,ERR,ERR,ERR,ERR,ERR,ERR,ERR,ERR,ERR,ERR,ERR,ERR,ERR,ERR,ERR,ERR,ERR,ERR,ERR,ERR,ERR,ERR,ERR,ERR,ERR,ERR,ERR,ERR,ERR,ERR,ERR,ERR,ERR,ERR,ERR,ERR,ERR,ERR,ERR,ERR,ERR,ERR,ERR,ERR,ERR,ERR,ERR,ERR,ERR,ERR,ERR,ERR,ERR,ERR,ERR,ERR,ERR,ERR,ERR,ERR,ERR,ERR,ERR,ERR,ERR,ERR,ERR,ERR,ERR,ERR,ERR,ERR,ERR,ERR,ERR,ERR,ERR,ERR,ERR,ERR,ERR,ERR,ERR,ERR,ERR,2.718450016850437e+23,-0.0,2.8364315368646023e+23,-107613408.0,-4.209512871143983e+25,1.560543038055383e+18,0.0,-0.868,5800,0,8,17275,5800,14723891331072.0,100,0.0,0.0,-107613408.0,0.0,1.9056969178834534e+17,0,0,0,0,nan,0,0,0,0,0,0,0,0,0,0,0,0,0,0,0,0,0,0,0,0,0,0,0,0,0,0,0,0,0,0,0,0,0,10,52,51,61,65476,612,65476,1,0,4,21553,0.0,0.0,0.0,0.0,0.0,0.0,0.0,0.0,0.0,0.0,0.0,0.0,0.0,0.0,0.0,0.0,0.0,0.0,0.0,0.0,0.0,2.004,3.697074423243316e+19,-0.0,-0.0,2.004,0.0,0.0,0.0,0.0,6645.0,0.0,0.0,2.718450016850437e+23,-0.0,-107616232.0,0.0,-0.0,0.0,2.004,2.004,244,-0.0,-0.0,0.0,0.0,0.0,0.0,0.0,0.0,0.0,0,0,0,-0.0,0.0,-4.068359676764043e+26,-1.4056385770592057e+34,-0.0,-1.1912575137293114e+24,-0.0,254042992.0,-4.681647817342723e+23,9.03261540931005e+23,-7.179548336741615e+35,-0.0,-0.0,-0.0,0.0,-9.148702834979544e+36,0,1.3516416376850534e+27,244,0.0,488,0.0,-0.0,2050,52429,17150,39322,17152,39322,17144,0,0,0,105,99,100,-107615312.0,69.3,-0.0,69.6,0.0,69.5,1,47,48,180,0,13107,0,0,0.0,0.0,0.0,60.0,0.0,74.5,0.0,0.0,0.0,1270,0,1276,0,0,0,1274,0,1286,0,1243,0,696,0,698,0,694,0,692,0.032,1.5008983106702236e+34,0.0,2.7302352164993253e+23,14608,16829,0.0,0.0,33722302464.0,0.0,-14.891,-57780813824.0,70.0,60.0,66,0.0,0.0,10.0,2.0,0.0,0.0,0.0,0.0,0.0,0.0,0.0,0.0,0.0,0.0,0.0,0.0,65.2,69,16,65516,49,65476,0,300,0,0,8,20529,65476,0,0,36700,60.0,0.0,10.0,10.0,2.0,0.0
2026-02-05T14:27:56,ERR,ERR,ERR,ERR,ERR,ERR,ERR,ERR,ERR,ERR,ERR,ERR,ERR,ERR,ERR,ERR,ERR,ERR,ERR,ERR,ERR,ERR,ERR,ERR,ERR,ERR,ERR,ERR,ERR,ERR,ERR,ERR,ERR,ERR,ERR,ERR,ERR,ERR,ERR,ERR,ERR,ERR,ERR,ERR,ERR,ERR,ERR,ERR,ERR,ERR,ERR,ERR,ERR,ERR,ERR,ERR,ERR,ERR,ERR,ERR,ERR,ERR,ERR,ERR,ERR,ERR,ERR,ERR,ERR,ERR,ERR,ERR,ERR,ERR,ERR,ERR,ERR,ERR,ERR,ERR,ERR,ERR,ERR,ERR,ERR,ERR,ERR,ERR,ERR,ERR,ERR,ERR,ERR,ERR,ERR,ERR,ERR,ERR,ERR,ERR,ERR,ERR,ERR,ERR,ERR,ERR,ERR,ERR,ERR,ERR,ERR,ERR,ERR,ERR,ERR,ERR,ERR,ERR,ERR,ERR,ERR,ERR,ERR,ERR,ERR,2.718450016850437e+23,-0.0,2.8364315368646023e+23,-107613408.0,-4.209512871143983e+25,1.560543038055383e+18,0.0,-0.868,5800,0,8,17275,5800,14723891331072.0,100,0.0,0.0,-107613408.0,0.0,1.9056969178834534e+17,0,0,0,0,nan,0,0,0,0,0,0,0,0,0,0,0,0,0,0,0,0,0,0,0,0,0,0,0,0,0,0,0,0,0,0,0,0,0,10,52,51,61,65476,612,65476,1,0,4,21553,0.0,0.0,0.0,0.0,0.0,0.0,0.0,0.0,0.0,0.0,0.0,0.0,0.0,0.0,0.0,0.0,0.0,0.0,0.0,0.0,0.0,2.004,3.697074423243316e+19,-0.0,-0.0,2.004,0.0,0.0,0.0,0.0,6645.0,0.0,0.0,2.718450016850437e+23,-0.0,-107616232.0,0.0,-0.0,0.0,2.004,2.004,244,-0.0,-0.0,0.0,0.0,0.0,0.0,0.0,0.0,0.0,0,0,0,-0.0,0.0,-4.068359676764043e+26,-1.4056385770592057e+34,-0.0,-1.1912575137293114e+24,-0.0,254042992.0,-4.681647817342723e+23,9.03261540931005e+23,-7.179548336741615e+35,-0.0,-0.0,-0.0,0.0,-9.148702834979544e+36,0,1.3516416376850534e+27,244,0.0,488,0.0,-0.0,2050,52429,17150,39322,17152,39322,17144,0,0,0,105,99,100,-107615312.0,69.3,-0.0,69.6,0.0,69.5,1,47,48,180,0,13107,0,0,0.0,0.0,0.0,60.0,0.0,74.5,0.0,0.0,0.0,1270,0,1276,0,0,0,1274,0,1286,0,1243,0,696,0,698,0,694,0,692,0.032,1.5008983106702236e+34,0.0,2.7302352164993253e+23,14608,16829,0.0,0.0,33722302464.0,0.0,-14.891,-57780813824.0,70.0,60.0,66,0.0,0.0,10.0,2.0,0.0,0.0,0.0,0.0,0.0,0.0,0.0,0.0,0.0,0.0,0.0,0.0,65.6,69,16,65516,49,65476,0,300,0,0,8,20529,65476,0,0,32768,60.0,0.0,10.0,10.0,2.0,0.0
2026-02-05T14:27:57,ERR,ERR,ERR,ERR,ERR,ERR,ERR,ERR,ERR,ERR,ERR,ERR,ERR,ERR,ERR,ERR,ERR,ERR,ERR,ERR,ERR,ERR,ERR,ERR,ERR,ERR,ERR,ERR,ERR,ERR,ERR,ERR,ERR,ERR,ERR,ERR,ERR,ERR,ERR,ERR,ERR,ERR,ERR,ERR,ERR,ERR,ERR,ERR,ERR,ERR,ERR,ERR,ERR,ERR,ERR,ERR,ERR,ERR,ERR,ERR,ERR,ERR,ERR,ERR,ERR,ERR,ERR,ERR,ERR,ERR,ERR,ERR,ERR,ERR,ERR,ERR,ERR,ERR,ERR,ERR,ERR,ERR,ERR,ERR,ERR,ERR,ERR,ERR,ERR,ERR,ERR,ERR,ERR,ERR,ERR,ERR,ERR,ERR,ERR,ERR,ERR,ERR,ERR,ERR,ERR,ERR,ERR,ERR,ERR,ERR,ERR,ERR,ERR,ERR,ERR,ERR,ERR,ERR,ERR,ERR,ERR,ERR,ERR,ERR,ERR,2.718450016850437e+23,-0.0,2.8364315368646023e+23,-107613408.0,-4.209512871143983e+25,5.352,-2.054565705782969e+35,-4420051776045056.0,5800,0,8,17276,5800,14723891331072.0,100,0.0,0.0,-107613408.0,0.0,1.9056969178834534e+17,0,0,0,0,nan,0,0,0,0,0,0,0,0,0,0,0,0,0,0,0,0,0,0,0,0,0,0,0,0,0,0,0,0,0,0,0,0,0,10,52,51,61,65476,612,65476,1,0,4,21553,0.0,-107613536.0,0.0,0.0,0.0,0.0,0.0,0.0,0.0,0.0,0.0,0.0,0.0,0.0,0.0,0.0,0.0,0.0,0.0,0.0,0.0,2.004,3.697074423243316e+19,-0.0,-0.0,-2.004,0.0,0.0,0.0,0.0,6640.0,0.0,0.0,2.718450016850437e+23,-0.0,-107616232.0,-107616440.0,-0.0,0.0,2.004,2.004,245,-0.0,-0.0,0.0,0.0,0.0,0.0,0.0,0.0,0.0,0,0,0,-8.298485670435881e+17,-0.0,-2.9960805565194806e+30,30409513500672.0,-0.0,7.215075016059126e+18,-0.0,-0.0,-7.906595869714888e+35,1.0968785667286604e+24,-9.308390048740894e+35,-0.0,-0.0,-0.0,0.0,7.502889776815538e+18,0,1.3516416376850534e+27,245,0.0,490,0.0,-0.0,2050,52429,17150,39322,17152,39322,17144,0,0,0,105,99,100,-107615312.0,69.3,-0.0,69.6,0.0,69.5,1,47,48,180,0,13107,0,0,0.0,0.0,0.0,60.0,0.0,74.5,0.0,0.0,0.0,1270,0,1276,0,0,0,1274,0,1286,0,1243,0,696,0,698,0,694,0,691,0.032,1.6307057321335943e+34,0.0,2.7302352164993253e+23,18832,16829,0.0,0.0,0.0,-0.0,-0.0,-0.0,70.0,60.0,66,0.0,0.0,10.0,2.0,0.0,0.0,0.0,0.0,0.0,0.0,0.0,0.0,0.0,0.0,0.0,0.0,65.6,69,16,65516,49,65476,0,300,0,0,8,20529,65476,0,0,32768,60.0,0.0,10.0,10.0,2.0,0.0
2026-02-05T14:27:58,ERR,ERR,ERR,ERR,ERR,ERR,ERR,ERR,ERR,ERR,ERR,ERR,ERR,ERR,ERR,ERR,ERR,ERR,ERR,ERR,ERR,ERR,ERR,ERR,ERR,ERR,ERR,ERR,ERR,ERR,ERR,ERR,ERR,ERR,ERR,ERR,ERR,ERR,ERR,ERR,ERR,ERR,ERR,ERR,ERR,ERR,ERR,ERR,ERR,ERR,ERR,ERR,ERR,ERR,ERR,ERR,ERR,ERR,ERR,ERR,ERR,ERR,ERR,ERR,ERR,ERR,ERR,ERR,ERR,ERR,ERR,ERR,ERR,ERR,ERR,ERR,ERR,ERR,ERR,ERR,ERR,ERR,ERR,ERR,ERR,ERR,ERR,ERR,ERR,ERR,ERR,ERR,ERR,ERR,ERR,ERR,ERR,ERR,ERR,ERR,ERR,ERR,ERR,ERR,ERR,ERR,ERR,ERR,ERR,ERR,ERR,ERR,ERR,ERR,ERR,ERR,ERR,ERR,ERR,ERR,ERR,ERR,ERR,ERR,ERR,2.718450016850437e+23,-0.0,2.8364315368646023e+23,-107613408.0,-4.209512871143983e+25,5.352,-2.054565705782969e+35,-4420051776045056.0,5800,0,8,17276,5800,14723891331072.0,100,0.0,0.0,-107613408.0,0.0,1.9056969178834534e+17,0,0,0,0,nan,0,0,0,0,0,0,0,0,0,0,0,0,0,0,0,0,0,0,0,0,0,0,0,0,0,0,0,0,0,0,0,0,0,10,52,51,61,65476,612,65476,1,0,4,21553,0.0,-107613536.0,0.0,0.0,0.0,0.0,0.0,0.0,0.0,0.0,0.0,0.0,0.0,0.0,0.0,0.0,0.0,0.0,0.0,0.0,0.0,2.004,3.697074423243316e+19,-0.0,-0.0,-2.004,0.0,0.0,0.0,0.0,6640.0,0.0,0.0,2.718450016850437e+23,-0.0,-107616232.0,-107616440.0,-0.0,0.0,2.004,2.004,245,-0.0,-0.0,0.0,0.0,0.0,0.0,0.0,0.0,0.0,0,0,0,-8.298485670435881e+17,-0.0,-2.9960805565194806e+30,30409513500672.0,-0.0,7.215075016059126e+18,-0.0,-0.0,-7.906595869714888e+35,1.0968785667286604e+24,-9.308390048740894e+35,-0.0,-0.0,-0.0,0.0,7.502889776815538e+18,0,1.3516416376850534e+27,245,0.0,490,0.0,-0.0,2050,52429,17150,39322,17152,39322,17144,0,0,0,105,99,100,-107615312.0,69.3,-0.0,69.6,0.0,69.5,1,47,48,180,0,13107,0,0,0.0,0.0,0.0,60.0,0.0,74.5,0.0,0.0,0.0,1270,0,1276,0,0,0,1274,0,1286,0,1243,0,696,0,698,0,694,0,691,0.032,1.6307057321335943e+34,0.0,2.7302352164993253e+23,18832,16829,0.0,0.0,0.0,-0.0,-0.0,-0.0,70.0,60.0,66,0.0,0.0,10.0,2.0,0.0,0.0,0.0,0.0,0.0,0.0,0.0,0.0,0.0,0.0,0.0,0.0,65.2,69,16,65516,49,65476,0,300,0,0,8,20529,65476,0,0,38011,60.0,0.0,10.0,10.0,2.0,0.0
2026-02-05T14:27:59,ERR,ERR,ERR,ERR,ERR,ERR,ERR,ERR,ERR,ERR,ERR,ERR,ERR,ERR,ERR,ERR,ERR,ERR,ERR,ERR,ERR,ERR,ERR,ERR,ERR,ERR,ERR,ERR,ERR,ERR,ERR,ERR,ERR,ERR,ERR,ERR,ERR,ERR,ERR,ERR,ERR,ERR,ERR,ERR,ERR,ERR,ERR,ERR,ERR,ERR,ERR,ERR,ERR,ERR,ERR,ERR,ERR,ERR,ERR,ERR,ERR,ERR,ERR,ERR,ERR,ERR,ERR,ERR,ERR,ERR,ERR,ERR,ERR,ERR,ERR,ERR,ERR,ERR,ERR,ERR,ERR,ERR,ERR,ERR,ERR,ERR,ERR,ERR,ERR,ERR,ERR,ERR,ERR,ERR,ERR,ERR,ERR,ERR,ERR,ERR,ERR,ERR,ERR,ERR,ERR,ERR,ERR,ERR,ERR,ERR,ERR,ERR,ERR,ERR,ERR,ERR,ERR,ERR,ERR,ERR,ERR,ERR,ERR,ERR,ERR,2.718450016850437e+23,-0.0,2.8364315368646023e+23,-107613408.0,-4.209512871143983e+25,5.352,-2.054565705782969e+35,-4420051776045056.0,5800,0,8,17276,5800,14723891331072.0,100,0.0,0.0,-107613408.0,0.0,1.9056969178834534e+17,0,0,0,0,nan,0,0,0,0,0,0,0,0,0,0,0,0,0,0,0,0,0,0,0,0,0,0,0,0,0,0,0,0,0,0,0,0,0,10,52,51,61,65476,612,65476,1,0,4,21553,0.0,-107613536.0,0.0,0.0,0.0,0.0,0.0,0.0,0.0,0.0,0.0,0.0,0.0,0.0,0.0,0.0,0.0,0.0,0.0,0.0,0.0,2.004,3.697074423243316e+19,-0.0,-0.0,-2.004,0.0,0.0,0.0,0.0,6640.0,0.0,0.0,2.718450016850437e+23,-0.0,-107616232.0,-107616440.0,-0.0,0.0,2.004,2.004,245,-0.0,-0.0,0.0,0.0,0.0,0.0,0.0,0.0,0.0,0,0,0,-8.298485670435881e+17,-0.0,-2.9960805565194806e+30,30409513500672.0,-0.0,7.215075016059126e+18,-0.0,-0.0,-7.906595869714888e+35,1.0968785667286604e+24,-9.308390048740894e+35,-0.0,-0.0,-0.0,0.0,7.502889776815538e+18,0,1.3516416376850534e+27,245,0.0,490,0.0,-0.0,2050,52429,17150,39322,17152,39322,17144,0,0,0,105,99,100,-107615312.0,69.3,-0.0,69.6,0.0,69.5,1,47,48,180,0,13107,0,0,0.0,0.0,0.0,60.0,0.0,74.5,0.0,0.0,0.0,1270,0,1276,0,0,0,1274,0,1286,0,1243,0,696,0,698,0,694,0,691,0.032,1.6307057321335943e+34,0.0,2.7302352164993253e+23,18832,16829,0.0,0.0,0.0,-0.0,-0.0,-0.0,70.0,60.0,66,0.0,0.0,10.0,2.0,0.0,0.0,0.0,0.0,0.0,0.0,0.0,0.0,0.0,0.0,0.0,0.0,65.2,69,16,65516,49,65476,0,300,0,0,8,20529,65476,0,0,38011,60.0,0.0,10.0,10.0,2.0,0.0
2026-02-05T14:28:00,ERR,ERR,ERR,ERR,ERR,ERR,ERR,ERR,ERR,ERR,ERR,ERR,ERR,ERR,ERR,ERR,ERR,ERR,ERR,ERR,ERR,ERR,ERR,ERR,ERR,ERR,ERR,ERR,ERR,ERR,ERR,ERR,ERR,ERR,ERR,ERR,ERR,ERR,ERR,ERR,ERR,ERR,ERR,ERR,ERR,ERR,ERR,ERR,ERR,ERR,ERR,ERR,ERR,ERR,ERR,ERR,ERR,ERR,ERR,ERR,ERR,ERR,ERR,ERR,ERR,ERR,ERR,ERR,ERR,ERR,ERR,ERR,ERR,ERR,ERR,ERR,ERR,ERR,ERR,ERR,ERR,ERR,ERR,ERR,ERR,ERR,ERR,ERR,ERR,ERR,ERR,ERR,ERR,ERR,ERR,ERR,ERR,ERR,ERR,ERR,ERR,ERR,ERR,ERR,ERR,ERR,ERR,ERR,ERR,ERR,ERR,ERR,ERR,ERR,ERR,ERR,ERR,ERR,ERR,ERR,ERR,ERR,ERR,ERR,ERR,2.718450016850437e+23,-0.0,2.8364315368646023e+23,-107613408.0,-4.209512871143983e+25,5.352,-2.054565705782969e+35,-4420051776045056.0,5800,0,8,17276,5800,14723891331072.0,100,0.0,0.0,-107613408.0,0.0,1.9056969178834534e+17,0,0,0,0,nan,0,0,0,0,0,0,0,0,0,0,0,0,0,0,0,0,0,0,0,0,0,0,0,0,0,0,0,0,0,0,0,0,0,10,52,51,61,65476,612,65476,1,0,4,21553,0.0,-107613536.0,0.0,0.0,0.0,0.0,0.0,0.0,0.0,0.0,0.0,0.0,0.0,0.0,0.0,0.0,0.0,0.0,0.0,0.0,0.0,2.004,3.697074423243316e+19,-0.0,-0.0,-2.004,0.0,0.0,0.0,0.0,6640.0,0.0,0.0,2.718450016850437e+23,-0.0,-107616232.0,-107616440.0,-0.0,0.0,2.004,2.004,245,-0.0,-0.0,0.0,0.0,0.0,0.0,0.0,0.0,0.0,0,0,0,-8.298485670435881e+17,-0.0,-2.9960805565194806e+30,30409513500672.0,-0.0,7.215075016059126e+18,-0.0,-0.0,-7.906595869714888e+35,1.0968785667286604e+24,-9.308390048740894e+35,-0.0,-0.0,-0.0,0.0,7.502889776815538e+18,0,1.3516416376850534e+27,245,0.0,490,0.0,-0.0,2050,52429,17150,39322,17152,39322,17144,0,0,0,105,99,100,-107615312.0,69.3,-0.0,69.6,0.0,69.5,1,47,48,180,0,13107,0,0,0.0,0.0,0.0,60.0,0.0,74.5,0.0,0.0,0.0,1270,0,1276,0,0,0,1274,0,1286,0,1243,0,696,0,698,0,694,0,691,0.032,1.6307057321335943e+34,0.0,2.7302352164993253e+23,18832,16829,0.0,0.0,0.0,-0.0,-0.0,-0.0,70.0,60.0,66,0.0,0.0,10.0,2.0,0.0,0.0,0.0,0.0,0.0,0.0,0.0,0.0,0.0,0.0,0.0,0.0,65.2,69,16,65516,49,65476,0,300,0,0,8,20529,65476,0,0,38011,60.0,0.0,10.0,10.0,2.0,0.0
2026-02-05T14:28:01,ERR,ERR,ERR,ERR,ERR,ERR,ERR,ERR,ERR,ERR,ERR,ERR,ERR,ERR,ERR,ERR,ERR,ERR,ERR,ERR,ERR,ERR,ERR,ERR,ERR,ERR,ERR,ERR,ERR,ERR,ERR,ERR,ERR,ERR,ERR,ERR,ERR,ERR,ERR,ERR,ERR,ERR,ERR,ERR,ERR,ERR,ERR,ERR,ERR,ERR,ERR,ERR,ERR,ERR,ERR,ERR,ERR,ERR,ERR,ERR,ERR,ERR,ERR,ERR,ERR,ERR,ERR,ERR,ERR,ERR,ERR,ERR,ERR,ERR,ERR,ERR,ERR,ERR,ERR,ERR,ERR,ERR,ERR,ERR,ERR,ERR,ERR,ERR,ERR,ERR,ERR,ERR,ERR,ERR,ERR,ERR,ERR,ERR,ERR,ERR,ERR,ERR,ERR,ERR,ERR,ERR,ERR,ERR,ERR,ERR,ERR,ERR,ERR,ERR,ERR,ERR,ERR,ERR,ERR,ERR,ERR,ERR,ERR,ERR,ERR,2.718450016850437e+23,-0.0,2.8364315368646023e+23,-107613408.0,-4.209512871143983e+25,5.352,-2.054565705782969e+35,-4420051776045056.0,5800,0,8,17276,5800,14723891331072.0,100,0.0,0.0,-107613408.0,0.0,1.9056969178834534e+17,0,0,0,0,nan,0,0,0,0,0,0,0,0,0,0,0,0,0,0,0,0,0,0,0,0,0,0,0,0,0,0,0,0,0,0,0,0,0,10,52,51,61,65476,612,65476,1,0,4,21553,0.0,-107613536.0,0.0,0.0,0.0,0.0,0.0,0.0,0.0,0.0,0.0,0.0,0.0,0.0,0.0,0.0,0.0,0.0,0.0,0.0,0.0,2.004,3.697074423243316e+19,-0.0,-0.0,-2.004,0.0,0.0,0.0,0.0,6640.0,0.0,0.0,2.718450016850437e+23,-0.0,-107616232.0,-107616440.0,-0.0,0.0,2.004,2.004,245,-0.0,-0.0,0.0,0.0,0.0,0.0,0.0,0.0,0.0,0,0,0,-8.298485670435881e+17,-0.0,-2.9960805565194806e+30,30409513500672.0,-0.0,7.215075016059126e+18,-0.0,-0.0,-7.906595869714888e+35,1.0968785667286604e+24,-9.308390048740894e+35,-0.0,-0.0,-0.0,0.0,7.502889776815538e+18,0,1.3516416376850534e+27,245,0.0,490,0.0,-0.0,2050,52429,17150,39322,17152,39322,17144,0,0,0,105,99,100,-107615312.0,69.3,-0.0,69.6,0.0,69.5,1,47,48,180,0,26215,0,0,0.0,0.0,0.0,60.0,0.0,74.5,0.0,0.0,0.0,1270,0,1277,0,0,0,1274,0,1286,0,1243,0,697,0,698,0,694,0,691,0.032,1.3386390338410102e+34,-2.004,0.0,13968,16829,0.0,0.0,8.28947929581486e+16,0.0,-13648290.0,-3100628159037440.0,70.0,60.0,66,0.0,0.0,10.0,2.0,0.0,0.0,0.0,0.0,0.0,0.0,0.0,0.0,0.0,0.0,0.0,0.0,65.2,69,16,65516,49,65476,0,300,0,0,8,20529,65476,0,0,38011,60.0,0.0,10.0,10.0,2.0,0.0
2026-02-05T14:28:02,ERR,ERR,ERR,ERR,ERR,ERR,ERR,ERR,ERR,ERR,ERR,ERR,ERR,ERR,ERR,ERR,ERR,ERR,ERR,ERR,ERR,ERR,ERR,ERR,ERR,ERR,ERR,ERR,ERR,ERR,ERR,ERR,ERR,ERR,ERR,ERR,ERR,ERR,ERR,ERR,ERR,ERR,ERR,ERR,ERR,ERR,ERR,ERR,ERR,ERR,ERR,ERR,ERR,ERR,ERR,ERR,ERR,ERR,ERR,ERR,ERR,ERR,ERR,ERR,ERR,ERR,ERR,ERR,ERR,ERR,ERR,ERR,ERR,ERR,ERR,ERR,ERR,ERR,ERR,ERR,ERR,ERR,ERR,ERR,ERR,ERR,ERR,ERR,ERR,ERR,ERR,ERR,ERR,ERR,ERR,ERR,ERR,ERR,ERR,ERR,ERR,ERR,ERR,ERR,ERR,ERR,ERR,ERR,ERR,ERR,ERR,ERR,ERR,ERR,ERR,ERR,ERR,ERR,ERR,ERR,ERR,ERR,ERR,ERR,ERR,2.718450016850437e+23,-0.0,2.8364315368646023e+23,0.0,-0.0,-0.0,0.0,-0.0,5800,0,8,17275,5800,-0.0,100,0.0,0.0,0.0,0.0,1.9056969178834534e+17,0,0,0,0,nan,0,0,0,0,0,0,0,0,0,0,0,0,0,0,0,0,0,0,0,0,0,0,0,0,0,0,0,0,0,0,0,0,0,10,52,51,61,65476,612,65476,1,0,4,21553,0.0,0.0,0.0,0.0,0.0,0.0,0.0,0.0,0.0,0.0,0.0,0.0,0.0,0.0,0.0,0.0,0.0,0.0,0.0,0.0,0.0,2.004,3.697074423243316e+19,-0.0,-0.0,0.0,0.0,0.0,0.0,0.0,6645.0,-0.0,0.0,2.718450016850437e+23,-0.0,-107616232.0,0.0,-0.0,0.0,2.004,2.004,246,-0.0,-126841028608.0,0.0,0.0,0.0,0.0,0.0,0.0,0.0,0,0,0,-995154816.0,0.0,-1.480954490541893e+37,-3.170228963062579e+16,-0.0,-0.0,-9.25654313919156e+35,-1.2525007542973104e+20,-0.0,1.3626206324722633e+24,-1.1333385823569477e+36,-0.0,-0.0,-0.0,0.0,-1.8517598569826314e+34,0,1.3516416376850534e+27,245,0.0,490,2.751745971104746e+27,7.503069267377585e+25,2050,52429,17150,39322,17152,39322,17144,0,0,0,105,99,100,-107615312.0,69.3,-0.0,69.6,0.0,69.5,1,47,48,180,0,26215,0,0,0.0,0.0,0.0,60.0,0.0,74.5,0.0,0.0,0.0,1270,0,1277,0,0,0,1274,0,1286,0,1243,0,697,0,698,0,694,0,691,0.032,1.3386390338410102e+34,-2.004,0.0,13968,16829,0.0,0.0,8.28947929581486e+16,0.0,-13648290.0,-3100628159037440.0,70.0,60.0,66,0.0,0.0,10.0,2.0,0.0,0.0,0.0,0.0,0.0,0.0,0.0,0.0,0.0,0.0,0.0,0.0,65.2,69,16,65516,49,65476,0,300,0,0,8,20529,65476,0,0,35389,60.0,0.0,10.0,10.0,2.0,0.0
2026-02-05T14:28:03,ERR,ERR,ERR,ERR,ERR,ERR,ERR,ERR,ERR,ERR,ERR,ERR,ERR,ERR,ERR,ERR,ERR,ERR,ERR,ERR,ERR,ERR,ERR,ERR,ERR,ERR,ERR,ERR,ERR,ERR,ERR,ERR,ERR,ERR,ERR,ERR,ERR,ERR,ERR,ERR,ERR,ERR,ERR,ERR,ERR,ERR,ERR,ERR,ERR,ERR,ERR,ERR,ERR,ERR,ERR,ERR,ERR,ERR,ERR,ERR,ERR,ERR,ERR,ERR,ERR,ERR,ERR,ERR,ERR,ERR,ERR,ERR,ERR,ERR,ERR,ERR,ERR,ERR,ERR,ERR,ERR,ERR,ERR,ERR,ERR,ERR,ERR,ERR,ERR,ERR,ERR,ERR,ERR,ERR,ERR,ERR,ERR,ERR,ERR,ERR,ERR,ERR,ERR,ERR,ERR,ERR,ERR,ERR,ERR,ERR,ERR,ERR,ERR,ERR,ERR,ERR,ERR,ERR,ERR,ERR,ERR,ERR,ERR,ERR,ERR,2.718450016850437e+23,-0.0,2.8364315368646023e+23,0.0,-0.0,-0.0,0.0,-0.0,5800,0,8,17275,5800,-0.0,100,0.0,0.0,0.0,0.0,1.9056969178834534e+17,0,0,0,0,nan,0,0,0,0,0,0,0,0,0,0,0,0,0,0,0,0,0,0,0,0,0,0,0,0,0,0,0,0,0,0,0,0,0,10,52,51,61,65476,612,65476,1,0,4,21553,0.0,0.0,0.0,0.0,0.0,0.0,0.0,0.0,0.0,0.0,0.0,0.0,0.0,0.0,0.0,0.0,0.0,0.0,0.0,0.0,0.0,2.004,3.697074423243316e+19,-0.0,-0.0,0.0,0.0,0.0,0.0,0.0,6645.0,-0.0,0.0,2.718450016850437e+23,-0.0,-107616232.0,0.0,-0.0,0.0,2.004,2.004,246,-0.0,-126841028608.0,0.0,0.0,0.0,0.0,0.0,0.0,0.0,0,0,0,-995154816.0,0.0,-1.480954490541893e+37,-3.170228963062579e+16,-0.0,-0.0,-9.25654313919156e+35,-1.2525007542973104e+20,-0.0,1.3626206324722633e+24,-1.1333385823569477e+36,-0.0,-0.0,-0.0,0.0,-1.8517598569826314e+34,0,1.3516416376850534e+27,245,0.0,490,2.751745971104746e+27,7.503069267377585e+25,2050,52429,17150,39322,17152,39322,17144,0,0,0,105,99,100,-107615312.0,69.3,-0.0,69.6,0.0,69.5,1,47,48,180,0,26215,0,0,0.0,0.0,0.0,60.0,0.0,74.5,0.0,0.0,0.0,1270,0,1277,0,0,0,1274,0,1286,0,1243,0,697,0,698,0,694,0,691,0.032,1.3386390338410102e+34,-2.004,0.0,13968,16829,0.0,0.0,8.28947929581486e+16,0.0,-13648290.0,-3100628159037440.0,70.0,60.0,66,0.0,0.0,10.0,2.0,0.0,0.0,0.0,0.0,0.0,0.0,0.0,0.0,0.0,0.0,0.0,0.0,65.2,69,16,65516,49,65476,0,300,0,0,8,20529,65476,0,0,41943,60.0,0.0,10.0,10.0,2.0,0.0
2026-02-05T14:28:04,ERR,ERR,ERR,ERR,ERR,ERR,ERR,ERR,ERR,ERR,ERR,ERR,ERR,ERR,ERR,ERR,ERR,ERR,ERR,ERR,ERR,ERR,ERR,ERR,ERR,ERR,ERR,ERR,ERR,ERR,ERR,ERR,ERR,ERR,ERR,ERR,ERR,ERR,ERR,ERR,ERR,ERR,ERR,ERR,ERR,ERR,ERR,ERR,ERR,ERR,ERR,ERR,ERR,ERR,ERR,ERR,ERR,ERR,ERR,ERR,ERR,ERR,ERR,ERR,ERR,ERR,ERR,ERR,ERR,ERR,ERR,ERR,ERR,ERR,ERR,ERR,ERR,ERR,ERR,ERR,ERR,ERR,ERR,ERR,ERR,ERR,ERR,ERR,ERR,ERR,ERR,ERR,ERR,ERR,ERR,ERR,ERR,ERR,ERR,ERR,ERR,ERR,ERR,ERR,ERR,ERR,ERR,ERR,ERR,ERR,ERR,ERR,ERR,ERR,ERR,ERR,ERR,ERR,ERR,ERR,ERR,ERR,ERR,ERR,ERR,2.718450016850437e+23,-0.0,2.8364315368646023e+23,0.0,-0.0,-0.0,0.0,-0.0,5800,0,8,17275,5800,-0.0,100,0.0,0.0,0.0,0.0,1.9056969178834534e+17,0,0,0,0,nan,0,0,0,0,0,0,0,0,0,0,0,0,0,0,0,0,0,0,0,0,0,0,0,0,0,0,0,0,0,0,0,0,0,10,52,51,61,65476,612,65476,1,0,4,21553,0.0,0.0,0.0,0.0,0.0,0.0,0.0,0.0,0.0,0.0,0.0,0.0,0.0,0.0,0.0,0.0,0.0,0.0,0.0,0.0,0.0,2.004,3.697074423243316e+19,-0.0,-0.0,0.0,0.0,0.0,0.0,0.0,6645.0,-0.0,0.0,2.718450016850437e+23,-0.0,-107616232.0,0.0,-0.0,0.0,2.004,2.004,246,-0.0,-126841028608.0,0.0,0.0,0.0,0.0,0.0,0.0,0.0,0,0,0,-995154816.0,0.0,-1.480954490541893e+37,-3.170228963062579e+16,-0.0,-0.0,-9.25654313919156e+35,-1.2525007542973104e+20,-0.0,1.3626206324722633e+24,-1.1333385823569477e+36,-0.0,-0.0,-0.0,0.0,-1.8517598569826314e+34,0,1.3516416376850534e+27,245,0.0,490,2.751745971104746e+27,7.503069267377585e+25,2050,52429,17150,39322,17152,39322,17144,0,0,0,105,99,100,-107615312.0,69.3,-0.0,69.6,0.0,69.5,1,47,48,180,0,26215,0,0,0.0,0.0,0.0,60.0,0.0,74.5,0.0,-0.0,0.0,1271,0,1277,0,0,0,1274,0,1286,0,1243,0,697,0,698,0,694,0,691,0.032,1.3305260699995496e+34,-2.004,0.0,5136,16829,0.0,0.0,0.0,-0.0,-0.0,-0.0,70.0,60.0,66,0.0,0.0,10.0,2.0,0.0,0.0,0.0,0.0,0.0,0.0,0.0,0.0,0.0,0.0,0.0,0.0,65.2,69,16,65516,49,65476,0,300,0,0,8,20529,65476,0,0,41943,60.0,0.0,10.0,10.0,2.0,0.0
2026-02-05T14:28:05,ERR,ERR,ERR,ERR,ERR,ERR,ERR,ERR,ERR,ERR,ERR,ERR,ERR,ERR,ERR,ERR,ERR,ERR,ERR,ERR,ERR,ERR,ERR,ERR,ERR,ERR,ERR,ERR,ERR,ERR,ERR,ERR,ERR,ERR,ERR,ERR,ERR,ERR,ERR,ERR,ERR,ERR,ERR,ERR,ERR,ERR,ERR,ERR,ERR,ERR,ERR,ERR,ERR,ERR,ERR,ERR,ERR,ERR,ERR,ERR,ERR,ERR,ERR,ERR,ERR,ERR,ERR,ERR,ERR,ERR,ERR,ERR,ERR,ERR,ERR,ERR,ERR,ERR,ERR,ERR,ERR,ERR,ERR,ERR,ERR,ERR,ERR,ERR,ERR,ERR,ERR,ERR,ERR,ERR,ERR,ERR,ERR,ERR,ERR,ERR,ERR,ERR,ERR,ERR,ERR,ERR,ERR,ERR,ERR,ERR,ERR,ERR,ERR,ERR,ERR,ERR,ERR,ERR,ERR,ERR,ERR,ERR,ERR,ERR,ERR,2.718450016850437e+23,-0.0,2.8364315368646023e+23,0.0,-0.0,-0.0,0.0,-0.0,5800,0,8,17275,5800,-0.0,100,0.0,0.0,0.0,0.0,1.9056969178834534e+17,0,0,0,0,nan,0,0,0,0,0,0,0,0,0,0,0,0,0,0,0,0,0,0,0,0,0,0,0,0,0,0,0,0,0,0,0,0,0,10,52,51,61,65476,612,65476,1,0,4,21553,0.0,0.0,0.0,0.0,0.0,0.0,0.0,0.0,0.0,0.0,0.0,0.0,0.0,0.0,0.0,0.0,0.0,0.0,0.0,0.0,0.0,2.004,3.697074423243316e+19,-0.0,-0.0,0.0,0.0,0.0,0.0,0.0,6645.0,-0.0,0.0,2.718450016850437e+23,-0.0,-107616232.0,0.0,-0.0,0.0,2.004,2.004,246,-0.0,-126841028608.0,0.0,0.0,0.0,0.0,0.0,0.0,0.0,0,0,0,-995154816.0,0.0,-1.480954490541893e+37,-3.170228963062579e+16,-0.0,-0.0,-9.25654313919156e+35,-1.2525007542973104e+20,-0.0,1.3626206324722633e+24,-1.1333385823569477e+36,-0.0,-0.0,-0.0,0.0,-1.8517598569826314e+34,0,1.3516416376850534e+27,245,0.0,490,2.751745971104746e+27,7.503069267377585e+25,2050,52429,17150,39322,17152,39322,17144,0,0,0,105,99,100,-107615312.0,69.3,-0.0,69.6,0.0,69.5,1,47,48,180,0,26215,0,0,0.0,0.0,0.0,60.0,0.0,74.5,0.0,-0.0,0.0,1271,0,1277,0,0,0,1274,0,1286,0,1243,0,697,0,698,0,694,0,691,0.032,1.3305260699995496e+34,-2.004,0.0,5136,16829,0.0,0.0,0.0,-0.0,-0.0,-0.0,70.0,60.0,66,0.0,0.0,10.0,2.0,0.0,0.0,0.0,0.0,0.0,0.0,0.0,0.0,0.0,0.0,0.0,0.0,65.2,69,16,65516,49,65476,0,300,0,0,8,20529,65476,0,0,40632,60.0,0.0,10.0,10.0,2.0,0.0
2026-02-05T14:28:06,ERR,ERR,ERR,ERR,ERR,ERR,ERR,ERR,ERR,ERR,ERR,ERR,ERR,ERR,ERR,ERR,ERR,ERR,ERR,ERR,ERR,ERR,ERR,ERR,ERR,ERR,ERR,ERR,ERR,ERR,ERR,ERR,ERR,ERR,ERR,ERR,ERR,ERR,ERR,ERR,ERR,ERR,ERR,ERR,ERR,ERR,ERR,ERR,ERR,ERR,ERR,ERR,ERR,ERR,ERR,ERR,ERR,ERR,ERR,ERR,ERR,ERR,ERR,ERR,ERR,ERR,ERR,ERR,ERR,ERR,ERR,ERR,ERR,ERR,ERR,ERR,ERR,ERR,ERR,ERR,ERR,ERR,ERR,ERR,ERR,ERR,ERR,ERR,ERR,ERR,ERR,ERR,ERR,ERR,ERR,ERR,ERR,ERR,ERR,ERR,ERR,ERR,ERR,ERR,ERR,ERR,ERR,ERR,ERR,ERR,ERR,ERR,ERR,ERR,ERR,ERR,ERR,ERR,ERR,ERR,ERR,ERR,ERR,ERR,ERR,2.718450016850437e+23,-0.0,2.8364315368646023e+23,0.0,-0.0,-0.0,0.0,-0.0,5800,0,8,17275,5800,-0.0,100,0.0,0.0,0.0,0.0,1.9056969178834534e+17,0,0,0,0,nan,0,0,0,0,0,0,0,0,0,0,0,0,0,0,0,0,0,0,0,0,0,0,0,0,0,0,0,0,0,0,0,0,0,10,52,51,61,65476,612,65476,1,0,4,21553,0.0,0.0,0.0,0.0,0.0,0.0,0.0,0.0,0.0,0.0,0.0,0.0,0.0,0.0,0.0,0.0,0.0,0.0,0.0,0.0,0.0,2.004,3.697074423243316e+19,-0.0,-0.0,0.0,0.0,0.0,0.0,0.0,6645.0,-0.0,0.0,2.718450016850437e+23,-0.0,-107616232.0,0.0,-0.0,0.0,2.004,2.004,246,-0.0,-126841028608.0,0.0,0.0,0.0,0.0,0.0,0.0,0.0,0,0,0,-995154816.0,0.0,-1.480954490541893e+37,-3.170228963062579e+16,-0.0,-0.0,-9.25654313919156e+35,-1.2525007542973104e+20,-0.0,1.3626206324722633e+24,-1.1333385823569477e+36,-0.0,-0.0,-0.0,0.0,-1.8517598569826314e+34,0,1.3516416376850534e+27,245,0.0,490,2.751745971104746e+27,7.503069267377585e+25,2050,52429,17150,39322,17152,39322,17144,0,0,0,105,99,100,-107615312.0,69.3,-0.0,69.6,0.0,69.5,1,47,48,180,0,26215,0,0,0.0,0.0,0.0,60.0,0.0,74.5,0.0,-0.0,0.0,1271,0,1277,0,0,0,1274,0,1286,0,1243,0,697,0,698,0,694,0,691,0.032,1.3305260699995496e+34,-2.004,0.0,5136,16829,0.0,0.0,0.0,-0.0,-0.0,-0.0,70.0,60.0,66,0.0,0.0,10.0,2.0,0.0,0.0,0.0,0.0,0.0,0.0,0.0,0.0,0.0,0.0,0.0,0.0,65.2,69,16,65516,49,65476,0,300,0,0,8,20529,65476,0,0,40632,60.0,0.0,10.0,10.0,2.0,0.0
2026-02-05T14:28:07,ERR,ERR,ERR,ERR,ERR,ERR,ERR,ERR,ERR,ERR,ERR,ERR,ERR,ERR,ERR,ERR,ERR,ERR,ERR,ERR,ERR,ERR,ERR,ERR,ERR,ERR,ERR,ERR,ERR,ERR,ERR,ERR,ERR,ERR,ERR,ERR,ERR,ERR,ERR,ERR,ERR,ERR,ERR,ERR,ERR,ERR,ERR,ERR,ERR,ERR,ERR,ERR,ERR,ERR,ERR,ERR,ERR,ERR,ERR,ERR,ERR,ERR,ERR,ERR,ERR,ERR,ERR,ERR,ERR,ERR,ERR,ERR,ERR,ERR,ERR,ERR,ERR,ERR,ERR,ERR,ERR,ERR,ERR,ERR,ERR,ERR,ERR,ERR,ERR,ERR,ERR,ERR,ERR,ERR,ERR,ERR,ERR,ERR,ERR,ERR,ERR,ERR,ERR,ERR,ERR,ERR,ERR,ERR,ERR,ERR,ERR,ERR,ERR,ERR,ERR,ERR,ERR,ERR,ERR,ERR,ERR,ERR,ERR,ERR,ERR,2.718450016850437e+23,-0.0,2.8364315368646023e+23,0.0,-0.0,-0.0,0.0,-0.0,5800,0,8,17275,5800,-0.0,100,0.0,0.0,0.0,0.0,1.9056969178834534e+17,0,0,0,0,nan,0,0,0,0,0,0,0,0,0,0,0,0,0,0,0,0,0,0,0,0,0,0,0,0,0,0,0,0,0,0,0,0,0,10,52,51,61,65476,612,65476,1,0,4,21553,0.0,0.0,0.0,0.0,0.0,0.0,0.0,0.0,0.0,0.0,0.0,0.0,0.0,0.0,0.0,0.0,0.0,0.0,0.0,0.0,0.0,2.004,3.697074423243316e+19,-0.0,-0.0,0.0,0.0,0.0,0.0,0.0,6645.0,-0.0,0.0,2.718450016850437e+23,-0.0,-107616232.0,0.0,-0.0,0.0,2.004,2.004,246,-0.0,-126841028608.0,0.0,0.0,0.0,0.0,0.0,0.0,0.0,0,0,0,-995154816.0,0.0,-1.480954490541893e+37,-3.170228963062579e+16,-0.0,-0.0,-9.25654313919156e+35,-1.2525007542973104e+20,-0.0,1.3626206324722633e+24,-1.1333385823569477e+36,-0.0,-0.0,-0.0,0.0,-1.8517598569826314e+34,0,1.3516416376850534e+27,245,0.0,490,2.751745971104746e+27,7.503069267377585e+25,2050,52429,17150,39322,17152,39322,17144,0,0,0,105,99,100,-107615312.0,69.3,-0.0,69.6,0.0,69.5,1,47,48,180,0,26215,0,0,0.0,0.0,0.0,60.0,0.0,74.5,0.0,-0.0,0.0,1271,0,1277,0,0,0,1274,0,1286,0,1243,0,697,0,698,0,694,0,691,0.032,1.3305260699995496e+34,-2.004,0.0,5136,16829,0.0,0.0,0.0,-0.0,-0.0,-0.0,70.0,60.0,66,0.0,0.0,10.0,2.0,0.0,0.0,0.0,0.0,0.0,0.0,0.0,0.0,0.0,0.0,0.0,0.0,65.2,69,16,65516,49,65476,0,300,0,0,8,20529,65476,0,0,40632,60.0,0.0,10.0,10.0,2.0,0.0
2026-02-05T14:28:08,ERR,ERR,ERR,ERR,ERR,ERR,ERR,ERR,ERR,ERR,ERR,ERR,ERR,ERR,ERR,ERR,ERR,ERR,ERR,ERR,ERR,ERR,ERR,ERR,ERR,ERR,ERR,ERR,ERR,ERR,ERR,ERR,ERR,ERR,ERR,ERR,ERR,ERR,ERR,ERR,ERR,ERR,ERR,ERR,ERR,ERR,ERR,ERR,ERR,ERR,ERR,ERR,ERR,ERR,ERR,ERR,ERR,ERR,ERR,ERR,ERR,ERR,ERR,ERR,ERR,ERR,ERR,ERR,ERR,ERR,ERR,ERR,ERR,ERR,ERR,ERR,ERR,ERR,ERR,ERR,ERR,ERR,ERR,ERR,ERR,ERR,ERR,ERR,ERR,ERR,ERR,ERR,ERR,ERR,ERR,ERR,ERR,ERR,ERR,ERR,ERR,ERR,ERR,ERR,ERR,ERR,ERR,ERR,ERR,ERR,ERR,ERR,ERR,ERR,ERR,ERR,ERR,ERR,ERR,ERR,ERR,ERR,ERR,ERR,ERR,2.718450016850437e+23,-0.0,2.8364315368646023e+23,-107613408.0,-4.209512871143983e+25,0.0,-3224260403265536.0,-1.2316199136878224e+37,5800,0,8,17276,5800,14723891331072.0,100,0.0,0.0,-107613408.0,0.0,1.9056969178834534e+17,0,0,0,0,nan,0,0,0,0,0,0,0,0,0,0,0,0,0,0,0,0,0,0,0,0,0,0,0,0,0,0,0,0,0,0,0,0,0,10,52,51,61,65476,612,65476,1,0,4,21553,0.0,0.0,0.0,0.0,0.0,0.0,0.0,0.0,0.0,0.0,0.0,0.0,0.0,0.0,0.0,0.0,0.0,0.0,0.0,0.0,0.0,2.004,3.697074423243316e+19,-0.0,-0.0,-0.0,0.0,0.0,0.0,0.0,6650.0,0.0,0.0,2.718450016850437e+23,-0.0,-107616232.0,-0.0,-0.0,0.0,2.004,2.004,245,-0.0,-0.0,0.0,0.0,0.0,0.0,0.0,0.0,0.0,0,0,0,-1763437.75,1.458376026581094e+30,-6.052590251646757e+25,-0.0,-0.0,-386418144.0,-696963825664.0,-0.0,8.867142232141862e+20,1.7498546840675742e+24,-1.373602105045905e+36,-0.0,-0.0,-0.0,0.0,-5.751729966288529e+24,0,1.3516416376850534e+27,245,0.0,490,0.0,-2678505888284672.0,2050,52429,17150,39322,17152,39322,17144,0,0,0,105,99,100,-107615312.0,69.3,-0.0,69.6,2.7302353966433104e+23,69.5,1,47,48,180,0,26215,0,0,0.0,0.0,0.0,60.0,0.0,74.5,0.0,0.0,0.0,1270,0,1277,0,0,0,1274,0,1286,0,1243,0,697,0,698,0,694,0,690,0.032,1.3305260699995496e+34,-0.0,0.0,17552,16829,0.0,0.0,0.0,-0.0,-0.0,-0.0,70.0,60.0,66,0.0,0.0,10.0,2.0,0.0,0.0,0.0,0.0,0.0,0.0,0.0,0.0,0.0,0.0,0.0,0.0,65.2,69,16,65516,49,65476,0,300,0,0,8,20529,65476,0,0,40632,60.0,0.0,10.0,10.0,2.0,0.0
2026-02-05T14:28:09,ERR,ERR,ERR,ERR,ERR,ERR,ERR,ERR,ERR,ERR,ERR,ERR,ERR,ERR,ERR,ERR,ERR,ERR,ERR,ERR,ERR,ERR,ERR,ERR,ERR,ERR,ERR,ERR,ERR,ERR,ERR,ERR,ERR,ERR,ERR,ERR,ERR,ERR,ERR,ERR,ERR,ERR,ERR,ERR,ERR,ERR,ERR,ERR,ERR,ERR,ERR,ERR,ERR,ERR,ERR,ERR,ERR,ERR,ERR,ERR,ERR,ERR,ERR,ERR,ERR,ERR,ERR,ERR,ERR,ERR,ERR,ERR,ERR,ERR,ERR,ERR,ERR,ERR,ERR,ERR,ERR,ERR,ERR,ERR,ERR,ERR,ERR,ERR,ERR,ERR,ERR,ERR,ERR,ERR,ERR,ERR,ERR,ERR,ERR,ERR,ERR,ERR,ERR,ERR,ERR,ERR,ERR,ERR,ERR,ERR,ERR,ERR,ERR,ERR,ERR,ERR,ERR,ERR,ERR,ERR,ERR,ERR,ERR,ERR,ERR,2.718450016850437e+23,-0.0,2.8364315368646023e+23,-107613408.0,-4.209512871143983e+25,0.0,-3224260403265536.0,-1.2316199136878224e+37,5800,0,8,17276,5800,14723891331072.0,100,0.0,0.0,-107613408.0,0.0,1.9056969178834534e+17,0,0,0,0,nan,0,0,0,0,0,0,0,0,0,0,0,0,0,0,0,0,0,0,0,0,0,0,0,0,0,0,0,0,0,0,0,0,0,10,52,51,61,65476,612,65476,1,0,4,21553,0.0,0.0,0.0,0.0,0.0,0.0,0.0,0.0,0.0,0.0,0.0,0.0,0.0,0.0,0.0,0.0,0.0,0.0,0.0,0.0,0.0,2.004,3.697074423243316e+19,-0.0,-0.0,-0.0,0.0,0.0,0.0,0.0,6650.0,0.0,0.0,2.718450016850437e+23,-0.0,-107616232.0,-0.0,-0.0,0.0,2.004,2.004,245,-0.0,-0.0,0.0,0.0,0.0,0.0,0.0,0.0,0.0,0,0,0,-1763437.75,1.458376026581094e+30,-6.052590251646757e+25,-0.0,-0.0,-386418144.0,-696963825664.0,-0.0,8.867142232141862e+20,1.7498546840675742e+24,-1.373602105045905e+36,-0.0,-0.0,-0.0,0.0,-5.751729966288529e+24,0,1.3516416376850534e+27,245,0.0,490,0.0,-2678505888284672.0,2050,52429,17150,39322,17152,39322,17144,0,0,0,105,99,100,-107615312.0,69.3,-0.0,69.6,2.7302353966433104e+23,69.5,1,47,48,180,0,26215,0,0,0.0,0.0,0.0,60.0,0.0,74.5,0.0,0.0,0.0,1270,0,1277,0,0,0,1274,0,1286,0,1243,0,697,0,698,0,694,0,690,0.032,1.3305260699995496e+34,-0.0,0.0,17552,16829,0.0,0.0,0.0,-0.0,-0.0,-0.0,70.0,60.0,66,0.0,0.0,10.0,2.0,0.0,0.0,0.0,0.0,0.0,0.0,0.0,0.0,0.0,0.0,0.0,0.0,65.2,69,16,65516,49,65476,0,300,0,0,8,20529,65476,0,0,38011,60.0,0.0,10.0,10.0,2.0,0.0
2026-02-05T14:28:10,ERR,ERR,ERR,ERR,ERR,ERR,ERR,ERR,ERR,ERR,ERR,ERR,ERR,ERR,ERR,ERR,ERR,ERR,ERR,ERR,ERR,ERR,ERR,ERR,ERR,ERR,ERR,ERR,ERR,ERR,ERR,ERR,ERR,ERR,ERR,ERR,ERR,ERR,ERR,ERR,ERR,ERR,ERR,ERR,ERR,ERR,ERR,ERR,ERR,ERR,ERR,ERR,ERR,ERR,ERR,ERR,ERR,ERR,ERR,ERR,ERR,ERR,ERR,ERR,ERR,ERR,ERR,ERR,ERR,ERR,ERR,ERR,ERR,ERR,ERR,ERR,ERR,ERR,ERR,ERR,ERR,ERR,ERR,ERR,ERR,ERR,ERR,ERR,ERR,ERR,ERR,ERR,ERR,ERR,ERR,ERR,ERR,ERR,ERR,ERR,ERR,ERR,ERR,ERR,ERR,ERR,ERR,ERR,ERR,ERR,ERR,ERR,ERR,ERR,ERR,ERR,ERR,ERR,ERR,ERR,ERR,ERR,ERR,ERR,ERR,2.718450016850437e+23,-0.0,2.8364315368646023e+23,-107613408.0,-4.209512871143983e+25,0.0,-3224260403265536.0,-1.2316199136878224e+37,5800,0,8,17276,5800,14723891331072.0,100,0.0,0.0,-107613408.0,0.0,1.9056969178834534e+17,0,0,0,0,nan,0,0,0,0,0,0,0,0,0,0,0,0,0,0,0,0,0,0,0,0,0,0,0,0,0,0,0,0,0,0,0,0,0,10,52,51,61,65476,612,65476,1,0,4,21553,0.0,0.0,0.0,0.0,0.0,0.0,0.0,0.0,0.0,0.0,0.0,0.0,0.0,0.0,0.0,0.0,0.0,0.0,0.0,0.0,0.0,2.004,3.697074423243316e+19,-0.0,-0.0,-0.0,0.0,0.0,0.0,0.0,6650.0,0.0,0.0,2.718450016850437e+23,-0.0,-107616232.0,-0.0,-0.0,0.0,2.004,2.004,245,-0.0,-0.0,0.0,0.0,0.0,0.0,0.0,0.0,0.0,0,0,0,-1763437.75,1.458376026581094e+30,-6.052590251646757e+25,-0.0,-0.0,-386418144.0,-696963825664.0,-0.0,8.867142232141862e+20,1.7498546840675742e+24,-1.373602105045905e+36,-0.0,-0.0,-0.0,0.0,-5.751729966288529e+24,0,1.3516416376850534e+27,245,0.0,490,0.0,-2678505888284672.0,2050,52429,17150,39322,17152,39322,17144,0,0,0,105,99,100,-107615312.0,69.3,-0.0,69.6,2.7302353966433104e+23,69.5,1,47,48,180,0,26215,0,0,0.0,0.0,0.0,60.0,0.0,74.5,0.0,0.0,0.0,1270,0,1277,0,0,0,1274,0,1286,0,1243,0,697,0,698,0,694,0,690,0.032,1.3305260699995496e+34,-0.0,0.0,17552,16829,0.0,0.0,0.0,-0.0,-0.0,-0.0,70.0,60.0,66,0.0,0.0,10.0,2.0,0.0,0.0,0.0,0.0,0.0,0.0,0.0,0.0,0.0,0.0,0.0,0.0,65.2,69,16,65516,49,65476,0,300,0,0,8,20529,65476,0,0,38011,60.0,0.0,10.0,10.0,2.0,0.0
2026-02-05T14:28:11,ERR,ERR,ERR,ERR,ERR,ERR,ERR,ERR,ERR,ERR,ERR,ERR,ERR,ERR,ERR,ERR,ERR,ERR,ERR,ERR,ERR,ERR,ERR,ERR,ERR,ERR,ERR,ERR,ERR,ERR,ERR,ERR,ERR,ERR,ERR,ERR,ERR,ERR,ERR,ERR,ERR,ERR,ERR,ERR,ERR,ERR,ERR,ERR,ERR,ERR,ERR,ERR,ERR,ERR,ERR,ERR,ERR,ERR,ERR,ERR,ERR,ERR,ERR,ERR,ERR,ERR,ERR,ERR,ERR,ERR,ERR,ERR,ERR,ERR,ERR,ERR,ERR,ERR,ERR,ERR,ERR,ERR,ERR,ERR,ERR,ERR,ERR,ERR,ERR,ERR,ERR,ERR,ERR,ERR,ERR,ERR,ERR,ERR,ERR,ERR,ERR,ERR,ERR,ERR,ERR,ERR,ERR,ERR,ERR,ERR,ERR,ERR,ERR,ERR,ERR,ERR,ERR,ERR,ERR,ERR,ERR,ERR,ERR,ERR,ERR,2.718450016850437e+23,-0.0,2.8364315368646023e+23,-107613408.0,-4.209512871143983e+25,0.0,-3224260403265536.0,-1.2316199136878224e+37,5800,0,8,17276,5800,14723891331072.0,100,0.0,0.0,-107613408.0,0.0,1.9056969178834534e+17,0,0,0,0,nan,0,0,0,0,0,0,0,0,0,0,0,0,0,0,0,0,0,0,0,0,0,0,0,0,0,0,0,0,0,0,0,0,0,10,52,51,61,65476,612,65476,1,0,4,21553,0.0,0.0,0.0,0.0,0.0,0.0,0.0,0.0,0.0,0.0,0.0,0.0,0.0,0.0,0.0,0.0,0.0,0.0,0.0,0.0,0.0,2.004,3.697074423243316e+19,-0.0,-0.0,-0.0,0.0,0.0,0.0,0.0,6650.0,0.0,0.0,2.718450016850437e+23,-0.0,-107616232.0,-0.0,-0.0,0.0,2.004,2.004,245,-0.0,-0.0,0.0,0.0,0.0,0.0,0.0,0.0,0.0,0,0,0,-1763437.75,1.458376026581094e+30,-6.052590251646757e+25,-0.0,-0.0,-386418144.0,-696963825664.0,-0.0,8.867142232141862e+20,1.7498546840675742e+24,-1.373602105045905e+36,-0.0,-0.0,-0.0,0.0,-5.751729966288529e+24,0,1.3516416376850534e+27,245,0.0,490,0.0,-2678505888284672.0,2050,52429,17150,39322,17152,39322,17144,0,0,0,105,99,100,-107615312.0,69.3,-0.0,69.6,2.7302353966433104e+23,69.5,1,47,48,180,0,26215,0,0,0.0,0.0,0.0,60.0,0.0,74.5,0.0,0.0,0.0,1270,0,1277,0,0,0,1274,0,1286,0,1243,0,697,0,698,0,694,0,690,0.032,1.3305260699995496e+34,-0.0,0.0,17552,16829,0.0,0.0,0.0,-0.0,-0.0,-0.0,70.0,60.0,66,0.0,0.0,10.0,2.0,0.0,0.0,0.0,0.0,0.0,0.0,0.0,0.0,0.0,0.0,0.0,0.0,65.6,69,16,65516,49,65476,0,300,0,0,8,20529,65476,0,0,38011,60.0,0.0,10.0,10.0,2.0,0.0
2026-02-05T14:28:12,ERR,ERR,ERR,ERR,ERR,ERR,ERR,ERR,ERR,ERR,ERR,ERR,ERR,ERR,ERR,ERR,ERR,ERR,ERR,ERR,ERR,ERR,ERR,ERR,ERR,ERR,ERR,ERR,ERR,ERR,ERR,ERR,ERR,ERR,ERR,ERR,ERR,ERR,ERR,ERR,ERR,ERR,ERR,ERR,ERR,ERR,ERR,ERR,ERR,ERR,ERR,ERR,ERR,ERR,ERR,ERR,ERR,ERR,ERR,ERR,ERR,ERR,ERR,ERR,ERR,ERR,ERR,ERR,ERR,ERR,ERR,ERR,ERR,ERR,ERR,ERR,ERR,ERR,ERR,ERR,ERR,ERR,ERR,ERR,ERR,ERR,ERR,ERR,ERR,ERR,ERR,ERR,ERR,ERR,ERR,ERR,ERR,ERR,ERR,ERR,ERR,ERR,ERR,ERR,ERR,ERR,ERR,ERR,ERR,ERR,ERR,ERR,ERR,ERR,ERR,ERR,ERR,ERR,ERR,ERR,ERR,ERR,ERR,ERR,ERR,2.718450016850437e+23,-0.0,2.8364315368646023e+23,-107613408.0,-4.209512871143983e+25,0.0,-3224260403265536.0,-1.2316199136878224e+37,5800,0,8,17276,5800,14723891331072.0,100,0.0,0.0,-107613408.0,0.0,1.9056969178834534e+17,0,0,0,0,nan,0,0,0,0,0,0,0,0,0,0,0,0,0,0,0,0,0,0,0,0,0,0,0,0,0,0,0,0,0,0,0,0,0,10,52,51,61,65476,612,65476,1,0,4,21553,0.0,0.0,0.0,0.0,0.0,0.0,0.0,0.0,0.0,0.0,0.0,0.0,0.0,0.0,0.0,0.0,0.0,0.0,0.0,0.0,0.0,2.004,3.697074423243316e+19,-0.0,-0.0,-0.0,0.0,0.0,0.0,0.0,6650.0,0.0,0.0,2.718450016850437e+23,-0.0,-107616232.0,-0.0,-0.0,0.0,2.004,2.004,245,-0.0,-0.0,0.0,0.0,0.0,0.0,0.0,0.0,0.0,0,0,0,-1763437.75,1.458376026581094e+30,-6.052590251646757e+25,-0.0,-0.0,-386418144.0,-696963825664.0,-0.0,8.867142232141862e+20,1.7498546840675742e+24,-1.373602105045905e+36,-0.0,-0.0,-0.0,0.0,-5.751729966288529e+24,0,1.3516416376850534e+27,245,0.0,490,0.0,-2678505888284672.0,2050,52429,17150,39322,17152,39322,17144,0,0,0,105,99,100,-107615312.0,69.3,-0.0,69.7,2.7302353966433104e+23,69.5,1,47,48,180,0,26215,0,0,0.0,0.0,0.0,60.0,0.0,74.5,0.0,0.0,0.0,1270,0,1277,0,0,0,1274,0,1286,0,1243,0,697,0,698,0,694,0,690,0.032,1.322413106158089e+34,-0.0,0.0,12688,16829,0.0,0.0,0.0,-0.0,-0.0,-0.0,70.0,60.0,66,0.0,0.0,10.0,2.0,0.0,0.0,0.0,0.0,0.0,0.0,0.0,0.0,0.0,0.0,0.0,0.0,65.6,69,16,65516,49,65476,0,300,0,0,8,20529,65476,0,0,38011,60.0,0.0,10.0,10.0,2.0,0.0
2026-02-05T14:28:13,ERR,ERR,ERR,ERR,ERR,ERR,ERR,ERR,ERR,ERR,ERR,ERR,ERR,ERR,ERR,ERR,ERR,ERR,ERR,ERR,ERR,ERR,ERR,ERR,ERR,ERR,ERR,ERR,ERR,ERR,ERR,ERR,ERR,ERR,ERR,ERR,ERR,ERR,ERR,ERR,ERR,ERR,ERR,ERR,ERR,ERR,ERR,ERR,ERR,ERR,ERR,ERR,ERR,ERR,ERR,ERR,ERR,ERR,ERR,ERR,ERR,ERR,ERR,ERR,ERR,ERR,ERR,ERR,ERR,ERR,ERR,ERR,ERR,ERR,ERR,ERR,ERR,ERR,ERR,ERR,ERR,ERR,ERR,ERR,ERR,ERR,ERR,ERR,ERR,ERR,ERR,ERR,ERR,ERR,ERR,ERR,ERR,ERR,ERR,ERR,ERR,ERR,ERR,ERR,ERR,ERR,ERR,ERR,ERR,ERR,ERR,ERR,ERR,ERR,ERR,ERR,ERR,ERR,ERR,ERR,ERR,ERR,ERR,ERR,ERR,2.718450016850437e+23,-0.0,2.8364315368646023e+23,-107613408.0,-4.209512871143983e+25,1.5722697015293334e+37,0.0,-0.0,5800,0,8,17276,5800,14723891331072.0,100,0.0,0.0,-107613408.0,0.0,1.9056969178834534e+17,0,0,0,0,nan,0,0,0,0,0,0,0,0,0,0,0,0,0,0,0,0,0,0,0,0,0,0,0,0,0,0,0,0,0,0,0,0,0,10,52,51,61,65476,612,65476,1,0,4,21553,0.0,-0.0,0.0,0.0,0.0,0.0,0.0,0.0,0.0,0.0,0.0,0.0,0.0,0.0,0.0,0.0,0.0,0.0,0.0,0.0,0.0,2.004,3.697074423243316e+19,-0.0,-0.0,2.004,0.0,0.0,0.0,0.0,6645.0,2.004,0.0,2.718450016850437e+23,-0.0,-107616232.0,0.0,-0.0,0.0,2.004,2.004,243,-0.0,-0.0,0.0,0.0,0.0,0.0,0.0,0.0,0.0,0,0,0,-2.9553661086319117e+22,-6.167725950659267e+24,-1.6861113169653616e+33,0.0,-0.0,1478563712.0,-1.8113992854033746e+38,-1.9350956048113467e+19,0.0,2.1181992697314066e+24,-1.7786012600116216e+36,-0.0,-0.0,-0.0,0.0,7.883,0,1.3516416376850534e+27,243,0.0,486,-0.0,-68.128,2050,52429,17150,39322,17152,39322,17144,0,0,0,105,99,100,-107615312.0,69.3,-0.0,69.7,2.7302353966433104e+23,69.5,1,47,48,180,0,26215,0,0,0.0,0.0,0.0,60.0,0.0,74.5,0.0,0.0,0.0,1270,0,1277,0,0,0,1274,0,1286,0,1243,0,697,0,698,0,694,0,690,0.032,1.322413106158089e+34,-0.0,0.0,12688,16829,0.0,0.0,0.0,-0.0,-0.0,-0.0,70.0,60.0,66,0.0,0.0,10.0,2.0,0.0,0.0,0.0,0.0,0.0,0.0,0.0,0.0,0.0,0.0,0.0,0.0,65.2,69,16,65516,49,65476,0,300,0,0,8,20529,65476,0,0,43254,60.0,0.0,10.0,10.0,2.0,0.0
2026-02-05T14:28:14,ERR,ERR,ERR,ERR,ERR,ERR,ERR,ERR,ERR,ERR,ERR,ERR,ERR,ERR,ERR,ERR,ERR,ERR,ERR,ERR,ERR,ERR,ERR,ERR,ERR,ERR,ERR,ERR,ERR,ERR,ERR,ERR,ERR,ERR,ERR,ERR,ERR,ERR,ERR,ERR,ERR,ERR,ERR,ERR,ERR,ERR,ERR,ERR,ERR,ERR,ERR,ERR,ERR,ERR,ERR,ERR,ERR,ERR,ERR,ERR,ERR,ERR,ERR,ERR,ERR,ERR,ERR,ERR,ERR,ERR,ERR,ERR,ERR,ERR,ERR,ERR,ERR,ERR,ERR,ERR,ERR,ERR,ERR,ERR,ERR,ERR,ERR,ERR,ERR,ERR,ERR,ERR,ERR,ERR,ERR,ERR,ERR,ERR,ERR,ERR,ERR,ERR,ERR,ERR,ERR,ERR,ERR,ERR,ERR,ERR,ERR,ERR,ERR,ERR,ERR,ERR,ERR,ERR,ERR,ERR,ERR,ERR,ERR,ERR,ERR,2.718450016850437e+23,-0.0,2.8364315368646023e+23,-107613408.0,-4.209512871143983e+25,1.5722697015293334e+37,0.0,-0.0,5800,0,8,17276,5800,14723891331072.0,100,0.0,0.0,-107613408.0,0.0,1.9056969178834534e+17,0,0,0,0,nan,0,0,0,0,0,0,0,0,0,0,0,0,0,0,0,0,0,0,0,0,0,0,0,0,0,0,0,0,0,0,0,0,0,10,52,51,61,65476,612,65476,1,0,4,21553,0.0,-0.0,0.0,0.0,0.0,0.0,0.0,0.0,0.0,0.0,0.0,0.0,0.0,0.0,0.0,0.0,0.0,0.0,0.0,0.0,0.0,2.004,3.697074423243316e+19,-0.0,-0.0,2.004,0.0,0.0,0.0,0.0,6645.0,2.004,0.0,2.718450016850437e+23,-0.0,-107616232.0,0.0,-0.0,0.0,2.004,2.004,243,-0.0,-0.0,0.0,0.0,0.0,0.0,0.0,0.0,0.0,0,0,0,-2.9553661086319117e+22,-6.167725950659267e+24,-1.6861113169653616e+33,0.0,-0.0,1478563712.0,-1.8113992854033746e+38,-1.9350956048113467e+19,0.0,2.1181992697314066e+24,-1.7786012600116216e+36,-0.0,-0.0,-0.0,0.0,7.883,0,1.3516416376850534e+27,243,0.0,486,-0.0,-68.128,2050,52429,17150,39322,17152,39322,17144,0,0,0,105,99,100,-107615312.0,69.3,-0.0,69.7,2.7302353966433104e+23,69.5,1,47,48,180,0,26215,0,0,0.0,0.0,0.0,60.0,0.0,74.5,0.0,0.0,0.0,1270,0,1277,0,0,0,1274,0,1286,0,1243,0,697,0,698,0,694,0,690,0.032,1.322413106158089e+34,-0.0,0.0,12688,16829,0.0,0.0,0.0,-0.0,-0.0,-0.0,70.0,60.0,66,0.0,0.0,10.0,2.0,0.0,0.0,0.0,0.0,0.0,0.0,0.0,0.0,0.0,0.0,0.0,0.0,65.2,69,16,65516,49,65476,0,300,0,0,8,20529,65476,0,0,43254,60.0,0.0,10.0,10.0,2.0,0.0
2026-02-05T14:28:15,ERR,ERR,ERR,ERR,ERR,ERR,ERR,ERR,ERR,ERR,ERR,ERR,ERR,ERR,ERR,ERR,ERR,ERR,ERR,ERR,ERR,ERR,ERR,ERR,ERR,ERR,ERR,ERR,ERR,ERR,ERR,ERR,ERR,ERR,ERR,ERR,ERR,ERR,ERR,ERR,ERR,ERR,ERR,ERR,ERR,ERR,ERR,ERR,ERR,ERR,ERR,ERR,ERR,ERR,ERR,ERR,ERR,ERR,ERR,ERR,ERR,ERR,ERR,ERR,ERR,ERR,ERR,ERR,ERR,ERR,ERR,ERR,ERR,ERR,ERR,ERR,ERR,ERR,ERR,ERR,ERR,ERR,ERR,ERR,ERR,ERR,ERR,ERR,ERR,ERR,ERR,ERR,ERR,ERR,ERR,ERR,ERR,ERR,ERR,ERR,ERR,ERR,ERR,ERR,ERR,ERR,ERR,ERR,ERR,ERR,ERR,ERR,ERR,ERR,ERR,ERR,ERR,ERR,ERR,ERR,ERR,ERR,ERR,ERR,ERR,2.718450016850437e+23,-0.0,2.8364315368646023e+23,-107613408.0,-4.209512871143983e+25,1.5722697015293334e+37,0.0,-0.0,5800,0,8,17276,5800,14723891331072.0,100,0.0,0.0,-107613408.0,0.0,1.9056969178834534e+17,0,0,0,0,nan,0,0,0,0,0,0,0,0,0,0,0,0,0,0,0,0,0,0,0,0,0,0,0,0,0,0,0,0,0,0,0,0,0,10,52,51,61,65476,612,65476,1,0,4,21553,0.0,-0.0,0.0,0.0,0.0,0.0,0.0,0.0,0.0,0.0,0.0,0.0,0.0,0.0,0.0,0.0,0.0,0.0,0.0,0.0,0.0,2.004,3.697074423243316e+19,-0.0,-0.0,2.004,0.0,0.0,0.0,0.0,6645.0,2.004,0.0,2.718450016850437e+23,-0.0,-107616232.0,0.0,-0.0,0.0,2.004,2.004,243,-0.0,-0.0,0.0,0.0,0.0,0.0,0.0,0.0,0.0,0,0,0,-2.9553661086319117e+22,-6.167725950659267e+24,-1.6861113169653616e+33,0.0,-0.0,1478563712.0,-1.8113992854033746e+38,-1.9350956048113467e+19,0.0,2.1181992697314066e+24,-1.7786012600116216e+36,-0.0,-0.0,-0.0,0.0,7.883,0,1.3516416376850534e+27,243,0.0,486,-0.0,-68.128,2050,52429,17150,39322,17152,39322,17144,0,0,0,105,99,100,-107615312.0,69.3,-0.0,69.7,2.7302353966433104e+23,69.5,1,47,48,180,0,26215,0,0,0.0,0.0,0.0,60.0,0.0,74.5,0.0,0.0,0.0,1270,0,1277,0,0,0,1274,0,1286,0,1243,0,697,0,698,0,694,0,690,0.032,1.322413106158089e+34,-0.0,0.0,12688,16829,0.0,0.0,0.0,-0.0,-0.0,-0.0,70.0,60.0,66,0.0,0.0,10.0,2.0,0.0,0.0,0.0,0.0,0.0,0.0,0.0,0.0,0.0,0.0,0.0,0.0,65.6,69,16,65516,49,65476,0,300,0,0,8,20529,65476,0,0,38011,60.0,0.0,10.0,10.0,2.0,0.0
2026-02-05T14:28:16,ERR,ERR,ERR,ERR,ERR,ERR,ERR,ERR,ERR,ERR,ERR,ERR,ERR,ERR,ERR,ERR,ERR,ERR,ERR,ERR,ERR,ERR,ERR,ERR,ERR,ERR,ERR,ERR,ERR,ERR,ERR,ERR,ERR,ERR,ERR,ERR,ERR,ERR,ERR,ERR,ERR,ERR,ERR,ERR,ERR,ERR,ERR,ERR,ERR,ERR,ERR,ERR,ERR,ERR,ERR,ERR,ERR,ERR,ERR,ERR,ERR,ERR,ERR,ERR,ERR,ERR,ERR,ERR,ERR,ERR,ERR,ERR,ERR,ERR,ERR,ERR,ERR,ERR,ERR,ERR,ERR,ERR,ERR,ERR,ERR,ERR,ERR,ERR,ERR,ERR,ERR,ERR,ERR,ERR,ERR,ERR,ERR,ERR,ERR,ERR,ERR,ERR,ERR,ERR,ERR,ERR,ERR,ERR,ERR,ERR,ERR,ERR,ERR,ERR,ERR,ERR,ERR,ERR,ERR,ERR,ERR,ERR,ERR,ERR,ERR,2.718450016850437e+23,-0.0,2.8364315368646023e+23,-107613408.0,-4.209512871143983e+25,1.5722697015293334e+37,0.0,-0.0,5800,0,8,17276,5800,14723891331072.0,100,0.0,0.0,-107613408.0,0.0,1.9056969178834534e+17,0,0,0,0,nan,0,0,0,0,0,0,0,0,0,0,0,0,0,0,0,0,0,0,0,0,0,0,0,0,0,0,0,0,0,0,0,0,0,10,52,51,61,65476,612,65476,1,0,4,21553,0.0,-0.0,0.0,0.0,0.0,0.0,0.0,0.0,0.0,0.0,0.0,0.0,0.0,0.0,0.0,0.0,0.0,0.0,0.0,0.0,0.0,2.004,3.697074423243316e+19,-0.0,-0.0,2.004,0.0,0.0,0.0,0.0,6645.0,2.004,0.0,2.718450016850437e+23,-0.0,-107616232.0,0.0,-0.0,0.0,2.004,2.004,243,-0.0,-0.0,0.0,0.0,0.0,0.0,0.0,0.0,0.0,0,0,0,-2.9553661086319117e+22,-6.167725950659267e+24,-1.6861113169653616e+33,0.0,-0.0,1478563712.0,-1.8113992854033746e+38,-1.9350956048113467e+19,0.0,2.1181992697314066e+24,-1.7786012600116216e+36,-0.0,-0.0,-0.0,0.0,7.883,0,1.3516416376850534e+27,243,0.0,486,-0.0,-68.128,2050,52429,17150,39322,17152,39322,17144,0,0,0,105,99,100,-107615312.0,69.3,-0.0,69.7,2.7302353966433104e+23,69.5,1,47,48,180,0,26215,0,0,0.0,0.0,0.0,60.0,0.0,74.5,0.0,0.0,0.0,1270,0,1277,0,0,0,1274,0,1286,0,1243,0,697,0,698,0,694,0,690,0.032,1.3305260699995496e+34,-0.0,0.0,25232,16829,0.0,0.0,1.1487994829026313e+36,-12599900160.0,-4.743055170431097e+28,-3.885356826824769e+32,70.0,60.0,66,0.0,0.0,10.0,2.0,0.0,0.0,0.0,0.0,0.0,0.0,0.0,0.0,0.0,0.0,0.0,0.0,65.6,69,16,65516,49,65476,0,300,0,0,8,20529,65476,0,0,38011,60.0,0.0,10.0,10.0,2.0,0.0
2026-02-05T14:28:17,ERR,ERR,ERR,ERR,ERR,ERR,ERR,ERR,ERR,ERR,ERR,ERR,ERR,ERR,ERR,ERR,ERR,ERR,ERR,ERR,ERR,ERR,ERR,ERR,ERR,ERR,ERR,ERR,ERR,ERR,ERR,ERR,ERR,ERR,ERR,ERR,ERR,ERR,ERR,ERR,ERR,ERR,ERR,ERR,ERR,ERR,ERR,ERR,ERR,ERR,ERR,ERR,ERR,ERR,ERR,ERR,ERR,ERR,ERR,ERR,ERR,ERR,ERR,ERR,ERR,ERR,ERR,ERR,ERR,ERR,ERR,ERR,ERR,ERR,ERR,ERR,ERR,ERR,ERR,ERR,ERR,ERR,ERR,ERR,ERR,ERR,ERR,ERR,ERR,ERR,ERR,ERR,ERR,ERR,ERR,ERR,ERR,ERR,ERR,ERR,ERR,ERR,ERR,ERR,ERR,ERR,ERR,ERR,ERR,ERR,ERR,ERR,ERR,ERR,ERR,ERR,ERR,ERR,ERR,ERR,ERR,ERR,ERR,ERR,ERR,2.718450016850437e+23,-0.0,2.8364315368646023e+23,-107613408.0,-4.209512871143983e+25,1.5722697015293334e+37,0.0,-0.0,5800,0,8,17276,5800,14723891331072.0,100,0.0,0.0,-107613408.0,0.0,1.9056969178834534e+17,0,0,0,0,nan,0,0,0,0,0,0,0,0,0,0,0,0,0,0,0,0,0,0,0,0,0,0,0,0,0,0,0,0,0,0,0,0,0,10,52,51,61,65476,612,65476,1,0,4,21553,0.0,-0.0,0.0,0.0,0.0,0.0,0.0,0.0,0.0,0.0,0.0,0.0,0.0,0.0,0.0,0.0,0.0,0.0,0.0,0.0,0.0,2.004,3.697074423243316e+19,-0.0,-0.0,2.004,0.0,0.0,0.0,0.0,6645.0,2.004,0.0,2.718450016850437e+23,-0.0,-107616232.0,0.0,-0.0,0.0,2.004,2.004,243,-0.0,-0.0,0.0,0.0,0.0,0.0,0.0,0.0,0.0,0,0,0,-2.9553661086319117e+22,-6.167725950659267e+24,-1.6861113169653616e+33,0.0,-0.0,1478563712.0,-1.8113992854033746e+38,-1.9350956048113467e+19,0.0,2.1181992697314066e+24,-1.7786012600116216e+36,-0.0,-0.0,-0.0,0.0,7.883,0,1.3516416376850534e+27,243,0.0,486,-0.0,-68.128,2050,52429,17150,39322,17152,39322,17144,0,0,0,105,99,100,-107615312.0,69.3,-0.0,69.7,2.7302353966433104e+23,69.5,1,47,48,180,0,26215,0,0,0.0,0.0,0.0,60.0,0.0,74.5,0.0,0.0,0.0,1270,0,1277,0,0,0,1274,0,1286,0,1243,0,697,0,698,0,694,0,690,0.032,1.3305260699995496e+34,-0.0,0.0,25232,16829,0.0,0.0,1.1487994829026313e+36,-12599900160.0,-4.743055170431097e+28,-3.885356826824769e+32,70.0,60.0,66,0.0,0.0,10.0,2.0,0.0,0.0,0.0,0.0,0.0,0.0,0.0,0.0,0.0,0.0,0.0,0.0,65.2,69,16,65516,49,65476,0,300,0,0,8,20529,65476,0,0,40632,60.0,0.0,10.0,10.0,2.0,0.0
2026-02-05T14:28:18,ERR,ERR,ERR,ERR,ERR,ERR,ERR,ERR,ERR,ERR,ERR,ERR,ERR,ERR,ERR,ERR,ERR,ERR,ERR,ERR,ERR,ERR,ERR,ERR,ERR,ERR,ERR,ERR,ERR,ERR,ERR,ERR,ERR,ERR,ERR,ERR,ERR,ERR,ERR,ERR,ERR,ERR,ERR,ERR,ERR,ERR,ERR,ERR,ERR,ERR,ERR,ERR,ERR,ERR,ERR,ERR,ERR,ERR,ERR,ERR,ERR,ERR,ERR,ERR,ERR,ERR,ERR,ERR,ERR,ERR,ERR,ERR,ERR,ERR,ERR,ERR,ERR,ERR,ERR,ERR,ERR,ERR,ERR,ERR,ERR,ERR,ERR,ERR,ERR,ERR,ERR,ERR,ERR,ERR,ERR,ERR,ERR,ERR,ERR,ERR,ERR,ERR,ERR,ERR,ERR,ERR,ERR,ERR,ERR,ERR,ERR,ERR,ERR,ERR,ERR,ERR,ERR,ERR,ERR,ERR,ERR,ERR,ERR,ERR,ERR,2.718450016850437e+23,-0.0,2.8364315368646023e+23,-107613408.0,-4.209512871143983e+25,1.5722697015293334e+37,0.0,-0.0,5800,0,8,17276,5800,14723891331072.0,100,0.0,0.0,-107613408.0,0.0,1.9056969178834534e+17,0,0,0,0,nan,0,0,0,0,0,0,0,0,0,0,0,0,0,0,0,0,0,0,0,0,0,0,0,0,0,0,0,0,0,0,0,0,0,10,52,51,61,65476,612,65476,1,0,4,21553,0.0,-0.0,0.0,0.0,0.0,0.0,0.0,0.0,0.0,0.0,0.0,0.0,0.0,0.0,0.0,0.0,0.0,0.0,0.0,0.0,0.0,2.004,3.697074423243316e+19,-0.0,-0.0,2.004,0.0,0.0,0.0,0.0,6645.0,2.004,0.0,2.718450016850437e+23,-0.0,-107616232.0,0.0,-0.0,0.0,2.004,2.004,243,-0.0,-0.0,0.0,0.0,0.0,0.0,0.0,0.0,0.0,0,0,0,-2.9553661086319117e+22,-6.167725950659267e+24,-1.6861113169653616e+33,0.0,-0.0,1478563712.0,-1.8113992854033746e+38,-1.9350956048113467e+19,0.0,2.1181992697314066e+24,-1.7786012600116216e+36,-0.0,-0.0,-0.0,0.0,7.883,0,1.3516416376850534e+27,243,0.0,486,-0.0,-68.128,2050,52429,17150,39322,17152,39322,17144,0,0,0,105,99,100,-107615312.0,69.3,-0.0,69.7,2.7302353966433104e+23,69.5,1,47,48,180,0,26215,0,0,0.0,0.0,0.0,60.0,0.0,74.5,0.0,0.0,0.0,1270,0,1277,0,0,0,1274,0,1286,0,1243,0,697,0,698,0,694,0,690,0.032,1.3305260699995496e+34,-0.0,0.0,25232,16829,0.0,0.0,1.1487994829026313e+36,-12599900160.0,-4.743055170431097e+28,-3.885356826824769e+32,70.0,60.0,66,0.0,0.0,10.0,2.0,0.0,0.0,0.0,0.0,0.0,0.0,0.0,0.0,0.0,0.0,0.0,0.0,65.2,69,16,65516,49,65476,0,300,0,0,8,20529,65476,0,0,45875,60.0,0.0,10.0,10.0,2.0,0.0
2026-02-05T14:28:19,ERR,ERR,ERR,ERR,ERR,ERR,ERR,ERR,ERR,ERR,ERR,ERR,ERR,ERR,ERR,ERR,ERR,ERR,ERR,ERR,ERR,ERR,ERR,ERR,ERR,ERR,ERR,ERR,ERR,ERR,ERR,ERR,ERR,ERR,ERR,ERR,ERR,ERR,ERR,ERR,ERR,ERR,ERR,ERR,ERR,ERR,ERR,ERR,ERR,ERR,ERR,ERR,ERR,ERR,ERR,ERR,ERR,ERR,ERR,ERR,ERR,ERR,ERR,ERR,ERR,ERR,ERR,ERR,ERR,ERR,ERR,ERR,ERR,ERR,ERR,ERR,ERR,ERR,ERR,ERR,ERR,ERR,ERR,ERR,ERR,ERR,ERR,ERR,ERR,ERR,ERR,ERR,ERR,ERR,ERR,ERR,ERR,ERR,ERR,ERR,ERR,ERR,ERR,ERR,ERR,ERR,ERR,ERR,ERR,ERR,ERR,ERR,ERR,ERR,ERR,ERR,ERR,ERR,ERR,ERR,ERR,ERR,ERR,ERR,ERR,2.718450016850437e+23,-0.0,2.8364315368646023e+23,-107613408.0,-4.209512871143983e+25,-0.123,1.1923790890546118e+21,8.623073479522101e+24,5800,0,8,17276,5800,-0.0,100,0.0,0.0,-107613408.0,0.0,1.9056969178834534e+17,0,0,0,0,nan,0,0,0,0,0,0,0,0,0,0,0,0,0,0,0,0,0,0,0,0,0,0,0,0,0,0,0,0,0,0,0,0,0,10,52,51,61,65476,612,65476,1,0,4,21553,0.0,-107613536.0,0.0,0.0,0.0,0.0,0.0,0.0,0.0,0.0,0.0,0.0,0.0,0.0,0.0,0.0,0.0,0.0,0.0,0.0,0.0,2.004,3.697074423243316e+19,-0.0,-0.0,-2.004,0.0,0.0,0.0,0.0,6613.0,-1.0406715705571685e+34,0.0,2.718450016850437e+23,-0.0,-0.0,-107616440.0,-0.0,0.0,2.004,2.004,243,-0.0,4.950424729324142e+32,0.0,0.0,0.0,0.0,0.0,0.0,0.0,0,0,0,-5.701505759067798e+20,-0.0,nan,7184656.5,-0.0,-1.4074517119282708e+18,0.0,0.0,3234548416512.0,2.574125537492698e+24,-2.1732158212602685e+36,-0.0,-0.0,-0.0,0.0,1.7362724828651706e+21,0,1.3516416376850534e+27,243,0.0,486,0.0,-0.0,2050,52429,17150,39322,17152,39322,17144,0,0,0,105,99,100,-107615312.0,69.3,-0.0,69.7,2.7302353966433104e+23,69.5,1,47,48,180,0,26215,0,0,0.0,0.0,0.0,60.0,0.0,74.5,0.0,0.0,0.0,1270,0,1277,0,0,0,1274,0,1286,0,1243,0,697,0,698,0,694,0,690,0.032,1.3305260699995496e+34,-0.0,0.0,25232,16829,0.0,0.0,1.1487994829026313e+36,-12599900160.0,-4.743055170431097e+28,-3.885356826824769e+32,70.0,60.0,66,0.0,0.0,10.0,2.0,0.0,0.0,0.0,0.0,0.0,0.0,0.0,0.0,0.0,0.0,0.0,0.0,65.2,69,16,65516,49,65476,0,300,0,0,8,20529,65476,0,0,45875,60.0,0.0,10.0,10.0,2.0,0.0
2026-02-05T14:28:20,ERR,ERR,ERR,ERR,ERR,ERR,ERR,ERR,ERR,ERR,ERR,ERR,ERR,ERR,ERR,ERR,ERR,ERR,ERR,ERR,ERR,ERR,ERR,ERR,ERR,ERR,ERR,ERR,ERR,ERR,ERR,ERR,ERR,ERR,ERR,ERR,ERR,ERR,ERR,ERR,ERR,ERR,ERR,ERR,ERR,ERR,ERR,ERR,ERR,ERR,ERR,ERR,ERR,ERR,ERR,ERR,ERR,ERR,ERR,ERR,ERR,ERR,ERR,ERR,ERR,ERR,ERR,ERR,ERR,ERR,ERR,ERR,ERR,ERR,ERR,ERR,ERR,ERR,ERR,ERR,ERR,ERR,ERR,ERR,ERR,ERR,ERR,ERR,ERR,ERR,ERR,ERR,ERR,ERR,ERR,ERR,ERR,ERR,ERR,ERR,ERR,ERR,ERR,ERR,ERR,ERR,ERR,ERR,ERR,ERR,ERR,ERR,ERR,ERR,ERR,ERR,ERR,ERR,ERR,ERR,ERR,ERR,ERR,ERR,ERR,2.718450016850437e+23,-0.0,2.8364315368646023e+23,-107613408.0,-4.209512871143983e+25,-0.123,1.1923790890546118e+21,8.623073479522101e+24,5800,0,8,17276,5800,-0.0,100,0.0,0.0,-107613408.0,0.0,1.9056969178834534e+17,0,0,0,0,nan,0,0,0,0,0,0,0,0,0,0,0,0,0,0,0,0,0,0,0,0,0,0,0,0,0,0,0,0,0,0,0,0,0,10,52,51,61,65476,612,65476,1,0,4,21553,0.0,-107613536.0,0.0,0.0,0.0,0.0,0.0,0.0,0.0,0.0,0.0,0.0,0.0,0.0,0.0,0.0,0.0,0.0,0.0,0.0,0.0,2.004,3.697074423243316e+19,-0.0,-0.0,-2.004,0.0,0.0,0.0,0.0,6613.0,-1.0406715705571685e+34,0.0,2.718450016850437e+23,-0.0,-0.0,-107616440.0,-0.0,0.0,2.004,2.004,243,-0.0,4.950424729324142e+32,0.0,0.0,0.0,0.0,0.0,0.0,0.0,0,0,0,-5.701505759067798e+20,-0.0,nan,7184656.5,-0.0,-1.4074517119282708e+18,0.0,0.0,3234548416512.0,2.574125537492698e+24,-2.1732158212602685e+36,-0.0,-0.0,-0.0,0.0,1.7362724828651706e+21,0,1.3516416376850534e+27,243,0.0,486,0.0,-0.0,2050,52429,17150,39322,17152,39322,17144,0,0,0,105,99,100,-107615312.0,69.3,-0.0,69.7,2.7302353966433104e+23,69.5,1,47,48,180,0,26215,0,0,0.0,0.0,0.0,60.0,0.044,74.5,0.0,4.576069390846321e+24,0.0,1270,0,1277,0,0,0,1274,0,1286,0,1243,0,697,0,698,0,694,0,691,0.032,1.5495760937189876e+34,-0.0,0.0,20624,16829,3.41,4.576069390846321e+24,-8.632230764550533e+35,-3.2809235780607953e+35,8.547724294588521e+24,-0.0,70.0,60.0,66,0.0,0.0,10.0,2.0,0.0,0.0,0.0,0.0,0.0,0.0,0.0,0.0,0.0,0.0,0.0,0.0,65.2,69,16,65516,49,65476,0,300,0,0,8,20529,65476,0,0,39322,60.0,0.0,10.0,10.0,2.0,0.0
2026-02-05T14:28:21,ERR,ERR,ERR,ERR,ERR,ERR,ERR,ERR,ERR,ERR,ERR,ERR,ERR,ERR,ERR,ERR,ERR,ERR,ERR,ERR,ERR,ERR,ERR,ERR,ERR,ERR,ERR,ERR,ERR,ERR,ERR,ERR,ERR,ERR,ERR,ERR,ERR,ERR,ERR,ERR,ERR,ERR,ERR,ERR,ERR,ERR,ERR,ERR,ERR,ERR,ERR,ERR,ERR,ERR,ERR,ERR,ERR,ERR,ERR,ERR,ERR,ERR,ERR,ERR,ERR,ERR,ERR,ERR,ERR,ERR,ERR,ERR,ERR,ERR,ERR,ERR,ERR,ERR,ERR,ERR,ERR,ERR,ERR,ERR,ERR,ERR,ERR,ERR,ERR,ERR,ERR,ERR,ERR,ERR,ERR,ERR,ERR,ERR,ERR,ERR,ERR,ERR,ERR,ERR,ERR,ERR,ERR,ERR,ERR,ERR,ERR,ERR,ERR,ERR,ERR,ERR,ERR,ERR,ERR,ERR,ERR,ERR,ERR,ERR,ERR,2.718450016850437e+23,-0.0,2.8364315368646023e+23,-107613408.0,-4.209512871143983e+25,-0.123,1.1923790890546118e+21,8.623073479522101e+24,5800,0,8,17276,5800,-0.0,100,0.0,0.0,-107613408.0,0.0,1.9056969178834534e+17,0,0,0,0,nan,0,0,0,0,0,0,0,0,0,0,0,0,0,0,0,0,0,0,0,0,0,0,0,0,0,0,0,0,0,0,0,0,0,10,52,51,61,65476,612,65476,1,0,4,21553,0.0,-107613536.0,0.0,0.0,0.0,0.0,0.0,0.0,0.0,0.0,0.0,0.0,0.0,0.0,0.0,0.0,0.0,0.0,0.0,0.0,0.0,2.004,3.697074423243316e+19,-0.0,-0.0,-2.004,0.0,0.0,0.0,0.0,6613.0,-1.0406715705571685e+34,0.0,2.718450016850437e+23,-0.0,-0.0,-107616440.0,-0.0,0.0,2.004,2.004,243,-0.0,4.950424729324142e+32,0.0,0.0,0.0,0.0,0.0,0.0,0.0,0,0,0,-5.701505759067798e+20,-0.0,nan,7184656.5,-0.0,-1.4074517119282708e+18,0.0,0.0,3234548416512.0,2.574125537492698e+24,-2.1732158212602685e+36,-0.0,-0.0,-0.0,0.0,1.7362724828651706e+21,0,1.3516416376850534e+27,243,0.0,486,0.0,-0.0,2050,52429,17150,39322,17152,39322,17144,0,0,0,105,99,100,-107615312.0,69.3,-0.0,69.7,2.7302353966433104e+23,69.5,1,47,48,180,0,26215,0,0,0.0,0.0,0.0,60.0,0.044,74.5,0.0,4.576069390846321e+24,0.0,1270,0,1277,0,0,0,1274,0,1286,0,1243,0,697,0,698,0,694,0,691,0.032,1.5495760937189876e+34,-0.0,0.0,20624,16829,3.41,4.576069390846321e+24,-8.632230764550533e+35,-3.2809235780607953e+35,8.547724294588521e+24,-0.0,70.0,60.0,66,0.0,0.0,10.0,2.0,0.0,0.0,0.0,0.0,0.0,0.0,0.0,0.0,0.0,0.0,0.0,0.0,65.2,69,16,65516,49,65476,0,300,0,0,8,20529,65476,0,0,39322,60.0,0.0,10.0,10.0,2.0,0.0
2026-02-05T14:28:22,ERR,ERR,ERR,ERR,ERR,ERR,ERR,ERR,ERR,ERR,ERR,ERR,ERR,ERR,ERR,ERR,ERR,ERR,ERR,ERR,ERR,ERR,ERR,ERR,ERR,ERR,ERR,ERR,ERR,ERR,ERR,ERR,ERR,ERR,ERR,ERR,ERR,ERR,ERR,ERR,ERR,ERR,ERR,ERR,ERR,ERR,ERR,ERR,ERR,ERR,ERR,ERR,ERR,ERR,ERR,ERR,ERR,ERR,ERR,ERR,ERR,ERR,ERR,ERR,ERR,ERR,ERR,ERR,ERR,ERR,ERR,ERR,ERR,ERR,ERR,ERR,ERR,ERR,ERR,ERR,ERR,ERR,ERR,ERR,ERR,ERR,ERR,ERR,ERR,ERR,ERR,ERR,ERR,ERR,ERR,ERR,ERR,ERR,ERR,ERR,ERR,ERR,ERR,ERR,ERR,ERR,ERR,ERR,ERR,ERR,ERR,ERR,ERR,ERR,ERR,ERR,ERR,ERR,ERR,ERR,ERR,ERR,ERR,ERR,ERR,2.718450016850437e+23,-0.0,2.8364315368646023e+23,-107613408.0,-4.209512871143983e+25,-0.123,1.1923790890546118e+21,8.623073479522101e+24,5800,0,8,17276,5800,-0.0,100,0.0,0.0,-107613408.0,0.0,1.9056969178834534e+17,0,0,0,0,nan,0,0,0,0,0,0,0,0,0,0,0,0,0,0,0,0,0,0,0,0,0,0,0,0,0,0,0,0,0,0,0,0,0,10,52,51,61,65476,612,65476,1,0,4,21553,0.0,-107613536.0,0.0,0.0,0.0,0.0,0.0,0.0,0.0,0.0,0.0,0.0,0.0,0.0,0.0,0.0,0.0,0.0,0.0,0.0,0.0,2.004,3.697074423243316e+19,-0.0,-0.0,-2.004,0.0,0.0,0.0,0.0,6613.0,-1.0406715705571685e+34,0.0,2.718450016850437e+23,-0.0,-0.0,-107616440.0,-0.0,0.0,2.004,2.004,243,-0.0,4.950424729324142e+32,0.0,0.0,0.0,0.0,0.0,0.0,0.0,0,0,0,-5.701505759067798e+20,-0.0,nan,7184656.5,-0.0,-1.4074517119282708e+18,0.0,0.0,3234548416512.0,2.574125537492698e+24,-2.1732158212602685e+36,-0.0,-0.0,-0.0,0.0,1.7362724828651706e+21,0,1.3516416376850534e+27,243,0.0,486,0.0,-0.0,2050,52429,17150,39322,17152,39322,17144,0,0,0,105,99,100,-107615312.0,69.3,-0.0,69.7,2.7302353966433104e+23,69.5,1,47,48,180,0,26215,0,0,0.0,0.0,0.0,60.0,0.044,74.5,0.0,4.576069390846321e+24,0.0,1270,0,1277,0,0,0,1274,0,1286,0,1243,0,697,0,698,0,694,0,691,0.032,1.5495760937189876e+34,-0.0,0.0,20624,16829,3.41,4.576069390846321e+24,-8.632230764550533e+35,-3.2809235780607953e+35,8.547724294588521e+24,-0.0,70.0,60.0,66,0.0,0.0,10.0,2.0,0.0,0.0,0.0,0.0,0.0,0.0,0.0,0.0,0.0,0.0,0.0,0.0,65.6,69,16,65516,49,65476,0,300,0,0,8,20529,65476,0,0,39322,60.0,0.0,10.0,10.0,2.0,0.0
2026-02-05T14:28:23,ERR,ERR,ERR,ERR,ERR,ERR,ERR,ERR,ERR,ERR,ERR,ERR,ERR,ERR,ERR,ERR,ERR,ERR,ERR,ERR,ERR,ERR,ERR,ERR,ERR,ERR,ERR,ERR,ERR,ERR,ERR,ERR,ERR,ERR,ERR,ERR,ERR,ERR,ERR,ERR,ERR,ERR,ERR,ERR,ERR,ERR,ERR,ERR,ERR,ERR,ERR,ERR,ERR,ERR,ERR,ERR,ERR,ERR,ERR,ERR,ERR,ERR,ERR,ERR,ERR,ERR,ERR,ERR,ERR,ERR,ERR,ERR,ERR,ERR,ERR,ERR,ERR,ERR,ERR,ERR,ERR,ERR,ERR,ERR,ERR,ERR,ERR,ERR,ERR,ERR,ERR,ERR,ERR,ERR,ERR,ERR,ERR,ERR,ERR,ERR,ERR,ERR,ERR,ERR,ERR,ERR,ERR,ERR,ERR,ERR,ERR,ERR,ERR,ERR,ERR,ERR,ERR,ERR,ERR,ERR,ERR,ERR,ERR,ERR,ERR,2.718450016850437e+23,-0.0,2.8364315368646023e+23,-107613408.0,-4.209512871143983e+25,-0.123,1.1923790890546118e+21,8.623073479522101e+24,5800,0,8,17276,5800,-0.0,100,0.0,0.0,-107613408.0,0.0,1.9056969178834534e+17,0,0,0,0,nan,0,0,0,0,0,0,0,0,0,0,0,0,0,0,0,0,0,0,0,0,0,0,0,0,0,0,0,0,0,0,0,0,0,10,52,51,61,65476,612,65476,1,0,4,21553,0.0,-107613536.0,0.0,0.0,0.0,0.0,0.0,0.0,0.0,0.0,0.0,0.0,0.0,0.0,0.0,0.0,0.0,0.0,0.0,0.0,0.0,2.004,3.697074423243316e+19,-0.0,-0.0,-2.004,0.0,0.0,0.0,0.0,6613.0,-1.0406715705571685e+34,0.0,2.718450016850437e+23,-0.0,-0.0,-107616440.0,-0.0,0.0,2.004,2.004,243,-0.0,4.950424729324142e+32,0.0,0.0,0.0,0.0,0.0,0.0,0.0,0,0,0,-5.701505759067798e+20,-0.0,nan,7184656.5,-0.0,-1.4074517119282708e+18,0.0,0.0,3234548416512.0,2.574125537492698e+24,-2.1732158212602685e+36,-0.0,-0.0,-0.0,0.0,1.7362724828651706e+21,0,1.3516416376850534e+27,243,0.0,486,0.0,-0.0,2050,52429,17150,39322,17152,39322,17144,0,0,0,105,99,100,-107615312.0,69.3,-0.0,69.7,2.7302353966433104e+23,69.5,1,47,48,180,0,26215,0,0,0.0,0.0,0.0,60.0,0.044,74.5,0.0,4.576069390846321e+24,0.0,1270,0,1277,0,0,0,1274,0,1286,0,1243,0,697,0,698,0,694,0,691,0.032,1.5495760937189876e+34,-0.0,0.0,20624,16829,3.41,4.576069390846321e+24,-8.632230764550533e+35,-3.2809235780607953e+35,8.547724294588521e+24,-0.0,70.0,60.0,66,0.0,0.0,10.0,2.0,0.0,0.0,0.0,0.0,0.0,0.0,0.0,0.0,0.0,0.0,0.0,0.0,65.6,69,16,65516,49,65476,0,300,0,0,8,20529,65476,0,0,39322,60.0,0.0,10.0,10.0,2.0,0.0
2026-02-05T14:28:24,ERR,ERR,ERR,ERR,ERR,ERR,ERR,ERR,ERR,ERR,ERR,ERR,ERR,ERR,ERR,ERR,ERR,ERR,ERR,ERR,ERR,ERR,ERR,ERR,ERR,ERR,ERR,ERR,ERR,ERR,ERR,ERR,ERR,ERR,ERR,ERR,ERR,ERR,ERR,ERR,ERR,ERR,ERR,ERR,ERR,ERR,ERR,ERR,ERR,ERR,ERR,ERR,ERR,ERR,ERR,ERR,ERR,ERR,ERR,ERR,ERR,ERR,ERR,ERR,ERR,ERR,ERR,ERR,ERR,ERR,ERR,ERR,ERR,ERR,ERR,ERR,ERR,ERR,ERR,ERR,ERR,ERR,ERR,ERR,ERR,ERR,ERR,ERR,ERR,ERR,ERR,ERR,ERR,ERR,ERR,ERR,ERR,ERR,ERR,ERR,ERR,ERR,ERR,ERR,ERR,ERR,ERR,ERR,ERR,ERR,ERR,ERR,ERR,ERR,ERR,ERR,ERR,ERR,ERR,ERR,ERR,ERR,ERR,ERR,ERR,2.718450016850437e+23,-0.0,2.8364315368646023e+23,-107613408.0,-4.209512871143983e+25,-0.0,130702.336,-0.0,5800,0,8,17278,5800,14723891331072.0,100,0.0,0.0,-107613408.0,0.0,1.9056969178834534e+17,0,0,0,0,nan,0,0,0,0,0,0,0,0,0,0,0,0,0,0,0,0,0,0,0,0,0,0,0,0,0,0,0,0,0,0,0,0,0,10,52,51,61,65476,612,65476,1,0,4,21553,0.0,0.0,0.0,0.0,0.0,0.0,0.0,0.0,0.0,0.0,0.0,0.0,0.0,0.0,0.0,0.0,0.0,0.0,0.0,0.0,0.0,2.004,3.697074423243316e+19,-0.0,-0.0,0.0,0.0,0.0,0.0,0.0,6614.0,-1.587938797847242e+29,0.0,2.718450016850437e+23,-0.0,-107616232.0,0.0,-0.0,0.0,2.004,2.004,245,-0.0,3.222024903336656e+26,0.0,0.0,0.0,0.0,0.0,0.0,0.0,0,0,0,-4.849862227236225e+19,1.0989539315057312e+27,0.0,-0.0,-7432.429,0.0,-1.1724433479836024e+24,-2.2622086567340096e+35,-1.003585615419985e+19,3.34859364068332e+24,-2.609368757377194e+36,-0.0,-0.0,-0.0,0.0,-0.0,0,1.3516416376850534e+27,245,0.0,490,0.0,-0.0,2050,52429,17150,39322,17152,39322,17144,0,0,0,105,99,100,-107615312.0,69.3,-0.0,69.7,2.7302353966433104e+23,69.5,1,47,48,180,0,26215,0,0,0.0,0.0,0.0,60.0,0.0,74.5,0.0,-0.0,0.0,1270,0,1277,0,0,0,1274,0,1286,0,1243,0,697,0,698,0,694,0,691,0.032,1.638818695975055e+34,-2.004,0.0,20624,16829,0.0,-0.0,-3.901872240005643e+23,0.0,344470592.0,3.682532730788252e+32,70.0,60.0,66,0.0,0.0,10.0,2.0,0.0,0.0,0.0,0.0,0.0,0.0,0.0,0.0,0.0,0.0,0.0,0.0,65.2,69,16,65516,49,65476,0,300,0,0,8,20529,65476,0,0,40632,60.0,0.0,10.0,10.0,2.0,0.0
2026-02-05T14:28:25,ERR,ERR,ERR,ERR,ERR,ERR,ERR,ERR,ERR,ERR,ERR,ERR,ERR,ERR,ERR,ERR,ERR,ERR,ERR,ERR,ERR,ERR,ERR,ERR,ERR,ERR,ERR,ERR,ERR,ERR,ERR,ERR,ERR,ERR,ERR,ERR,ERR,ERR,ERR,ERR,ERR,ERR,ERR,ERR,ERR,ERR,ERR,ERR,ERR,ERR,ERR,ERR,ERR,ERR,ERR,ERR,ERR,ERR,ERR,ERR,ERR,ERR,ERR,ERR,ERR,ERR,ERR,ERR,ERR,ERR,ERR,ERR,ERR,ERR,ERR,ERR,ERR,ERR,ERR,ERR,ERR,ERR,ERR,ERR,ERR,ERR,ERR,ERR,ERR,ERR,ERR,ERR,ERR,ERR,ERR,ERR,ERR,ERR,ERR,ERR,ERR,ERR,ERR,ERR,ERR,ERR,ERR,ERR,ERR,ERR,ERR,ERR,ERR,ERR,ERR,ERR,ERR,ERR,ERR,ERR,ERR,ERR,ERR,ERR,ERR,2.718450016850437e+23,-0.0,2.8364315368646023e+23,-107613408.0,-4.209512871143983e+25,-0.0,130702.336,-0.0,5800,0,8,17278,5800,14723891331072.0,100,0.0,0.0,-107613408.0,0.0,1.9056969178834534e+17,0,0,0,0,nan,0,0,0,0,0,0,0,0,0,0,0,0,0,0,0,0,0,0,0,0,0,0,0,0,0,0,0,0,0,0,0,0,0,10,52,51,61,65476,612,65476,1,0,4,21553,0.0,0.0,0.0,0.0,0.0,0.0,0.0,0.0,0.0,0.0,0.0,0.0,0.0,0.0,0.0,0.0,0.0,0.0,0.0,0.0,0.0,2.004,3.697074423243316e+19,-0.0,-0.0,0.0,0.0,0.0,0.0,0.0,6614.0,-1.587938797847242e+29,0.0,2.718450016850437e+23,-0.0,-107616232.0,0.0,-0.0,0.0,2.004,2.004,245,-0.0,3.222024903336656e+26,0.0,0.0,0.0,0.0,0.0,0.0,0.0,0,0,0,-4.849862227236225e+19,1.0989539315057312e+27,0.0,-0.0,-7432.429,0.0,-1.1724433479836024e+24,-2.2622086567340096e+35,-1.003585615419985e+19,3.34859364068332e+24,-2.609368757377194e+36,-0.0,-0.0,-0.0,0.0,-0.0,0,1.3516416376850534e+27,245,0.0,490,0.0,-0.0,2050,52429,17150,39322,17152,39322,17144,0,0,0,105,99,100,-107615312.0,69.3,-0.0,69.7,2.7302353966433104e+23,69.5,1,47,48,180,0,26215,0,0,0.0,0.0,0.0,60.0,0.0,74.5,0.0,-0.0,0.0,1270,0,1277,0,0,0,1274,0,1286,0,1243,0,697,0,698,0,694,0,691,0.032,1.638818695975055e+34,-2.004,0.0,20624,16829,0.0,-0.0,-3.901872240005643e+23,0.0,344470592.0,3.682532730788252e+32,70.0,60.0,66,0.0,0.0,10.0,2.0,0.0,0.0,0.0,0.0,0.0,0.0,0.0,0.0,0.0,0.0,0.0,0.0,65.2,69,16,65516,49,65476,0,300,0,0,8,20529,65476,0,0,40632,60.0,0.0,10.0,10.0,2.0,0.0
2026-02-05T14:28:26,ERR,ERR,ERR,ERR,ERR,ERR,ERR,ERR,ERR,ERR,ERR,ERR,ERR,ERR,ERR,ERR,ERR,ERR,ERR,ERR,ERR,ERR,ERR,ERR,ERR,ERR,ERR,ERR,ERR,ERR,ERR,ERR,ERR,ERR,ERR,ERR,ERR,ERR,ERR,ERR,ERR,ERR,ERR,ERR,ERR,ERR,ERR,ERR,ERR,ERR,ERR,ERR,ERR,ERR,ERR,ERR,ERR,ERR,ERR,ERR,ERR,ERR,ERR,ERR,ERR,ERR,ERR,ERR,ERR,ERR,ERR,ERR,ERR,ERR,ERR,ERR,ERR,ERR,ERR,ERR,ERR,ERR,ERR,ERR,ERR,ERR,ERR,ERR,ERR,ERR,ERR,ERR,ERR,ERR,ERR,ERR,ERR,ERR,ERR,ERR,ERR,ERR,ERR,ERR,ERR,ERR,ERR,ERR,ERR,ERR,ERR,ERR,ERR,ERR,ERR,ERR,ERR,ERR,ERR,ERR,ERR,ERR,ERR,ERR,ERR,2.718450016850437e+23,-0.0,2.8364315368646023e+23,-107613408.0,-4.209512871143983e+25,-0.0,130702.336,-0.0,5800,0,8,17278,5800,14723891331072.0,100,0.0,0.0,-107613408.0,0.0,1.9056969178834534e+17,0,0,0,0,nan,0,0,0,0,0,0,0,0,0,0,0,0,0,0,0,0,0,0,0,0,0,0,0,0,0,0,0,0,0,0,0,0,0,10,52,51,61,65476,612,65476,1,0,4,21553,0.0,0.0,0.0,0.0,0.0,0.0,0.0,0.0,0.0,0.0,0.0,0.0,0.0,0.0,0.0,0.0,0.0,0.0,0.0,0.0,0.0,2.004,3.697074423243316e+19,-0.0,-0.0,0.0,0.0,0.0,0.0,0.0,6614.0,-1.587938797847242e+29,0.0,2.718450016850437e+23,-0.0,-107616232.0,0.0,-0.0,0.0,2.004,2.004,245,-0.0,3.222024903336656e+26,0.0,0.0,0.0,0.0,0.0,0.0,0.0,0,0,0,-4.849862227236225e+19,1.0989539315057312e+27,0.0,-0.0,-7432.429,0.0,-1.1724433479836024e+24,-2.2622086567340096e+35,-1.003585615419985e+19,3.34859364068332e+24,-2.609368757377194e+36,-0.0,-0.0,-0.0,0.0,-0.0,0,1.3516416376850534e+27,245,0.0,490,0.0,-0.0,2050,52429,17150,39322,17152,39322,17144,0,0,0,105,99,100,-107615312.0,69.3,-0.0,69.7,2.7302353966433104e+23,69.5,1,47,48,180,0,26215,0,0,0.0,0.0,0.0,60.0,0.0,74.5,0.0,-0.0,0.0,1270,0,1277,0,0,0,1274,0,1286,0,1243,0,697,0,698,0,694,0,691,0.032,1.638818695975055e+34,-2.004,0.0,20624,16829,0.0,-0.0,-3.901872240005643e+23,0.0,344470592.0,3.682532730788252e+32,70.0,60.0,66,0.0,0.0,10.0,2.0,0.0,0.0,0.0,0.0,0.0,0.0,0.0,0.0,0.0,0.0,0.0,0.0,65.2,69,16,65516,49,65476,0,300,0,0,8,20529,65476,0,0,41943,60.0,0.0,10.0,10.0,2.0,0.0
2026-02-05T14:28:27,ERR,ERR,ERR,ERR,ERR,ERR,ERR,ERR,ERR,ERR,ERR,ERR,ERR,ERR,ERR,ERR,ERR,ERR,ERR,ERR,ERR,ERR,ERR,ERR,ERR,ERR,ERR,ERR,ERR,ERR,ERR,ERR,ERR,ERR,ERR,ERR,ERR,ERR,ERR,ERR,ERR,ERR,ERR,ERR,ERR,ERR,ERR,ERR,ERR,ERR,ERR,ERR,ERR,ERR,ERR,ERR,ERR,ERR,ERR,ERR,ERR,ERR,ERR,ERR,ERR,ERR,ERR,ERR,ERR,ERR,ERR,ERR,ERR,ERR,ERR,ERR,ERR,ERR,ERR,ERR,ERR,ERR,ERR,ERR,ERR,ERR,ERR,ERR,ERR,ERR,ERR,ERR,ERR,ERR,ERR,ERR,ERR,ERR,ERR,ERR,ERR,ERR,ERR,ERR,ERR,ERR,ERR,ERR,ERR,ERR,ERR,ERR,ERR,ERR,ERR,ERR,ERR,ERR,ERR,ERR,ERR,ERR,ERR,ERR,ERR,2.718450016850437e+23,-0.0,2.8364315368646023e+23,-107613408.0,-4.209512871143983e+25,-0.0,130702.336,-0.0,5800,0,8,17278,5800,14723891331072.0,100,0.0,0.0,-107613408.0,0.0,1.9056969178834534e+17,0,0,0,0,nan,0,0,0,0,0,0,0,0,0,0,0,0,0,0,0,0,0,0,0,0,0,0,0,0,0,0,0,0,0,0,0,0,0,10,52,51,61,65476,612,65476,1,0,4,21553,0.0,0.0,0.0,0.0,0.0,0.0,0.0,0.0,0.0,0.0,0.0,0.0,0.0,0.0,0.0,0.0,0.0,0.0,0.0,0.0,0.0,2.004,3.697074423243316e+19,-0.0,-0.0,0.0,0.0,0.0,0.0,0.0,6614.0,-1.587938797847242e+29,0.0,2.718450016850437e+23,-0.0,-107616232.0,0.0,-0.0,0.0,2.004,2.004,245,-0.0,3.222024903336656e+26,0.0,0.0,0.0,0.0,0.0,0.0,0.0,0,0,0,-4.849862227236225e+19,1.0989539315057312e+27,0.0,-0.0,-7432.429,0.0,-1.1724433479836024e+24,-2.2622086567340096e+35,-1.003585615419985e+19,3.34859364068332e+24,-2.609368757377194e+36,-0.0,-0.0,-0.0,0.0,-0.0,0,1.3516416376850534e+27,245,0.0,490,0.0,-0.0,2050,52429,17150,39322,17152,39322,17144,0,0,0,105,99,100,-107615312.0,69.3,-0.0,69.7,2.7302353966433104e+23,69.5,1,47,48,180,0,26215,0,0,0.0,0.0,0.0,60.0,0.0,74.5,0.0,-0.0,0.0,1270,0,1277,0,0,0,1274,0,1286,0,1243,0,697,0,698,0,694,0,691,0.032,1.638818695975055e+34,-2.004,0.0,20624,16829,0.0,-0.0,-3.901872240005643e+23,0.0,344470592.0,3.682532730788252e+32,70.0,60.0,66,0.0,0.0,10.0,2.0,0.0,0.0,0.0,0.0,0.0,0.0,0.0,0.0,0.0,0.0,0.0,0.0,65.2,69,16,65516,49,65476,0,300,0,0,8,20529,65476,0,0,41943,60.0,0.0,10.0,10.0,2.0,0.0
2026-02-05T14:28:28,ERR,ERR,ERR,ERR,ERR,ERR,ERR,ERR,ERR,ERR,ERR,ERR,ERR,ERR,ERR,ERR,ERR,ERR,ERR,ERR,ERR,ERR,ERR,ERR,ERR,ERR,ERR,ERR,ERR,ERR,ERR,ERR,ERR,ERR,ERR,ERR,ERR,ERR,ERR,ERR,ERR,ERR,ERR,ERR,ERR,ERR,ERR,ERR,ERR,ERR,ERR,ERR,ERR,ERR,ERR,ERR,ERR,ERR,ERR,ERR,ERR,ERR,ERR,ERR,ERR,ERR,ERR,ERR,ERR,ERR,ERR,ERR,ERR,ERR,ERR,ERR,ERR,ERR,ERR,ERR,ERR,ERR,ERR,ERR,ERR,ERR,ERR,ERR,ERR,ERR,ERR,ERR,ERR,ERR,ERR,ERR,ERR,ERR,ERR,ERR,ERR,ERR,ERR,ERR,ERR,ERR,ERR,ERR,ERR,ERR,ERR,ERR,ERR,ERR,ERR,ERR,ERR,ERR,ERR,ERR,ERR,ERR,ERR,ERR,ERR,2.718450016850437e+23,-0.0,2.8364315368646023e+23,-107613408.0,-4.209512871143983e+25,-0.0,130702.336,-0.0,5800,0,8,17278,5800,14723891331072.0,100,0.0,0.0,-107613408.0,0.0,1.9056969178834534e+17,0,0,0,0,nan,0,0,0,0,0,0,0,0,0,0,0,0,0,0,0,0,0,0,0,0,0,0,0,0,0,0,0,0,0,0,0,0,0,10,52,51,61,65476,612,65476,1,0,4,21553,0.0,0.0,0.0,0.0,0.0,0.0,0.0,0.0,0.0,0.0,0.0,0.0,0.0,0.0,0.0,0.0,0.0,0.0,0.0,0.0,0.0,2.004,3.697074423243316e+19,-0.0,-0.0,0.0,0.0,0.0,0.0,0.0,6614.0,-1.587938797847242e+29,0.0,2.718450016850437e+23,-0.0,-107616232.0,0.0,-0.0,0.0,2.004,2.004,245,-0.0,3.222024903336656e+26,0.0,0.0,0.0,0.0,0.0,0.0,0.0,0,0,0,-4.849862227236225e+19,1.0989539315057312e+27,0.0,-0.0,-7432.429,0.0,-1.1724433479836024e+24,-2.2622086567340096e+35,-1.003585615419985e+19,3.34859364068332e+24,-2.609368757377194e+36,-0.0,-0.0,-0.0,0.0,-0.0,0,1.3516416376850534e+27,245,0.0,490,0.0,-0.0,2050,52429,17150,39322,17152,39322,17144,0,0,0,105,99,100,-107615312.0,69.3,-0.0,69.7,2.7302353966433104e+23,69.5,1,47,48,180,0,26215,0,0,0.0,0.0,0.0,60.0,0.0,74.5,0.0,0.0,0.0,1270,0,1277,0,0,0,1274,0,1286,0,1243,0,697,0,698,0,694,0,690,0.032,1.6307057321335943e+34,-2.004,0.0,17552,16829,0.0,0.0,2166044214951936.0,-0.0,-0.0,-2.0125366709042396e+37,70.0,60.0,66,0.0,0.0,10.0,2.0,0.0,0.0,0.0,0.0,0.0,0.0,0.0,0.0,0.0,0.0,0.0,0.0,65.2,69,16,65516,49,65476,0,300,0,0,8,20529,65476,0,0,43254,60.0,0.0,10.0,10.0,2.0,0.0
2026-02-05T14:28:29,ERR,ERR,ERR,ERR,ERR,ERR,ERR,ERR,ERR,ERR,ERR,ERR,ERR,ERR,ERR,ERR,ERR,ERR,ERR,ERR,ERR,ERR,ERR,ERR,ERR,ERR,ERR,ERR,ERR,ERR,ERR,ERR,ERR,ERR,ERR,ERR,ERR,ERR,ERR,ERR,ERR,ERR,ERR,ERR,ERR,ERR,ERR,ERR,ERR,ERR,ERR,ERR,ERR,ERR,ERR,ERR,ERR,ERR,ERR,ERR,ERR,ERR,ERR,ERR,ERR,ERR,ERR,ERR,ERR,ERR,ERR,ERR,ERR,ERR,ERR,ERR,ERR,ERR,ERR,ERR,ERR,ERR,ERR,ERR,ERR,ERR,ERR,ERR,ERR,ERR,ERR,ERR,ERR,ERR,ERR,ERR,ERR,ERR,ERR,ERR,ERR,ERR,ERR,ERR,ERR,ERR,ERR,ERR,ERR,ERR,ERR,ERR,ERR,ERR,ERR,ERR,ERR,ERR,ERR,ERR,ERR,ERR,ERR,ERR,ERR,2.718450016850437e+23,-0.0,2.8364315368646023e+23,-107613408.0,-4.209512871143983e+25,-0.0,130702.336,-0.0,5800,0,8,17278,5800,14723891331072.0,100,0.0,0.0,-107613408.0,0.0,1.9056969178834534e+17,0,0,0,0,nan,0,0,0,0,0,0,0,0,0,0,0,0,0,0,0,0,0,0,0,0,0,0,0,0,0,0,0,0,0,0,0,0,0,10,52,51,61,65476,612,65476,1,0,4,21553,0.0,0.0,0.0,0.0,0.0,0.0,0.0,0.0,0.0,0.0,0.0,0.0,0.0,0.0,0.0,0.0,0.0,0.0,0.0,0.0,0.0,2.004,3.697074423243316e+19,-0.0,-0.0,0.0,0.0,0.0,0.0,0.0,6614.0,-1.587938797847242e+29,0.0,2.718450016850437e+23,-0.0,-107616232.0,0.0,-0.0,0.0,2.004,2.004,245,-0.0,3.222024903336656e+26,0.0,0.0,0.0,0.0,0.0,0.0,0.0,0,0,0,-4.849862227236225e+19,1.0989539315057312e+27,0.0,-0.0,-7432.429,0.0,-1.1724433479836024e+24,-2.2622086567340096e+35,-1.003585615419985e+19,3.34859364068332e+24,-2.609368757377194e+36,-0.0,-0.0,-0.0,0.0,-0.0,0,1.3516416376850534e+27,245,0.0,490,0.0,-0.0,2050,52429,17150,39322,17152,39322,17144,0,0,0,105,99,100,-107615312.0,69.3,-0.0,69.7,2.7302353966433104e+23,69.5,1,47,48,180,0,26215,0,0,0.0,0.0,0.0,60.0,0.0,74.5,0.0,0.0,0.0,1270,0,1277,0,0,0,1274,0,1286,0,1243,0,697,0,698,0,694,0,690,0.032,1.6307057321335943e+34,-2.004,0.0,17552,16829,0.0,0.0,2166044214951936.0,-0.0,-0.0,-2.0125366709042396e+37,70.0,60.0,66,0.0,0.0,10.0,2.0,0.0,0.0,0.0,0.0,0.0,0.0,0.0,0.0,0.0,0.0,0.0,0.0,65.2,69,16,65516,49,65476,0,300,0,0,8,20529,65476,0,0,43254,60.0,0.0,10.0,10.0,2.0,0.0
2026-02-05T14:28:30,ERR,ERR,ERR,ERR,ERR,ERR,ERR,ERR,ERR,ERR,ERR,ERR,ERR,ERR,ERR,ERR,ERR,ERR,ERR,ERR,ERR,ERR,ERR,ERR,ERR,ERR,ERR,ERR,ERR,ERR,ERR,ERR,ERR,ERR,ERR,ERR,ERR,ERR,ERR,ERR,ERR,ERR,ERR,ERR,ERR,ERR,ERR,ERR,ERR,ERR,ERR,ERR,ERR,ERR,ERR,ERR,ERR,ERR,ERR,ERR,ERR,ERR,ERR,ERR,ERR,ERR,ERR,ERR,ERR,ERR,ERR,ERR,ERR,ERR,ERR,ERR,ERR,ERR,ERR,ERR,ERR,ERR,ERR,ERR,ERR,ERR,ERR,ERR,ERR,ERR,ERR,ERR,ERR,ERR,ERR,ERR,ERR,ERR,ERR,ERR,ERR,ERR,ERR,ERR,ERR,ERR,ERR,ERR,ERR,ERR,ERR,ERR,ERR,ERR,ERR,ERR,ERR,ERR,ERR,ERR,ERR,ERR,ERR,ERR,ERR,2.718450016850437e+23,-0.0,2.8364315368646023e+23,-107613408.0,-4.209512871143983e+25,-5.743698210684279e+23,-0.0,713.003,5800,0,8,17275,5800,-0.0,100,0.0,0.0,-107613408.0,0.0,1.9056969178834534e+17,0,0,0,0,nan,0,0,0,0,0,0,0,0,0,0,0,0,0,0,0,0,0,0,0,0,0,0,0,0,0,0,0,0,0,0,0,0,0,10,52,51,61,65476,613,65476,1,0,4,21553,0.0,0.0,0.0,0.0,0.0,0.0,0.0,0.0,0.0,0.0,0.0,0.0,0.0,0.0,0.0,0.0,0.0,0.0,0.0,0.0,0.0,2.004,3.697074423243316e+19,-0.0,-0.0,3.697088496992151e+19,0.0,0.0,0.0,0.0,6616.0,8608233472.0,0.0,2.718450016850437e+23,-0.0,-0.0,107616448.0,0.0,0.0,2.004,2.004,243,-0.0,0.0,0.0,0.0,0.0,0.0,0.0,0.0,0.0,0,0,0,-0.0,24993.061,-1.3495445195850338e+26,8.326267099929736e+33,-0.0,2.178470183480613e+34,3.328771881862116e+36,-1.7275008070739142e+28,1.6016637558859497e+19,4.066393346079506e+24,-3.3702798331159894e+36,-0.0,-0.0,-0.0,0.0,-0.0,0,1.3516416376850534e+27,245,0.0,490,-0.0,1.804316963640443e+17,2050,52429,17150,39322,17152,39322,17144,0,0,0,105,99,100,-107615312.0,69.3,-0.0,69.7,2.7302353966433104e+23,69.5,1,47,48,180,0,26215,0,0,0.0,0.0,0.0,60.0,0.0,74.5,0.0,0.0,0.0,1270,0,1277,0,0,0,1274,0,1286,0,1243,0,697,0,698,0,694,0,690,0.032,1.6307057321335943e+34,-2.004,0.0,17552,16829,0.0,0.0,2166044214951936.0,-0.0,-0.0,-2.0125366709042396e+37,70.0,60.0,66,0.0,0.0,10.0,2.0,0.0,0.0,0.0,0.0,0.0,0.0,0.0,0.0,0.0,0.0,0.0,0.0,65.2,69,16,65516,49,65476,0,300,0,0,8,20529,65476,0,0,38011,60.0,0.0,10.0,10.0,2.0,0.0
2026-02-05T14:28:31,ERR,ERR,ERR,ERR,ERR,ERR,ERR,ERR,ERR,ERR,ERR,ERR,ERR,ERR,ERR,ERR,ERR,ERR,ERR,ERR,ERR,ERR,ERR,ERR,ERR,ERR,ERR,ERR,ERR,ERR,ERR,ERR,ERR,ERR,ERR,ERR,ERR,ERR,ERR,ERR,ERR,ERR,ERR,ERR,ERR,ERR,ERR,ERR,ERR,ERR,ERR,ERR,ERR,ERR,ERR,ERR,ERR,ERR,ERR,ERR,ERR,ERR,ERR,ERR,ERR,ERR,ERR,ERR,ERR,ERR,ERR,ERR,ERR,ERR,ERR,ERR,ERR,ERR,ERR,ERR,ERR,ERR,ERR,ERR,ERR,ERR,ERR,ERR,ERR,ERR,ERR,ERR,ERR,ERR,ERR,ERR,ERR,ERR,ERR,ERR,ERR,ERR,ERR,ERR,ERR,ERR,ERR,ERR,ERR,ERR,ERR,ERR,ERR,ERR,ERR,ERR,ERR,ERR,ERR,ERR,ERR,ERR,ERR,ERR,ERR,2.718450016850437e+23,-0.0,2.8364315368646023e+23,-107613408.0,-4.209512871143983e+25,-5.743698210684279e+23,-0.0,713.003,5800,0,8,17275,5800,-0.0,100,0.0,0.0,-107613408.0,0.0,1.9056969178834534e+17,0,0,0,0,nan,0,0,0,0,0,0,0,0,0,0,0,0,0,0,0,0,0,0,0,0,0,0,0,0,0,0,0,0,0,0,0,0,0,10,52,51,61,65476,613,65476,1,0,4,21553,0.0,0.0,0.0,0.0,0.0,0.0,0.0,0.0,0.0,0.0,0.0,0.0,0.0,0.0,0.0,0.0,0.0,0.0,0.0,0.0,0.0,2.004,3.697074423243316e+19,-0.0,-0.0,3.697088496992151e+19,0.0,0.0,0.0,0.0,6616.0,8608233472.0,0.0,2.718450016850437e+23,-0.0,-0.0,107616448.0,0.0,0.0,2.004,2.004,243,-0.0,0.0,0.0,0.0,0.0,0.0,0.0,0.0,0.0,0,0,0,-0.0,24993.061,-1.3495445195850338e+26,8.326267099929736e+33,-0.0,2.178470183480613e+34,3.328771881862116e+36,-1.7275008070739142e+28,1.6016637558859497e+19,4.066393346079506e+24,-3.3702798331159894e+36,-0.0,-0.0,-0.0,0.0,-0.0,0,1.3516416376850534e+27,245,0.0,490,-0.0,1.804316963640443e+17,2050,52429,17150,39322,17152,39322,17144,0,0,0,105,99,100,-107615312.0,69.3,-0.0,69.7,2.7302353966433104e+23,69.5,1,47,48,180,0,26215,0,0,0.0,0.0,0.0,60.0,0.0,74.5,0.0,0.0,0.0,1270,0,1277,0,0,0,1274,0,1286,0,1243,0,697,0,698,0,694,0,690,0.032,1.6307057321335943e+34,-2.004,0.0,17552,16829,0.0,0.0,2166044214951936.0,-0.0,-0.0,-2.0125366709042396e+37,70.0,60.0,66,0.0,0.0,10.0,2.0,0.0,0.0,0.0,0.0,0.0,0.0,0.0,0.0,0.0,0.0,0.0,0.0,65.2,69,16,65516,49,65476,0,300,0,0,8,20529,65476,0,0,38011,60.0,0.0,10.0,10.0,2.0,0.0
2026-02-05T14:28:32,ERR,ERR,ERR,ERR,ERR,ERR,ERR,ERR,ERR,ERR,ERR,ERR,ERR,ERR,ERR,ERR,ERR,ERR,ERR,ERR,ERR,ERR,ERR,ERR,ERR,ERR,ERR,ERR,ERR,ERR,ERR,ERR,ERR,ERR,ERR,ERR,ERR,ERR,ERR,ERR,ERR,ERR,ERR,ERR,ERR,ERR,ERR,ERR,ERR,ERR,ERR,ERR,ERR,ERR,ERR,ERR,ERR,ERR,ERR,ERR,ERR,ERR,ERR,ERR,ERR,ERR,ERR,ERR,ERR,ERR,ERR,ERR,ERR,ERR,ERR,ERR,ERR,ERR,ERR,ERR,ERR,ERR,ERR,ERR,ERR,ERR,ERR,ERR,ERR,ERR,ERR,ERR,ERR,ERR,ERR,ERR,ERR,ERR,ERR,ERR,ERR,ERR,ERR,ERR,ERR,ERR,ERR,ERR,ERR,ERR,ERR,ERR,ERR,ERR,ERR,ERR,ERR,ERR,ERR,ERR,ERR,ERR,ERR,ERR,ERR,2.718450016850437e+23,-0.0,2.8364315368646023e+23,-107613408.0,-4.209512871143983e+25,-5.743698210684279e+23,-0.0,713.003,5800,0,8,17275,5800,-0.0,100,0.0,0.0,-107613408.0,0.0,1.9056969178834534e+17,0,0,0,0,nan,0,0,0,0,0,0,0,0,0,0,0,0,0,0,0,0,0,0,0,0,0,0,0,0,0,0,0,0,0,0,0,0,0,10,52,51,61,65476,613,65476,1,0,4,21553,0.0,0.0,0.0,0.0,0.0,0.0,0.0,0.0,0.0,0.0,0.0,0.0,0.0,0.0,0.0,0.0,0.0,0.0,0.0,0.0,0.0,2.004,3.697074423243316e+19,-0.0,-0.0,3.697088496992151e+19,0.0,0.0,0.0,0.0,6616.0,8608233472.0,0.0,2.718450016850437e+23,-0.0,-0.0,107616448.0,0.0,0.0,2.004,2.004,243,-0.0,0.0,0.0,0.0,0.0,0.0,0.0,0.0,0.0,0,0,0,-0.0,24993.061,-1.3495445195850338e+26,8.326267099929736e+33,-0.0,2.178470183480613e+34,3.328771881862116e+36,-1.7275008070739142e+28,1.6016637558859497e+19,4.066393346079506e+24,-3.3702798331159894e+36,-0.0,-0.0,-0.0,0.0,-0.0,0,1.3516416376850534e+27,245,0.0,490,-0.0,1.804316963640443e+17,2050,52429,17150,39322,17152,52429,17144,0,0,0,105,99,100,-107615312.0,69.3,-0.0,69.7,2.7302353966433104e+23,69.5,1,47,48,180,0,26215,0,0,0.0,0.0,0.0,60.0,0.0,74.5,0.0,-0.0,0.0,1270,0,1277,0,0,0,1274,0,1286,0,1243,0,697,0,698,0,694,0,690,0.032,1.322413106158089e+34,-0.0,0.0,20496,16829,0.0,-0.0,-100992.367,nan,0.0,8.57093022070866e+16,70.0,60.0,66,0.0,0.0,10.0,2.0,0.0,0.0,0.0,0.0,0.0,0.0,0.0,0.0,0.0,0.0,0.0,0.0,65.6,69,16,65516,49,65476,0,300,0,0,8,20529,65476,0,0,40632,60.0,0.0,10.0,10.0,2.0,0.0
2026-02-05T14:28:33,ERR,ERR,ERR,ERR,ERR,ERR,ERR,ERR,ERR,ERR,ERR,ERR,ERR,ERR,ERR,ERR,ERR,ERR,ERR,ERR,ERR,ERR,ERR,ERR,ERR,ERR,ERR,ERR,ERR,ERR,ERR,ERR,ERR,ERR,ERR,ERR,ERR,ERR,ERR,ERR,ERR,ERR,ERR,ERR,ERR,ERR,ERR,ERR,ERR,ERR,ERR,ERR,ERR,ERR,ERR,ERR,ERR,ERR,ERR,ERR,ERR,ERR,ERR,ERR,ERR,ERR,ERR,ERR,ERR,ERR,ERR,ERR,ERR,ERR,ERR,ERR,ERR,ERR,ERR,ERR,ERR,ERR,ERR,ERR,ERR,ERR,ERR,ERR,ERR,ERR,ERR,ERR,ERR,ERR,ERR,ERR,ERR,ERR,ERR,ERR,ERR,ERR,ERR,ERR,ERR,ERR,ERR,ERR,ERR,ERR,ERR,ERR,ERR,ERR,ERR,ERR,ERR,ERR,ERR,ERR,ERR,ERR,ERR,ERR,ERR,2.718450016850437e+23,-0.0,2.8364315368646023e+23,-107613408.0,-4.209512871143983e+25,-5.743698210684279e+23,-0.0,713.003,5800,0,8,17275,5800,-0.0,100,0.0,0.0,-107613408.0,0.0,1.9056969178834534e+17,0,0,0,0,nan,0,0,0,0,0,0,0,0,0,0,0,0,0,0,0,0,0,0,0,0,0,0,0,0,0,0,0,0,0,0,0,0,0,10,52,51,61,65476,613,65476,1,0,4,21553,0.0,0.0,0.0,0.0,0.0,0.0,0.0,0.0,0.0,0.0,0.0,0.0,0.0,0.0,0.0,0.0,0.0,0.0,0.0,0.0,0.0,2.004,3.697074423243316e+19,-0.0,-0.0,3.697088496992151e+19,0.0,0.0,0.0,0.0,6616.0,8608233472.0,0.0,2.718450016850437e+23,-0.0,-0.0,107616448.0,0.0,0.0,2.004,2.004,243,-0.0,0.0,0.0,0.0,0.0,0.0,0.0,0.0,0.0,0,0,0,-0.0,24993.061,-1.3495445195850338e+26,8.326267099929736e+33,-0.0,2.178470183480613e+34,3.328771881862116e+36,-1.7275008070739142e+28,1.6016637558859497e+19,4.066393346079506e+24,-3.3702798331159894e+36,-0.0,-0.0,-0.0,0.0,-0.0,0,1.3516416376850534e+27,245,0.0,490,-0.0,1.804316963640443e+17,2050,52429,17150,39322,17152,52429,17144,0,0,0,105,99,100,-107615312.0,69.3,-0.0,69.7,2.7302353966433104e+23,69.5,1,47,48,180,0,26215,0,0,0.0,0.0,0.0,60.0,0.0,74.5,0.0,-0.0,0.0,1270,0,1277,0,0,0,1274,0,1286,0,1243,0,697,0,698,0,694,0,690,0.032,1.322413106158089e+34,-0.0,0.0,20496,16829,0.0,-0.0,-100992.367,nan,0.0,8.57093022070866e+16,70.0,60.0,66,0.0,0.0,10.0,2.0,0.0,0.0,0.0,0.0,0.0,0.0,0.0,0.0,0.0,0.0,0.0,0.0,65.6,69,16,65516,49,65476,0,300,0,0,8,20529,65476,0,0,40632,60.0,0.0,10.0,10.0,2.0,0.0
2026-02-05T14:28:34,ERR,ERR,ERR,ERR,ERR,ERR,ERR,ERR,ERR,ERR,ERR,ERR,ERR,ERR,ERR,ERR,ERR,ERR,ERR,ERR,ERR,ERR,ERR,ERR,ERR,ERR,ERR,ERR,ERR,ERR,ERR,ERR,ERR,ERR,ERR,ERR,ERR,ERR,ERR,ERR,ERR,ERR,ERR,ERR,ERR,ERR,ERR,ERR,ERR,ERR,ERR,ERR,ERR,ERR,ERR,ERR,ERR,ERR,ERR,ERR,ERR,ERR,ERR,ERR,ERR,ERR,ERR,ERR,ERR,ERR,ERR,ERR,ERR,ERR,ERR,ERR,ERR,ERR,ERR,ERR,ERR,ERR,ERR,ERR,ERR,ERR,ERR,ERR,ERR,ERR,ERR,ERR,ERR,ERR,ERR,ERR,ERR,ERR,ERR,ERR,ERR,ERR,ERR,ERR,ERR,ERR,ERR,ERR,ERR,ERR,ERR,ERR,ERR,ERR,ERR,ERR,ERR,ERR,ERR,ERR,ERR,ERR,ERR,ERR,ERR,2.718450016850437e+23,-0.0,2.8364315368646023e+23,-107613408.0,-4.209512871143983e+25,-5.743698210684279e+23,-0.0,713.003,5800,0,8,17275,5800,-0.0,100,0.0,0.0,-107613408.0,0.0,1.9056969178834534e+17,0,0,0,0,nan,0,0,0,0,0,0,0,0,0,0,0,0,0,0,0,0,0,0,0,0,0,0,0,0,0,0,0,0,0,0,0,0,0,10,52,51,61,65476,613,65476,1,0,4,21553,0.0,0.0,0.0,0.0,0.0,0.0,0.0,0.0,0.0,0.0,0.0,0.0,0.0,0.0,0.0,0.0,0.0,0.0,0.0,0.0,0.0,2.004,3.697074423243316e+19,-0.0,-0.0,3.697088496992151e+19,0.0,0.0,0.0,0.0,6616.0,8608233472.0,0.0,2.718450016850437e+23,-0.0,-0.0,107616448.0,0.0,0.0,2.004,2.004,243,-0.0,0.0,0.0,0.0,0.0,0.0,0.0,0.0,0.0,0,0,0,-0.0,24993.061,-1.3495445195850338e+26,8.326267099929736e+33,-0.0,2.178470183480613e+34,3.328771881862116e+36,-1.7275008070739142e+28,1.6016637558859497e+19,4.066393346079506e+24,-3.3702798331159894e+36,-0.0,-0.0,-0.0,0.0,-0.0,0,1.3516416376850534e+27,245,0.0,490,-0.0,1.804316963640443e+17,2050,52429,17150,39322,17152,52429,17144,0,0,0,105,99,100,-107615312.0,69.3,-0.0,69.7,2.7302353966433104e+23,69.5,1,47,48,180,0,26215,0,0,0.0,0.0,0.0,60.0,0.0,74.5,0.0,-0.0,0.0,1270,0,1277,0,0,0,1274,0,1286,0,1243,0,697,0,698,0,694,0,690,0.032,1.322413106158089e+34,-0.0,0.0,20496,16829,0.0,-0.0,-100992.367,nan,0.0,8.57093022070866e+16,70.0,60.0,66,0.0,0.0,10.0,2.0,0.0,0.0,0.0,0.0,0.0,0.0,0.0,0.0,0.0,0.0,0.0,0.0,65.2,69,16,65516,49,65476,0,300,0,0,8,20529,65476,0,0,38011,60.0,0.0,10.0,10.0,2.0,0.0
2026-02-05T14:28:35,ERR,ERR,ERR,ERR,ERR,ERR,ERR,ERR,ERR,ERR,ERR,ERR,ERR,ERR,ERR,ERR,ERR,ERR,ERR,ERR,ERR,ERR,ERR,ERR,ERR,ERR,ERR,ERR,ERR,ERR,ERR,ERR,ERR,ERR,ERR,ERR,ERR,ERR,ERR,ERR,ERR,ERR,ERR,ERR,ERR,ERR,ERR,ERR,ERR,ERR,ERR,ERR,ERR,ERR,ERR,ERR,ERR,ERR,ERR,ERR,ERR,ERR,ERR,ERR,ERR,ERR,ERR,ERR,ERR,ERR,ERR,ERR,ERR,ERR,ERR,ERR,ERR,ERR,ERR,ERR,ERR,ERR,ERR,ERR,ERR,ERR,ERR,ERR,ERR,ERR,ERR,ERR,ERR,ERR,ERR,ERR,ERR,ERR,ERR,ERR,ERR,ERR,ERR,ERR,ERR,ERR,ERR,ERR,ERR,ERR,ERR,ERR,ERR,ERR,ERR,ERR,ERR,ERR,ERR,ERR,ERR,ERR,ERR,ERR,ERR,2.718450016850437e+23,-0.0,2.8364315368646023e+23,-107613408.0,-4.209512871143983e+25,219317223424.0,0.0,-1271815.0,5800,0,8,17276,5800,-0.0,100,0.0,0.0,-107613408.0,0.0,1.9056969178834534e+17,0,0,0,0,nan,0,0,0,0,0,0,0,0,0,0,0,0,0,0,0,0,0,0,0,0,0,0,0,0,0,0,0,0,0,0,0,0,0,10,52,51,61,65476,613,65476,1,0,4,21553,0.0,2.71838894803949e+23,0.0,0.0,0.0,0.0,0.0,0.0,0.0,0.0,0.0,0.0,0.0,0.0,0.0,0.0,0.0,0.0,0.0,0.0,0.0,2.004,3.697074423243316e+19,-0.0,-0.0,0.0,0.0,0.0,0.0,0.0,6615.0,0.0,0.0,2.718450016850437e+23,-0.0,-0.0,-2.7184547005940495e+23,-0.0,0.0,2.004,2.004,245,-0.0,-4.066875947584353e+29,0.0,0.0,0.0,0.0,0.0,0.0,0.0,0,0,0,-0.0,-1207336781742080.0,-1.4484349578200167e+20,-2.630515504743771e+24,-0.0,-0.002,-0.001,-0.0,0.0,4.8030825174071706e+24,-4.1802781430474225e+36,-0.0,-0.0,-0.0,0.0,0.0,0,1.3516416376850534e+27,243,0.0,486,0.0,-0.0,2050,52429,17150,39322,17152,52429,17144,0,0,0,105,99,100,-107615312.0,69.3,-0.0,69.7,2.7302353966433104e+23,69.5,1,47,48,180,0,26215,0,0,0.0,0.0,0.0,60.0,0.0,74.5,0.0,-0.0,0.0,1270,0,1277,0,0,0,1274,0,1286,0,1243,0,697,0,698,0,694,0,690,0.032,1.322413106158089e+34,-0.0,0.0,20496,16829,0.0,-0.0,-100992.367,nan,0.0,8.57093022070866e+16,70.0,60.0,66,0.0,0.0,10.0,2.0,0.0,0.0,0.0,0.0,0.0,0.0,0.0,0.0,0.0,0.0,0.0,0.0,65.6,69,16,65516,49,65476,0,300,0,0,8,20529,65476,0,0,36700,60.0,0.0,10.0,10.0,2.0,0.0
2026-02-05T14:28:36,ERR,ERR,ERR,ERR,ERR,ERR,ERR,ERR,ERR,ERR,ERR,ERR,ERR,ERR,ERR,ERR,ERR,ERR,ERR,ERR,ERR,ERR,ERR,ERR,ERR,ERR,ERR,ERR,ERR,ERR,ERR,ERR,ERR,ERR,ERR,ERR,ERR,ERR,ERR,ERR,ERR,ERR,ERR,ERR,ERR,ERR,ERR,ERR,ERR,ERR,ERR,ERR,ERR,ERR,ERR,ERR,ERR,ERR,ERR,ERR,ERR,ERR,ERR,ERR,ERR,ERR,ERR,ERR,ERR,ERR,ERR,ERR,ERR,ERR,ERR,ERR,ERR,ERR,ERR,ERR,ERR,ERR,ERR,ERR,ERR,ERR,ERR,ERR,ERR,ERR,ERR,ERR,ERR,ERR,ERR,ERR,ERR,ERR,ERR,ERR,ERR,ERR,ERR,ERR,ERR,ERR,ERR,ERR,ERR,ERR,ERR,ERR,ERR,ERR,ERR,ERR,ERR,ERR,ERR,ERR,ERR,ERR,ERR,ERR,ERR,2.718450016850437e+23,-0.0,2.8364315368646023e+23,-107613408.0,-4.209512871143983e+25,219317223424.0,0.0,-1271815.0,5800,0,8,17276,5800,-0.0,100,0.0,0.0,-107613408.0,0.0,1.9056969178834534e+17,0,0,0,0,nan,0,0,0,0,0,0,0,0,0,0,0,0,0,0,0,0,0,0,0,0,0,0,0,0,0,0,0,0,0,0,0,0,0,10,52,51,61,65476,613,65476,1,0,4,21553,0.0,2.71838894803949e+23,0.0,0.0,0.0,0.0,0.0,0.0,0.0,0.0,0.0,0.0,0.0,0.0,0.0,0.0,0.0,0.0,0.0,0.0,0.0,2.004,3.697074423243316e+19,-0.0,-0.0,0.0,0.0,0.0,0.0,0.0,6615.0,0.0,0.0,2.718450016850437e+23,-0.0,-0.0,-2.7184547005940495e+23,-0.0,0.0,2.004,2.004,245,-0.0,-4.066875947584353e+29,0.0,0.0,0.0,0.0,0.0,0.0,0.0,0,0,0,-0.0,-1207336781742080.0,-1.4484349578200167e+20,-2.630515504743771e+24,-0.0,-0.002,-0.001,-0.0,0.0,4.8030825174071706e+24,-4.1802781430474225e+36,-0.0,-0.0,-0.0,0.0,0.0,0,1.3516416376850534e+27,243,0.0,486,0.0,-0.0,2050,52429,17150,39322,17152,39322,17144,0,0,0,105,99,100,-107615312.0,69.4,-107615320.0,69.7,2.7302353966433104e+23,69.5,1,47,48,180,0,26215,0,0,0.0,0.0,0.0,60.0,0.0,74.5,0.0,-0.0,0.0,1270,0,1277,0,0,0,1274,0,1286,0,1243,0,697,0,698,0,694,0,690,0.032,1.5576890575604483e+34,-0.0,0.0,15248,16829,0.0,-0.0,0.0,-0.0,-0.0,-0.0,70.0,60.0,66,0.0,0.0,10.0,2.0,0.0,0.0,0.0,0.0,0.0,0.0,0.0,0.0,0.0,0.0,0.0,0.0,65.6,69,16,65516,49,65476,0,300,0,0,8,20529,65476,0,0,36700,60.0,0.0,10.0,10.0,2.0,0.0
2026-02-05T14:28:37,ERR,ERR,ERR,ERR,ERR,ERR,ERR,ERR,ERR,ERR,ERR,ERR,ERR,ERR,ERR,ERR,ERR,ERR,ERR,ERR,ERR,ERR,ERR,ERR,ERR,ERR,ERR,ERR,ERR,ERR,ERR,ERR,ERR,ERR,ERR,ERR,ERR,ERR,ERR,ERR,ERR,ERR,ERR,ERR,ERR,ERR,ERR,ERR,ERR,ERR,ERR,ERR,ERR,ERR,ERR,ERR,ERR,ERR,ERR,ERR,ERR,ERR,ERR,ERR,ERR,ERR,ERR,ERR,ERR,ERR,ERR,ERR,ERR,ERR,ERR,ERR,ERR,ERR,ERR,ERR,ERR,ERR,ERR,ERR,ERR,ERR,ERR,ERR,ERR,ERR,ERR,ERR,ERR,ERR,ERR,ERR,ERR,ERR,ERR,ERR,ERR,ERR,ERR,ERR,ERR,ERR,ERR,ERR,ERR,ERR,ERR,ERR,ERR,ERR,ERR,ERR,ERR,ERR,ERR,ERR,ERR,ERR,ERR,ERR,ERR,2.718450016850437e+23,-0.0,2.8364315368646023e+23,-107613408.0,-4.209512871143983e+25,219317223424.0,0.0,-1271815.0,5800,0,8,17276,5800,-0.0,100,0.0,0.0,-107613408.0,0.0,1.9056969178834534e+17,0,0,0,0,nan,0,0,0,0,0,0,0,0,0,0,0,0,0,0,0,0,0,0,0,0,0,0,0,0,0,0,0,0,0,0,0,0,0,10,52,51,61,65476,613,65476,1,0,4,21553,0.0,2.71838894803949e+23,0.0,0.0,0.0,0.0,0.0,0.0,0.0,0.0,0.0,0.0,0.0,0.0,0.0,0.0,0.0,0.0,0.0,0.0,0.0,2.004,3.697074423243316e+19,-0.0,-0.0,0.0,0.0,0.0,0.0,0.0,6615.0,0.0,0.0,2.718450016850437e+23,-0.0,-0.0,-2.7184547005940495e+23,-0.0,0.0,2.004,2.004,245,-0.0,-4.066875947584353e+29,0.0,0.0,0.0,0.0,0.0,0.0,0.0,0,0,0,-0.0,-1207336781742080.0,-1.4484349578200167e+20,-2.630515504743771e+24,-0.0,-0.002,-0.001,-0.0,0.0,4.8030825174071706e+24,-4.1802781430474225e+36,-0.0,-0.0,-0.0,0.0,0.0,0,1.3516416376850534e+27,243,0.0,486,0.0,-0.0,2050,52429,17150,39322,17152,39322,17144,0,0,0,105,99,100,-107615312.0,69.4,-107615320.0,69.7,2.7302353966433104e+23,69.5,1,47,48,180,0,26215,0,0,0.0,0.0,0.0,60.0,0.0,74.5,0.0,-0.0,0.0,1270,0,1277,0,0,0,1274,0,1286,0,1243,0,697,0,698,0,694,0,690,0.032,1.5576890575604483e+34,-0.0,0.0,15248,16829,0.0,-0.0,0.0,-0.0,-0.0,-0.0,70.0,60.0,66,0.0,0.0,10.0,2.0,0.0,0.0,0.0,0.0,0.0,0.0,0.0,0.0,0.0,0.0,0.0,0.0,65.2,69,16,65516,49,65476,0,300,0,0,8,20529,65476,0,0,39322,60.0,0.0,10.0,10.0,2.0,0.0
2026-02-05T14:28:38,ERR,ERR,ERR,ERR,ERR,ERR,ERR,ERR,ERR,ERR,ERR,ERR,ERR,ERR,ERR,ERR,ERR,ERR,ERR,ERR,ERR,ERR,ERR,ERR,ERR,ERR,ERR,ERR,ERR,ERR,ERR,ERR,ERR,ERR,ERR,ERR,ERR,ERR,ERR,ERR,ERR,ERR,ERR,ERR,ERR,ERR,ERR,ERR,ERR,ERR,ERR,ERR,ERR,ERR,ERR,ERR,ERR,ERR,ERR,ERR,ERR,ERR,ERR,ERR,ERR,ERR,ERR,ERR,ERR,ERR,ERR,ERR,ERR,ERR,ERR,ERR,ERR,ERR,ERR,ERR,ERR,ERR,ERR,ERR,ERR,ERR,ERR,ERR,ERR,ERR,ERR,ERR,ERR,ERR,ERR,ERR,ERR,ERR,ERR,ERR,ERR,ERR,ERR,ERR,ERR,ERR,ERR,ERR,ERR,ERR,ERR,ERR,ERR,ERR,ERR,ERR,ERR,ERR,ERR,ERR,ERR,ERR,ERR,ERR,ERR,2.718450016850437e+23,-0.0,2.8364315368646023e+23,-107613408.0,-4.209512871143983e+25,219317223424.0,0.0,-1271815.0,5800,0,8,17276,5800,-0.0,100,0.0,0.0,-107613408.0,0.0,1.9056969178834534e+17,0,0,0,0,nan,0,0,0,0,0,0,0,0,0,0,0,0,0,0,0,0,0,0,0,0,0,0,0,0,0,0,0,0,0,0,0,0,0,10,52,51,61,65476,613,65476,1,0,4,21553,0.0,2.71838894803949e+23,0.0,0.0,0.0,0.0,0.0,0.0,0.0,0.0,0.0,0.0,0.0,0.0,0.0,0.0,0.0,0.0,0.0,0.0,0.0,2.004,3.697074423243316e+19,-0.0,-0.0,0.0,0.0,0.0,0.0,0.0,6615.0,0.0,0.0,2.718450016850437e+23,-0.0,-0.0,-2.7184547005940495e+23,-0.0,0.0,2.004,2.004,245,-0.0,-4.066875947584353e+29,0.0,0.0,0.0,0.0,0.0,0.0,0.0,0,0,0,-0.0,-1207336781742080.0,-1.4484349578200167e+20,-2.630515504743771e+24,-0.0,-0.002,-0.001,-0.0,0.0,4.8030825174071706e+24,-4.1802781430474225e+36,-0.0,-0.0,-0.0,0.0,0.0,0,1.3516416376850534e+27,243,0.0,486,0.0,-0.0,2050,52429,17150,39322,17152,39322,17144,0,0,0,105,99,100,-107615312.0,69.4,-107615320.0,69.7,2.7302353966433104e+23,69.5,1,47,48,180,0,26215,0,0,0.0,0.0,0.0,60.0,0.0,74.5,0.0,-0.0,0.0,1270,0,1277,0,0,0,1274,0,1286,0,1243,0,697,0,698,0,694,0,690,0.032,1.5576890575604483e+34,-0.0,0.0,15248,16829,0.0,-0.0,0.0,-0.0,-0.0,-0.0,70.0,60.0,66,0.0,0.0,10.0,2.0,0.0,0.0,0.0,0.0,0.0,0.0,0.0,0.0,0.0,0.0,0.0,0.0,65.2,69,16,65516,49,65476,0,300,0,0,8,20529,65476,0,0,39322,60.0,0.0,10.0,10.0,2.0,0.0
2026-02-05T14:28:39,ERR,ERR,ERR,ERR,ERR,ERR,ERR,ERR,ERR,ERR,ERR,ERR,ERR,ERR,ERR,ERR,ERR,ERR,ERR,ERR,ERR,ERR,ERR,ERR,ERR,ERR,ERR,ERR,ERR,ERR,ERR,ERR,ERR,ERR,ERR,ERR,ERR,ERR,ERR,ERR,ERR,ERR,ERR,ERR,ERR,ERR,ERR,ERR,ERR,ERR,ERR,ERR,ERR,ERR,ERR,ERR,ERR,ERR,ERR,ERR,ERR,ERR,ERR,ERR,ERR,ERR,ERR,ERR,ERR,ERR,ERR,ERR,ERR,ERR,ERR,ERR,ERR,ERR,ERR,ERR,ERR,ERR,ERR,ERR,ERR,ERR,ERR,ERR,ERR,ERR,ERR,ERR,ERR,ERR,ERR,ERR,ERR,ERR,ERR,ERR,ERR,ERR,ERR,ERR,ERR,ERR,ERR,ERR,ERR,ERR,ERR,ERR,ERR,ERR,ERR,ERR,ERR,ERR,ERR,ERR,ERR,ERR,ERR,ERR,ERR,2.718450016850437e+23,-0.0,2.8364315368646023e+23,-107613408.0,-4.209512871143983e+25,219317223424.0,0.0,-1271815.0,5800,0,8,17276,5800,-0.0,100,0.0,0.0,-107613408.0,0.0,1.9056969178834534e+17,0,0,0,0,nan,0,0,0,0,0,0,0,0,0,0,0,0,0,0,0,0,0,0,0,0,0,0,0,0,0,0,0,0,0,0,0,0,0,10,52,51,61,65476,613,65476,1,0,4,21553,0.0,2.71838894803949e+23,0.0,0.0,0.0,0.0,0.0,0.0,0.0,0.0,0.0,0.0,0.0,0.0,0.0,0.0,0.0,0.0,0.0,0.0,0.0,2.004,3.697074423243316e+19,-0.0,-0.0,0.0,0.0,0.0,0.0,0.0,6615.0,0.0,0.0,2.718450016850437e+23,-0.0,-0.0,-2.7184547005940495e+23,-0.0,0.0,2.004,2.004,245,-0.0,-4.066875947584353e+29,0.0,0.0,0.0,0.0,0.0,0.0,0.0,0,0,0,-0.0,-1207336781742080.0,-1.4484349578200167e+20,-2.630515504743771e+24,-0.0,-0.002,-0.001,-0.0,0.0,4.8030825174071706e+24,-4.1802781430474225e+36,-0.0,-0.0,-0.0,0.0,0.0,0,1.3516416376850534e+27,243,0.0,486,0.0,-0.0,2050,52429,17150,39322,17152,39322,17144,0,0,0,105,99,100,-107615312.0,69.4,-107615320.0,69.7,2.7302353966433104e+23,69.5,1,47,48,180,0,26215,0,0,0.0,0.0,0.0,60.0,0.0,74.5,0.0,-0.0,0.0,1270,0,1277,0,0,0,1274,0,1286,0,1243,0,697,0,698,0,694,0,690,0.032,1.5576890575604483e+34,-0.0,0.0,15248,16829,0.0,-0.0,0.0,-0.0,-0.0,-0.0,70.0,60.0,66,0.0,0.0,10.0,2.0,0.0,0.0,0.0,0.0,0.0,0.0,0.0,0.0,0.0,0.0,0.0,0.0,65.2,69,16,65516,49,65476,0,300,0,0,8,20529,65476,0,0,38011,60.0,0.0,10.0,10.0,2.0,0.0
2026-02-05T14:28:40,ERR,ERR,ERR,ERR,ERR,ERR,ERR,ERR,ERR,ERR,ERR,ERR,ERR,ERR,ERR,ERR,ERR,ERR,ERR,ERR,ERR,ERR,ERR,ERR,ERR,ERR,ERR,ERR,ERR,ERR,ERR,ERR,ERR,ERR,ERR,ERR,ERR,ERR,ERR,ERR,ERR,ERR,ERR,ERR,ERR,ERR,ERR,ERR,ERR,ERR,ERR,ERR,ERR,ERR,ERR,ERR,ERR,ERR,ERR,ERR,ERR,ERR,ERR,ERR,ERR,ERR,ERR,ERR,ERR,ERR,ERR,ERR,ERR,ERR,ERR,ERR,ERR,ERR,ERR,ERR,ERR,ERR,ERR,ERR,ERR,ERR,ERR,ERR,ERR,ERR,ERR,ERR,ERR,ERR,ERR,ERR,ERR,ERR,ERR,ERR,ERR,ERR,ERR,ERR,ERR,ERR,ERR,ERR,ERR,ERR,ERR,ERR,ERR,ERR,ERR,ERR,ERR,ERR,ERR,ERR,ERR,ERR,ERR,ERR,ERR,2.718450016850437e+23,-0.0,2.8364315368646023e+23,0.0,-0.0,1.64475119765291e+19,0.0,-71434680.0,5800,0,8,17274,5800,-0.0,100,0.0,0.0,-107613408.0,0.0,1.9056969178834534e+17,0,0,0,0,nan,0,0,0,0,0,0,0,0,0,0,0,0,0,0,0,0,0,0,0,0,0,0,0,0,0,0,0,0,0,0,0,0,0,10,52,51,61,65476,613,65476,1,0,4,21553,0.0,2.71838894803949e+23,0.0,0.0,0.0,0.0,0.0,0.0,0.0,0.0,0.0,0.0,0.0,0.0,0.0,0.0,0.0,0.0,0.0,0.0,0.0,2.004,3.697074423243316e+19,-0.0,-0.0,0.0,0.0,0.0,0.0,0.0,6611.0,-1.5879386089525827e+29,0.0,2.718450016850437e+23,-0.0,-107616232.0,0.0,-0.0,0.0,2.004,2.004,243,-0.0,-107615256.0,0.0,0.0,0.0,0.0,0.0,0.0,0.0,0,0,0,-2.439342632425698e+19,-0.011,0.0,0.0,-3.589610520694489e+18,0.0,1.0504261645369344e+16,0.0,-0.0,6.357176894600025e+24,-5.0525840152812736e+36,-0.0,-0.0,-0.0,0.0,0.0,0,1.3516416376850534e+27,243,0.0,486,-4.700581670752129e+22,-3.294452354593262e+26,2050,52429,17150,39322,17152,52429,17144,0,0,0,105,99,100,-107615312.0,69.3,-0.0,69.7,2.7302353966433104e+23,69.5,1,47,48,180,0,26215,0,0,0.0,0.0,0.0,60.0,0.0,74.5,0.0,0.0,0.0,1270,0,1277,0,0,0,1274,0,1286,0,1243,0,697,0,699,0,694,0,690,0.032,1.3386390338410102e+34,-0.0,0.0,63632,16828,0.0,1.7821244166504448e+16,-0.0,-0.0,0.0,0.0,70.0,60.0,66,0.0,0.0,10.0,2.0,0.0,0.0,0.0,0.0,0.0,0.0,0.0,0.0,0.0,0.0,0.0,0.0,65.2,69,16,65516,49,65476,0,300,0,0,8,20529,65476,0,0,38011,60.0,0.0,10.0,10.0,2.0,0.0
2026-02-05T14:28:41,ERR,ERR,ERR,ERR,ERR,ERR,ERR,ERR,ERR,ERR,ERR,ERR,ERR,ERR,ERR,ERR,ERR,ERR,ERR,ERR,ERR,ERR,ERR,ERR,ERR,ERR,ERR,ERR,ERR,ERR,ERR,ERR,ERR,ERR,ERR,ERR,ERR,ERR,ERR,ERR,ERR,ERR,ERR,ERR,ERR,ERR,ERR,ERR,ERR,ERR,ERR,ERR,ERR,ERR,ERR,ERR,ERR,ERR,ERR,ERR,ERR,ERR,ERR,ERR,ERR,ERR,ERR,ERR,ERR,ERR,ERR,ERR,ERR,ERR,ERR,ERR,ERR,ERR,ERR,ERR,ERR,ERR,ERR,ERR,ERR,ERR,ERR,ERR,ERR,ERR,ERR,ERR,ERR,ERR,ERR,ERR,ERR,ERR,ERR,ERR,ERR,ERR,ERR,ERR,ERR,ERR,ERR,ERR,ERR,ERR,ERR,ERR,ERR,ERR,ERR,ERR,ERR,ERR,ERR,ERR,ERR,ERR,ERR,ERR,ERR,2.718450016850437e+23,-0.0,2.8364315368646023e+23,0.0,-0.0,1.64475119765291e+19,0.0,-71434680.0,5800,0,8,17274,5800,-0.0,100,0.0,0.0,-107613408.0,0.0,1.9056969178834534e+17,0,0,0,0,nan,0,0,0,0,0,0,0,0,0,0,0,0,0,0,0,0,0,0,0,0,0,0,0,0,0,0,0,0,0,0,0,0,0,10,52,51,61,65476,613,65476,1,0,4,21553,0.0,2.71838894803949e+23,0.0,0.0,0.0,0.0,0.0,0.0,0.0,0.0,0.0,0.0,0.0,0.0,0.0,0.0,0.0,0.0,0.0,0.0,0.0,2.004,3.697074423243316e+19,-0.0,-0.0,0.0,0.0,0.0,0.0,0.0,6611.0,-1.5879386089525827e+29,0.0,2.718450016850437e+23,-0.0,-107616232.0,0.0,-0.0,0.0,2.004,2.004,243,-0.0,-107615256.0,0.0,0.0,0.0,0.0,0.0,0.0,0.0,0,0,0,-2.439342632425698e+19,-0.011,0.0,0.0,-3.589610520694489e+18,0.0,1.0504261645369344e+16,0.0,-0.0,6.357176894600025e+24,-5.0525840152812736e+36,-0.0,-0.0,-0.0,0.0,0.0,0,1.3516416376850534e+27,243,0.0,486,-4.700581670752129e+22,-3.294452354593262e+26,2050,52429,17150,39322,17152,52429,17144,0,0,0,105,99,100,-107615312.0,69.3,-0.0,69.7,2.7302353966433104e+23,69.5,1,47,48,180,0,26215,0,0,0.0,0.0,0.0,60.0,0.0,74.5,0.0,0.0,0.0,1270,0,1277,0,0,0,1274,0,1286,0,1243,0,697,0,699,0,694,0,690,0.032,1.3386390338410102e+34,-0.0,0.0,63632,16828,0.0,1.7821244166504448e+16,-0.0,-0.0,0.0,0.0,70.0,60.0,66,0.0,0.0,10.0,2.0,0.0,0.0,0.0,0.0,0.0,0.0,0.0,0.0,0.0,0.0,0.0,0.0,65.6,69,16,65516,49,65476,0,300,0,0,8,20529,65476,0,0,38011,60.0,0.0,10.0,10.0,2.0,0.0
2026-02-05T14:28:42,ERR,ERR,ERR,ERR,ERR,ERR,ERR,ERR,ERR,ERR,ERR,ERR,ERR,ERR,ERR,ERR,ERR,ERR,ERR,ERR,ERR,ERR,ERR,ERR,ERR,ERR,ERR,ERR,ERR,ERR,ERR,ERR,ERR,ERR,ERR,ERR,ERR,ERR,ERR,ERR,ERR,ERR,ERR,ERR,ERR,ERR,ERR,ERR,ERR,ERR,ERR,ERR,ERR,ERR,ERR,ERR,ERR,ERR,ERR,ERR,ERR,ERR,ERR,ERR,ERR,ERR,ERR,ERR,ERR,ERR,ERR,ERR,ERR,ERR,ERR,ERR,ERR,ERR,ERR,ERR,ERR,ERR,ERR,ERR,ERR,ERR,ERR,ERR,ERR,ERR,ERR,ERR,ERR,ERR,ERR,ERR,ERR,ERR,ERR,ERR,ERR,ERR,ERR,ERR,ERR,ERR,ERR,ERR,ERR,ERR,ERR,ERR,ERR,ERR,ERR,ERR,ERR,ERR,ERR,ERR,ERR,ERR,ERR,ERR,ERR,2.718450016850437e+23,-0.0,2.8364315368646023e+23,0.0,-0.0,1.64475119765291e+19,0.0,-71434680.0,5800,0,8,17274,5800,-0.0,100,0.0,0.0,-107613408.0,0.0,1.9056969178834534e+17,0,0,0,0,nan,0,0,0,0,0,0,0,0,0,0,0,0,0,0,0,0,0,0,0,0,0,0,0,0,0,0,0,0,0,0,0,0,0,10,52,51,61,65476,613,65476,1,0,4,21553,0.0,2.71838894803949e+23,0.0,0.0,0.0,0.0,0.0,0.0,0.0,0.0,0.0,0.0,0.0,0.0,0.0,0.0,0.0,0.0,0.0,0.0,0.0,2.004,3.697074423243316e+19,-0.0,-0.0,0.0,0.0,0.0,0.0,0.0,6611.0,-1.5879386089525827e+29,0.0,2.718450016850437e+23,-0.0,-107616232.0,0.0,-0.0,0.0,2.004,2.004,243,-0.0,-107615256.0,0.0,0.0,0.0,0.0,0.0,0.0,0.0,0,0,0,-2.439342632425698e+19,-0.011,0.0,0.0,-3.589610520694489e+18,0.0,1.0504261645369344e+16,0.0,-0.0,6.357176894600025e+24,-5.0525840152812736e+36,-0.0,-0.0,-0.0,0.0,0.0,0,1.3516416376850534e+27,243,0.0,486,-4.700581670752129e+22,-3.294452354593262e+26,2050,52429,17150,39322,17152,52429,17144,0,0,0,105,99,100,-107615312.0,69.3,-0.0,69.7,2.7302353966433104e+23,69.5,1,47,48,180,0,26215,0,0,0.0,0.0,0.0,60.0,0.0,74.5,0.0,0.0,0.0,1270,0,1277,0,0,0,1274,0,1286,0,1243,0,697,0,699,0,694,0,690,0.032,1.3386390338410102e+34,-0.0,0.0,63632,16828,0.0,1.7821244166504448e+16,-0.0,-0.0,0.0,0.0,70.0,60.0,66,0.0,0.0,10.0,2.0,0.0,0.0,0.0,0.0,0.0,0.0,0.0,0.0,0.0,0.0,0.0,0.0,65.6,69,16,65516,49,65476,0,300,0,0,8,20529,65476,0,0,38011,60.0,0.0,10.0,10.0,2.0,0.0
2026-02-05T14:28:43,ERR,ERR,ERR,ERR,ERR,ERR,ERR,ERR,ERR,ERR,ERR,ERR,ERR,ERR,ERR,ERR,ERR,ERR,ERR,ERR,ERR,ERR,ERR,ERR,ERR,ERR,ERR,ERR,ERR,ERR,ERR,ERR,ERR,ERR,ERR,ERR,ERR,ERR,ERR,ERR,ERR,ERR,ERR,ERR,ERR,ERR,ERR,ERR,ERR,ERR,ERR,ERR,ERR,ERR,ERR,ERR,ERR,ERR,ERR,ERR,ERR,ERR,ERR,ERR,ERR,ERR,ERR,ERR,ERR,ERR,ERR,ERR,ERR,ERR,ERR,ERR,ERR,ERR,ERR,ERR,ERR,ERR,ERR,ERR,ERR,ERR,ERR,ERR,ERR,ERR,ERR,ERR,ERR,ERR,ERR,ERR,ERR,ERR,ERR,ERR,ERR,ERR,ERR,ERR,ERR,ERR,ERR,ERR,ERR,ERR,ERR,ERR,ERR,ERR,ERR,ERR,ERR,ERR,ERR,ERR,ERR,ERR,ERR,ERR,ERR,2.718450016850437e+23,-0.0,2.8364315368646023e+23,0.0,-0.0,1.64475119765291e+19,0.0,-71434680.0,5800,0,8,17274,5800,-0.0,100,0.0,0.0,-107613408.0,0.0,1.9056969178834534e+17,0,0,0,0,nan,0,0,0,0,0,0,0,0,0,0,0,0,0,0,0,0,0,0,0,0,0,0,0,0,0,0,0,0,0,0,0,0,0,10,52,51,61,65476,613,65476,1,0,4,21553,0.0,2.71838894803949e+23,0.0,0.0,0.0,0.0,0.0,0.0,0.0,0.0,0.0,0.0,0.0,0.0,0.0,0.0,0.0,0.0,0.0,0.0,0.0,2.004,3.697074423243316e+19,-0.0,-0.0,0.0,0.0,0.0,0.0,0.0,6611.0,-1.5879386089525827e+29,0.0,2.718450016850437e+23,-0.0,-107616232.0,0.0,-0.0,0.0,2.004,2.004,243,-0.0,-107615256.0,0.0,0.0,0.0,0.0,0.0,0.0,0.0,0,0,0,-2.439342632425698e+19,-0.011,0.0,0.0,-3.589610520694489e+18,0.0,1.0504261645369344e+16,0.0,-0.0,6.357176894600025e+24,-5.0525840152812736e+36,-0.0,-0.0,-0.0,0.0,0.0,0,1.3516416376850534e+27,243,0.0,486,-4.700581670752129e+22,-3.294452354593262e+26,2050,52429,17150,39322,17152,52429,17144,0,0,0,105,99,100,-107615312.0,69.3,-0.0,69.7,2.7302353966433104e+23,69.5,1,47,48,180,0,26215,0,0,0.0,0.0,0.0,60.0,0.0,74.5,0.0,0.0,0.0,1270,0,1277,0,0,0,1274,0,1286,0,1243,0,697,0,699,0,694,0,690,0.032,1.3386390338410102e+34,-0.0,0.0,63632,16828,0.0,1.7821244166504448e+16,-0.0,-0.0,0.0,0.0,70.0,60.0,66,0.0,0.0,10.0,2.0,0.0,0.0,0.0,0.0,0.0,0.0,0.0,0.0,0.0,0.0,0.0,0.0,65.6,69,16,65516,49,65476,0,300,0,0,8,20529,65476,0,0,34079,60.0,0.0,10.0,10.0,2.0,0.0
2026-02-05T14:28:44,ERR,ERR,ERR,ERR,ERR,ERR,ERR,ERR,ERR,ERR,ERR,ERR,ERR,ERR,ERR,ERR,ERR,ERR,ERR,ERR,ERR,ERR,ERR,ERR,ERR,ERR,ERR,ERR,ERR,ERR,ERR,ERR,ERR,ERR,ERR,ERR,ERR,ERR,ERR,ERR,ERR,ERR,ERR,ERR,ERR,ERR,ERR,ERR,ERR,ERR,ERR,ERR,ERR,ERR,ERR,ERR,ERR,ERR,ERR,ERR,ERR,ERR,ERR,ERR,ERR,ERR,ERR,ERR,ERR,ERR,ERR,ERR,ERR,ERR,ERR,ERR,ERR,ERR,ERR,ERR,ERR,ERR,ERR,ERR,ERR,ERR,ERR,ERR,ERR,ERR,ERR,ERR,ERR,ERR,ERR,ERR,ERR,ERR,ERR,ERR,ERR,ERR,ERR,ERR,ERR,ERR,ERR,ERR,ERR,ERR,ERR,ERR,ERR,ERR,ERR,ERR,ERR,ERR,ERR,ERR,ERR,ERR,ERR,ERR,ERR,2.718450016850437e+23,-0.0,2.8364315368646023e+23,0.0,-0.0,1.64475119765291e+19,0.0,-71434680.0,5800,0,8,17274,5800,-0.0,100,0.0,0.0,-107613408.0,0.0,1.9056969178834534e+17,0,0,0,0,nan,0,0,0,0,0,0,0,0,0,0,0,0,0,0,0,0,0,0,0,0,0,0,0,0,0,0,0,0,0,0,0,0,0,10,52,51,61,65476,613,65476,1,0,4,21553,0.0,2.71838894803949e+23,0.0,0.0,0.0,0.0,0.0,0.0,0.0,0.0,0.0,0.0,0.0,0.0,0.0,0.0,0.0,0.0,0.0,0.0,0.0,2.004,3.697074423243316e+19,-0.0,-0.0,0.0,0.0,0.0,0.0,0.0,6611.0,-1.5879386089525827e+29,0.0,2.718450016850437e+23,-0.0,-107616232.0,0.0,-0.0,0.0,2.004,2.004,243,-0.0,-107615256.0,0.0,0.0,0.0,0.0,0.0,0.0,0.0,0,0,0,-2.439342632425698e+19,-0.011,0.0,0.0,-3.589610520694489e+18,0.0,1.0504261645369344e+16,0.0,-0.0,6.357176894600025e+24,-5.0525840152812736e+36,-0.0,-0.0,-0.0,0.0,0.0,0,1.3516416376850534e+27,243,0.0,486,-4.700581670752129e+22,-3.294452354593262e+26,2050,52429,17150,39322,17152,52429,17144,0,0,0,105,99,100,-107615312.0,69.4,-107615320.0,69.7,2.7302353966433104e+23,69.5,1,47,48,180,0,26215,0,0,0.0,0.0,0.0,60.0,0.0,74.5,0.0,0.0,0.0,1270,0,1277,0,0,0,1274,0,1286,0,1243,0,697,0,699,0,694,0,690,0.032,1.3305260699995496e+34,-0.0,0.0,13456,16829,0.0,1754538049536.0,0.0,-0.0,-0.0,-0.0,70.0,60.0,66,0.0,0.0,10.0,2.0,0.0,0.0,0.0,0.0,0.0,0.0,0.0,0.0,0.0,0.0,0.0,0.0,65.6,69,16,65516,49,65476,0,300,0,0,8,20529,65476,0,0,34079,60.0,0.0,10.0,10.0,2.0,0.0
2026-02-05T14:28:45,ERR,ERR,ERR,ERR,ERR,ERR,ERR,ERR,ERR,ERR,ERR,ERR,ERR,ERR,ERR,ERR,ERR,ERR,ERR,ERR,ERR,ERR,ERR,ERR,ERR,ERR,ERR,ERR,ERR,ERR,ERR,ERR,ERR,ERR,ERR,ERR,ERR,ERR,ERR,ERR,ERR,ERR,ERR,ERR,ERR,ERR,ERR,ERR,ERR,ERR,ERR,ERR,ERR,ERR,ERR,ERR,ERR,ERR,ERR,ERR,ERR,ERR,ERR,ERR,ERR,ERR,ERR,ERR,ERR,ERR,ERR,ERR,ERR,ERR,ERR,ERR,ERR,ERR,ERR,ERR,ERR,ERR,ERR,ERR,ERR,ERR,ERR,ERR,ERR,ERR,ERR,ERR,ERR,ERR,ERR,ERR,ERR,ERR,ERR,ERR,ERR,ERR,ERR,ERR,ERR,ERR,ERR,ERR,ERR,ERR,ERR,ERR,ERR,ERR,ERR,ERR,ERR,ERR,ERR,ERR,ERR,ERR,ERR,ERR,ERR,2.718450016850437e+23,-0.0,2.8364315368646023e+23,0.0,-0.0,1.64475119765291e+19,0.0,-71434680.0,5800,0,8,17274,5800,-0.0,100,0.0,0.0,-107613408.0,0.0,1.9056969178834534e+17,0,0,0,0,nan,0,0,0,0,0,0,0,0,0,0,0,0,0,0,0,0,0,0,0,0,0,0,0,0,0,0,0,0,0,0,0,0,0,10,52,51,61,65476,613,65476,1,0,4,21553,0.0,2.71838894803949e+23,0.0,0.0,0.0,0.0,0.0,0.0,0.0,0.0,0.0,0.0,0.0,0.0,0.0,0.0,0.0,0.0,0.0,0.0,0.0,2.004,3.697074423243316e+19,-0.0,-0.0,0.0,0.0,0.0,0.0,0.0,6611.0,-1.5879386089525827e+29,0.0,2.718450016850437e+23,-0.0,-107616232.0,0.0,-0.0,0.0,2.004,2.004,243,-0.0,-107615256.0,0.0,0.0,0.0,0.0,0.0,0.0,0.0,0,0,0,-2.439342632425698e+19,-0.011,0.0,0.0,-3.589610520694489e+18,0.0,1.0504261645369344e+16,0.0,-0.0,6.357176894600025e+24,-5.0525840152812736e+36,-0.0,-0.0,-0.0,0.0,0.0,0,1.3516416376850534e+27,243,0.0,486,-4.700581670752129e+22,-3.294452354593262e+26,2050,52429,17150,39322,17152,52429,17144,0,0,0,105,99,100,-107615312.0,69.4,-107615320.0,69.7,2.7302353966433104e+23,69.5,1,47,48,180,0,26215,0,0,0.0,0.0,0.0,60.0,0.0,74.5,0.0,0.0,0.0,1270,0,1277,0,0,0,1274,0,1286,0,1243,0,697,0,699,0,694,0,690,0.032,1.3305260699995496e+34,-0.0,0.0,13456,16829,0.0,1754538049536.0,0.0,-0.0,-0.0,-0.0,70.0,60.0,66,0.0,0.0,10.0,2.0,0.0,0.0,0.0,0.0,0.0,0.0,0.0,0.0,0.0,0.0,0.0,0.0,65.2,69,16,65516,49,65476,0,300,0,0,8,20529,65476,0,0,31457,60.0,0.0,10.0,10.0,2.0,0.0
2026-02-05T14:28:46,ERR,ERR,ERR,ERR,ERR,ERR,ERR,ERR,ERR,ERR,ERR,ERR,ERR,ERR,ERR,ERR,ERR,ERR,ERR,ERR,ERR,ERR,ERR,ERR,ERR,ERR,ERR,ERR,ERR,ERR,ERR,ERR,ERR,ERR,ERR,ERR,ERR,ERR,ERR,ERR,ERR,ERR,ERR,ERR,ERR,ERR,ERR,ERR,ERR,ERR,ERR,ERR,ERR,ERR,ERR,ERR,ERR,ERR,ERR,ERR,ERR,ERR,ERR,ERR,ERR,ERR,ERR,ERR,ERR,ERR,ERR,ERR,ERR,ERR,ERR,ERR,ERR,ERR,ERR,ERR,ERR,ERR,ERR,ERR,ERR,ERR,ERR,ERR,ERR,ERR,ERR,ERR,ERR,ERR,ERR,ERR,ERR,ERR,ERR,ERR,ERR,ERR,ERR,ERR,ERR,ERR,ERR,ERR,ERR,ERR,ERR,ERR,ERR,ERR,ERR,ERR,ERR,ERR,ERR,ERR,ERR,ERR,ERR,ERR,ERR,2.718450016850437e+23,-0.0,2.8364315368646023e+23,0.0,-0.0,-12112156950528.0,5.432592703219241e+32,3.9891238870634096e+21,5800,0,8,17276,5800,-0.0,100,0.0,0.0,-107613408.0,0.0,1.9056969178834534e+17,0,0,0,0,nan,0,0,0,0,0,0,0,0,0,0,0,0,0,0,0,0,0,0,0,0,0,0,0,0,0,0,0,0,0,0,0,0,0,10,52,51,61,65476,613,65476,1,0,4,21553,0.0,2.71838894803949e+23,0.0,0.0,0.0,0.0,0.0,0.0,0.0,0.0,0.0,0.0,0.0,0.0,0.0,0.0,0.0,0.0,0.0,0.0,0.0,2.004,-0.0,-0.0,-0.0,-3.6970880571875e+19,0.0,0.0,0.0,0.0,6611.0,0.0,0.0,2.718450016850437e+23,-0.0,-107616232.0,-107616440.0,-0.0,0.0,2.004,2.004,243,-0.0,-3.2220245344017747e+26,0.0,0.0,0.0,0.0,0.0,0.0,0.0,0,0,0,-4.0182403623418017e+20,-7282961.5,-9.207162600793869e+31,-0.0,-0.0,0.0,0.0,0.0,0.0,7.830555237255355e+24,-6.40825266728575e+36,-0.0,-0.0,-0.0,0.0,-0.0,0,1.3516416376850534e+27,243,0.0,486,0.0,-0.0,2050,52429,17150,39322,17152,52429,17144,0,0,0,105,99,100,-107615312.0,69.4,-107615320.0,69.7,2.7302353966433104e+23,69.5,1,47,48,180,0,26215,0,0,0.0,0.0,0.0,60.0,0.0,74.5,0.0,0.0,0.0,1270,0,1277,0,0,0,1274,0,1286,0,1243,0,697,0,699,0,694,0,690,0.032,1.3305260699995496e+34,-0.0,0.0,13456,16829,0.0,1754538049536.0,0.0,-0.0,-0.0,-0.0,70.0,60.0,66,0.0,0.0,10.0,2.0,0.0,0.0,0.0,0.0,0.0,0.0,0.0,0.0,0.0,0.0,0.0,0.0,65.2,69,16,65516,49,65476,0,300,0,0,8,20529,65476,0,0,31457,60.0,0.0,10.0,10.0,2.0,0.0
2026-02-05T14:28:47,ERR,ERR,ERR,ERR,ERR,ERR,ERR,ERR,ERR,ERR,ERR,ERR,ERR,ERR,ERR,ERR,ERR,ERR,ERR,ERR,ERR,ERR,ERR,ERR,ERR,ERR,ERR,ERR,ERR,ERR,ERR,ERR,ERR,ERR,ERR,ERR,ERR,ERR,ERR,ERR,ERR,ERR,ERR,ERR,ERR,ERR,ERR,ERR,ERR,ERR,ERR,ERR,ERR,ERR,ERR,ERR,ERR,ERR,ERR,ERR,ERR,ERR,ERR,ERR,ERR,ERR,ERR,ERR,ERR,ERR,ERR,ERR,ERR,ERR,ERR,ERR,ERR,ERR,ERR,ERR,ERR,ERR,ERR,ERR,ERR,ERR,ERR,ERR,ERR,ERR,ERR,ERR,ERR,ERR,ERR,ERR,ERR,ERR,ERR,ERR,ERR,ERR,ERR,ERR,ERR,ERR,ERR,ERR,ERR,ERR,ERR,ERR,ERR,ERR,ERR,ERR,ERR,ERR,ERR,ERR,ERR,ERR,ERR,ERR,ERR,2.718450016850437e+23,-0.0,2.8364315368646023e+23,0.0,-0.0,-12112156950528.0,5.432592703219241e+32,3.9891238870634096e+21,5800,0,8,17276,5800,-0.0,100,0.0,0.0,-107613408.0,0.0,1.9056969178834534e+17,0,0,0,0,nan,0,0,0,0,0,0,0,0,0,0,0,0,0,0,0,0,0,0,0,0,0,0,0,0,0,0,0,0,0,0,0,0,0,10,52,51,61,65476,613,65476,1,0,4,21553,0.0,2.71838894803949e+23,0.0,0.0,0.0,0.0,0.0,0.0,0.0,0.0,0.0,0.0,0.0,0.0,0.0,0.0,0.0,0.0,0.0,0.0,0.0,2.004,-0.0,-0.0,-0.0,-3.6970880571875e+19,0.0,0.0,0.0,0.0,6611.0,0.0,0.0,2.718450016850437e+23,-0.0,-107616232.0,-107616440.0,-0.0,0.0,2.004,2.004,243,-0.0,-3.2220245344017747e+26,0.0,0.0,0.0,0.0,0.0,0.0,0.0,0,0,0,-4.0182403623418017e+20,-7282961.5,-9.207162600793869e+31,-0.0,-0.0,0.0,0.0,0.0,0.0,7.830555237255355e+24,-6.40825266728575e+36,-0.0,-0.0,-0.0,0.0,-0.0,0,1.3516416376850534e+27,243,0.0,486,0.0,-0.0,2050,52429,17150,39322,17152,52429,17144,0,0,0,105,99,100,-107615312.0,69.4,-107615320.0,69.7,2.7302353966433104e+23,69.5,1,47,48,180,0,26215,0,0,0.0,0.0,0.0,60.0,0.0,74.5,0.0,0.0,0.0,1270,0,1277,0,0,0,1274,0,1286,0,1243,0,697,0,699,0,694,0,690,0.032,1.3305260699995496e+34,-0.0,0.0,13456,16829,0.0,1754538049536.0,0.0,-0.0,-0.0,-0.0,70.0,60.0,66,0.0,0.0,10.0,2.0,0.0,0.0,0.0,0.0,0.0,0.0,0.0,0.0,0.0,0.0,0.0,0.0,65.2,69,16,65516,49,65476,0,300,0,0,8,20529,65476,0,0,36700,60.0,0.0,10.0,10.0,2.0,0.0
2026-02-05T14:28:48,ERR,ERR,ERR,ERR,ERR,ERR,ERR,ERR,ERR,ERR,ERR,ERR,ERR,ERR,ERR,ERR,ERR,ERR,ERR,ERR,ERR,ERR,ERR,ERR,ERR,ERR,ERR,ERR,ERR,ERR,ERR,ERR,ERR,ERR,ERR,ERR,ERR,ERR,ERR,ERR,ERR,ERR,ERR,ERR,ERR,ERR,ERR,ERR,ERR,ERR,ERR,ERR,ERR,ERR,ERR,ERR,ERR,ERR,ERR,ERR,ERR,ERR,ERR,ERR,ERR,ERR,ERR,ERR,ERR,ERR,ERR,ERR,ERR,ERR,ERR,ERR,ERR,ERR,ERR,ERR,ERR,ERR,ERR,ERR,ERR,ERR,ERR,ERR,ERR,ERR,ERR,ERR,ERR,ERR,ERR,ERR,ERR,ERR,ERR,ERR,ERR,ERR,ERR,ERR,ERR,ERR,ERR,ERR,ERR,ERR,ERR,ERR,ERR,ERR,ERR,ERR,ERR,ERR,ERR,ERR,ERR,ERR,ERR,ERR,ERR,2.718450016850437e+23,-0.0,2.8364315368646023e+23,0.0,-0.0,-12112156950528.0,5.432592703219241e+32,3.9891238870634096e+21,5800,0,8,17276,5800,-0.0,100,0.0,0.0,-107613408.0,0.0,1.9056969178834534e+17,0,0,0,0,nan,0,0,0,0,0,0,0,0,0,0,0,0,0,0,0,0,0,0,0,0,0,0,0,0,0,0,0,0,0,0,0,0,0,10,52,51,61,65476,613,65476,1,0,4,21553,0.0,2.71838894803949e+23,0.0,0.0,0.0,0.0,0.0,0.0,0.0,0.0,0.0,0.0,0.0,0.0,0.0,0.0,0.0,0.0,0.0,0.0,0.0,2.004,-0.0,-0.0,-0.0,-3.6970880571875e+19,0.0,0.0,0.0,0.0,6611.0,0.0,0.0,2.718450016850437e+23,-0.0,-107616232.0,-107616440.0,-0.0,0.0,2.004,2.004,243,-0.0,-3.2220245344017747e+26,0.0,0.0,0.0,0.0,0.0,0.0,0.0,0,0,0,-4.0182403623418017e+20,-7282961.5,-9.207162600793869e+31,-0.0,-0.0,0.0,0.0,0.0,0.0,7.830555237255355e+24,-6.40825266728575e+36,-0.0,-0.0,-0.0,0.0,-0.0,0,1.3516416376850534e+27,243,0.0,486,0.0,-0.0,2050,52429,17150,39322,17152,39322,17144,0,0,0,105,99,100,-107615312.0,69.3,-0.0,69.7,2.7302353966433104e+23,69.5,1,47,48,180,0,26215,0,0,0.0,0.0,0.0,60.0,0.0,74.5,0.0,0.0,0.0,1270,0,1276,0,0,0,1274,0,1286,0,1243,0,697,0,699,0,694,0,690,0.032,1.419768672255617e+34,-0.0,0.0,12944,16829,0.0,4.981165356069421e+18,-0.0,5.870665380985573e+27,0.0,0.0,70.0,60.0,66,0.0,0.0,10.0,2.0,0.0,0.0,0.0,0.0,0.0,0.0,0.0,0.0,0.0,0.0,0.0,0.0,65.2,69,16,65516,49,65476,0,300,0,0,8,20529,65476,0,0,36700,60.0,0.0,10.0,10.0,2.0,0.0
2026-02-05T14:28:49,ERR,ERR,ERR,ERR,ERR,ERR,ERR,ERR,ERR,ERR,ERR,ERR,ERR,ERR,ERR,ERR,ERR,ERR,ERR,ERR,ERR,ERR,ERR,ERR,ERR,ERR,ERR,ERR,ERR,ERR,ERR,ERR,ERR,ERR,ERR,ERR,ERR,ERR,ERR,ERR,ERR,ERR,ERR,ERR,ERR,ERR,ERR,ERR,ERR,ERR,ERR,ERR,ERR,ERR,ERR,ERR,ERR,ERR,ERR,ERR,ERR,ERR,ERR,ERR,ERR,ERR,ERR,ERR,ERR,ERR,ERR,ERR,ERR,ERR,ERR,ERR,ERR,ERR,ERR,ERR,ERR,ERR,ERR,ERR,ERR,ERR,ERR,ERR,ERR,ERR,ERR,ERR,ERR,ERR,ERR,ERR,ERR,ERR,ERR,ERR,ERR,ERR,ERR,ERR,ERR,ERR,ERR,ERR,ERR,ERR,ERR,ERR,ERR,ERR,ERR,ERR,ERR,ERR,ERR,ERR,ERR,ERR,ERR,ERR,ERR,2.718450016850437e+23,-0.0,2.8364315368646023e+23,0.0,-0.0,-12112156950528.0,5.432592703219241e+32,3.9891238870634096e+21,5800,0,8,17276,5800,-0.0,100,0.0,0.0,-107613408.0,0.0,1.9056969178834534e+17,0,0,0,0,nan,0,0,0,0,0,0,0,0,0,0,0,0,0,0,0,0,0,0,0,0,0,0,0,0,0,0,0,0,0,0,0,0,0,10,52,51,61,65476,613,65476,1,0,4,21553,0.0,2.71838894803949e+23,0.0,0.0,0.0,0.0,0.0,0.0,0.0,0.0,0.0,0.0,0.0,0.0,0.0,0.0,0.0,0.0,0.0,0.0,0.0,2.004,-0.0,-0.0,-0.0,-3.6970880571875e+19,0.0,0.0,0.0,0.0,6611.0,0.0,0.0,2.718450016850437e+23,-0.0,-107616232.0,-107616440.0,-0.0,0.0,2.004,2.004,243,-0.0,-3.2220245344017747e+26,0.0,0.0,0.0,0.0,0.0,0.0,0.0,0,0,0,-4.0182403623418017e+20,-7282961.5,-9.207162600793869e+31,-0.0,-0.0,0.0,0.0,0.0,0.0,7.830555237255355e+24,-6.40825266728575e+36,-0.0,-0.0,-0.0,0.0,-0.0,0,1.3516416376850534e+27,243,0.0,486,0.0,-0.0,2050,52429,17150,39322,17152,39322,17144,0,0,0,105,99,100,-107615312.0,69.3,-0.0,69.7,2.7302353966433104e+23,69.5,1,47,48,180,0,26215,0,0,0.0,0.0,0.0,60.0,0.0,74.5,0.0,0.0,0.0,1270,0,1276,0,0,0,1274,0,1286,0,1243,0,697,0,699,0,694,0,690,0.032,1.419768672255617e+34,-0.0,0.0,12944,16829,0.0,4.981165356069421e+18,-0.0,5.870665380985573e+27,0.0,0.0,70.0,60.0,66,0.0,0.0,10.0,2.0,0.0,0.0,0.0,0.0,0.0,0.0,0.0,0.0,0.0,0.0,0.0,0.0,65.2,69,16,65516,49,65476,0,300,0,0,8,20529,65476,0,0,35389,60.0,0.0,10.0,10.0,2.0,0.0
2026-02-05T14:28:50,ERR,ERR,ERR,ERR,ERR,ERR,ERR,ERR,ERR,ERR,ERR,ERR,ERR,ERR,ERR,ERR,ERR,ERR,ERR,ERR,ERR,ERR,ERR,ERR,ERR,ERR,ERR,ERR,ERR,ERR,ERR,ERR,ERR,ERR,ERR,ERR,ERR,ERR,ERR,ERR,ERR,ERR,ERR,ERR,ERR,ERR,ERR,ERR,ERR,ERR,ERR,ERR,ERR,ERR,ERR,ERR,ERR,ERR,ERR,ERR,ERR,ERR,ERR,ERR,ERR,ERR,ERR,ERR,ERR,ERR,ERR,ERR,ERR,ERR,ERR,ERR,ERR,ERR,ERR,ERR,ERR,ERR,ERR,ERR,ERR,ERR,ERR,ERR,ERR,ERR,ERR,ERR,ERR,ERR,ERR,ERR,ERR,ERR,ERR,ERR,ERR,ERR,ERR,ERR,ERR,ERR,ERR,ERR,ERR,ERR,ERR,ERR,ERR,ERR,ERR,ERR,ERR,ERR,ERR,ERR,ERR,ERR,ERR,ERR,ERR,2.718450016850437e+23,-0.0,2.8364315368646023e+23,0.0,-0.0,-12112156950528.0,5.432592703219241e+32,3.9891238870634096e+21,5800,0,8,17276,5800,-0.0,100,0.0,0.0,-107613408.0,0.0,1.9056969178834534e+17,0,0,0,0,nan,0,0,0,0,0,0,0,0,0,0,0,0,0,0,0,0,0,0,0,0,0,0,0,0,0,0,0,0,0,0,0,0,0,10,52,51,61,65476,613,65476,1,0,4,21553,0.0,2.71838894803949e+23,0.0,0.0,0.0,0.0,0.0,0.0,0.0,0.0,0.0,0.0,0.0,0.0,0.0,0.0,0.0,0.0,0.0,0.0,0.0,2.004,-0.0,-0.0,-0.0,-3.6970880571875e+19,0.0,0.0,0.0,0.0,6611.0,0.0,0.0,2.718450016850437e+23,-0.0,-107616232.0,-107616440.0,-0.0,0.0,2.004,2.004,243,-0.0,-3.2220245344017747e+26,0.0,0.0,0.0,0.0,0.0,0.0,0.0,0,0,0,-4.0182403623418017e+20,-7282961.5,-9.207162600793869e+31,-0.0,-0.0,0.0,0.0,0.0,0.0,7.830555237255355e+24,-6.40825266728575e+36,-0.0,-0.0,-0.0,0.0,-0.0,0,1.3516416376850534e+27,243,0.0,486,0.0,-0.0,2050,52429,17150,39322,17152,39322,17144,0,0,0,105,99,100,-107615312.0,69.3,-0.0,69.7,2.7302353966433104e+23,69.5,1,47,48,180,0,26215,0,0,0.0,0.0,0.0,60.0,0.0,74.5,0.0,0.0,0.0,1270,0,1276,0,0,0,1274,0,1286,0,1243,0,697,0,699,0,694,0,690,0.032,1.419768672255617e+34,-0.0,0.0,12944,16829,0.0,4.981165356069421e+18,-0.0,5.870665380985573e+27,0.0,0.0,70.0,60.0,66,0.0,0.0,10.0,2.0,0.0,0.0,0.0,0.0,0.0,0.0,0.0,0.0,0.0,0.0,0.0,0.0,65.2,69,16,65516,49,65476,0,300,0,0,8,20529,65476,0,0,35389,60.0,0.0,10.0,10.0,2.0,0.0
                                                                                                                                                                                                                                                                                                                                                                                                                                                                                                                                                                                                                                                                                                                                                                                                                                                                                                                                                                                                                                                                                                                                                                                                                                                                                                                                                                                                                                                                                                                                                                                                                                                                                                                                                                                                                                                                                                                                                                                                                                                                                                                                                                                                                                                                                                                                                                                                                                                                                                                                                                                                                                                                                                                                                                                                                                                                                                                                                                                                                                                                                         